/* Studio light baked from Blender's forest.exr world HDRI.
 * Original forest light: Poly Haven / Greg Zaal, CC0.
 *
 * 64x64x6 RGB16F OpenGL cubemap with 7 mip levels. Mip 0 is the
 * original radiance; mip N is GGX importance-sampled at roughness
 * N/6 for Karis/UE4 split-sum PBR IBL. Layout is mip-major, then
 * faces +X, -X, +Y, -Y, +Z, -Z.
 *
 * Generated by tools/bake_studio_light.py - do not edit by hand. */

#include <stdint.h>

const uint16_t studio_prefiltered_cubemap[] = {
    0x4715, 0x46d6, 0x4679, 0x404a, 0x4032, 0x3dfd, 0x2e67, 0x2f1b, 0x2955, 0x3245, 0x3442, 0x2626,
    0x37b7, 0x3828, 0x33d3, 0x39a6, 0x39e8, 0x3782, 0x355e, 0x3606, 0x2fb2, 0x2db8, 0x2de3, 0x2ad8,
    0x3684, 0x3791, 0x3261, 0x4034, 0x4051, 0x3ee9, 0x4620, 0x4605, 0x45f8, 0x467f, 0x4652, 0x4702,
    0x3edd, 0x3ece, 0x3ee8, 0x3f92, 0x3f8e, 0x3f63, 0x3b59, 0x3be7, 0x3a28, 0x3374, 0x34ce, 0x2c4d,
    0x3169, 0x3327, 0x2530, 0x31a5, 0x3375, 0x2657, 0x33b7, 0x34c0, 0x2aa2, 0x33e3, 0x34e6, 0x2d2a,
    0x384e, 0x38f7, 0x386a, 0x3cf8, 0x3d8f, 0x3e74, 0x38c8, 0x397a, 0x3853, 0x36a8, 0x37c2, 0x3537,
    0x35c4, 0x371b, 0x2fb8, 0x3621, 0x3782, 0x302a, 0x36f6, 0x3876, 0x3428, 0x3b16, 0x3c12, 0x3b67,
    0x3da2, 0x3e8e, 0x3e0b, 0x4220, 0x437a, 0x45d7, 0x415e, 0x423d, 0x4424, 0x43cd, 0x44a3, 0x46e2,
    0x4243, 0x43bf, 0x460c, 0x43eb, 0x4495, 0x4689, 0x441b, 0x44ae, 0x46a5, 0x38d1, 0x39f0, 0x3714,
    0x3c1d, 0x3cdf, 0x3a1f, 0x3e94, 0x3fde, 0x408c, 0x3fc7, 0x40d2, 0x4245, 0x3bc3, 0x3ca3, 0x3ccd,
    0x3efb, 0x408b, 0x42ae, 0x3f1f, 0x40b3, 0x4346, 0x39a6, 0x3b5a, 0x3a6f, 0x3b8c, 0x3cec, 0x3f39,
    0x3804, 0x38df, 0x3755, 0x34a3, 0x356b, 0x3161, 0x2fdb, 0x31a3, 0x2b56, 0x33ef, 0x3556, 0x2fa5,
    0x34e9, 0x3613, 0x2be9, 0x3a04, 0x3b04, 0x37b6, 0x388e, 0x39a2, 0x3a12, 0x3bb5, 0x3d43, 0x4045,
    0x3db0, 0x4000, 0x4315, 0x3bc9, 0x3d68, 0x4077, 0x28b5, 0x2a8d, 0x2462, 0x37b7, 0x38ad, 0x37dd,
    0x30f0, 0x31ce, 0x2e37, 0x32a8, 0x3441, 0x3307, 0x2b5b, 0x2cb6, 0x29de, 0x2f1b, 0x2f78, 0x2da6,
    0x28b9, 0x2a26, 0x22ba, 0x2f5d, 0x3144, 0x201d, 0x2d16, 0x2e41, 0x2729, 0x2e74, 0x2f05, 0x28d3,
    0x3dae, 0x3d77, 0x3c90, 0x41af, 0x4166, 0x412b, 0x3cb3, 0x3ca9, 0x38e0, 0x34b7, 0x3524, 0x2f8e,
    0x3ab3, 0x3b36, 0x3873, 0x390c, 0x3966, 0x3781, 0x3678, 0x373e, 0x30e0, 0x27a2, 0x27fc, 0x24f3,
    0x32c2, 0x33f7, 0x2c85, 0x340d, 0x3493, 0x300e, 0x3975, 0x39d4, 0x36cc, 0x36f8, 0x3704, 0x36bb,
    0x3e6a, 0x3ec4, 0x3dfc, 0x37cc, 0x3840, 0x36c2, 0x3712, 0x37c6, 0x3626, 0x2932, 0x2b57, 0x23ab,
    0x34da, 0x35e5, 0x310c, 0x321c, 0x3408, 0x24fe, 0x3cd4, 0x3d09, 0x3c09, 0x3b4c, 0x3be3, 0x3b3d,
    0x384d, 0x38ec, 0x36d5, 0x3d66, 0x3e25, 0x3f9c, 0x3d65, 0x3dcb, 0x3e27, 0x34e0, 0x3630, 0x2d49,
    0x36df, 0x381f, 0x3367, 0x385e, 0x38e8, 0x36bf, 0x3da7, 0x3e95, 0x3fe4, 0x3ee8, 0x4012, 0x414c,
    0x41a8, 0x42b8, 0x4544, 0x3e26, 0x3f51, 0x4047, 0x4360, 0x445a, 0x4625, 0x42f6, 0x441e, 0x465b,
    0x44d9, 0x4572, 0x4767, 0x43e8, 0x448f, 0x4697, 0x3fc8, 0x409e, 0x41e3, 0x35da, 0x377e, 0x371b,
    0x4043, 0x414b, 0x43f2, 0x3e51, 0x3fff, 0x4221, 0x405a, 0x41d7, 0x44bc, 0x401d, 0x4175, 0x444f,
    0x3fa4, 0x4135, 0x4421, 0x375b, 0x38f5, 0x387c, 0x3c84, 0x3e27, 0x40ba, 0x3d68, 0x3f6a, 0x428a,
    0x3a06, 0x3c0a, 0x3db7, 0x32d7, 0x3459, 0x2c8e, 0x324a, 0x33b8, 0x2fda, 0x327f, 0x34e8, 0x310d,
    0x36c7, 0x3741, 0x2f05, 0x3d17, 0x3ea3, 0x400d, 0x3cdd, 0x3e44, 0x3ec1, 0x3e08, 0x405d, 0x43f0,
    0x3e8d, 0x408f, 0x440b, 0x3640, 0x381c, 0x3a3e, 0x2b54, 0x2c84, 0x25e4, 0x3404, 0x34ac, 0x2b7b,
    0x3b38, 0x3c82, 0x3eda, 0x3ad1, 0x3c2b, 0x3e54, 0x2cbd, 0x2db7, 0x2b1f, 0x2f55, 0x300d, 0x2e60,
    0x2d18, 0x2dcf, 0x2406, 0x2af7, 0x2c13, 0x236c, 0x2c27, 0x2c73, 0x249d, 0x2beb, 0x2c7f, 0x283c,
    0x3850, 0x3812, 0x3696, 0x3c93, 0x3c7a, 0x3b3d, 0x4001, 0x3fbf, 0x3ec3, 0x44fc, 0x44cd, 0x4455,
    0x3cd3, 0x3cea, 0x39e4, 0x3a8e, 0x3ad2, 0x3810, 0x3688, 0x36f3, 0x30e5, 0x3c70, 0x3c88, 0x3b3b,
    0x358b, 0x3651, 0x3101, 0x3418, 0x3470, 0x318f, 0x3898, 0x38ec, 0x34cb, 0x3295, 0x3349, 0x2f56,
    0x3165, 0x3293, 0x2a4f, 0x3045, 0x3143, 0x2769, 0x301d, 0x311f, 0x26e0, 0x4035, 0x406b, 0x4017,
    0x3225, 0x340a, 0x2a91, 0x38ba, 0x3942, 0x3558, 0x373a, 0x3829, 0x3211, 0x3f92, 0x4014, 0x4033,
    0x383c, 0x38dc, 0x34e2, 0x3405, 0x3503, 0x2fdd, 0x38f6, 0x39b5, 0x37e7, 0x38e9, 0x3999, 0x3901,
    0x3602, 0x3738, 0x337d, 0x3615, 0x374b, 0x32ae, 0x37bc, 0x38b3, 0x3635, 0x3915, 0x39e8, 0x384b,
    0x3b05, 0x3c0d, 0x3b6f, 0x3c3a, 0x3cf4, 0x3d85, 0x3fdf, 0x4083, 0x4151, 0x4546, 0x45e9, 0x478e,
    0x4362, 0x4460, 0x4669, 0x430b, 0x442f, 0x4625, 0x3619, 0x37c4, 0x2d8b, 0x3554, 0x36db, 0x331d,
    0x3f5d, 0x40ab, 0x4312, 0x40e3, 0x4260, 0x450e, 0x40a1, 0x41fa, 0x44ea, 0x382d, 0x394e, 0x37fb,
    0x3883, 0x397c, 0x3a3f, 0x3873, 0x39e8, 0x3ad2, 0x3e6a, 0x405d, 0x4364, 0x3bb8, 0x3d58, 0x4076,
    0x352b, 0x3744, 0x3205, 0x3b44, 0x3ca3, 0x3de8, 0x397b, 0x3b5f, 0x3beb, 0x3a36, 0x3c52, 0x3ea2,
    0x33b7, 0x356d, 0x339b, 0x3c52, 0x3e18, 0x4158, 0x380b, 0x3990, 0x3c83, 0x3591, 0x3748, 0x3a4a,
    0x4204, 0x439a, 0x4576, 0x3a26, 0x3b0a, 0x3c27, 0x2ca4, 0x2eed, 0x23f1, 0x3c3e, 0x3ce2, 0x3ebc,
    0x3d22, 0x3e85, 0x414a, 0x387a, 0x39c4, 0x3c9c, 0x29a7, 0x2c00, 0x251f, 0x2c82, 0x2d86, 0x290f,
    0x2d1d, 0x2ec2, 0x2603, 0x2be0, 0x2c87, 0x254d, 0x297e, 0x2af2, 0x248b, 0x2e9f, 0x2f01, 0x2c42,
    0x4244, 0x41dc, 0x40fb, 0x4c5f, 0x4c04, 0x4bb2, 0x4559, 0x44f0, 0x44a5, 0x40e1, 0x40b9, 0x3ffa,
    0x38e0, 0x38da, 0x352e, 0x40b7, 0x40aa, 0x3f38, 0x3e16, 0x3dc5, 0x3cd8, 0x396d, 0x39b7, 0x35aa,
    0x345e, 0x34be, 0x2cfb, 0x335c, 0x3425, 0x2d5e, 0x2ece, 0x300d, 0x26b8, 0x30cf, 0x3218, 0x2852,
    0x301e, 0x31e9, 0x2113, 0x3183, 0x32e5, 0x2b9f, 0x3000, 0x3141, 0x25c5, 0x31d8, 0x3364, 0x287d,
    0x3189, 0x33b4, 0x2231, 0x359e, 0x367a, 0x2edc, 0x3d05, 0x3d20, 0x3c3b, 0x31de, 0x332a, 0x2cae,
    0x3066, 0x31e7, 0x2891, 0x34eb, 0x361d, 0x3057, 0x41df, 0x427e, 0x43ef, 0x3c9b, 0x3d0b, 0x3d30,
    0x3716, 0x3822, 0x344b, 0x3786, 0x3843, 0x34a6, 0x389e, 0x394b, 0x3792, 0x38cd, 0x39a7, 0x38a1,
    0x34e1, 0x366b, 0x3060, 0x3604, 0x37c8, 0x3492, 0x3bb3, 0x3c5c, 0x3a43, 0x4266, 0x4357, 0x455f,
    0x43ad, 0x448f, 0x46b5, 0x42eb, 0x441f, 0x45da, 0x3594, 0x3710, 0x3128, 0x37f3, 0x38ae, 0x34d0,
    0x4039, 0x4167, 0x4414, 0x4022, 0x4150, 0x4446, 0x404c, 0x41c9, 0x44c6, 0x3610, 0x3823, 0x30f4,
    0x34ef, 0x36f1, 0x323a, 0x393a, 0x3b03, 0x3cef, 0x3f93, 0x414e, 0x448d, 0x3f6a, 0x412c, 0x4472,
    0x3c49, 0x3d76, 0x3f9b, 0x3c80, 0x3e35, 0x40fd, 0x379e, 0x38d0, 0x37f5, 0x36c1, 0x388a, 0x3a15,
    0x3338, 0x34ba, 0x3495, 0x3ee2, 0x40d0, 0x4425, 0x3f7c, 0x4115, 0x4459, 0x4003, 0x4134, 0x443a,
    0x35f4, 0x37ae, 0x35b2, 0x3449, 0x35f0, 0x224d, 0x342c, 0x347e, 0x3587, 0x279b, 0x28a6, 0x2460,
    0x3201, 0x343d, 0x3554, 0x3114, 0x323e, 0x30ea, 0x2bbb, 0x2c92, 0x26de, 0x2bb3, 0x2c01, 0x254e,
    0x2f75, 0x2de9, 0x2d78, 0x2e32, 0x2e49, 0x2d0c, 0x303b, 0x30e5, 0x2f48, 0x2b67, 0x2ba3, 0x25c1,
    0x364a, 0x36b4, 0x2f9a, 0x40e0, 0x40b7, 0x3f82, 0x4680, 0x460c, 0x4573, 0x40ef, 0x40a4, 0x3f4a,
    0x353c, 0x34c6, 0x31d6, 0x4588, 0x4549, 0x446d, 0x42d7, 0x427a, 0x41ad, 0x34b8, 0x349a, 0x3303,
    0x327e, 0x32dc, 0x2f63, 0x375d, 0x37d8, 0x337f, 0x331c, 0x32fa, 0x30cf, 0x38b9, 0x3901, 0x3434,
    0x3537, 0x35e4, 0x301a, 0x30f6, 0x3239, 0x28b4, 0x3568, 0x35d6, 0x3127, 0x3820, 0x3878, 0x3594,
    0x2f1e, 0x30cf, 0x224f, 0x3015, 0x3197, 0x1d69, 0x33ec, 0x34f2, 0x26df, 0x34dd, 0x35e9, 0x2fef,
    0x3b05, 0x3bd4, 0x3ad2, 0x3918, 0x39df, 0x38fa, 0x3c88, 0x3d17, 0x3d8f, 0x3882, 0x391a, 0x3753,
    0x3d4f, 0x3db0, 0x3e61, 0x3f9c, 0x403c, 0x40fd, 0x3af9, 0x3c03, 0x3a3c, 0x342d, 0x354c, 0x2dcc,
    0x3597, 0x36d2, 0x331d, 0x35cf, 0x3746, 0x3439, 0x3a5d, 0x3af1, 0x38ae, 0x3b08, 0x3c37, 0x3d04,
    0x43b2, 0x449f, 0x46b1, 0x41c5, 0x434a, 0x45b9, 0x3e72, 0x3fd4, 0x40ab, 0x3954, 0x3a32, 0x3998,
    0x3c28, 0x3d01, 0x3f00, 0x348b, 0x35da, 0x30f4, 0x39e4, 0x3b5e, 0x3a8d, 0x378f, 0x38c5, 0x353a,
    0x354a, 0x36c7, 0x3513, 0x3c7a, 0x3e0c, 0x402a, 0x3eda, 0x4082, 0x43aa, 0x3ec8, 0x40b1, 0x43f8,
    0x3e6c, 0x407f, 0x4388, 0x3ced, 0x3ecb, 0x4155, 0x3b65, 0x3d03, 0x3fc8, 0x3dbe, 0x3fe4, 0x42e6,
    0x3be7, 0x3d4c, 0x4015, 0x3f64, 0x4119, 0x4466, 0x3f74, 0x4114, 0x4449, 0x3fa0, 0x4137, 0x445e,
    0x354e, 0x36d1, 0x2e24, 0x3758, 0x38a1, 0x385c, 0x3c53, 0x3d4b, 0x402f, 0x2c65, 0x2cfd, 0x2848,
    0x3082, 0x3132, 0x3232, 0x3530, 0x35d5, 0x37ca, 0x2ab9, 0x2c3c, 0x242e, 0x2c04, 0x2c1f, 0x2440,
    0x2daa, 0x2f7e, 0x2c63, 0x2e3e, 0x2eea, 0x2db5, 0x2e34, 0x2e77, 0x291e, 0x309a, 0x3004, 0x2c79,
    0x396d, 0x3958, 0x3506, 0x389e, 0x388d, 0x33ac, 0x352f, 0x35a1, 0x2e31, 0x3ec6, 0x3e43, 0x3c7a,
    0x4881, 0x4826, 0x4746, 0x44bb, 0x4457, 0x43a6, 0x385b, 0x3844, 0x363a, 0x3917, 0x3915, 0x35c3,
    0x36f0, 0x36b3, 0x34c8, 0x383d, 0x3888, 0x3357, 0x3162, 0x3160, 0x2cc6, 0x3f36, 0x3f22, 0x3d11,
    0x298a, 0x29d8, 0x25a1, 0x34c3, 0x35bd, 0x2d1e, 0x32ca, 0x3426, 0x2874, 0x34a2, 0x3550, 0x2de1,
    0x35f6, 0x36c2, 0x31ef, 0x354b, 0x3614, 0x2e26, 0x3d44, 0x3d6f, 0x3c1b, 0x2f9b, 0x319d, 0x1c5b,
    0x2fe8, 0x31b6, 0x213a, 0x3b6d, 0x3c42, 0x3c07, 0x4502, 0x4558, 0x46db, 0x3b7b, 0x3c2a, 0x3b1f,
    0x37c6, 0x3850, 0x3389, 0x3aab, 0x3b9f, 0x3c1a, 0x30e4, 0x3216, 0x2db6, 0x35ea, 0x36f5, 0x3504,
    0x3ccc, 0x3d2d, 0x3d32, 0x39bd, 0x3a7a, 0x3a9b, 0x3b98, 0x3c76, 0x3c77, 0x3edc, 0x4006, 0x415c,
    0x3fbf, 0x40af, 0x42ae, 0x400e, 0x4107, 0x439c, 0x40fb, 0x4205, 0x4481, 0x3a98, 0x3c46, 0x3c4d,
    0x3755, 0x3898, 0x34b2, 0x3ca2, 0x3da7, 0x3fc2, 0x4097, 0x4228, 0x44f3, 0x3afc, 0x3c10, 0x3d70,
    0x395f, 0x3acd, 0x3ca9, 0x3e05, 0x401c, 0x42e2, 0x3f2c, 0x40e7, 0x445a, 0x3f84, 0x4147, 0x449e,
    0x3f20, 0x40f7, 0x4447, 0x398e, 0x3b6b, 0x3d17, 0x3c19, 0x3d81, 0x4006, 0x3b00, 0x3c8b, 0x3e10,
    0x3f91, 0x40ef, 0x440e, 0x3f39, 0x4118, 0x4498, 0x3de5, 0x3fac, 0x4209, 0x3564, 0x375f, 0x363e,
    0x3ca0, 0x3df5, 0x40f0, 0x39c3, 0x3bf8, 0x3d57, 0x3bb4, 0x3cec, 0x3fac, 0x3925, 0x3a36, 0x3c73,
    0x2a6c, 0x2ae4, 0x2510, 0x2801, 0x28ad, 0x1f8f, 0x30bd, 0x311a, 0x285f, 0x33fc, 0x3478, 0x3310,
    0x2f54, 0x2faa, 0x2782, 0x3220, 0x3339, 0x3220, 0x2e7b, 0x2f2d, 0x2ec8, 0x2ea7, 0x2ee8, 0x2ef2,
    0x35d1, 0x3584, 0x355f, 0x458c, 0x452c, 0x4413, 0x4418, 0x43e4, 0x4235, 0x3d28, 0x3d14, 0x3a36,
    0x3fa7, 0x3f62, 0x3cb1, 0x4a9e, 0x4a14, 0x496f, 0x39c7, 0x39be, 0x35b3, 0x2dd1, 0x2db9, 0x2c51,
    0x28f9, 0x2865, 0x25a1, 0x383f, 0x385e, 0x35d3, 0x3c23, 0x3c3c, 0x3a73, 0x3740, 0x3797, 0x34e9,
    0x3504, 0x3598, 0x30a8, 0x32b7, 0x33e3, 0x2c55, 0x371e, 0x37b0, 0x32fd, 0x3865, 0x38a1, 0x35b5,
    0x3b1e, 0x3b4a, 0x397a, 0x3a25, 0x3a6c, 0x381a, 0x32fc, 0x33e6, 0x2d46, 0x30ad, 0x3248, 0x242e,
    0x30c4, 0x3235, 0x26d0, 0x3160, 0x32ec, 0x2801, 0x3d2e, 0x3dc5, 0x3e5d, 0x3dfc, 0x3ea4, 0x3ffa,
    0x3856, 0x38e5, 0x34ff, 0x35a3, 0x36c2, 0x333f, 0x3a28, 0x3aed, 0x3918, 0x3bf0, 0x3c7e, 0x3ca1,
    0x4094, 0x4139, 0x42d9, 0x3daa, 0x3e5f, 0x3f3d, 0x3be2, 0x3c8a, 0x3d11, 0x400d, 0x40c1, 0x429f,
    0x4179, 0x4272, 0x449b, 0x384d, 0x3996, 0x3711, 0x3ccc, 0x3deb, 0x3fc3, 0x3936, 0x3ae8, 0x3c1a,
    0x3b2c, 0x3c75, 0x3cc1, 0x3e04, 0x3fda, 0x421a, 0x3d5e, 0x3ec3, 0x414a, 0x3406, 0x3548, 0x30fe,
    0x3a74, 0x3c13, 0x3d9f, 0x3ed1, 0x40d7, 0x43ce, 0x3f77, 0x413e, 0x4477, 0x3fbe, 0x4167, 0x449b,
    0x3f79, 0x4139, 0x448e, 0x3ac7, 0x3c7e, 0x3ea3, 0x3e49, 0x4028, 0x42cf, 0x39d2, 0x3c0b, 0x3c59,
    0x3d24, 0x3e77, 0x40d2, 0x302a, 0x31fc, 0x2a83, 0x3907, 0x3ac2, 0x3cb2, 0x387b, 0x39d6, 0x3914,
    0x365b, 0x3853, 0x394c, 0x36aa, 0x3841, 0x3911, 0x381d, 0x390e, 0x3ad9, 0x3a4a, 0x3b38, 0x3d31,
    0x2b1f, 0x2ba6, 0x25ae, 0x2a2f, 0x2aee, 0x2406, 0x2e5b, 0x2e25, 0x2838, 0x33b6, 0x3449, 0x3503,
    0x32b3, 0x3393, 0x3317, 0x2ff9, 0x3039, 0x2fbe, 0x2f6f, 0x3067, 0x2dd4, 0x39fa, 0x3b0a, 0x3d30,
    0x3c30, 0x3b77, 0x3ae2, 0x2fdc, 0x2edc, 0x2e65, 0x40ed, 0x40b8, 0x3e3d, 0x3817, 0x3867, 0x2ff0,
    0x3b66, 0x3b6b, 0x36a0, 0x42d3, 0x42ad, 0x417e, 0x3e81, 0x3dd3, 0x3d30, 0x3f82, 0x3f14, 0x3cdf,
    0x3beb, 0x3b69, 0x3916, 0x3070, 0x316d, 0x26ba, 0x2a59, 0x2a9f, 0x2655, 0x2e60, 0x2f89, 0x278d,
    0x4094, 0x4082, 0x3ecb, 0x32bd, 0x3311, 0x2d0a, 0x3385, 0x33cb, 0x3062, 0x370f, 0x371a, 0x34b6,
    0x4212, 0x41bd, 0x419c, 0x3a2f, 0x3a52, 0x37ab, 0x41a1, 0x4195, 0x41c3, 0x3a44, 0x3ad0, 0x39f2,
    0x4146, 0x4197, 0x41c6, 0x3470, 0x3556, 0x2ee1, 0x32c0, 0x3441, 0x2704, 0x3d9e, 0x3e1d, 0x3e48,
    0x38cb, 0x3988, 0x367a, 0x3a2a, 0x3af8, 0x38c6, 0x39f0, 0x3ad6, 0x3a3d, 0x4319, 0x4400, 0x4524,
    0x3a8b, 0x3b82, 0x3c1a, 0x3f7a, 0x4053, 0x418e, 0x4355, 0x4436, 0x45e3, 0x41f9, 0x42f9, 0x44c7,
    0x366a, 0x384f, 0x2e09, 0x349d, 0x36e8, 0x26bd, 0x375e, 0x3897, 0x3829, 0x3d78, 0x3ec6, 0x4075,
    0x40f1, 0x420a, 0x448e, 0x3c49, 0x3d09, 0x3e38, 0x378a, 0x38b4, 0x355b, 0x3595, 0x3700, 0x35aa,
    0x369f, 0x3847, 0x37ba, 0x3507, 0x3727, 0x373e, 0x3dc6, 0x3ffe, 0x4277, 0x3f3f, 0x4108, 0x444e,
    0x3c43, 0x3d5a, 0x3dfd, 0x3a40, 0x3c3c, 0x3e12, 0x367d, 0x38a0, 0x3806, 0x3d8a, 0x3fa3, 0x41de,
    0x39d4, 0x3b14, 0x3cb2, 0x366e, 0x37f3, 0x3766, 0x35d8, 0x37af, 0x3618, 0x3a75, 0x3c08, 0x3dd2,
    0x400b, 0x4124, 0x441c, 0x3e18, 0x3f81, 0x4199, 0x3fee, 0x40bb, 0x42f1, 0x3cec, 0x3dcb, 0x400f,
    0x2e35, 0x2ea8, 0x2c94, 0x2856, 0x28af, 0x2286, 0x2a68, 0x2c14, 0x29c2, 0x32fe, 0x3463, 0x34f8,
    0x33f6, 0x33f2, 0x3438, 0x30d9, 0x316b, 0x2f0a, 0x38c4, 0x393f, 0x3b22, 0x3aa5, 0x3b3d, 0x3ce3,
    0x503e, 0x4fa3, 0x4f08, 0x36f7, 0x3640, 0x3642, 0x4977, 0x48ea, 0x4822, 0x4078, 0x402b, 0x3d88,
    0x39a8, 0x394e, 0x37cf, 0x398a, 0x391b, 0x36c4, 0x4410, 0x4356, 0x41b6, 0x4645, 0x45dd, 0x44e8,
    0x43bb, 0x434a, 0x423c, 0x2a6e, 0x2a38, 0x28ed, 0x2bbf, 0x2b7f, 0x27a2, 0x3592, 0x3603, 0x2fea,
    0x33ff, 0x3443, 0x2d36, 0x30af, 0x31b4, 0x2899, 0x3135, 0x3227, 0x294c, 0x3c29, 0x3c41, 0x39a3,
    0x488e, 0x4872, 0x4848, 0x35d5, 0x35e3, 0x34f5, 0x3e43, 0x3e93, 0x3cb4, 0x3e36, 0x3e91, 0x3d4c,
    0x3394, 0x34d3, 0x2c20, 0x40e0, 0x415a, 0x41d3, 0x3894, 0x3934, 0x350c, 0x3542, 0x3674, 0x3009,
    0x3411, 0x353b, 0x2499, 0x3409, 0x3573, 0x2d3b, 0x3c86, 0x3d50, 0x3d3f, 0x3c50, 0x3cf9, 0x3dea,
    0x31dd, 0x340c, 0x2abf, 0x3897, 0x3952, 0x372d, 0x395f, 0x3a71, 0x398d, 0x327f, 0x34b3, 0x311c,
    0x3806, 0x391e, 0x38fd, 0x34d9, 0x36ea, 0x304d, 0x3846, 0x3950, 0x35fd, 0x408a, 0x4147, 0x4313,
    0x3de1, 0x3ee4, 0x402f, 0x437e, 0x4464, 0x4647, 0x3b6a, 0x3c45, 0x3c8a, 0x3c77, 0x3d54, 0x4016,
    0x3d53, 0x3ef3, 0x4120, 0x352d, 0x36ee, 0x32ee, 0x38e4, 0x3a99, 0x3ad2, 0x3970, 0x3b29, 0x3c88,
    0x34e7, 0x3693, 0x3070, 0x3509, 0x3655, 0x31a0, 0x381f, 0x3974, 0x3a3a, 0x3c83, 0x3df6, 0x40b9,
    0x3879, 0x39ac, 0x397c, 0x3012, 0x3247, 0x2df6, 0x40e3, 0x426d, 0x4553, 0x40a0, 0x4212, 0x44bf,
    0x3e85, 0x402b, 0x4258, 0x3b9a, 0x3c6b, 0x3e16, 0x3dd7, 0x3ec9, 0x4107, 0x3ceb, 0x3dd5, 0x4024,
    0x38fc, 0x3a1e, 0x3c11, 0x2a4f, 0x2ac1, 0x2451, 0x2d5b, 0x2e41, 0x2c30, 0x2b5d, 0x2bac, 0x280f,
    0x2c4a, 0x2ddd, 0x24be, 0x381e, 0x386c, 0x398a, 0x2f78, 0x306c, 0x2f4c, 0x2dae, 0x2e9d, 0x2b3b,
    0x4a58, 0x49d1, 0x4917, 0x4366, 0x42cf, 0x41db, 0x3033, 0x2f89, 0x2dc9, 0x45b9, 0x4547, 0x4466,
    0x4156, 0x40a6, 0x3e79, 0x3b52, 0x3af3, 0x3834, 0x3624, 0x3664, 0x2e35, 0x3d54, 0x3d20, 0x39c9,
    0x3d03, 0x3cbf, 0x39aa, 0x28ba, 0x285e, 0x27b1, 0x38d7, 0x38f4, 0x3508, 0x35b0, 0x3540, 0x321b,
    0x3b87, 0x3b60, 0x3864, 0x386a, 0x3872, 0x352e, 0x3176, 0x322d, 0x2d3b, 0x380b, 0x383f, 0x3519,
    0x2df7, 0x2f1c, 0x275a, 0x3466, 0x350a, 0x2db7, 0x3ae7, 0x3b2a, 0x3924, 0x3443, 0x34bb, 0x31a3,
    0x4033, 0x4076, 0x407a, 0x3978, 0x3a10, 0x373f, 0x3dfa, 0x3e2c, 0x3e22, 0x36ac, 0x37df, 0x3304,
    0x35d3, 0x36dd, 0x307e, 0x3586, 0x3629, 0x32dc, 0x3573, 0x369a, 0x3502, 0x3a25, 0x3b2e, 0x3bc2,
    0x318b, 0x339d, 0x2b1e, 0x3221, 0x3415, 0x2681, 0x3553, 0x36d4, 0x29e3, 0x304f, 0x327d, 0x2a20,
    0x3fcb, 0x407f, 0x4245, 0x3545, 0x36e8, 0x32ad, 0x329f, 0x34b7, 0x2c76, 0x3da9, 0x3ead, 0x406b,
    0x3ccf, 0x3dc5, 0x3e6f, 0x3fed, 0x40e9, 0x42db, 0x3cf9, 0x3e5a, 0x4031, 0x375f, 0x38d8, 0x370b,
    0x31c4, 0x3353, 0x31ef, 0x3a66, 0x3c59, 0x3db3, 0x3a85, 0x3c37, 0x3d0d, 0x3c84, 0x3e0d, 0x4076,
    0x35cf, 0x3781, 0x33fa, 0x37c9, 0x3903, 0x38aa, 0x3599, 0x373a, 0x3477, 0x33e8, 0x351f, 0x2ee1,
    0x38dd, 0x39fd, 0x3b19, 0x3da4, 0x3eec, 0x413e, 0x40eb, 0x42a5, 0x4575, 0x411e, 0x42a8, 0x452f,
    0x3d7b, 0x3ed6, 0x412a, 0x3562, 0x364d, 0x3783, 0x392b, 0x39d0, 0x3bab, 0x38e0, 0x39b4, 0x3bef,
    0x3a60, 0x3ab1, 0x3c67, 0x2971, 0x2878, 0x21e6, 0x35f5, 0x3712, 0x35c9, 0x2e1c, 0x2ef8, 0x28c2,
    0x2eb7, 0x2ece, 0x2911, 0x3057, 0x30f0, 0x2d77, 0x3207, 0x325c, 0x3109, 0x3183, 0x324b, 0x2956,
    0x3262, 0x31a1, 0x2ed4, 0x4876, 0x480a, 0x46d4, 0x48b9, 0x4842, 0x4794, 0x2d07, 0x2c7e, 0x2c61,
    0x444b, 0x43c4, 0x4264, 0x4283, 0x41ef, 0x4035, 0x40be, 0x4055, 0x3d9d, 0x4278, 0x41ea, 0x3f00,
    0x48d1, 0x481d, 0x4674, 0x2d19, 0x2cb5, 0x2bf0, 0x4427, 0x4397, 0x41a0, 0x4e37, 0x4d92, 0x4cc6,
    0x49aa, 0x491f, 0x4810, 0x3bea, 0x3b9c, 0x38bc, 0x4148, 0x40ff, 0x4032, 0x3149, 0x324a, 0x2a10,
    0x3138, 0x324e, 0x29eb, 0x32df, 0x3415, 0x27b3, 0x3858, 0x3890, 0x3440, 0x3fa4, 0x3fe1, 0x3da1,
    0x463d, 0x46b1, 0x47f1, 0x3c38, 0x3c90, 0x393d, 0x38f5, 0x3997, 0x36f5, 0x34ec, 0x35b5, 0x2e86,
    0x34fd, 0x35e9, 0x306c, 0x3951, 0x39cd, 0x3806, 0x33ec, 0x346c, 0x3202, 0x32ee, 0x343e, 0x2f40,
    0x32a3, 0x3443, 0x2cbe, 0x30db, 0x3293, 0x23d1, 0x351c, 0x3661, 0x3439, 0x346c, 0x35d3, 0x3186,
    0x3421, 0x356c, 0x3237, 0x3c06, 0x3c6a, 0x3bed, 0x3526, 0x36c4, 0x3095, 0x3640, 0x3819, 0x3481,
    0x3d7e, 0x3e94, 0x4016, 0x3b34, 0x3cb5, 0x3e0f, 0x3d62, 0x3ef6, 0x40c6, 0x3c53, 0x3da0, 0x3fce,
    0x3d48, 0x3ef5, 0x419c, 0x3c80, 0x3dba, 0x3f4f, 0x38cd, 0x39ae, 0x39eb, 0x3bf9, 0x3cfd, 0x3e61,
    0x3b13, 0x3c26, 0x3c5b, 0x33df, 0x354b, 0x2dcd, 0x377b, 0x3864, 0x3876, 0x3401, 0x3557, 0x33bd,
    0x36f4, 0x387d, 0x36ed, 0x3250, 0x3483, 0x3255, 0x408b, 0x4218, 0x451b, 0x3b1a, 0x3c64, 0x3e6f,
    0x3907, 0x3a0c, 0x3c37, 0x3de0, 0x3eac, 0x40d3, 0x3aea, 0x3bbc, 0x3cf2, 0x3ce5, 0x3dcb, 0x3ffb,
    0x3cc9, 0x3d59, 0x3fac, 0x2935, 0x293a, 0x2495, 0x2f52, 0x3019, 0x2cd8, 0x2bde, 0x2cb8, 0x2133,
    0x2a4b, 0x2a9f, 0x220c, 0x2a0e, 0x2b21, 0x22a4, 0x3165, 0x3291, 0x2e45, 0x2ff6, 0x303c, 0x2a45,
    0x3ba5, 0x3b5e, 0x3773, 0x438a, 0x4303, 0x4166, 0x4aac, 0x49fa, 0x4911, 0x3a65, 0x39b5, 0x38fa,
    0x2d63, 0x2ce1, 0x2c3e, 0x392b, 0x387a, 0x35df, 0x403a, 0x3f9f, 0x3cd4, 0x4126, 0x4097, 0x3e01,
    0x397c, 0x38dc, 0x37da, 0x2efd, 0x2e4a, 0x2cc7, 0x3fc5, 0x3ee4, 0x3b9c, 0x42c4, 0x4237, 0x40c5,
    0x4011, 0x3fae, 0x3d8d, 0x39c5, 0x39b2, 0x37c9, 0x3a52, 0x3a32, 0x37c8, 0x2c5b, 0x2c69, 0x2825,
    0x41ba, 0x417e, 0x40c7, 0x41a8, 0x415e, 0x4079, 0x3d14, 0x3d0f, 0x3a60, 0x36f0, 0x3731, 0x3471,
    0x3ced, 0x3d24, 0x3d60, 0x3e68, 0x3ed8, 0x3f5c, 0x399b, 0x3a1b, 0x38b8, 0x3304, 0x3420, 0x2ffe,
    0x34e5, 0x35c5, 0x30d1, 0x3c4a, 0x3ca0, 0x3c6e, 0x3c8c, 0x3cf8, 0x3cba, 0x3c28, 0x3c9b, 0x3c6d,
    0x37bf, 0x389c, 0x358e, 0x3875, 0x396b, 0x36c6, 0x3428, 0x3533, 0x2b3c, 0x30a8, 0x324b, 0x2b1d,
    0x36a7, 0x37f8, 0x34ca, 0x3b9d, 0x3c46, 0x3c5a, 0x37f8, 0x38c6, 0x3730, 0x3e41, 0x3f0f, 0x4036,
    0x3f33, 0x406c, 0x426b, 0x3aa9, 0x3c0d, 0x3def, 0x40d7, 0x4285, 0x456f, 0x3de5, 0x3fc7, 0x4199,
    0x3ee0, 0x407e, 0x42b3, 0x3cf0, 0x3e67, 0x3fe5, 0x3fbe, 0x417a, 0x444a, 0x3750, 0x387f, 0x34df,
    0x35bc, 0x3740, 0x33b2, 0x3529, 0x3638, 0x3040, 0x3817, 0x3905, 0x3919, 0x369e, 0x3830, 0x3224,
    0x373c, 0x38a6, 0x38f4, 0x3c03, 0x3d4f, 0x3efc, 0x36c0, 0x382e, 0x38e4, 0x34dd, 0x3651, 0x36f1,
    0x3f17, 0x4018, 0x41cd, 0x3cf2, 0x3d63, 0x3f0d, 0x3d8c, 0x3e26, 0x400b, 0x4117, 0x41a1, 0x43b7,
    0x3a25, 0x3a9c, 0x3bff, 0x2b33, 0x2ab6, 0x263f, 0x2bdb, 0x2bd9, 0x22af, 0x29cb, 0x2925, 0x20b2,
    0x2950, 0x2a1c, 0x243b, 0x2a85, 0x2c10, 0x22f7, 0x2b37, 0x2c84, 0x2540, 0x2892, 0x2981, 0x2045,
    0x4719, 0x4657, 0x44e0, 0x4044, 0x3fd6, 0x3ce1, 0x47ee, 0x4716, 0x45f0, 0x3545, 0x34a9, 0x33b3,
    0x2e1e, 0x2d6a, 0x2c47, 0x37c8, 0x36f7, 0x349f, 0x40c7, 0x4045, 0x3da5, 0x41a3, 0x410e, 0x3ed7,
    0x38bd, 0x387e, 0x3640, 0x2cf9, 0x2c78, 0x2ae2, 0x427c, 0x4184, 0x4074, 0x46a2, 0x45f7, 0x4473,
    0x39a7, 0x3981, 0x35ea, 0x3f33, 0x3ebc, 0x3d1e, 0x3aa2, 0x3a72, 0x384f, 0x326e, 0x32e8, 0x2ac9,
    0x2f69, 0x3067, 0x261d, 0x3d0c, 0x3ced, 0x3b38, 0x40ee, 0x409a, 0x4010, 0x3887, 0x38b8, 0x3455,
    0x33aa, 0x3495, 0x294a, 0x343f, 0x34ec, 0x2b40, 0x369c, 0x3750, 0x33ac, 0x4065, 0x4082, 0x3fc9,
    0x3c2d, 0x3c73, 0x3b39, 0x3d03, 0x3d39, 0x3cc6, 0x3bf1, 0x3c58, 0x3b58, 0x3cbe, 0x3d63, 0x3cc3,
    0x3620, 0x3740, 0x318f, 0x385e, 0x390f, 0x36d9, 0x36a3, 0x3791, 0x31da, 0x343a, 0x3574, 0x2aed,
    0x3807, 0x38b9, 0x3575, 0x38e3, 0x3977, 0x3939, 0x335c, 0x351c, 0x3051, 0x395e, 0x3aa9, 0x3a3c,
    0x3850, 0x3970, 0x37c8, 0x4048, 0x417c, 0x4448, 0x3c94, 0x3df4, 0x402f, 0x3f70, 0x40d5, 0x42f8,
    0x36df, 0x387d, 0x3acf, 0x36b7, 0x386f, 0x3634, 0x395d, 0x3aae, 0x350c, 0x34ff, 0x3681, 0x31dd,
    0x38c9, 0x39b5, 0x38a8, 0x36a5, 0x3826, 0x32e5, 0x384c, 0x3927, 0x38e8, 0x407a, 0x41ca, 0x446d,
    0x3ef4, 0x402a, 0x4206, 0x40c7, 0x4189, 0x436b, 0x3575, 0x3680, 0x3524, 0x33a6, 0x3492, 0x3247,
    0x3917, 0x39a8, 0x3b4a, 0x3693, 0x3709, 0x386c, 0x34b6, 0x3503, 0x3561, 0x33fc, 0x343a, 0x344e,
    0x2e9e, 0x2e7a, 0x28b7, 0x2977, 0x2a41, 0x251c, 0x26bb, 0x2968, 0x2030, 0x28cb, 0x28ce, 0x20a0,
    0x267e, 0x277f, 0x1dbd, 0x25cb, 0x2805, 0x1dad, 0x2868, 0x2882, 0x1f32, 0x2a54, 0x2bb5, 0x2540,
    0x4acd, 0x49fd, 0x48f9, 0x4908, 0x4876, 0x476d, 0x46a3, 0x45ef, 0x446f, 0x3986, 0x3907, 0x3554,
    0x304d, 0x2f57, 0x2d88, 0x2f3a, 0x2dfb, 0x2d13, 0x4569, 0x44bb, 0x4230, 0x44ba, 0x4438, 0x41aa,
    0x418e, 0x40b5, 0x3f1f, 0x2efc, 0x2db4, 0x2c62, 0x4939, 0x4868, 0x468f, 0x31cc, 0x311f, 0x2f7c,
    0x2d1b, 0x2c67, 0x2acb, 0x2bcb, 0x2a99, 0x2932, 0x34bb, 0x3488, 0x3211, 0x38b2, 0x387b, 0x3631,
    0x32a5, 0x332c, 0x2d1e, 0x32c8, 0x3375, 0x2d88, 0x3af0, 0x3ad2, 0x3848, 0x34d0, 0x34bc, 0x30b4,
    0x39cb, 0x39cd, 0x3821, 0x3896, 0x38d5, 0x358c, 0x346e, 0x353f, 0x280f, 0x38aa, 0x392f, 0x36d0,
    0x456e, 0x45b6, 0x46be, 0x3a6e, 0x3af2, 0x38ca, 0x3cf4, 0x3d55, 0x3d05, 0x3de3, 0x3e2a, 0x3dd1,
    0x381d, 0x38b3, 0x3513, 0x36d8, 0x37e9, 0x3095, 0x35f3, 0x3710, 0x3166, 0x3758, 0x3825, 0x34e6,
    0x31bf, 0x340d, 0x25ad, 0x3527, 0x3676, 0x3253, 0x356d, 0x36f6, 0x3180, 0x3c3a, 0x3d2d, 0x3f1b,
    0x40fc, 0x427c, 0x4519, 0x3d38, 0x3e5a, 0x3f5a, 0x3ce6, 0x3e4a, 0x3fdb, 0x3bfe, 0x3cd7, 0x3e46,
    0x3951, 0x3a45, 0x3c2b, 0x3b3c, 0x3c2b, 0x3ccc, 0x4048, 0x411f, 0x422a, 0x370d, 0x3842, 0x328b,
    0x3f69, 0x409d, 0x420f, 0x3a0e, 0x3b66, 0x3a5f, 0x3711, 0x383a, 0x3720, 0x4325, 0x4421, 0x4550,
    0x3ce7, 0x3da3, 0x3e72, 0x3f35, 0x3fce, 0x40d3, 0x3742, 0x37db, 0x38b0, 0x39d6, 0x3a3c, 0x3b78,
    0x39e4, 0x3a33, 0x3b64, 0x3b8a, 0x3bc7, 0x3ca3, 0x35fe, 0x3622, 0x36c9, 0x3180, 0x30e3, 0x2f13,
    0x2ce3, 0x2cbc, 0x2653, 0x2d94, 0x2dbf, 0x24a5, 0x288d, 0x28b5, 0x217d, 0x2c28, 0x2b55, 0x24d0,
    0x28b1, 0x29a9, 0x213a, 0x2760, 0x28bf, 0x2128, 0x23e6, 0x24b4, 0x1d21, 0x26c1, 0x281f, 0x1fde,
    0x513d, 0x5092, 0x4f8c, 0x4c73, 0x4bca, 0x4a1f, 0x484b, 0x4785, 0x457a, 0x3dbd, 0x3d42, 0x39c3,
    0x3c3e, 0x3ba2, 0x3971, 0x3056, 0x2f53, 0x2dc7, 0x3e9f, 0x3df2, 0x3c67, 0x34f6, 0x33f1, 0x3161,
    0x4397, 0x424d, 0x4013, 0x30a9, 0x2f67, 0x2d9a, 0x3144, 0x3006, 0x2d12, 0x3a88, 0x3994, 0x3859,
    0x4f01, 0x4dee, 0x4c8f, 0x4ad9, 0x49e9, 0x4859, 0x497f, 0x48ba, 0x4762, 0x4725, 0x4667, 0x4514,
    0x4125, 0x40af, 0x3f34, 0x3e34, 0x3dfa, 0x3ba4, 0x3ec9, 0x3e4c, 0x3d15, 0x408b, 0x4068, 0x3f6d,
    0x3b19, 0x3af9, 0x388c, 0x402a, 0x4028, 0x3fd9, 0x3a9f, 0x3b39, 0x36e0, 0x3f2d, 0x3fa3, 0x3e5b,
    0x42c5, 0x431b, 0x4389, 0x4654, 0x468f, 0x46ed, 0x4741, 0x479d, 0x4837, 0x4432, 0x4496, 0x4564,
    0x38fe, 0x39b2, 0x370e, 0x3e47, 0x3ec8, 0x3f24, 0x4231, 0x4279, 0x43ae, 0x356e, 0x36d7, 0x291a,
    0x405f, 0x40d7, 0x4221, 0x416c, 0x427e, 0x44cc, 0x3a77, 0x3bc1, 0x3c3f, 0x3d60, 0x3e9a, 0x4000,
    0x3cd9, 0x3e15, 0x3fe3, 0x3e4c, 0x402e, 0x417d, 0x3c0f, 0x3d03, 0x3e86, 0x39fe, 0x3bbd, 0x3c69,
    0x3c96, 0x3d59, 0x3e49, 0x3b45, 0x3c48, 0x3cd6, 0x4075, 0x4157, 0x4324, 0x3be4, 0x3cf0, 0x3d3d,
    0x3a73, 0x3bda, 0x3a20, 0x3b98, 0x3c8a, 0x3cd6, 0x37fd, 0x38e1, 0x38a3, 0x34f9, 0x369c, 0x343f,
    0x3d14, 0x3dd0, 0x3eb7, 0x390c, 0x3a0c, 0x397d, 0x4493, 0x4541, 0x46d6, 0x409d, 0x4127, 0x427c,
    0x41de, 0x42a5, 0x4448, 0x400a, 0x4089, 0x41d9, 0x4229, 0x428d, 0x4467, 0x3437, 0x3495, 0x2f82,
    0x2fe8, 0x3056, 0x293a, 0x2e99, 0x2efc, 0x2cb3, 0x2872, 0x2880, 0x2099, 0x267f, 0x26d3, 0x200e,
    0x2991, 0x2929, 0x2181, 0x2762, 0x27a4, 0x1d55, 0x250f, 0x2456, 0x1c4e, 0x27ce, 0x27f7, 0x1e9a,
    0x43a6, 0x42b4, 0x40dd, 0x41cf, 0x4118, 0x3f21, 0x47a4, 0x46b1, 0x44aa, 0x4aff, 0x49fb, 0x4868,
    0x47fa, 0x46ea, 0x44b9, 0x345f, 0x3365, 0x31d2, 0x34cf, 0x3385, 0x3167, 0x4506, 0x4420, 0x4149,
    0x4db7, 0x4cab, 0x4a41, 0x32a0, 0x3110, 0x2e6b, 0x300f, 0x2e77, 0x2c94, 0x4dab, 0x4ca2, 0x4b02,
    0x4af7, 0x4a06, 0x4875, 0x4bec, 0x4ad9, 0x4906, 0x4c0c, 0x4af9, 0x4985, 0x4ba2, 0x4aaf, 0x494d,
    0x461d, 0x457d, 0x443f, 0x438f, 0x42d9, 0x413d, 0x463b, 0x45bd, 0x4541, 0x3f9c, 0x3f39, 0x3db4,
    0x46cf, 0x464a, 0x4558, 0x422e, 0x4217, 0x413f, 0x3fca, 0x401a, 0x3efa, 0x4431, 0x444d, 0x4494,
    0x42d6, 0x432f, 0x42a0, 0x4171, 0x4190, 0x4117, 0x42e5, 0x4347, 0x4338, 0x4363, 0x4406, 0x4470,
    0x3e7a, 0x3f1f, 0x3e50, 0x44a5, 0x44c7, 0x457d, 0x3dfd, 0x3e34, 0x3cea, 0x3efd, 0x3fb7, 0x4003,
    0x4111, 0x41cd, 0x42d0, 0x3c70, 0x3d01, 0x3cee, 0x3c77, 0x3d22, 0x3de9, 0x3268, 0x346b, 0x2c1a,
    0x309a, 0x3314, 0x27c3, 0x351d, 0x3710, 0x34a9, 0x3e18, 0x3f72, 0x40e5, 0x41ce, 0x4279, 0x43bd,
    0x3d30, 0x3dd5, 0x3f55, 0x43c9, 0x44be, 0x46aa, 0x40cf, 0x41da, 0x4407, 0x3da4, 0x3eaa, 0x3f94,
    0x3ee3, 0x3ffb, 0x40ff, 0x3f95, 0x4065, 0x418f, 0x42b7, 0x43b6, 0x451c, 0x4372, 0x442e, 0x4561,
    0x3c7b, 0x3d29, 0x3d39, 0x426a, 0x4388, 0x452a, 0x4277, 0x438d, 0x451b, 0x3baf, 0x3c60, 0x3cbf,
    0x30ec, 0x3281, 0x2cc7, 0x3075, 0x3197, 0x2d98, 0x2e3d, 0x2f91, 0x290c, 0x307d, 0x3100, 0x2eab,
    0x3233, 0x32ac, 0x3249, 0x2c06, 0x2c35, 0x250a, 0x2b99, 0x2c0b, 0x2508, 0x29e7, 0x2ab7, 0x1ecc,
    0x296e, 0x2a4f, 0x1f75, 0x280c, 0x27ee, 0x2023, 0x2591, 0x2525, 0x1e3e, 0x2db2, 0x2e72, 0x2c38,
    0x49e9, 0x4919, 0x476f, 0x4cf5, 0x4c47, 0x4a71, 0x4d6b, 0x4cb2, 0x4b15, 0x4b4f, 0x4a71, 0x48ab,
    0x4f2e, 0x4e28, 0x4c9b, 0x4551, 0x4492, 0x4355, 0x3586, 0x3447, 0x31cb, 0x4ccf, 0x4b86, 0x4911,
    0x4d7c, 0x4c3c, 0x4960, 0x3881, 0x36df, 0x334b, 0x328d, 0x30e3, 0x2e0e, 0x4e66, 0x4cfa, 0x4b37,
    0x4c8d, 0x4b99, 0x4948, 0x4436, 0x4340, 0x40cf, 0x42c4, 0x41f7, 0x3f75, 0x4251, 0x41a5, 0x3fc5,
    0x3ed1, 0x3e1f, 0x3bb5, 0x4751, 0x46c1, 0x4532, 0x3b86, 0x3b33, 0x37f6, 0x3519, 0x3582, 0x2fd2,
    0x4504, 0x44b8, 0x43e0, 0x494f, 0x4903, 0x488d, 0x42c6, 0x42eb, 0x41ff, 0x4894, 0x48ac, 0x4940,
    0x4535, 0x453d, 0x44d2, 0x40d4, 0x4116, 0x4016, 0x487b, 0x48b0, 0x491d, 0x46f0, 0x4731, 0x4832,
    0x4060, 0x40ae, 0x4085, 0x3cc1, 0x3cf6, 0x3b9c, 0x41fa, 0x4248, 0x42a5, 0x3ad5, 0x3c0f, 0x385e,
    0x35f5, 0x3785, 0x346b, 0x39d5, 0x3b03, 0x3909, 0x391a, 0x3a68, 0x3972, 0x395a, 0x3a9d, 0x3b0b,
    0x37e5, 0x3905, 0x37bf, 0x3650, 0x3750, 0x3694, 0x3aa0, 0x3b79, 0x3a1e, 0x404e, 0x40d4, 0x41bf,
    0x3d4b, 0x3db2, 0x3e02, 0x3f56, 0x406f, 0x41a3, 0x40e4, 0x4197, 0x433a, 0x447c, 0x4518, 0x469b,
    0x4163, 0x422c, 0x437d, 0x43fb, 0x4472, 0x4588, 0x39bd, 0x3a87, 0x3a22, 0x3e3b, 0x3f01, 0x3fac,
    0x44b6, 0x456d, 0x4741, 0x4372, 0x4456, 0x45a5, 0x387e, 0x390d, 0x392b, 0x2fc4, 0x3145, 0x24d8,
    0x2cf6, 0x2e4c, 0x2420, 0x299b, 0x2b47, 0x2434, 0x2d4f, 0x2de4, 0x26be, 0x2c22, 0x2c58, 0x240f,
    0x27d6, 0x289e, 0x1f13, 0x284e, 0x2887, 0x20f6, 0x2a80, 0x2a4f, 0x21b0, 0x21cd, 0x2145, 0x198e,
    0x2be5, 0x2bb1, 0x260f, 0x2618, 0x26a0, 0x1f55, 0x2bcf, 0x2c0f, 0x2489, 0x2c5a, 0x2d05, 0x258a,
    0x50d5, 0x501b, 0x4e3e, 0x4e56, 0x4d6e, 0x4c2e, 0x4f1f, 0x4e26, 0x4ca7, 0x49b6, 0x48ef, 0x473c,
    0x4c36, 0x4b4f, 0x4936, 0x4c64, 0x4b13, 0x4958, 0x3720, 0x35ac, 0x343e, 0x4039, 0x3e8e, 0x3c30,
    0x5f54, 0x5dff, 0x5c1b, 0x5978, 0x588c, 0x5758, 0x36a2, 0x34ce, 0x3121, 0x50ea, 0x4fae, 0x4d1b,
    0x4f79, 0x4e2e, 0x4c6b, 0x46ff, 0x45e4, 0x4430, 0x4184, 0x40c5, 0x3dcd, 0x4104, 0x4050, 0x3df4,
    0x48b8, 0x4811, 0x4651, 0x457c, 0x44e4, 0x42ef, 0x446b, 0x4403, 0x4179, 0x47ef, 0x474b, 0x463f,
    0x44b4, 0x4462, 0x42f7, 0x3ef7, 0x3ec0, 0x3ca8, 0x3a7f, 0x3acc, 0x36a8, 0x382e, 0x3890, 0x3502,
    0x4154, 0x4180, 0x40eb, 0x46c8, 0x46b5, 0x4695, 0x3b50, 0x3bf4, 0x37b3, 0x3e23, 0x3e99, 0x3d65,
    0x42ec, 0x42fd, 0x4295, 0x3a51, 0x3ab5, 0x3876, 0x404f, 0x40b3, 0x4116, 0x36c8, 0x383c, 0x34cd,
    0x357e, 0x36c0, 0x33da, 0x36cd, 0x3835, 0x34fe, 0x38fe, 0x39e9, 0x387e, 0x3b4b, 0x3c4d, 0x3d25,
    0x407f, 0x4176, 0x42f9, 0x3878, 0x38b7, 0x388a, 0x45a2, 0x464a, 0x47ee, 0x43bd, 0x446a, 0x45d9,
    0x42be, 0x43b5, 0x44d8, 0x418d, 0x4212, 0x4307, 0x449e, 0x4549, 0x4659, 0x3902, 0x3a18, 0x3931,
    0x2eaa, 0x2f5c, 0x2de6, 0x3789, 0x3868, 0x38c3, 0x41e8, 0x42e1, 0x4481, 0x449e, 0x4579, 0x46ee,
    0x451b, 0x45da, 0x474c, 0x452b, 0x461b, 0x47dc, 0x3485, 0x357c, 0x33bf, 0x3066, 0x31d2, 0x2930,
    0x2c8d, 0x2df3, 0x213b, 0x2ec7, 0x2e88, 0x286e, 0x2b16, 0x2bda, 0x2497, 0x2950, 0x29a7, 0x2468,
    0x2d21, 0x2cd5, 0x28a7, 0x28ac, 0x284b, 0x223b, 0x2812, 0x273c, 0x22f7, 0x22ac, 0x22b2, 0x19b7,
    0x2c85, 0x2cd0, 0x27e7, 0x3072, 0x3104, 0x2d81, 0x342e, 0x3461, 0x339d, 0x26f6, 0x274f, 0x229b,
    0x4da8, 0x4cab, 0x4b2a, 0x5098, 0x4fca, 0x4ded, 0x5135, 0x5076, 0x4eb0, 0x5226, 0x514e, 0x500f,
    0x5271, 0x518f, 0x504d, 0x4f2b, 0x4df6, 0x4c9a, 0x4238, 0x4121, 0x3fe3, 0x3b9d, 0x39fc, 0x3865,
    0x5fc5, 0x5eb2, 0x5d13, 0x5564, 0x53ed, 0x5104, 0x4012, 0x3d8d, 0x3b2d, 0x5530, 0x53d4, 0x5105,
    0x4f7e, 0x4dd6, 0x4c0a, 0x509e, 0x4fa4, 0x4d99, 0x5485, 0x53a2, 0x51ce, 0x4916, 0x4846, 0x4625,
    0x519d, 0x50d1, 0x4f79, 0x48c8, 0x482c, 0x4635, 0x4c11, 0x4b3b, 0x4987, 0x4491, 0x4424, 0x4235,
    0x3c1a, 0x3bac, 0x38d6, 0x40e1, 0x409b, 0x3e76, 0x41d1, 0x419f, 0x4091, 0x3ea8, 0x3ef1, 0x3d8d,
    0x472c, 0x4757, 0x4803, 0x434a, 0x439f, 0x433f, 0x43e6, 0x4415, 0x444f, 0x4074, 0x4086, 0x4007,
    0x3495, 0x356e, 0x2c54, 0x4050, 0x408d, 0x4090, 0x455b, 0x461c, 0x47cb, 0x3811, 0x390e, 0x3376,
    0x335c, 0x3506, 0x2a0c, 0x3a29, 0x3b26, 0x3ab7, 0x3d66, 0x3e61, 0x3ef5, 0x381f, 0x38c5, 0x3852,
    0x3d3d, 0x3da1, 0x3d62, 0x40ba, 0x40e0, 0x4194, 0x33c6, 0x3415, 0x3386, 0x4474, 0x4518, 0x45b6,
    0x42c7, 0x4352, 0x4436, 0x4188, 0x4205, 0x42e2, 0x3a69, 0x3b3f, 0x3ab2, 0x33a7, 0x349e, 0x33d7,
    0x2980, 0x2c44, 0x213c, 0x2f89, 0x30d7, 0x2c7e, 0x36e2, 0x3839, 0x386f, 0x3d80, 0x3e99, 0x4037,
    0x4122, 0x41cc, 0x4347, 0x41ac, 0x42d8, 0x4464, 0x36b0, 0x3782, 0x36d3, 0x34dd, 0x352f, 0x34cf,
    0x301b, 0x318c, 0x2a69, 0x3688, 0x371c, 0x375f, 0x2b46, 0x2c91, 0x2620, 0x2944, 0x2bdb, 0x2096,
    0x2f19, 0x2fc2, 0x2d3e, 0x2c1c, 0x2c5c, 0x276d, 0x2dd8, 0x2f0e, 0x2185, 0x245c, 0x2472, 0x1d70,
    0x268c, 0x281a, 0x2037, 0x26bb, 0x280f, 0x1dcd, 0x34af, 0x3505, 0x32cd, 0x2fa7, 0x308c, 0x23d1,
    0x49de, 0x48ac, 0x4735, 0x496e, 0x486c, 0x466a, 0x4c2f, 0x4b1f, 0x4940, 0x4f60, 0x4df0, 0x4c4a,
    0x450a, 0x444a, 0x415b, 0x46a0, 0x45a2, 0x4344, 0x509c, 0x4fba, 0x4dba, 0x382e, 0x3735, 0x34fc,
    0x4486, 0x435d, 0x416b, 0x39cf, 0x37c5, 0x337c, 0x4e54, 0x4d10, 0x4b54, 0x5707, 0x5563, 0x52cd,
    0x4aa7, 0x4923, 0x46ba, 0x56f9, 0x55a5, 0x53d0, 0x4f31, 0x4e05, 0x4c39, 0x474a, 0x4632, 0x43f1,
    0x4af3, 0x4a02, 0x4861, 0x49e6, 0x4919, 0x476a, 0x4b3c, 0x4a4c, 0x48af, 0x456b, 0x44cf, 0x4354,
    0x4120, 0x409c, 0x3f1a, 0x4596, 0x4501, 0x4425, 0x4681, 0x4628, 0x45a2, 0x415f, 0x4173, 0x40c6,
    0x4150, 0x4166, 0x4023, 0x3dec, 0x3e08, 0x3c0a, 0x4042, 0x403b, 0x3ebd, 0x3fa0, 0x3f42, 0x3e25,
    0x37d7, 0x3866, 0x35a6, 0x3ff5, 0x4037, 0x404e, 0x3c2f, 0x3cac, 0x3c7a, 0x41f9, 0x429b, 0x432c,
    0x35b7, 0x374e, 0x31a1, 0x3850, 0x390e, 0x3947, 0x3c12, 0x3c9d, 0x3c46, 0x408e, 0x40f1, 0x40ab,
    0x3e96, 0x3eeb, 0x3ef2, 0x3c72, 0x3c7a, 0x3be6, 0x3808, 0x389a, 0x3604, 0x41d1, 0x4222, 0x42d2,
    0x3ede, 0x3f5f, 0x3fa7, 0x353e, 0x3655, 0x3575, 0x2cdc, 0x2e28, 0x2aee, 0x2a9d, 0x2be5, 0x277e,
    0x3c21, 0x3ca7, 0x3d66, 0x3c50, 0x3cf6, 0x3e08, 0x312e, 0x319b, 0x30f3, 0x2503, 0x27e0, 0x1f2a,
    0x410f, 0x4188, 0x42aa, 0x2cca, 0x2ed4, 0x28d4, 0x3fe2, 0x4033, 0x40f0, 0x3675, 0x36f9, 0x3670,
    0x2e42, 0x2ead, 0x2c70, 0x312d, 0x31a9, 0x3079, 0x328e, 0x32b8, 0x2f8e, 0x2e06, 0x2f04, 0x2547,
    0x2b21, 0x2c48, 0x25a3, 0x2979, 0x2b1a, 0x2198, 0x2c81, 0x2cfa, 0x1fbd, 0x290f, 0x29c5, 0x1da6,
    0x29e7, 0x2a5b, 0x1f35, 0x2906, 0x290d, 0x1a3d, 0x2c36, 0x2d3e, 0x224f, 0x2674, 0x2825, 0x1a64,
    0x37c7, 0x37b6, 0x2d26, 0x377f, 0x374f, 0x2dc4, 0x3861, 0x3805, 0x3022, 0x419e, 0x40cd, 0x3d90,
    0x3d45, 0x3c72, 0x38ce, 0x3f25, 0x3df6, 0x3b22, 0x4395, 0x428a, 0x4008, 0x3a94, 0x397e, 0x379e,
    0x34c1, 0x3403, 0x322d, 0x31ce, 0x30c4, 0x2e09, 0x4de2, 0x4c71, 0x49f9, 0x54ef, 0x53a8, 0x50c9,
    0x47fb, 0x4658, 0x43f0, 0x5590, 0x547e, 0x5206, 0x4e41, 0x4d16, 0x4af6, 0x504d, 0x4f0f, 0x4d32,
    0x486f, 0x476f, 0x4512, 0x4328, 0x4255, 0x4069, 0x49f8, 0x4924, 0x47bc, 0x4e11, 0x4d4f, 0x4c1b,
    0x449e, 0x4419, 0x422a, 0x456d, 0x44cd, 0x4358, 0x4055, 0x4046, 0x3dc0, 0x45aa, 0x45ae, 0x4518,
    0x447a, 0x447d, 0x43fd, 0x47dc, 0x47ab, 0x4749, 0x3c02, 0x3bf7, 0x38f6, 0x41c9, 0x41a7, 0x40a6,
    0x399b, 0x39f8, 0x378f, 0x3a3a, 0x3abf, 0x38e3, 0x44b7, 0x4535, 0x45fb, 0x36bf, 0x3803, 0x35d6,
    0x3e13, 0x3eb5, 0x3f29, 0x4107, 0x4196, 0x4250, 0x433d, 0x438e, 0x4406, 0x3ad2, 0x3b3d, 0x3997,
    0x3cf8, 0x3d17, 0x3cbd, 0x395b, 0x3946, 0x38d7, 0x3039, 0x2ffc, 0x2d29, 0x3a40, 0x3a8d, 0x39ac,
    0x37ac, 0x3804, 0x3752, 0x3404, 0x3479, 0x34c2, 0x355a, 0x35c7, 0x35d9, 0x2e21, 0x2e93, 0x2db3,
    0x28db, 0x2a52, 0x25c6, 0x329e, 0x32ed, 0x31e0, 0x393d, 0x397b, 0x39ca, 0x3302, 0x33c3, 0x335c,
    0x36de, 0x378a, 0x37ff, 0x371e, 0x37c9, 0x376b, 0x3acd, 0x3b34, 0x3aa4, 0x38a1, 0x38c5, 0x38a6,
    0x350d, 0x34ff, 0x34f9, 0x3563, 0x353d, 0x3514, 0x2dd1, 0x2ed5, 0x2a18, 0x2f65, 0x309e, 0x2569,
    0x2e2b, 0x2e52, 0x2206, 0x2d57, 0x2d79, 0x2179, 0x2bb1, 0x2b9b, 0x1bc8, 0x2c00, 0x2b76, 0x222b,
    0x2c20, 0x2b94, 0x22d7, 0x2b21, 0x2a2f, 0x2348, 0x257c, 0x252a, 0x1fc5, 0x229d, 0x2286, 0x1b16,
    0x3454, 0x34b8, 0x2d24, 0x3495, 0x3522, 0x2f36, 0x3905, 0x38a0, 0x2fae, 0x3761, 0x3821, 0x2f3d,
    0x3a74, 0x39e0, 0x31c6, 0x5136, 0x503c, 0x4dd1, 0x50a7, 0x4fc2, 0x4d2f, 0x542b, 0x52c0, 0x50a4,
    0x343b, 0x3396, 0x3216, 0x30eb, 0x306a, 0x2f2f, 0x34b5, 0x3331, 0x2f23, 0x4c17, 0x4a6d, 0x481f,
    0x4718, 0x45c4, 0x4351, 0x461b, 0x44d8, 0x41e0, 0x5511, 0x541c, 0x51c9, 0x4c91, 0x4b61, 0x48eb,
    0x4727, 0x45eb, 0x4411, 0x4ce3, 0x4c0f, 0x49ab, 0x505e, 0x4f69, 0x4da7, 0x4875, 0x47b9, 0x456f,
    0x4389, 0x4292, 0x4093, 0x47e9, 0x46f5, 0x452d, 0x4786, 0x471f, 0x45fe, 0x478a, 0x4746, 0x471c,
    0x4848, 0x482d, 0x476c, 0x44f5, 0x44d3, 0x4483, 0x434f, 0x42fa, 0x41cd, 0x3d67, 0x3d71, 0x3c3f,
    0x40cf, 0x40db, 0x408d, 0x42af, 0x42f5, 0x4311, 0x3c01, 0x3c6e, 0x3c03, 0x457f, 0x4622, 0x4743,
    0x415a, 0x41ea, 0x42f9, 0x399f, 0x3a4b, 0x390b, 0x40d5, 0x4125, 0x4107, 0x4077, 0x40b7, 0x407b,
    0x2bbf, 0x2ced, 0x2563, 0x2fa7, 0x3040, 0x2973, 0x3051, 0x3041, 0x2d0d, 0x3aa7, 0x3aae, 0x3b3a,
    0x3051, 0x31ec, 0x2a1c, 0x2e54, 0x2fe1, 0x28a0, 0x38b5, 0x38df, 0x3947, 0x3ac0, 0x3b15, 0x3b86,
    0x32ad, 0x3354, 0x332a, 0x2c7e, 0x2cfe, 0x2cfc, 0x247d, 0x256a, 0x20f2, 0x32cd, 0x3388, 0x32c9,
    0x2428, 0x2785, 0x1b36, 0x289a, 0x2b22, 0x2377, 0x2950, 0x2c1b, 0x21f7, 0x317f, 0x3249, 0x3030,
    0x352b, 0x355c, 0x3521, 0x311e, 0x31fa, 0x2ee2, 0x345b, 0x3504, 0x2e8c, 0x2da2, 0x2e10, 0x1e47,
    0x2bdd, 0x2c2e, 0x2443, 0x2e4f, 0x2ed4, 0x289e, 0x2c57, 0x2cd7, 0x2239, 0x246a, 0x2436, 0x1c92,
    0x286e, 0x27e8, 0x1f16, 0x2903, 0x2905, 0x1dcc, 0x2aa2, 0x2bb8, 0x2274, 0x22e5, 0x2485, 0x187b,
    0x324b, 0x3438, 0x29ab, 0x32e1, 0x3440, 0x2c64, 0x3278, 0x32b2, 0x2b23, 0x3484, 0x348c, 0x2bf7,
    0x3562, 0x35b3, 0x2db3, 0x38ff, 0x38d3, 0x31bd, 0x378b, 0x375c, 0x3108, 0x4a94, 0x4932, 0x46bb,
    0x3525, 0x34c2, 0x315f, 0x3203, 0x31b0, 0x2f1c, 0x3edd, 0x3d61, 0x3af2, 0x4cc7, 0x4b93, 0x48af,
    0x405f, 0x3f54, 0x3c12, 0x47ae, 0x46bc, 0x440c, 0x43cf, 0x4252, 0x4005, 0x47ba, 0x4640, 0x43ea,
    0x5011, 0x4ea4, 0x4c8b, 0x498c, 0x489f, 0x45fa, 0x5076, 0x4f7c, 0x4d5e, 0x4fd7, 0x4ea2, 0x4cfa,
    0x4bf8, 0x4ae1, 0x493c, 0x4619, 0x4558, 0x43b6, 0x43e3, 0x4389, 0x415d, 0x4433, 0x43ea, 0x41a0,
    0x4a14, 0x49a2, 0x4903, 0x48c2, 0x4873, 0x47eb, 0x3d0d, 0x3d05, 0x3ad5, 0x440a, 0x43f5, 0x42d2,
    0x41b2, 0x41a2, 0x411a, 0x4059, 0x406b, 0x3fbf, 0x467d, 0x46b5, 0x468c, 0x3e1c, 0x3e8a, 0x3de1,
    0x41d5, 0x422d, 0x42a6, 0x3fb6, 0x400f, 0x3f32, 0x36ad, 0x3812, 0x32d1, 0x338a, 0x34fd, 0x2d6e,
    0x35cb, 0x3689, 0x319d, 0x3676, 0x362e, 0x362f, 0x2d63, 0x2e14, 0x2939, 0x273f, 0x273e, 0x20b2,
    0x27c7, 0x284d, 0x2310, 0x2eb4, 0x2f4b, 0x2766, 0x31c2, 0x320e, 0x3091, 0x3b97, 0x3bfb, 0x3b8e,
    0x3740, 0x37dc, 0x382c, 0x2e26, 0x2f44, 0x2dd7, 0x23af, 0x26ce, 0x1bc3, 0x1f88, 0x23ee, 0x15dc,
    0x2986, 0x2c36, 0x2063, 0x2801, 0x2a13, 0x1c9d, 0x25cf, 0x28e5, 0x1cda, 0x2a51, 0x2cab, 0x230d,
    0x2958, 0x29ad, 0x24f5, 0x2d33, 0x2d24, 0x2788, 0x3125, 0x317d, 0x2736, 0x2f48, 0x2ee5, 0x27d3,
    0x2ea6, 0x2df5, 0x2727, 0x28df, 0x28a0, 0x2079, 0x2dcd, 0x2e37, 0x2454, 0x2802, 0x26af, 0x1fa6,
    0x2920, 0x299f, 0x2151, 0x234d, 0x2581, 0x19ae, 0x24f9, 0x2623, 0x1a70, 0x22c1, 0x2455, 0x1257,
    0x343b, 0x343e, 0x2a03, 0x3287, 0x3400, 0x2a6d, 0x306b, 0x2ff3, 0x2481, 0x31da, 0x31ca, 0x28a9,
    0x3840, 0x3760, 0x31af, 0x3430, 0x34ad, 0x2cc7, 0x3554, 0x3698, 0x2d43, 0x35c0, 0x3554, 0x2e52,
    0x33ed, 0x3370, 0x2dd4, 0x30fe, 0x3125, 0x2b5a, 0x3752, 0x35dc, 0x3183, 0x395b, 0x384d, 0x33ea,
    0x4ddc, 0x4ca7, 0x4a34, 0x49b1, 0x4889, 0x45ac, 0x51fe, 0x50de, 0x4e62, 0x48cc, 0x47df, 0x44d6,
    0x4c00, 0x4a6c, 0x4827, 0x4945, 0x4859, 0x45aa, 0x4547, 0x4476, 0x416c, 0x4641, 0x4534, 0x431e,
    0x4827, 0x471e, 0x44c0, 0x4726, 0x465a, 0x4486, 0x452e, 0x44f4, 0x442b, 0x47a1, 0x4725, 0x45d5,
    0x4958, 0x490c, 0x4842, 0x44fe, 0x44dd, 0x43e5, 0x399d, 0x3a42, 0x3225, 0x4243, 0x4254, 0x418e,
    0x42ed, 0x42da, 0x422a, 0x40b9, 0x4097, 0x3f9f, 0x4465, 0x4453, 0x434c, 0x4939, 0x4928, 0x48fa,
    0x488c, 0x4892, 0x48a1, 0x3e87, 0x3f14, 0x3e5c, 0x4059, 0x408d, 0x400f, 0x3753, 0x3836, 0x3033,
    0x34f7, 0x3505, 0x3391, 0x3850, 0x38a9, 0x3600, 0x3059, 0x3058, 0x2bb6, 0x39de, 0x39c0, 0x387b,
    0x339b, 0x330c, 0x3166, 0x261f, 0x271a, 0x2131, 0x30c7, 0x3099, 0x2f2d, 0x3190, 0x32f7, 0x2a87,
    0x30a5, 0x320f, 0x2453, 0x30f1, 0x32cd, 0x2b49, 0x2ce2, 0x2f2c, 0x2054, 0x28d4, 0x2bd7, 0x1dfd,
    0x311f, 0x329b, 0x2d2b, 0x2d1a, 0x2f62, 0x2425, 0x2bbf, 0x2d66, 0x256f, 0x2a61, 0x2b6b, 0x26f0,
    0x27db, 0x288c, 0x21f3, 0x3069, 0x31ff, 0x2440, 0x31ec, 0x33e6, 0x23c9, 0x2b4c, 0x2cc3, 0x24a9,
    0x304b, 0x30b9, 0x2d6d, 0x28a8, 0x292c, 0x2583, 0x2d2b, 0x2f73, 0x241d, 0x257a, 0x2649, 0x1f01,
    0x1c49, 0x1b77, 0x02f1, 0x2e40, 0x3011, 0x1d4c, 0x2633, 0x2838, 0x1a90, 0x2ff1, 0x31d5, 0x2109,
    0x2f74, 0x2e7b, 0x242c, 0x3586, 0x3477, 0x2dac, 0x3459, 0x33e7, 0x2c91, 0x3006, 0x2ff8, 0x2861,
    0x336f, 0x32bf, 0x2dac, 0x3406, 0x3417, 0x2c78, 0x30ca, 0x30e1, 0x2a9e, 0x3353, 0x339b, 0x2cd7,
    0x3115, 0x30e8, 0x2cdb, 0x2ebf, 0x2e1a, 0x2c08, 0x455a, 0x43bb, 0x408e, 0x4d17, 0x4be0, 0x48d5,
    0x3f47, 0x3db8, 0x3a63, 0x49af, 0x486c, 0x45a6, 0x3e91, 0x3d47, 0x39c3, 0x4207, 0x40d1, 0x3dcb,
    0x42bd, 0x4148, 0x3e39, 0x4d62, 0x4c50, 0x4995, 0x509d, 0x4f7d, 0x4d10, 0x4eb6, 0x4d8e, 0x4bb9,
    0x4c59, 0x4b59, 0x4939, 0x4baa, 0x4ab1, 0x491a, 0x4504, 0x4486, 0x43a6, 0x47df, 0x4712, 0x456a,
    0x4311, 0x4271, 0x40ff, 0x35d6, 0x36a1, 0x3094, 0x367a, 0x3773, 0x2c75, 0x373c, 0x387a, 0x2573,
    0x4722, 0x46c0, 0x45da, 0x4466, 0x4401, 0x429a, 0x42ad, 0x4255, 0x40bd, 0x4a1b, 0x49b9, 0x492a,
    0x44a2, 0x448e, 0x43eb, 0x3a43, 0x3b3b, 0x34a1, 0x3231, 0x3424, 0x275f, 0x35ee, 0x360a, 0x341a,
    0x3c42, 0x3c58, 0x3c20, 0x39d9, 0x399e, 0x3908, 0x2d10, 0x2cce, 0x2a62, 0x39d9, 0x39b6, 0x389d,
    0x2e65, 0x2fb8, 0x2b03, 0x303c, 0x30a9, 0x2c8b, 0x3027, 0x30df, 0x2b8c, 0x28e3, 0x2b6c, 0x1f71,
    0x254a, 0x2828, 0x1e0b, 0x229b, 0x2608, 0x1c4a, 0x26be, 0x28f8, 0x2068, 0x2645, 0x28f6, 0x1ad5,
    0x2927, 0x2c48, 0x1971, 0x2c4c, 0x2e5a, 0x2362, 0x298b, 0x2d44, 0x1e5f, 0x2b83, 0x2e04, 0x20f9,
    0x2d57, 0x2feb, 0x228f, 0x2f41, 0x3202, 0x24a1, 0x2e88, 0x3051, 0x2665, 0x286b, 0x2a26, 0x1f0a,
    0x2818, 0x2a13, 0x1df0, 0x286a, 0x2a76, 0x21e9, 0x2b82, 0x2c99, 0x276a, 0x29ae, 0x2ae1, 0x228a,
    0x2362, 0x219e, 0x1d92, 0x29a3, 0x2af6, 0x1ce0, 0x30c4, 0x3253, 0x2657, 0x2de8, 0x3003, 0x20ad,
    0x2fda, 0x3071, 0x2225, 0x2b00, 0x2a70, 0x20d5, 0x314b, 0x30c9, 0x2470, 0x31e3, 0x31ed, 0x27d0,
    0x3390, 0x31d4, 0x26ce, 0x2fc2, 0x3024, 0x286d, 0x3346, 0x32e7, 0x2bfd, 0x321f, 0x3275, 0x2d0b,
    0x312d, 0x309f, 0x2b55, 0x2e01, 0x2d06, 0x2b9c, 0x3774, 0x35c6, 0x32a1, 0x48c8, 0x4728, 0x4454,
    0x45ba, 0x4448, 0x410f, 0x4174, 0x4029, 0x3cac, 0x3c4d, 0x3aa1, 0x3826, 0x3d64, 0x3c3b, 0x38e3,
    0x44fe, 0x43ce, 0x40c4, 0x4e02, 0x4cac, 0x49e3, 0x4eb4, 0x4d62, 0x4b09, 0x4d47, 0x4c41, 0x49c8,
    0x4ed1, 0x4d9a, 0x4b91, 0x49ca, 0x48e1, 0x4675, 0x4357, 0x427a, 0x4022, 0x41b1, 0x40fd, 0x3e6e,
    0x39a2, 0x39a7, 0x3194, 0x3ae6, 0x3ac8, 0x34ff, 0x3d58, 0x3d29, 0x396b, 0x3863, 0x38ae, 0x319c,
    0x4531, 0x4492, 0x4251, 0x4a34, 0x4966, 0x4854, 0x4a97, 0x49d3, 0x48c4, 0x4965, 0x48d8, 0x4812,
    0x3805, 0x385d, 0x2f4b, 0x3236, 0x3481, 0x2697, 0x2d53, 0x2eb8, 0x2311, 0x31de, 0x327a, 0x2f59,
    0x362a, 0x3631, 0x349b, 0x2e76, 0x2f65, 0x28c4, 0x29c5, 0x2b60, 0x2255, 0x35ba, 0x35ff, 0x3301,
    0x2d41, 0x303a, 0x203e, 0x2fcf, 0x3043, 0x2ab4, 0x2b5a, 0x2cc3, 0x24f7, 0x305c, 0x3194, 0x260f,
    0x3aa2, 0x3ad2, 0x393f, 0x26f7, 0x28da, 0x1cb1, 0x241d, 0x25f7, 0x1cd4, 0x27ec, 0x2a13, 0x19a0,
    0x28a4, 0x2bab, 0x15a3, 0x2818, 0x2a35, 0x1c25, 0x2cf1, 0x2ed3, 0x2261, 0x2b22, 0x2cd1, 0x24e0,
    0x2d53, 0x3023, 0x2450, 0x2c96, 0x2f7f, 0x24f8, 0x295e, 0x2af5, 0x240d, 0x2a11, 0x2d07, 0x230e,
    0x25ea, 0x2842, 0x1c16, 0x22cc, 0x25e9, 0x13be, 0x2fae, 0x3180, 0x20cd, 0x3217, 0x33ec, 0x253e,
    0x2c3a, 0x2ccd, 0x21bc, 0x3033, 0x3200, 0x24c2, 0x2d61, 0x2f32, 0x1fa0, 0x3070, 0x3211, 0x23f2,
    0x38de, 0x37a5, 0x16b5, 0x35bc, 0x3475, 0x20e9, 0x3042, 0x2e60, 0x24c2, 0x3887, 0x35f1, 0x1f9f,
    0x3165, 0x3171, 0x240c, 0x2c13, 0x2c5a, 0x248d, 0x2a29, 0x2bf5, 0x248b, 0x305a, 0x2fb4, 0x2f1b,
    0x2f54, 0x2e45, 0x27b9, 0x2b29, 0x2abc, 0x2720, 0x3797, 0x3781, 0x2f9c, 0x3db9, 0x3ceb, 0x38e9,
    0x4bb0, 0x49df, 0x4661, 0x463f, 0x44a7, 0x40a7, 0x4256, 0x40c0, 0x3d0c, 0x4ab0, 0x4909, 0x45ce,
    0x4fbe, 0x4dd6, 0x4acb, 0x47a1, 0x45f9, 0x438f, 0x4cdc, 0x4bdb, 0x496b, 0x4b52, 0x49e5, 0x4819,
    0x4ce1, 0x4bda, 0x4964, 0x3c09, 0x3ae2, 0x379c, 0x3ad1, 0x3a42, 0x3694, 0x3e21, 0x3d91, 0x39a9,
    0x3e9d, 0x3e57, 0x39ba, 0x39d8, 0x39d8, 0x34d9, 0x3611, 0x36ee, 0x2d23, 0x3664, 0x36c2, 0x3056,
    0x4340, 0x4242, 0x4085, 0x3796, 0x383c, 0x30e5, 0x3411, 0x3369, 0x2ed4, 0x4311, 0x423c, 0x40a1,
    0x3e4f, 0x3df6, 0x3b0c, 0x2be0, 0x2e49, 0x1a55, 0x32dc, 0x331d, 0x2d13, 0x3831, 0x37eb, 0x35cc,
    0x3601, 0x3614, 0x3223, 0x3337, 0x33b9, 0x2d3d, 0x2987, 0x2996, 0x2135, 0x31b2, 0x326a, 0x2c5c,
    0x2e26, 0x2f62, 0x25d6, 0x2c42, 0x2d4e, 0x2466, 0x2a08, 0x2b1b, 0x2476, 0x2c0d, 0x2e1a, 0x1433,
    0x2f24, 0x30f1, 0x22d5, 0x23a8, 0x2799, 0x162b, 0x2bf0, 0x2bfc, 0x2897, 0x2e57, 0x2f5e, 0x2b88,
    0x3416, 0x34d5, 0x2ffe, 0x2bf8, 0x2cf6, 0x2234, 0x2948, 0x2bea, 0x2056, 0x28bc, 0x2b00, 0x1dc9,
    0x266d, 0x2837, 0x1c1e, 0x23d7, 0x25e7, 0x1e52, 0x23e2, 0x24ae, 0x1cb7, 0x2aa5, 0x2d20, 0x2434,
    0x29ec, 0x2c51, 0x1d23, 0x2890, 0x2b95, 0x129a, 0x20a7, 0x2400, 0x1026, 0x2b19, 0x2dad, 0x1571,
    0x3059, 0x32b2, 0x1d08, 0x2ed6, 0x3162, 0x21d1, 0x2c0b, 0x2e4f, 0x1eac, 0x2ad1, 0x2d86, 0x177f,
    0x325c, 0x32af, 0x2922, 0x2be4, 0x2cd1, 0x21db, 0x2983, 0x2994, 0x2080, 0x2ddc, 0x3033, 0x2015,
    0x2bb0, 0x2c21, 0x2442, 0x2bae, 0x2ba2, 0x227d, 0x2c43, 0x2e89, 0x219e, 0x3041, 0x2fbc, 0x2ed2,
    0x2e86, 0x2d8f, 0x2d44, 0x2d66, 0x2d28, 0x2972, 0x33d6, 0x3529, 0x28c1, 0x3525, 0x34c5, 0x3052,
    0x3aae, 0x39cd, 0x3577, 0x3fee, 0x3e21, 0x39db, 0x4812, 0x464a, 0x4311, 0x45ce, 0x4469, 0x410c,
    0x43be, 0x41ea, 0x3ebd, 0x4a0b, 0x48b0, 0x461f, 0x48bf, 0x47cb, 0x458b, 0x4aee, 0x49ae, 0x4816,
    0x3ef1, 0x3e23, 0x3bb4, 0x4036, 0x3f92, 0x3c76, 0x30ec, 0x3303, 0x2988, 0x3872, 0x388a, 0x340f,
    0x4446, 0x4341, 0x4055, 0x375c, 0x3821, 0x2b41, 0x3597, 0x3604, 0x2cf8, 0x39f9, 0x3997, 0x3469,
    0x3b99, 0x3ae0, 0x3782, 0x34af, 0x3585, 0x2c75, 0x459c, 0x44eb, 0x4312, 0x3e20, 0x3dc6, 0x3b74,
    0x35da, 0x36c2, 0x2d9d, 0x3594, 0x370b, 0x290a, 0x31b6, 0x3282, 0x2801, 0x2c14, 0x2cdb, 0x2298,
    0x2ab4, 0x2c64, 0x1afa, 0x278c, 0x27e6, 0x207e, 0x2819, 0x28c2, 0x2057, 0x2d22, 0x2e6a, 0x2119,
    0x2cc7, 0x2e23, 0x2876, 0x2de5, 0x305e, 0x1b5e, 0x288b, 0x29be, 0x2415, 0x380b, 0x385b, 0x3530,
    0x2c1b, 0x2c80, 0x25b7, 0x35cc, 0x3624, 0x3304, 0x323f, 0x340f, 0x2d84, 0x3814, 0x3817, 0x35c0,
    0x3be9, 0x3c07, 0x3b07, 0x2db4, 0x2fbc, 0x218d, 0x29ae, 0x2bfc, 0x1eb6, 0x2ac1, 0x2c44, 0x231f,
    0x2afc, 0x2cd3, 0x22f8, 0x276a, 0x271b, 0x2026, 0x23a1, 0x2379, 0x1c2e, 0x2084, 0x229e, 0x14f9,
    0x2911, 0x2b62, 0x19cc, 0x2fe9, 0x3172, 0x2064, 0x28b0, 0x2add, 0x1cf9, 0x2f9c, 0x31a4, 0x2042,
    0x30a7, 0x3182, 0x2089, 0x2c05, 0x2cc7, 0x2102, 0x2898, 0x2951, 0x204e, 0x2fb5, 0x2fb4, 0x28e4,
    0x2ef4, 0x30ea, 0x2318, 0x32a7, 0x3426, 0x244a, 0x285a, 0x281c, 0x211a, 0x2c2e, 0x2d0c, 0x250c,
    0x326b, 0x336b, 0x2972, 0x31dd, 0x32f2, 0x2843, 0x2e1a, 0x30ac, 0x24bf, 0x2995, 0x292c, 0x24f3,
    0x2db2, 0x2ce2, 0x2c05, 0x29d7, 0x2a25, 0x2822, 0x307f, 0x30f2, 0x2a3e, 0x30bc, 0x30a2, 0x2cbe,
    0x3aca, 0x3920, 0x35a9, 0x3471, 0x3417, 0x2da7, 0x3600, 0x3592, 0x2e83, 0x4451, 0x42c6, 0x3fd8,
    0x4775, 0x4601, 0x4301, 0x4190, 0x4090, 0x3e39, 0x31b7, 0x3180, 0x2c7b, 0x381a, 0x37f2, 0x32e3,
    0x3764, 0x37e9, 0x2f69, 0x344a, 0x3585, 0x2d14, 0x363d, 0x35e1, 0x30ad, 0x2e10, 0x3016, 0x2470,
    0x2d4c, 0x2fb2, 0x24f8, 0x3010, 0x3252, 0x2216, 0x30b5, 0x32f0, 0x2099, 0x354f, 0x3611, 0x2767,
    0x345e, 0x3588, 0x2755, 0x31ca, 0x33b7, 0x1987, 0x3225, 0x346c, 0x1865, 0x323a, 0x346b, 0x2480,
    0x31c0, 0x33fc, 0x255d, 0x31d4, 0x3345, 0x233d, 0x328e, 0x3333, 0x2eb4, 0x2fec, 0x3066, 0x2a87,
    0x2c40, 0x2d53, 0x1f92, 0x290f, 0x2a01, 0x1fc1, 0x2857, 0x2979, 0x19a3, 0x344d, 0x3429, 0x31ee,
    0x2c64, 0x2ca0, 0x2baa, 0x27f2, 0x29b1, 0x1fc9, 0x29ea, 0x2a7e, 0x24f1, 0x2bfc, 0x2f1c, 0x1d1c,
    0x2f6e, 0x3084, 0x2842, 0x30c3, 0x324d, 0x2b35, 0x31d2, 0x340e, 0x216e, 0x34ab, 0x368c, 0x18b4,
    0x34a8, 0x35f3, 0x2a38, 0x340a, 0x35c6, 0x1cad, 0x2f95, 0x31d8, 0x1995, 0x2ea7, 0x3044, 0x2102,
    0x2b48, 0x2cfd, 0x2266, 0x28f3, 0x29f6, 0x1e6e, 0x2c53, 0x2eca, 0x206a, 0x32db, 0x34e6, 0x2122,
    0x3196, 0x335b, 0x24bc, 0x2a38, 0x2c49, 0x208b, 0x2921, 0x2ca8, 0x0d07, 0x31df, 0x3461, 0x1f51,
    0x2cff, 0x302f, 0x206c, 0x2cd4, 0x2d83, 0x1d41, 0x2907, 0x28f1, 0x2241, 0x2d0f, 0x2cfc, 0x24df,
    0x32a3, 0x3335, 0x2cd1, 0x3348, 0x33a6, 0x283f, 0x2f33, 0x309e, 0x2563, 0x3188, 0x31f1, 0x24cb,
    0x3047, 0x30f6, 0x2a0d, 0x311a, 0x3222, 0x297a, 0x327e, 0x33b3, 0x2c60, 0x3082, 0x30c6, 0x2999,
    0x2e95, 0x2f5a, 0x2821, 0x32c7, 0x3177, 0x290b, 0x30f9, 0x309e, 0x250b, 0x3456, 0x346e, 0x2ce3,
    0x3431, 0x3454, 0x2c99, 0x351e, 0x3523, 0x2e93, 0x34bf, 0x34d2, 0x27a9, 0x33f1, 0x340a, 0x2b7f,
    0x35f6, 0x3596, 0x2f4f, 0x310c, 0x3073, 0x287d, 0x2ee8, 0x2f64, 0x2a4c, 0x318a, 0x31ae, 0x2aea,
    0x3424, 0x34a3, 0x26f3, 0x2fbc, 0x2fee, 0x21a4, 0x2a3d, 0x2d44, 0x1af5, 0x2e24, 0x303e, 0x1e4f,
    0x2716, 0x2a32, 0x1d91, 0x319c, 0x33ca, 0x2076, 0x343e, 0x35c4, 0x245f, 0x331b, 0x34a2, 0x2367,
    0x3360, 0x3474, 0x25bb, 0x3533, 0x36ea, 0x2411, 0x363a, 0x37a6, 0x1d2f, 0x2c5d, 0x2fc0, 0x21b8,
    0x3194, 0x3387, 0x2279, 0x3441, 0x3503, 0x318d, 0x34bd, 0x366e, 0x35dd, 0x30eb, 0x32af, 0x2dfd,
    0x3016, 0x3200, 0x1f41, 0x31ca, 0x3382, 0x25d1, 0x3167, 0x317e, 0x310e, 0x2b04, 0x2b1d, 0x29de,
    0x2bb0, 0x2c20, 0x2a4f, 0x2c52, 0x2d58, 0x2512, 0x2cc4, 0x2e29, 0x2276, 0x2361, 0x24d9, 0x1b54,
    0x2b7f, 0x2ba1, 0x25ca, 0x330f, 0x34f6, 0x1dfb, 0x2d27, 0x2fd3, 0x1a9d, 0x2cb6, 0x2f20, 0x1c73,
    0x2acd, 0x2d6c, 0x1661, 0x293d, 0x2c19, 0x1736, 0x2da6, 0x3003, 0x20f5, 0x2d1d, 0x2f12, 0x223d,
    0x2c15, 0x2e65, 0x2049, 0x2c1e, 0x2dbe, 0x2148, 0x2a81, 0x2c49, 0x203e, 0x2964, 0x2a84, 0x225f,
    0x295a, 0x2a77, 0x2104, 0x2948, 0x2a9f, 0x2105, 0x3156, 0x3316, 0x210a, 0x320f, 0x33c9, 0x1ef4,
    0x3080, 0x3167, 0x262c, 0x2b23, 0x2cac, 0x02c5, 0x2907, 0x2af2, 0x16a3, 0x30e9, 0x302a, 0x29ba,
    0x308c, 0x317b, 0x2880, 0x31cb, 0x3242, 0x25aa, 0x33b3, 0x32a3, 0x2898, 0x31dc, 0x3121, 0x285d,
    0x3327, 0x330f, 0x2888, 0x3053, 0x3094, 0x2665, 0x2fb5, 0x2f9a, 0x27fb, 0x2d09, 0x2d1c, 0x2622,
    0x2c5a, 0x2c97, 0x2722, 0x2ea0, 0x2edf, 0x29b4, 0x2a99, 0x2a31, 0x26b5, 0x2f90, 0x301b, 0x28e3,
    0x2edf, 0x2ff8, 0x27ec, 0x2eb8, 0x2ec6, 0x2698, 0x34c0, 0x3508, 0x2d05, 0x30c0, 0x30f6, 0x2bbe,
    0x2946, 0x2913, 0x2288, 0x2f17, 0x2f30, 0x2a48, 0x31b2, 0x3249, 0x2c72, 0x3493, 0x34cf, 0x2d2f,
    0x331c, 0x3430, 0x29da, 0x30d7, 0x31d0, 0x22bc, 0x2aff, 0x2c54, 0x1ce3, 0x2961, 0x2cb7, 0x1cf9,
    0x25c9, 0x2837, 0x1ced, 0x25ab, 0x29ef, 0x15c6, 0x2ea3, 0x30d2, 0x1f90, 0x2f77, 0x3175, 0x26f8,
    0x268e, 0x29a9, 0x1ffd, 0x2647, 0x2964, 0x1c13, 0x2fd6, 0x316e, 0x1e68, 0x3130, 0x32bf, 0x20e1,
    0x2cd1, 0x2e21, 0x211f, 0x2f49, 0x30c3, 0x221f, 0x2ebe, 0x3011, 0x2a6e, 0x2816, 0x2971, 0x1cfd,
    0x29a6, 0x2bd6, 0x164e, 0x2abf, 0x2ca1, 0x1bff, 0x3039, 0x3068, 0x2efc, 0x2d0d, 0x2d40, 0x2c12,
    0x2646, 0x2625, 0x24d0, 0x2702, 0x2788, 0x2609, 0x28da, 0x2a9d, 0x1c8e, 0x205a, 0x20ef, 0x193b,
    0x28c3, 0x28f3, 0x228c, 0x2c9f, 0x2f28, 0x1fb3, 0x2d4b, 0x2fa3, 0x1d14, 0x2ed7, 0x30ee, 0x1c7e,
    0x2ab0, 0x2cb4, 0x1b6d, 0x2ff1, 0x319b, 0x2518, 0x2b83, 0x2d30, 0x22b1, 0x2903, 0x2b4f, 0x20cc,
    0x2b5e, 0x2cf3, 0x2419, 0x2c95, 0x2e56, 0x23a4, 0x2a5f, 0x2ba5, 0x22f0, 0x285c, 0x2a06, 0x20a8,
    0x2c6a, 0x2c7c, 0x22fc, 0x29e5, 0x2b2e, 0x2018, 0x3085, 0x328a, 0x1e9e, 0x2552, 0x2831, 0x1319,
    0x30d7, 0x313b, 0x2397, 0x3174, 0x3189, 0x261e, 0x2f20, 0x2ee9, 0x2313, 0x2f18, 0x2f7a, 0x1f97,
    0x2e45, 0x3007, 0x1d26, 0x2ad2, 0x2dbb, 0x2094, 0x30aa, 0x314b, 0x260d, 0x2e02, 0x2bfe, 0x1ebe,
    0x32b4, 0x3238, 0x2203, 0x30c6, 0x301d, 0x272b, 0x2e46, 0x2e9c, 0x240b, 0x2d4e, 0x2e14, 0x2232,
    0x307c, 0x3025, 0x2a62, 0x305d, 0x311f, 0x24d9, 0x2956, 0x2901, 0x2688, 0x2953, 0x2888, 0x26cc,
    0x2e07, 0x2d3b, 0x2c43, 0x2ce9, 0x2b6c, 0x2976, 0x2c08, 0x2b62, 0x2999, 0x2984, 0x28e1, 0x27bf,
    0x2a1c, 0x29a9, 0x2597, 0x327f, 0x329f, 0x2d5b, 0x3135, 0x318c, 0x2ccf, 0x3367, 0x33e7, 0x2d0d,
    0x2d2a, 0x2da4, 0x276f, 0x30fc, 0x31cb, 0x288b, 0x2f87, 0x30ac, 0x1ebe, 0x2c93, 0x2d9a, 0x21a4,
    0x2b5f, 0x2c63, 0x1a67, 0x24bd, 0x2877, 0x1d35, 0x26fc, 0x2999, 0x1fe9, 0x2623, 0x28cc, 0x1dd6,
    0x2da6, 0x2f92, 0x235c, 0x2c98, 0x2da2, 0x21c3, 0x2742, 0x2778, 0x1ff4, 0x2c1d, 0x2bef, 0x28e7,
    0x28a4, 0x297e, 0x1f3f, 0x291d, 0x297f, 0x20e1, 0x3142, 0x31d0, 0x29e3, 0x2e78, 0x2efe, 0x267d,
    0x3171, 0x3259, 0x2304, 0x2f72, 0x30ae, 0x2417, 0x3255, 0x32a4, 0x3125, 0x2b02, 0x2ada, 0x2952,
    0x2951, 0x2973, 0x2836, 0x2607, 0x2571, 0x233b, 0x2890, 0x280a, 0x2477, 0x28ac, 0x28b1, 0x2013,
    0x2bdc, 0x2d2e, 0x1fa4, 0x2af7, 0x2c79, 0x1d78, 0x2812, 0x292a, 0x1ff3, 0x26b7, 0x285c, 0x1ccd,
    0x3036, 0x312f, 0x25c3, 0x2c0a, 0x2db6, 0x1f6d, 0x28f6, 0x29c7, 0x1fe1, 0x26d2, 0x27bf, 0x1e62,
    0x26e3, 0x2613, 0x21c4, 0x286c, 0x2872, 0x2119, 0x25c4, 0x2548, 0x2143, 0x2745, 0x28b2, 0x1d99,
    0x276e, 0x275b, 0x20b1, 0x2a26, 0x2ae8, 0x20fd, 0x3335, 0x3481, 0x255b, 0x269c, 0x2579, 0x2243,
    0x28bf, 0x2800, 0x2222, 0x285a, 0x266c, 0x2032, 0x3036, 0x2ff9, 0x26ff, 0x2abc, 0x2af9, 0x212f,
    0x3118, 0x307d, 0x2d4c, 0x33ca, 0x32c1, 0x2cbb, 0x315d, 0x30d0, 0x2a73, 0x307b, 0x3016, 0x255d,
    0x2df6, 0x2d27, 0x2009, 0x2f2f, 0x2f3d, 0x2946, 0x2c19, 0x2c87, 0x24b0, 0x2db5, 0x2daf, 0x2825,
    0x2c67, 0x2b6b, 0x28c8, 0x2432, 0x22dd, 0x1e45, 0x274a, 0x2700, 0x2419, 0x2654, 0x259a, 0x2277,
    0x26e1, 0x2662, 0x2337, 0x298c, 0x2934, 0x24cd, 0x2957, 0x28ee, 0x230b, 0x24f4, 0x24bd, 0x2041,
    0x25c4, 0x2528, 0x21cd, 0x2aff, 0x2ad7, 0x27be, 0x3004, 0x3058, 0x29fa, 0x34a3, 0x34e8, 0x2f92,
    0x2c3b, 0x2c78, 0x238c, 0x2ed9, 0x2f3a, 0x27cf, 0x2dec, 0x2f0c, 0x2875, 0x2b8d, 0x2bd2, 0x2191,
    0x28e7, 0x29b6, 0x2060, 0x2c91, 0x2eba, 0x23d6, 0x2532, 0x25b0, 0x1ff7, 0x2733, 0x28b9, 0x1f0e,
    0x2775, 0x288a, 0x1ef9, 0x289b, 0x297c, 0x1f20, 0x2a0c, 0x2962, 0x2501, 0x2d1a, 0x2cc3, 0x2aef,
    0x2502, 0x245a, 0x200f, 0x298f, 0x2903, 0x225c, 0x297e, 0x2abf, 0x225d, 0x2a1f, 0x293a, 0x231b,
    0x2ae4, 0x2df5, 0x181d, 0x272a, 0x2a4e, 0x1bbf, 0x27ec, 0x29a5, 0x21d9, 0x257f, 0x255e, 0x230e,
    0x252b, 0x264f, 0x1f96, 0x2866, 0x28ed, 0x23d8, 0x2975, 0x2908, 0x2575, 0x2662, 0x2631, 0x20f0,
    0x2a5f, 0x2b5c, 0x2220, 0x28c0, 0x2900, 0x20bf, 0x26f7, 0x25ab, 0x1ef6, 0x2840, 0x287a, 0x2014,
    0x2c81, 0x2d5d, 0x218d, 0x2690, 0x2802, 0x1954, 0x2574, 0x256d, 0x1d97, 0x2974, 0x2b5c, 0x2136,
    0x290d, 0x28b4, 0x2467, 0x297e, 0x2a08, 0x2199, 0x3027, 0x2f1a, 0x25df, 0x2de7, 0x2d20, 0x29e1,
    0x2566, 0x2532, 0x214b, 0x2b83, 0x2a07, 0x27af, 0x2d73, 0x2c49, 0x2802, 0x2b29, 0x29e6, 0x267c,
    0x2a76, 0x299c, 0x25e5, 0x249d, 0x2463, 0x1ff0, 0x25ba, 0x2618, 0x1f64, 0x2e0a, 0x2e2e, 0x261c,
    0x2b52, 0x2a1f, 0x289e, 0x28cb, 0x2822, 0x252e, 0x2b29, 0x2a58, 0x2722, 0x28cc, 0x285d, 0x24ce,
    0x2ed8, 0x2e50, 0x2be9, 0x2a2e, 0x2937, 0x263b, 0x2a9c, 0x2af0, 0x2489, 0x2cb2, 0x2ccf, 0x2495,
    0x243b, 0x22de, 0x2082, 0x2042, 0x1e77, 0x18d1, 0x254c, 0x2478, 0x1fa2, 0x24da, 0x247e, 0x20b1,
    0x27f2, 0x2713, 0x250c, 0x2487, 0x244b, 0x2307, 0x22dd, 0x2308, 0x20bd, 0x2848, 0x27a4, 0x2325,
    0x255c, 0x25b3, 0x20eb, 0x2359, 0x2246, 0x2075, 0x348c, 0x3440, 0x3113, 0x3360, 0x32fa, 0x2f26,
    0x2e42, 0x2e5a, 0x29e5, 0x2f44, 0x2f7d, 0x2ac0, 0x2f4c, 0x2f38, 0x2a63, 0x2c2c, 0x2c2e, 0x295e,
    0x264a, 0x2839, 0x1e51, 0x298c, 0x2a8b, 0x2328, 0x2718, 0x27fa, 0x2202, 0x2786, 0x295f, 0x20dd,
    0x2594, 0x273b, 0x20d9, 0x2576, 0x248f, 0x20a0, 0x298c, 0x2807, 0x23bb, 0x29ed, 0x2879, 0x2411,
    0x2773, 0x25a6, 0x203a, 0x2933, 0x2915, 0x1ff0, 0x2a6b, 0x2920, 0x23ad, 0x2ad9, 0x29e2, 0x235b,
    0x276c, 0x2554, 0x20be, 0x24af, 0x232e, 0x1ef2, 0x2aef, 0x2a3f, 0x248e, 0x2971, 0x29fe, 0x2180,
    0x2858, 0x2851, 0x1d09, 0x28a6, 0x28be, 0x1e89, 0x2abb, 0x2abf, 0x1f0f, 0x2a1f, 0x2b10, 0x1957,
    0x2ba0, 0x2aeb, 0x2304, 0x2afa, 0x2995, 0x23c9, 0x285c, 0x261e, 0x213c, 0x2543, 0x23f9, 0x1dee,
    0x2a1b, 0x2982, 0x2429, 0x2b90, 0x2c1e, 0x2246, 0x287c, 0x27ed, 0x212a, 0x284b, 0x2830, 0x20b1,
    0x2786, 0x271c, 0x2140, 0x2a68, 0x2c08, 0x20c8, 0x2938, 0x29c1, 0x213d, 0x2618, 0x26c4, 0x201b,
    0x2a00, 0x2ab0, 0x244a, 0x29c0, 0x2902, 0x2752, 0x2a96, 0x299a, 0x251f, 0x27f0, 0x2704, 0x22ad,
    0x2ab4, 0x2a5d, 0x2586, 0x2c61, 0x2c05, 0x283d, 0x2b1f, 0x2a39, 0x26d6, 0x2c90, 0x2bdd, 0x2778,
    0x2a05, 0x298f, 0x25c2, 0x2828, 0x2831, 0x2291, 0x2f0e, 0x2f1a, 0x28c0, 0x27a1, 0x281c, 0x1db6,
    0x2e24, 0x2dc2, 0x2c59, 0x2f60, 0x2e85, 0x2d07, 0x24f0, 0x2410, 0x213f, 0x25b0, 0x24f3, 0x2305,
    0x27fc, 0x2723, 0x2439, 0x2524, 0x2474, 0x2216, 0x2320, 0x2228, 0x2023, 0x20a9, 0x2054, 0x1c25,
    0x2444, 0x23d5, 0x2155, 0x2446, 0x2424, 0x20c5, 0x25cb, 0x25ee, 0x2349, 0x262c, 0x256f, 0x20eb,
    0x2882, 0x281e, 0x2311, 0x2a1d, 0x29cb, 0x2453, 0x25e0, 0x2562, 0x2060, 0x287a, 0x28f3, 0x2803,
    0x282e, 0x293c, 0x2814, 0x2c4d, 0x2c46, 0x29bd, 0x2f87, 0x2ef1, 0x2ce9, 0x2b57, 0x2a4b, 0x2704,
    0x2975, 0x28e0, 0x24ed, 0x3542, 0x3472, 0x31e8, 0x2c1c, 0x2ae0, 0x2420, 0x2823, 0x2692, 0x2372,
    0x2b14, 0x2927, 0x24e6, 0x2b00, 0x2861, 0x243b, 0x2fdd, 0x2f03, 0x2e96, 0x29b0, 0x28c1, 0x1e94,
    0x2c4c, 0x29b5, 0x239a, 0x2c79, 0x2a29, 0x2558, 0x344b, 0x3320, 0x3200, 0x2f2e, 0x2e35, 0x2a0b,
    0x2947, 0x2815, 0x23f1, 0x2cf0, 0x2a92, 0x2677, 0x2b14, 0x2a2a, 0x23f9, 0x29a7, 0x2926, 0x22f7,
    0x2b36, 0x2a26, 0x20a3, 0x2973, 0x28ab, 0x2198, 0x28a4, 0x2806, 0x1d30, 0x2af4, 0x2998, 0x246b,
    0x2c08, 0x2abe, 0x2318, 0x2864, 0x2839, 0x1d9f, 0x23fb, 0x23ac, 0x1807, 0x2fad, 0x2d0f, 0x2a28,
    0x30f9, 0x2f89, 0x2cc5, 0x2b53, 0x2a43, 0x243c, 0x2c7a, 0x2b7b, 0x2897, 0x2ca1, 0x2bbc, 0x28d6,
    0x263d, 0x25b5, 0x21a3, 0x23a8, 0x231f, 0x1cb5, 0x275a, 0x279e, 0x20aa, 0x2af2, 0x29ce, 0x25fb,
    0x276f, 0x26fb, 0x21eb, 0x28df, 0x2883, 0x215c, 0x2cf0, 0x2cbb, 0x253d, 0x2be5, 0x2c1c, 0x26a9,
    0x2ac7, 0x2917, 0x22d0, 0x2c49, 0x2b8e, 0x27a8, 0x2bd4, 0x2c1a, 0x269a, 0x2d21, 0x2d60, 0x2872,
    0x2f78, 0x2f22, 0x2d09, 0x2d18, 0x2dca, 0x246b, 0x2ec2, 0x302d, 0x269f, 0x2ddf, 0x2f1a, 0x2398,
    0x2322, 0x21f8, 0x1e99, 0x24a7, 0x239e, 0x1f8e, 0x1dd3, 0x1c63, 0x18fd, 0x20b1, 0x1f13, 0x1c61,
    0x21bb, 0x2051, 0x1d58, 0x24d6, 0x2394, 0x217c, 0x25fe, 0x24b7, 0x223c, 0x26bc, 0x2590, 0x2351,
    0x2706, 0x25a0, 0x23b4, 0x246f, 0x23ea, 0x220f, 0x24a3, 0x2458, 0x22f4, 0x2648, 0x268c, 0x255e,
    0x2882, 0x28d4, 0x22fb, 0x280a, 0x2824, 0x2403, 0x2a9d, 0x2b84, 0x2207, 0x2cba, 0x2c7a, 0x25ac,
    0x2d25, 0x2cb2, 0x2b1a, 0x28ef, 0x2954, 0x2857, 0x2cca, 0x2c6c, 0x2be6, 0x3255, 0x313e, 0x2ed0,
    0x2d2b, 0x2c4b, 0x250f, 0x2d56, 0x2d5f, 0x2553, 0x2dc6, 0x2d1a, 0x28f5, 0x2aff, 0x2a83, 0x2423,
    0x293e, 0x2892, 0x20ff, 0x2892, 0x26d3, 0x20d2, 0x2e0d, 0x2dbb, 0x2d7b, 0x2c9c, 0x2af9, 0x2706,
    0x2c1f, 0x2a25, 0x2487, 0x2c4a, 0x2c35, 0x2362, 0x33ea, 0x32d6, 0x31f8, 0x2ae2, 0x29d1, 0x2355,
    0x2a87, 0x29df, 0x2176, 0x2af1, 0x29aa, 0x2124, 0x2bcb, 0x2b1d, 0x222d, 0x2a54, 0x29ba, 0x2357,
    0x2b45, 0x2ab1, 0x203d, 0x2ab7, 0x29fb, 0x1f4e, 0x2b0e, 0x29e2, 0x2069, 0x2b5b, 0x2928, 0x2027,
    0x2c32, 0x2a48, 0x260b, 0x2867, 0x2776, 0x2037, 0x2bad, 0x295c, 0x26bf, 0x2cac, 0x2aba, 0x26ed,
    0x3339, 0x3139, 0x2fba, 0x2ed4, 0x2da0, 0x2b49, 0x2f2d, 0x2e3f, 0x2c9a, 0x2b69, 0x2aea, 0x276d,
    0x2369, 0x2229, 0x1e86, 0x23c1, 0x20aa, 0x1b89, 0x21c8, 0x1f71, 0x188e, 0x27d5, 0x2629, 0x2094,
    0x2810, 0x266b, 0x22f8, 0x27dd, 0x25d9, 0x22be, 0x289c, 0x26cf, 0x22e3, 0x2748, 0x25c2, 0x1e38,
    0x293e, 0x2731, 0x2423, 0x30bd, 0x302d, 0x2e37, 0x3155, 0x310c, 0x302b, 0x3198, 0x316c, 0x3095,
    0x3044, 0x3021, 0x2d5a, 0x3088, 0x3059, 0x2e45, 0x3004, 0x2efd, 0x2c43, 0x28a9, 0x2716, 0x23e1,
    0x22e1, 0x21da, 0x1e91, 0x2124, 0x1ff0, 0x1ccd, 0x2688, 0x2581, 0x21f1, 0x2d63, 0x2c46, 0x29cf,
    0x241c, 0x21cd, 0x2063, 0x2279, 0x20fa, 0x1e33, 0x216c, 0x201c, 0x1d35, 0x25bb, 0x25e3, 0x20c3,
    0x2989, 0x2a31, 0x2435, 0x2535, 0x246a, 0x2135, 0x2613, 0x24b2, 0x20fc, 0x2d32, 0x2c26, 0x2913,
    0x24d3, 0x24c1, 0x23cf, 0x2653, 0x2648, 0x24ec, 0x25bc, 0x259c, 0x2437, 0x25e1, 0x24f1, 0x2413,
    0x280a, 0x2706, 0x23f1, 0x25fd, 0x2699, 0x2260, 0x2a81, 0x2a0c, 0x2873, 0x2f7f, 0x2f20, 0x2d47,
    0x369c, 0x352d, 0x3297, 0x35c5, 0x34a5, 0x3266, 0x3427, 0x32c2, 0x3071, 0x31b5, 0x3100, 0x2c26,
    0x2ff7, 0x2fae, 0x25f1, 0x309e, 0x3035, 0x29ee, 0x2c39, 0x2ba1, 0x28d7, 0x2ca3, 0x2bd1, 0x26df,
    0x2e00, 0x2c9b, 0x264b, 0x2de7, 0x2d11, 0x25d9, 0x331f, 0x320a, 0x307f, 0x2d57, 0x2c6b, 0x25e5,
    0x2c4d, 0x2942, 0x233f, 0x2c81, 0x2aed, 0x245e, 0x2d43, 0x2cd6, 0x26fd, 0x2c62, 0x2b64, 0x24fb,
    0x2b96, 0x2a63, 0x23bf, 0x309f, 0x2dcf, 0x2a9f, 0x2c21, 0x2c10, 0x209b, 0x26fb, 0x26de, 0x1e52,
    0x272f, 0x271e, 0x1c0e, 0x2d8d, 0x2b8b, 0x286f, 0x3104, 0x3058, 0x2e16, 0x2faf, 0x2df0, 0x2ccd,
    0x3209, 0x30ee, 0x2fca, 0x2df8, 0x2cac, 0x2a01, 0x2d3a, 0x2c16, 0x2865, 0x28af, 0x28ab, 0x2425,
    0x2e08, 0x2ce6, 0x2977, 0x31bb, 0x3047, 0x2d48, 0x30d8, 0x305f, 0x2dbd, 0x2df6, 0x2c3a, 0x281a,
    0x2bcf, 0x2a5a, 0x2319, 0x2916, 0x285d, 0x1fdc, 0x2ad1, 0x2927, 0x2406, 0x2bda, 0x2972, 0x26b5,
    0x27a3, 0x2539, 0x2156, 0x2f6c, 0x2eb7, 0x2bce, 0x31ad, 0x310f, 0x2f6b, 0x3113, 0x30e6, 0x3059,
    0x2b5e, 0x2b93, 0x2a74, 0x280a, 0x272a, 0x248d, 0x282a, 0x279b, 0x24c5, 0x2dea, 0x2dca, 0x2b34,
    0x2d76, 0x2ceb, 0x2af0, 0x29b7, 0x288d, 0x2600, 0x2a19, 0x293a, 0x2743, 0x1f19, 0x1dec, 0x18df,
    0x25f1, 0x2559, 0x21bf, 0x256b, 0x230e, 0x2055, 0x2535, 0x23c6, 0x20e3, 0x2649, 0x250a, 0x2254,
    0x2a07, 0x2b68, 0x20e3, 0x2c98, 0x2c4a, 0x2a7a, 0x27b2, 0x2668, 0x239e, 0x269d, 0x2602, 0x23f4,
    0x279c, 0x2631, 0x23da, 0x29e2, 0x2974, 0x2806, 0x2920, 0x2870, 0x26ad, 0x36bf, 0x3619, 0x34bf,
    0x2944, 0x28ad, 0x2695, 0x303c, 0x2dbb, 0x2a67, 0x2d4c, 0x2d73, 0x2436, 0x2c18, 0x2b7a, 0x27ed,
    0x31f6, 0x30cb, 0x2eeb, 0x335f, 0x31f5, 0x3029, 0x35be, 0x34b9, 0x32d6, 0x3667, 0x34f8, 0x3302,
    0x34c2, 0x3434, 0x3200, 0x345c, 0x33bb, 0x31d7, 0x316e, 0x3121, 0x2f5e, 0x2f80, 0x2ef6, 0x2ca6,
    0x2ff2, 0x2f0b, 0x2690, 0x2e81, 0x2de9, 0x2526, 0x2efe, 0x2e04, 0x274a, 0x2cdb, 0x2b6e, 0x27c7,
    0x2f56, 0x2e0e, 0x2838, 0x2d3d, 0x2d46, 0x23da, 0x2bfb, 0x2af0, 0x221f, 0x2c92, 0x2c07, 0x220f,
    0x2960, 0x289f, 0x20a4, 0x2afa, 0x2b84, 0x23f4, 0x31b1, 0x3196, 0x3110, 0x3076, 0x3007, 0x2ef9,
    0x2f81, 0x2e8b, 0x2ddd, 0x2e67, 0x2dcb, 0x2d4d, 0x320a, 0x3034, 0x2dde, 0x2d0d, 0x2ab5, 0x29c7,
    0x3123, 0x2fd8, 0x2cf5, 0x2a94, 0x2861, 0x23e5, 0x2ace, 0x2a82, 0x201f, 0x3049, 0x2f03, 0x2af5,
    0x300b, 0x2df3, 0x2a29, 0x2c49, 0x2b52, 0x2976, 0x3002, 0x2f0f, 0x2cd2, 0x2cc3, 0x2c43, 0x2aa4,
    0x2a8d, 0x2854, 0x23fd, 0x2d2b, 0x2abb, 0x2687, 0x2dea, 0x2b0d, 0x24e5, 0x2e82, 0x2c5f, 0x288b,
    0x3285, 0x314a, 0x2f61, 0x334c, 0x3275, 0x31be, 0x331a, 0x32bc, 0x318d, 0x30bb, 0x3096, 0x2f45,
    0x25aa, 0x25ff, 0x24cd, 0x294d, 0x2a0a, 0x2816, 0x2806, 0x2818, 0x250c, 0x27f3, 0x2869, 0x2473,
    0x25c9, 0x25bb, 0x221e, 0x20d7, 0x20fe, 0x1aa8, 0x24ae, 0x24d5, 0x1f4d, 0x298e, 0x2987, 0x25e7,
    0x2b80, 0x2b34, 0x2916, 0x290f, 0x283e, 0x268f, 0x2824, 0x26e8, 0x247d, 0x2d28, 0x2c33, 0x294b,
    0x2b94, 0x2b1f, 0x28c0, 0x2b68, 0x2a6e, 0x27dd, 0x2d93, 0x2ccf, 0x2a8a, 0x2be3, 0x2b1f, 0x2882,
    0x2d71, 0x2c5b, 0x2ad7, 0x33c5, 0x3289, 0x30fc, 0x3054, 0x2f48, 0x2e05, 0x322f, 0x311c, 0x2ed4,
    0x28e1, 0x277a, 0x252e, 0x25ac, 0x25af, 0x245a, 0x2d97, 0x2cc0, 0x29ad, 0x2ddf, 0x2da0, 0x2a03,
    0x2ff2, 0x2ed8, 0x2d46, 0x3133, 0x30d8, 0x2fd7, 0x31aa, 0x30c6, 0x2f3c, 0x3722, 0x362e, 0x34d9,
    0x3432, 0x32b5, 0x30bc, 0x3474, 0x339d, 0x3115, 0x3505, 0x3446, 0x31b6, 0x34e7, 0x3416, 0x322b,
    0x356a, 0x341c, 0x31a3, 0x3578, 0x344d, 0x3232, 0x352e, 0x3421, 0x3157, 0x31e2, 0x30f7, 0x301a,
    0x30c1, 0x3023, 0x2f72, 0x2f28, 0x2ec0, 0x2e8a, 0x301a, 0x2fda, 0x2f56, 0x2fe8, 0x3009, 0x2f62,
    0x2e02, 0x2e40, 0x2eab, 0x2ec5, 0x2dd5, 0x2d29, 0x2e76, 0x2d48, 0x2ba0, 0x2d3d, 0x2b92, 0x2831,
    0x2a4f, 0x298b, 0x263a, 0x3016, 0x2fa9, 0x2dae, 0x32fc, 0x3188, 0x2f1a, 0x316d, 0x308f, 0x2ec5,
    0x2dd8, 0x2d5c, 0x2508, 0x2c69, 0x2a4f, 0x249d, 0x306c, 0x2d73, 0x2bd3, 0x2e9e, 0x2cc4, 0x29b4,
    0x3324, 0x315c, 0x2e65, 0x3127, 0x2fda, 0x2cf9, 0x3411, 0x324b, 0x2fbf, 0x328d, 0x3134, 0x2fb5,
    0x2e5d, 0x2d18, 0x2c07, 0x349d, 0x322e, 0x2e70, 0x30a2, 0x2e81, 0x2be0, 0x2e15, 0x2ab0, 0x269d,
    0x32c3, 0x3080, 0x2c6c, 0x2ade, 0x2938, 0x2373, 0x2912, 0x2a85, 0x2292, 0x2c2f, 0x2bc1, 0x2771,
    0x2899, 0x28eb, 0x2787, 0x25e9, 0x2663, 0x24a9, 0x24e7, 0x24a0, 0x22c3, 0x22a1, 0x22a4, 0x2054,
    0x2443, 0x242e, 0x212f, 0x2894, 0x2853, 0x254c, 0x2a8a, 0x2a62, 0x285f, 0x2885, 0x283c, 0x2541,
    0x240b, 0x23fa, 0x1ee9, 0x25ed, 0x2593, 0x2316, 0x2566, 0x24b3, 0x2176, 0x27fc, 0x276e, 0x224e,
    0x2af0, 0x2a1d, 0x2451, 0x2981, 0x2877, 0x21f1, 0x29c1, 0x2914, 0x24c8, 0x2b46, 0x2a68, 0x2642,
    0x38b4, 0x383a, 0x36a1, 0x29fd, 0x2829, 0x258e, 0x30c9, 0x2f1c, 0x2c19, 0x2fa7, 0x2e0e, 0x2be6,
    0x271c, 0x2545, 0x21ca, 0x2d4b, 0x2ce6, 0x2a63, 0x2da3, 0x2ca5, 0x2a66, 0x2d5c, 0x2cc3, 0x2bca,
    0x3024, 0x2f5f, 0x2e4b, 0x31db, 0x313b, 0x3024, 0x3117, 0x3088, 0x2f75, 0x3426, 0x3362, 0x3227,
    0x345d, 0x32f8, 0x3113, 0x343d, 0x32bd, 0x30ee, 0x3466, 0x3339, 0x3161, 0x33c6, 0x3221, 0x2fae,
    0x341b, 0x32c2, 0x3137, 0x344f, 0x3320, 0x3179, 0x33c3, 0x32a2, 0x313a, 0x3471, 0x3382, 0x3215,
    0x3244, 0x317c, 0x306d, 0x3266, 0x319a, 0x30b0, 0x335f, 0x32e4, 0x31d6, 0x328f, 0x315d, 0x301a,
    0x3046, 0x2fa1, 0x2ea6, 0x2ea4, 0x2dcc, 0x2cf2, 0x3005, 0x2ecd, 0x2e63, 0x3049, 0x2f60, 0x2e82,
    0x2f7b, 0x2e61, 0x2d22, 0x2ec2, 0x2d53, 0x2c0e, 0x3384, 0x31f2, 0x2e27, 0x2a54, 0x27e3, 0x2099,
    0x2d76, 0x2d13, 0x296f, 0x2c74, 0x2c71, 0x1f71, 0x2d7b, 0x2bf8, 0x236a, 0x31eb, 0x2f40, 0x2ab2,
    0x3040, 0x2d59, 0x2982, 0x2ddc, 0x2c73, 0x29b4, 0x342c, 0x326d, 0x2fdc, 0x3001, 0x2e9d, 0x2d33,
    0x2c3d, 0x29a6, 0x2855, 0x35c9, 0x340d, 0x309c, 0x3020, 0x2c99, 0x298d, 0x2d9f, 0x2a3d, 0x279f,
    0x3139, 0x2f4a, 0x2c7e, 0x30cf, 0x2fda, 0x2cd6, 0x2f6a, 0x2e04, 0x2ba1, 0x2fd1, 0x2e02, 0x2b24,
    0x225a, 0x2303, 0x2130, 0x2228, 0x2251, 0x2030, 0x282c, 0x2821, 0x25ca, 0x2be6, 0x2c29, 0x2a15,
    0x2acf, 0x2a93, 0x28a1, 0x2911, 0x290b, 0x267e, 0x272e, 0x25b0, 0x20a9, 0x26fd, 0x26b1, 0x22ae,
    0x276b, 0x26f7, 0x2443, 0x2c3d, 0x2c39, 0x2b3d, 0x2bd8, 0x2c11, 0x2a3a, 0x2cb6, 0x2cd2, 0x2c04,
    0x280f, 0x272d, 0x2546, 0x24f2, 0x247f, 0x2086, 0x3398, 0x325d, 0x3150, 0x2f9a, 0x2e1c, 0x2c4c,
    0x325e, 0x3110, 0x2f3f, 0x35f3, 0x350d, 0x33a1, 0x2dae, 0x2c35, 0x2919, 0x2e1b, 0x2d25, 0x2bca,
    0x29e5, 0x2929, 0x27e0, 0x2d63, 0x2c3c, 0x29a7, 0x31b8, 0x3066, 0x2cbf, 0x2c05, 0x2bc4, 0x2b5e,
    0x2cc0, 0x2ce0, 0x2d07, 0x2ee4, 0x2e7b, 0x2ec0, 0x304d, 0x2fb2, 0x2ed0, 0x3275, 0x3215, 0x3183,
    0x31c7, 0x3138, 0x3067, 0x331d, 0x3230, 0x3134, 0x3460, 0x33b9, 0x3321, 0x30e5, 0x304a, 0x2fe4,
    0x3284, 0x31ae, 0x30e3, 0x343a, 0x3348, 0x31d8, 0x36ac, 0x34db, 0x321a, 0x3204, 0x310c, 0x2ff4,
    0x34ee, 0x3432, 0x32d7, 0x32da, 0x3235, 0x3176, 0x332d, 0x31d0, 0x30ac, 0x32a0, 0x317a, 0x3034,
    0x3517, 0x3365, 0x3116, 0x3230, 0x30fa, 0x2f60, 0x30aa, 0x2f03, 0x2d0e, 0x30d6, 0x2f89, 0x2da9,
    0x324a, 0x3073, 0x2c98, 0x30fd, 0x2fb4, 0x2884, 0x31cd, 0x3020, 0x2c8b, 0x3105, 0x3036, 0x25fb,
    0x30dc, 0x2fde, 0x2d0e, 0x30eb, 0x3365, 0x2648, 0x31cf, 0x344a, 0x28d3, 0x2e99, 0x2ce1, 0x26b9,
    0x3352, 0x317c, 0x2e18, 0x2ca5, 0x2ad6, 0x2697, 0x3222, 0x309f, 0x2d4e, 0x2b17, 0x2a3e, 0x283a,
    0x28ad, 0x2831, 0x2730, 0x344e, 0x321b, 0x2e8b, 0x2651, 0x2550, 0x2440, 0x2c44, 0x2ac6, 0x2839,
    0x2c2d, 0x2988, 0x26ec, 0x305e, 0x2c49, 0x2a40, 0x2d15, 0x2adf, 0x2833, 0x283f, 0x25cb, 0x233b,
    0x2b03, 0x2b4b, 0x297f, 0x2b3c, 0x2b59, 0x2909, 0x29d7, 0x2a28, 0x27ea, 0x2c39, 0x2c81, 0x2ac8,
    0x2cd2, 0x2c7f, 0x2bb7, 0x2a1d, 0x294a, 0x2835, 0x29c8, 0x29c5, 0x2835, 0x277a, 0x2783, 0x25b2,
    0x25c9, 0x256a, 0x2413, 0x2c30, 0x2c15, 0x2b07, 0x29ca, 0x29b0, 0x2902, 0x2cce, 0x2cf9, 0x2ca6,
    0x2bd1, 0x2a15, 0x28ed, 0x376b, 0x3699, 0x3545, 0x30c1, 0x2f33, 0x2d62, 0x30d3, 0x2f4f, 0x2c77,
    0x32e6, 0x314b, 0x2f1d, 0x2dfc, 0x2c44, 0x2a1b, 0x30cc, 0x2f4c, 0x2cc7, 0x2734, 0x259e, 0x233d,
    0x28a0, 0x2719, 0x250e, 0x29e8, 0x28f5, 0x2808, 0x2fb6, 0x2f21, 0x2d85, 0x2d49, 0x2c8c, 0x2b98,
    0x2cee, 0x2c92, 0x2bd4, 0x330e, 0x3226, 0x30d3, 0x2efb, 0x2e71, 0x2e01, 0x32d7, 0x3229, 0x30c4,
    0x320e, 0x327b, 0x2dca, 0x321e, 0x3100, 0x2ff3, 0x3417, 0x336a, 0x320a, 0x349c, 0x341f, 0x32c7,
    0x31ef, 0x3100, 0x2ff0, 0x31cd, 0x30d7, 0x2f6a, 0x3492, 0x32ff, 0x30b0, 0x34df, 0x3367, 0x30ec,
    0x33cc, 0x3288, 0x30d5, 0x3416, 0x3294, 0x30eb, 0x3382, 0x324a, 0x30d8, 0x3432, 0x32bd, 0x30ac,
    0x3231, 0x31bc, 0x30fb, 0x3317, 0x3189, 0x3007, 0x335c, 0x3211, 0x3058, 0x3397, 0x3186, 0x2e3b,
    0x31af, 0x3009, 0x2d07, 0x31f6, 0x3059, 0x2d7e, 0x32b7, 0x30a6, 0x2d73, 0x2efa, 0x2d3e, 0x2601,
    0x3340, 0x31de, 0x2c58, 0x2cb1, 0x2c2c, 0x24ad, 0x2d39, 0x2d08, 0x232c, 0x3041, 0x2e4f, 0x2a3b,
    0x3062, 0x2f13, 0x2a7c, 0x2d54, 0x2da9, 0x28a2, 0x2f8b, 0x2df7, 0x2ad1, 0x28f8, 0x283d, 0x249f,
    0x2504, 0x23c4, 0x2220, 0x3460, 0x320a, 0x2e81, 0x2867, 0x2825, 0x24ad, 0x2922, 0x2874, 0x24bd,
    0x277f, 0x25ed, 0x236f, 0x289e, 0x26ef, 0x2496, 0x2c2a, 0x2a95, 0x2809, 0x2b92, 0x28c9, 0x25ec,
    0x2c0f, 0x2c35, 0x2aa4, 0x2a0d, 0x2a21, 0x283e, 0x2c0e, 0x2c36, 0x2a4d, 0x29ee, 0x2a34, 0x28d3,
    0x2c3c, 0x2c2e, 0x2bc5, 0x268d, 0x2691, 0x252f, 0x27d5, 0x2796, 0x26d3, 0x2d1e, 0x2d2b, 0x2d05,
    0x2a48, 0x29ed, 0x2a08, 0x2827, 0x2819, 0x2767, 0x2c41, 0x2b98, 0x2a3a, 0x34de, 0x345c, 0x336f,
    0x3112, 0x306b, 0x2fd4, 0x2554, 0x2416, 0x205f, 0x3148, 0x2f96, 0x2d3d, 0x3002, 0x2de9, 0x2b2a,
    0x2c1c, 0x2a40, 0x28a7, 0x3145, 0x3026, 0x2e2f, 0x2f0e, 0x2d22, 0x2a3a, 0x291e, 0x27b4, 0x2591,
    0x29ce, 0x2938, 0x285c, 0x2c28, 0x2bfa, 0x2b8c, 0x2e2c, 0x2d71, 0x2ca4, 0x306c, 0x2f8c, 0x2dfb,
    0x2ee9, 0x2ebd, 0x2e24, 0x2df8, 0x2e27, 0x2e9d, 0x3045, 0x3028, 0x2fce, 0x3029, 0x2fb9, 0x2eee,
    0x32c0, 0x3140, 0x2fac, 0x342b, 0x3383, 0x3260, 0x314a, 0x30c9, 0x2fba, 0x31d2, 0x312d, 0x3097,
    0x326f, 0x31ce, 0x30cf, 0x3384, 0x31e8, 0x306c, 0x3406, 0x3213, 0x3035, 0x3190, 0x30b3, 0x2fc3,
    0x317a, 0x3080, 0x2e7a, 0x3200, 0x3148, 0x307c, 0x3270, 0x319d, 0x3034, 0x320a, 0x319a, 0x312f,
    0x318a, 0x30ba, 0x2f3c, 0x321a, 0x3143, 0x3003, 0x33fa, 0x3249, 0x3022, 0x3323, 0x31d3, 0x2fe5,
    0x35b5, 0x3456, 0x314d, 0x32a7, 0x308b, 0x2d1d, 0x31f9, 0x3089, 0x2acc, 0x3246, 0x2ff1, 0x2c80,
    0x337f, 0x3130, 0x2c91, 0x30a8, 0x2e7d, 0x2b7f, 0x30fa, 0x2da0, 0x2a38, 0x2fb9, 0x2d2e, 0x29a1,
    0x2cc9, 0x2bd4, 0x25fb, 0x32bb, 0x310d, 0x2723, 0x2d60, 0x2c2c, 0x2631, 0x2c38, 0x2a82, 0x2270,
    0x25cc, 0x2408, 0x211a, 0x32ca, 0x2ffd, 0x2c01, 0x2338, 0x23b7, 0x223d, 0x292a, 0x2841, 0x2675,
    0x29b5, 0x2829, 0x24fc, 0x2c66, 0x2ad6, 0x2865, 0x2b2e, 0x28fd, 0x2672, 0x2a90, 0x284a, 0x2521,
    0x282a, 0x2854, 0x268c, 0x2771, 0x276a, 0x259d, 0x24cd, 0x2506, 0x232b, 0x2256, 0x2285, 0x1e4f,
    0x2393, 0x23ef, 0x2065, 0x245f, 0x246f, 0x214a, 0x2410, 0x2409, 0x211d, 0x1edc, 0x1e71, 0x1828,
    0x1c7e, 0x1bfa, 0x1550, 0x26cf, 0x25d8, 0x2516, 0x3362, 0x32b4, 0x326e, 0x285e, 0x27b7, 0x2578,
    0x2d22, 0x2c17, 0x2a43, 0x30b2, 0x2f6f, 0x2ccf, 0x2f81, 0x2d63, 0x29f7, 0x339d, 0x3150, 0x2e0c,
    0x3253, 0x30e9, 0x2e8c, 0x2926, 0x27cc, 0x24f7, 0x2c9c, 0x2b2d, 0x28b2, 0x2d8a, 0x2c96, 0x29de,
    0x2aad, 0x2973, 0x27df, 0x2c58, 0x2c11, 0x2b84, 0x2db4, 0x2d4f, 0x2c5c, 0x3035, 0x2f1e, 0x2dbd,
    0x30cd, 0x3074, 0x2fac, 0x3206, 0x3150, 0x3086, 0x30dc, 0x30a7, 0x3096, 0x2faf, 0x2fa2, 0x2f5b,
    0x31b6, 0x3143, 0x30e3, 0x339c, 0x32e1, 0x31c3, 0x3475, 0x3415, 0x32f1, 0x33f0, 0x32e4, 0x31ed,
    0x31c2, 0x3180, 0x310f, 0x2f98, 0x2eb8, 0x2e10, 0x3172, 0x3147, 0x30c3, 0x3240, 0x3122, 0x3027,
    0x33bf, 0x3193, 0x3027, 0x31f7, 0x3151, 0x3099, 0x31c8, 0x30f2, 0x3073, 0x3503, 0x3429, 0x317d,
    0x3252, 0x3174, 0x30aa, 0x325c, 0x31a4, 0x3085, 0x3452, 0x32b4, 0x3097, 0x34c1, 0x338c, 0x3149,
    0x3433, 0x32d7, 0x30dd, 0x34d5, 0x32f6, 0x3083, 0x34f3, 0x3325, 0x308a, 0x3304, 0x30d5, 0x2d8e,
    0x3348, 0x30bb, 0x2c63, 0x3343, 0x3259, 0x2a7c, 0x335c, 0x3101, 0x2cc1, 0x31c0, 0x2f55, 0x2bf1,
    0x2e8b, 0x2e2e, 0x2162, 0x30af, 0x3039, 0x24b7, 0x2de1, 0x2c90, 0x238e, 0x2d7d, 0x2c20, 0x24b2,
    0x3035, 0x2d32, 0x2897, 0x32ef, 0x306b, 0x2ce9, 0x2b2b, 0x2c26, 0x2321, 0x2c59, 0x2b0b, 0x25a5,
    0x2b16, 0x2839, 0x25a8, 0x2abe, 0x28ef, 0x2526, 0x2a6d, 0x2802, 0x24eb, 0x2cc6, 0x2975, 0x263e,
    0x2418, 0x244e, 0x2209, 0x26d4, 0x26cb, 0x252a, 0x224d, 0x22c0, 0x1f5a, 0x28fa, 0x2961, 0x232a,
    0x2b49, 0x2a89, 0x241c, 0x3068, 0x302b, 0x2d1a, 0x2b62, 0x2afe, 0x28fd, 0x26f7, 0x261b, 0x2349,
    0x2ea0, 0x2e0d, 0x2d24, 0x291a, 0x28f7, 0x288d, 0x29a3, 0x27e3, 0x25f7, 0x285c, 0x283a, 0x27ce,
    0x3542, 0x3473, 0x32e1, 0x2ba1, 0x2a60, 0x2869, 0x3153, 0x2fc9, 0x2d99, 0x3640, 0x352c, 0x332d,
    0x2906, 0x2812, 0x25bb, 0x2f8d, 0x2dbc, 0x2b19, 0x2d2e, 0x2bc6, 0x2932, 0x2d96, 0x2c9a, 0x29f0,
    0x2b18, 0x2a10, 0x2883, 0x2dd5, 0x2d37, 0x2d44, 0x2c76, 0x2c4c, 0x2c55, 0x2f32, 0x2e9f, 0x2e93,
    0x348c, 0x3404, 0x329c, 0x2fee, 0x2fd4, 0x2f9a, 0x30c4, 0x3043, 0x2f55, 0x31c1, 0x3102, 0x3033,
    0x30b3, 0x3074, 0x3023, 0x2d24, 0x2c51, 0x2bc6, 0x32f1, 0x3246, 0x3161, 0x3526, 0x33c4, 0x320c,
    0x356c, 0x34d0, 0x321b, 0x30a6, 0x301c, 0x2f02, 0x2f44, 0x2eaa, 0x2dfa, 0x3066, 0x3000, 0x2ed2,
    0x30a5, 0x3081, 0x3024, 0x325a, 0x31f0, 0x313e, 0x3491, 0x33ae, 0x31e9, 0x33cc, 0x3216, 0x3012,
    0x3126, 0x3050, 0x2f03, 0x330f, 0x321c, 0x30fa, 0x35bb, 0x34aa, 0x32af, 0x36c3, 0x352a, 0x31f6,
    0x3510, 0x3449, 0x321a, 0x3480, 0x3351, 0x3103, 0x3375, 0x32d0, 0x315e, 0x326a, 0x3109, 0x2e7d,
    0x30a3, 0x2f02, 0x2d0b, 0x3366, 0x309c, 0x2d31, 0x3522, 0x3334, 0x2cdf, 0x379c, 0x3577, 0x325b,
    0x330b, 0x3057, 0x2c7a, 0x2db8, 0x2c71, 0x260d, 0x2fed, 0x2cd4, 0x29bf, 0x2f9e, 0x2c2f, 0x2907,
    0x34ef, 0x312e, 0x2d6a, 0x3200, 0x2fd0, 0x2c88, 0x2f8e, 0x2d8f, 0x279d, 0x3183, 0x2f26, 0x29e4,
    0x3010, 0x2d36, 0x29b1, 0x2f41, 0x2cf6, 0x2a14, 0x3127, 0x2f98, 0x2d39, 0x2c78, 0x29b7, 0x270b,
    0x24f4, 0x2533, 0x2379, 0x2470, 0x2466, 0x22c1, 0x248f, 0x2454, 0x2110, 0x2848, 0x2908, 0x200c,
    0x2c0e, 0x2cf4, 0x2418, 0x2e77, 0x2dde, 0x2c13, 0x2af0, 0x2a71, 0x2944, 0x2a94, 0x2a40, 0x2a43,
    0x2862, 0x27fd, 0x2756, 0x1fb4, 0x1fa9, 0x1c57, 0x3103, 0x2fbc, 0x2d81, 0x3016, 0x2e90, 0x2cf0,
    0x2581, 0x23c9, 0x219e, 0x2ac0, 0x2a86, 0x2859, 0x3011, 0x2e5f, 0x2ce6, 0x3223, 0x30e0, 0x2e72,
    0x2ee7, 0x2cf7, 0x2964, 0x2e29, 0x2c59, 0x2989, 0x2809, 0x25cf, 0x247e, 0x2be5, 0x2bf5, 0x2b19,
    0x3370, 0x3286, 0x313b, 0x3454, 0x318e, 0x3019, 0x2c21, 0x2c24, 0x2c2d, 0x2dbb, 0x2d71, 0x2d5c,
    0x31ca, 0x30d6, 0x300a, 0x3104, 0x3004, 0x2df6, 0x3173, 0x30e3, 0x2fdf, 0x3301, 0x3242, 0x313f,
    0x2d18, 0x2c8d, 0x2c0d, 0x2f34, 0x2e24, 0x2cff, 0x30f4, 0x3079, 0x2fd4, 0x339c, 0x31a2, 0x2f99,
    0x3488, 0x33fb, 0x329c, 0x3436, 0x32e5, 0x311e, 0x30fd, 0x3026, 0x2ebe, 0x30b9, 0x3052, 0x2fc5,
    0x31ef, 0x316d, 0x30b5, 0x33d4, 0x32ba, 0x312a, 0x3300, 0x328d, 0x316c, 0x3430, 0x331a, 0x30af,
    0x3038, 0x2f7e, 0x2e50, 0x3352, 0x31bc, 0x301e, 0x34fd, 0x343e, 0x3150, 0x33e0, 0x31d9, 0x3025,
    0x3305, 0x3166, 0x3002, 0x3289, 0x310a, 0x2f8d, 0x3473, 0x32bb, 0x3095, 0x33a2, 0x3252, 0x306b,
    0x3386, 0x3180, 0x2fb1, 0x3298, 0x3189, 0x305b, 0x32b2, 0x30b6, 0x2e29, 0x3541, 0x3355, 0x2f80,
    0x34a9, 0x3276, 0x2dd2, 0x36b5, 0x347f, 0x30f2, 0x3543, 0x3351, 0x2ec4, 0x345b, 0x3328, 0x2da3,
    0x312d, 0x2ed7, 0x2a91, 0x302f, 0x2d50, 0x2913, 0x34cd, 0x32cd, 0x3095, 0x321b, 0x2f8a, 0x2b2f,
    0x3106, 0x2f02, 0x2b65, 0x300c, 0x2e81, 0x2b00, 0x2e13, 0x2c5f, 0x28cf, 0x326a, 0x2ffe, 0x2c4a,
    0x258a, 0x25be, 0x244e, 0x234e, 0x23bf, 0x21ee, 0x26a1, 0x2775, 0x2431, 0x2aa2, 0x2bb8, 0x2665,
    0x2d1f, 0x2c58, 0x2a8f, 0x303f, 0x3051, 0x2fc4, 0x3042, 0x305b, 0x3050, 0x224e, 0x217f, 0x1f11,
    0x2c98, 0x2b90, 0x287a, 0x2e10, 0x2d72, 0x2c36, 0x2cb7, 0x2b55, 0x2a64, 0x306a, 0x2fc0, 0x2e29,
    0x2c2e, 0x2aad, 0x28b1, 0x3202, 0x30fa, 0x2fe9, 0x2adb, 0x28e5, 0x2791, 0x3167, 0x3097, 0x2e2c,
    0x2e42, 0x2c8c, 0x295a, 0x28b4, 0x276f, 0x2611, 0x3075, 0x2f77, 0x2da3, 0x3475, 0x33be, 0x3208,
    0x2bf5, 0x2b0b, 0x2a3e, 0x3032, 0x2fc6, 0x2ebd, 0x306d, 0x2dd6, 0x2d0f, 0x2d59, 0x2d7d, 0x2d0d,
    0x3014, 0x3033, 0x3041, 0x2ec6, 0x2e91, 0x2e3d, 0x312a, 0x3090, 0x2fd1, 0x317e, 0x30c9, 0x3043,
    0x32df, 0x31b2, 0x3056, 0x3076, 0x3018, 0x2f43, 0x31ac, 0x30e4, 0x3060, 0x300e, 0x2f7f, 0x2f7f,
    0x30a8, 0x303e, 0x2f2b, 0x307e, 0x2fe4, 0x2eb1, 0x311f, 0x3032, 0x2e81, 0x2eb2, 0x2dfa, 0x2d2c,
    0x2f82, 0x2edb, 0x2e0b, 0x3041, 0x3020, 0x3008, 0x2ff3, 0x2eee, 0x2e31, 0x3189, 0x3121, 0x3073,
    0x2ee7, 0x2f1f, 0x2ed6, 0x3099, 0x3005, 0x2ef0, 0x30bc, 0x304b, 0x2f4a, 0x3460, 0x3369, 0x3184,
    0x32c5, 0x3203, 0x309e, 0x32d2, 0x3236, 0x3129, 0x3423, 0x3292, 0x305a, 0x3484, 0x3365, 0x31b6,
    0x35d7, 0x345e, 0x3135, 0x33c5, 0x3241, 0x306b, 0x32d5, 0x31e8, 0x3072, 0x3445, 0x322d, 0x3001,
    0x329b, 0x3131, 0x2ebc, 0x3608, 0x3457, 0x30b7, 0x30f4, 0x2f9d, 0x2c61, 0x3057, 0x2e52, 0x2c45,
    0x2fc4, 0x2d15, 0x297b, 0x348a, 0x3194, 0x2e80, 0x32f0, 0x310b, 0x2d8f, 0x31c4, 0x3035, 0x2bf2,
    0x2fda, 0x2cee, 0x288e, 0x2d9e, 0x2c5a, 0x2508, 0x2d26, 0x2d30, 0x2638, 0x327f, 0x30a4, 0x2cf1,
    0x2440, 0x2433, 0x2244, 0x2127, 0x2123, 0x1f6f, 0x22f5, 0x22a0, 0x2100, 0x2d90, 0x2d52, 0x2c56,
    0x31b4, 0x3136, 0x3066, 0x28f3, 0x28af, 0x2830, 0x26b2, 0x24df, 0x2142, 0x2ec0, 0x2e3e, 0x2d4b,
    0x2d8b, 0x2cbc, 0x2ae9, 0x28f7, 0x2804, 0x2582, 0x2e00, 0x2d02, 0x2b47, 0x2f1e, 0x2d2e, 0x2aca,
    0x329b, 0x319f, 0x302c, 0x3165, 0x2fbb, 0x2d27, 0x30f1, 0x2f34, 0x2d43, 0x2d0f, 0x2ca3, 0x283b,
    0x2acc, 0x29aa, 0x2683, 0x294f, 0x2825, 0x2632, 0x2ca2, 0x2c81, 0x2c32, 0x2b7c, 0x2b2c, 0x2a89,
    0x3242, 0x313f, 0x3012, 0x2cc5, 0x2c46, 0x2c57, 0x3529, 0x339f, 0x3121, 0x2d8f, 0x2d9e, 0x2cde,
    0x2dc2, 0x2d81, 0x2d3c, 0x2e7d, 0x2f1b, 0x2f10, 0x30ae, 0x3051, 0x2f5c, 0x33ec, 0x3221, 0x3051,
    0x345d, 0x3307, 0x3104, 0x2cba, 0x2c51, 0x2c2b, 0x31e5, 0x30d9, 0x2fd0, 0x2ff7, 0x2fca, 0x2ef8,
    0x2f7d, 0x2de1, 0x2c6a, 0x338d, 0x3325, 0x32c6, 0x2f22, 0x2ecd, 0x2e36, 0x3126, 0x3076, 0x2f93,
    0x3019, 0x2e6c, 0x2d78, 0x2daa, 0x2d02, 0x2c7d, 0x321f, 0x3160, 0x303d, 0x2f59, 0x2e3e, 0x2e0a,
    0x2f55, 0x2f2b, 0x2f33, 0x3024, 0x2f01, 0x2e27, 0x3237, 0x3177, 0x3093, 0x3043, 0x3045, 0x305b,
    0x3150, 0x308a, 0x2fc7, 0x33cc, 0x328b, 0x308e, 0x332c, 0x31cd, 0x3010, 0x3274, 0x3062, 0x2d5e,
    0x33cc, 0x327a, 0x30d4, 0x318c, 0x309d, 0x2f35, 0x3263, 0x3163, 0x3041, 0x34e0, 0x33ab, 0x312f,
    0x330d, 0x31a7, 0x2fe1, 0x3550, 0x3418, 0x3115, 0x32be, 0x3103, 0x2d45, 0x32ae, 0x3068, 0x2c9a,
    0x358d, 0x32ee, 0x2e79, 0x357b, 0x3278, 0x2e19, 0x35e3, 0x3402, 0x2f9a, 0x325b, 0x308d, 0x2d49,
    0x34f2, 0x322b, 0x2eec, 0x3625, 0x326e, 0x2f28, 0x3182, 0x2f26, 0x2c4c, 0x3438, 0x3239, 0x2dba,
    0x237d, 0x22e5, 0x20a4, 0x23d2, 0x2287, 0x20ed, 0x319a, 0x3125, 0x30b9, 0x32c6, 0x31c6, 0x30dd,
    0x2cd6, 0x2bd0, 0x2993, 0x2c62, 0x2c1d, 0x27fb, 0x2702, 0x258e, 0x2373, 0x2c8b, 0x2c00, 0x2a90,
    0x2c03, 0x2a6e, 0x2836, 0x2858, 0x2724, 0x254b, 0x3024, 0x2ee1, 0x2d6a, 0x2fff, 0x2ed7, 0x2d63,
    0x2a64, 0x28e3, 0x2818, 0x2d26, 0x2c02, 0x29f8, 0x318e, 0x3048, 0x2e20, 0x29ad, 0x2884, 0x256f,
    0x2a1a, 0x2936, 0x2906, 0x3263, 0x312c, 0x3010, 0x2a61, 0x2955, 0x27fd, 0x34bf, 0x3425, 0x32b7,
    0x2c10, 0x2bf2, 0x2bc3, 0x3171, 0x30fd, 0x3056, 0x2e3a, 0x2d72, 0x2c31, 0x312e, 0x3094, 0x2fae,
    0x2da9, 0x2d68, 0x2ce5, 0x2ee4, 0x2dcd, 0x2cd1, 0x312d, 0x3062, 0x2f21, 0x332d, 0x322c, 0x30eb,
    0x3374, 0x31ac, 0x2f87, 0x33eb, 0x325d, 0x3078, 0x317c, 0x309e, 0x2efb, 0x317d, 0x30b1, 0x301e,
    0x31ba, 0x3065, 0x2eac, 0x3018, 0x301c, 0x2fa7, 0x2f2f, 0x2f2a, 0x2f4d, 0x3087, 0x3013, 0x2f9d,
    0x2f6f, 0x2e7e, 0x2de9, 0x2f02, 0x2f3e, 0x2e89, 0x2f7d, 0x2f8a, 0x2f0b, 0x310e, 0x3093, 0x2fc1,
    0x305b, 0x2fc7, 0x2e5d, 0x3045, 0x2f53, 0x2e13, 0x305a, 0x3004, 0x2f9e, 0x2d21, 0x2ca5, 0x2c63,
    0x312c, 0x30bb, 0x2fa8, 0x33aa, 0x3212, 0x306b, 0x3299, 0x31a3, 0x305e, 0x3385, 0x32a0, 0x3104,
    0x31bf, 0x307e, 0x2f5a, 0x320e, 0x317b, 0x30b5, 0x372f, 0x35e7, 0x344a, 0x33ce, 0x32a5, 0x317c,
    0x352f, 0x333f, 0x3015, 0x3757, 0x3484, 0x2f3f, 0x3299, 0x30e7, 0x2e50, 0x3529, 0x334e, 0x306a,
    0x356d, 0x336c, 0x304d, 0x3617, 0x328e, 0x2d9a, 0x34af, 0x32b3, 0x303f, 0x318a, 0x2eb8, 0x2b75,
    0x3510, 0x318d, 0x2df3, 0x35c5, 0x341a, 0x3176, 0x3266, 0x306c, 0x2d19, 0x30f3, 0x2e61, 0x2a8c,
    0x29af, 0x283e, 0x2634, 0x3216, 0x3182, 0x3116, 0x2e97, 0x2d7f, 0x2c45, 0x2ffc, 0x2e8b, 0x2d1b,
    0x2e62, 0x2d95, 0x2a67, 0x2cc6, 0x2c61, 0x2885, 0x31f0, 0x3190, 0x3134, 0x2704, 0x25c2, 0x2328,
    0x2c54, 0x2ae7, 0x280c, 0x2691, 0x2414, 0x2051, 0x2ee8, 0x2d9b, 0x2ca4, 0x2929, 0x276c, 0x2499,
    0x3046, 0x2f66, 0x2d31, 0x2b7a, 0x28e5, 0x2542, 0x2e0f, 0x2d26, 0x2c20, 0x2743, 0x2698, 0x25b5,
    0x2860, 0x26dc, 0x258e, 0x2c58, 0x2bca, 0x2a97, 0x2b08, 0x2af9, 0x2afb, 0x2e39, 0x2e17, 0x2d7a,
    0x2e01, 0x2e00, 0x2db0, 0x308c, 0x2ee0, 0x2cd2, 0x2e4c, 0x2d78, 0x2cb5, 0x301e, 0x2f3a, 0x2e0a,
    0x3099, 0x2fe9, 0x2e9f, 0x30ee, 0x2ff3, 0x2e5b, 0x2ead, 0x2d1f, 0x2b84, 0x313d, 0x3002, 0x2db0,
    0x3177, 0x3026, 0x2db2, 0x3256, 0x30fd, 0x2eea, 0x308f, 0x2f66, 0x2df0, 0x312e, 0x2f85, 0x2d2b,
    0x3183, 0x3035, 0x2e30, 0x31fe, 0x30c2, 0x2f8a, 0x3093, 0x304a, 0x2fc2, 0x30a0, 0x3065, 0x3007,
    0x2efe, 0x2ef5, 0x2e31, 0x30a6, 0x307b, 0x3024, 0x3163, 0x3156, 0x30b8, 0x3084, 0x30a7, 0x2fba,
    0x30e8, 0x3081, 0x3007, 0x311d, 0x306e, 0x2f16, 0x31d1, 0x3130, 0x3086, 0x31e0, 0x30c2, 0x3018,
    0x34e9, 0x337d, 0x30e6, 0x3009, 0x2fdc, 0x2f88, 0x31ec, 0x30e1, 0x2f38, 0x32d5, 0x31be, 0x3032,
    0x303e, 0x2feb, 0x2e7d, 0x3236, 0x3139, 0x3005, 0x30e6, 0x3003, 0x2e18, 0x336c, 0x3223, 0x309d,
    0x3094, 0x2f27, 0x2db5, 0x34ef, 0x33de, 0x314c, 0x357d, 0x344d, 0x31a4, 0x367c, 0x34d5, 0x319e,
    0x35e7, 0x3452, 0x30df, 0x34a4, 0x3324, 0x30aa, 0x3105, 0x3041, 0x2cd2, 0x3229, 0x3035, 0x2c4a,
    0x363e, 0x343d, 0x31d9, 0x3451, 0x314c, 0x2e6f, 0x3424, 0x31eb, 0x2ed6, 0x343b, 0x3319, 0x2e1f,
    0x303f, 0x304c, 0x306d, 0x28b1, 0x25b9, 0x2407, 0x28c9, 0x2630, 0x23ba, 0x2e47, 0x2d1b, 0x2b89,
    0x3070, 0x2f5c, 0x2dd1, 0x2f48, 0x2dfe, 0x2c52, 0x2773, 0x25b1, 0x22d6, 0x292b, 0x2808, 0x259c,
    0x2cea, 0x2c25, 0x29b9, 0x2c3e, 0x2b5f, 0x29cb, 0x21a2, 0x1f7d, 0x1d21, 0x22f7, 0x2317, 0x1fc9,
    0x2ce7, 0x2c96, 0x28a5, 0x2a18, 0x27fe, 0x24a3, 0x294c, 0x28f0, 0x278b, 0x2cd4, 0x2c6f, 0x2be7,
    0x2a64, 0x29c1, 0x2934, 0x2a4a, 0x2a56, 0x29a6, 0x2f20, 0x2e2e, 0x2d37, 0x2c44, 0x2b9e, 0x2ae7,
    0x2aea, 0x29e6, 0x292b, 0x2cc0, 0x2b83, 0x2a29, 0x346d, 0x3287, 0x3042, 0x2f2e, 0x2e1a, 0x2d1b,
    0x3262, 0x310f, 0x2f3f, 0x338b, 0x3233, 0x307e, 0x2f86, 0x2dc6, 0x2c13, 0x2ff6, 0x2ebf, 0x2d90,
    0x316a, 0x302f, 0x2e16, 0x3161, 0x3044, 0x2e38, 0x32bf, 0x3115, 0x2ecd, 0x334a, 0x31cd, 0x304f,
    0x30c5, 0x2faf, 0x2deb, 0x31e1, 0x3135, 0x309b, 0x321f, 0x316d, 0x3073, 0x2f8d, 0x2ef1, 0x2e6f,
    0x2e11, 0x2ded, 0x2dd8, 0x312a, 0x3034, 0x2e9a, 0x31d1, 0x30ff, 0x3024, 0x2e18, 0x2e26, 0x2da4,
    0x2e7f, 0x2e32, 0x2c9e, 0x319f, 0x31b8, 0x2f94, 0x30a4, 0x3049, 0x3007, 0x31e3, 0x3115, 0x3031,
    0x301e, 0x2ff4, 0x2f12, 0x30cc, 0x3053, 0x2f19, 0x31c7, 0x3130, 0x306a, 0x310d, 0x30db, 0x3063,
    0x34e0, 0x33c0, 0x31cb, 0x31bf, 0x3138, 0x30ab, 0x2e65, 0x2d5f, 0x2c80, 0x3293, 0x30fc, 0x2ef1,
    0x3473, 0x3318, 0x3110, 0x3433, 0x32d2, 0x3014, 0x3416, 0x3259, 0x3075, 0x35b5, 0x3462, 0x31b4,
    0x34aa, 0x3336, 0x30fd, 0x3486, 0x3292, 0x2fe8, 0x35a9, 0x3409, 0x3055, 0x31a6, 0x3079, 0x2e97,
    0x3463, 0x31f8, 0x2e7f, 0x33fc, 0x3141, 0x2d89, 0x3431, 0x329f, 0x2edd, 0x33dc, 0x318f, 0x2eb7,
    0x2b8a, 0x2b2a, 0x2953, 0x2c79, 0x2c71, 0x2b38, 0x28e6, 0x28a5, 0x2857, 0x3103, 0x3039, 0x2eb2,
    0x309e, 0x2f81, 0x2d0b, 0x2d19, 0x2c7e, 0x2988, 0x26c0, 0x251f, 0x21a2, 0x28cd, 0x26c5, 0x2439,
    0x2df5, 0x2d11, 0x2b15, 0x2cb5, 0x2310, 0x218c, 0x2d2e, 0x2bda, 0x2822, 0x2bb8, 0x298e, 0x2593,
    0x2a17, 0x290a, 0x25f5, 0x2e29, 0x2ceb, 0x2acb, 0x2b64, 0x2a19, 0x2935, 0x2d59, 0x2c3b, 0x2a9d,
    0x2da6, 0x2d09, 0x2c50, 0x2e3b, 0x2e0e, 0x2d99, 0x2e3b, 0x2d64, 0x2cc8, 0x2c5b, 0x2b2c, 0x29c4,
    0x2acf, 0x2979, 0x2848, 0x307a, 0x2f48, 0x2d68, 0x30cb, 0x300b, 0x2e97, 0x306b, 0x3015, 0x2f59,
    0x2f48, 0x2e4a, 0x2d3e, 0x32e1, 0x316e, 0x2f9f, 0x319b, 0x300a, 0x2d12, 0x313a, 0x307b, 0x2f08,
    0x3160, 0x3049, 0x2e6c, 0x323a, 0x30fc, 0x2f24, 0x3424, 0x32a3, 0x30ab, 0x3404, 0x3251, 0x306e,
    0x33bb, 0x31f9, 0x303f, 0x3328, 0x31ba, 0x3041, 0x32c8, 0x316a, 0x3036, 0x31bb, 0x30ea, 0x3015,
    0x30c6, 0x2e62, 0x2ba4, 0x31dd, 0x3144, 0x30bb, 0x313d, 0x30a5, 0x3015, 0x2ff3, 0x2ed6, 0x2e75,
    0x31b8, 0x310d, 0x303e, 0x313d, 0x3108, 0x309e, 0x310a, 0x306f, 0x2ee0, 0x30f4, 0x307e, 0x2f66,
    0x32a1, 0x31e0, 0x3092, 0x32f9, 0x320d, 0x30b8, 0x361a, 0x3460, 0x3115, 0x2e71, 0x2ea6, 0x2ea0,
    0x30a7, 0x302d, 0x2f0c, 0x3236, 0x30ef, 0x2fc3, 0x3018, 0x2f4c, 0x2dae, 0x30d1, 0x2f9c, 0x2de9,
    0x3690, 0x33cb, 0x2e8e, 0x3306, 0x3197, 0x2fef, 0x3387, 0x31bf, 0x3019, 0x366e, 0x3456, 0x30ff,
    0x3463, 0x32c6, 0x30bd, 0x3182, 0x3046, 0x2eb1, 0x3435, 0x3151, 0x2d87, 0x3450, 0x32ab, 0x3075,
    0x32c7, 0x319e, 0x302c, 0x3234, 0x30e9, 0x2f47, 0x34d5, 0x325f, 0x2f36, 0x31b1, 0x2fa3, 0x2c90,
    0x252c, 0x256d, 0x254a, 0x2a40, 0x2a40, 0x295d, 0x344d, 0x3374, 0x320f, 0x2ccf, 0x2b9c, 0x29b3,
    0x2964, 0x2898, 0x26fe, 0x2c4b, 0x2c02, 0x2706, 0x260f, 0x2503, 0x22fa, 0x2f04, 0x2e48, 0x2d4f,
    0x2350, 0x2255, 0x20fc, 0x2562, 0x2346, 0x21ea, 0x2d3d, 0x2bab, 0x2a38, 0x2c92, 0x2aa2, 0x287d,
    0x28f7, 0x27e4, 0x2601, 0x29ff, 0x299d, 0x28d4, 0x2aa1, 0x296f, 0x283c, 0x2c98, 0x2c1c, 0x2af0,
    0x2f32, 0x2e22, 0x2d2f, 0x2ac2, 0x2a4b, 0x2a21, 0x2bae, 0x2a74, 0x29f9, 0x2c28, 0x2acf, 0x29ae,
    0x2d7c, 0x2ceb, 0x2bb2, 0x322d, 0x3112, 0x2fb0, 0x2ec4, 0x2da2, 0x2c95, 0x30e8, 0x303f, 0x2ed3,
    0x3181, 0x3038, 0x2db7, 0x2feb, 0x2e3c, 0x2cb7, 0x337e, 0x3190, 0x2f19, 0x31fe, 0x3098, 0x2e83,
    0x32c8, 0x3116, 0x2ed6, 0x31b7, 0x30b5, 0x2f3b, 0x3268, 0x30d3, 0x2e46, 0x34ac, 0x3338, 0x30d2,
    0x347b, 0x32dc, 0x308c, 0x3257, 0x30e9, 0x2eee, 0x3259, 0x3108, 0x2f7e, 0x3193, 0x30e1, 0x3007,
    0x3121, 0x304e, 0x2ef6, 0x2f86, 0x2f42, 0x2f39, 0x308c, 0x305f, 0x301e, 0x36e8, 0x3540, 0x336e,
    0x3231, 0x3163, 0x3041, 0x3124, 0x3079, 0x2f33, 0x3019, 0x2fcc, 0x2ee2, 0x2d9a, 0x2dcd, 0x2de5,
    0x30cd, 0x3018, 0x2ee5, 0x32a8, 0x31b0, 0x3065, 0x3208, 0x3145, 0x309f, 0x32ee, 0x322c, 0x3134,
    0x329d, 0x315a, 0x2f3e, 0x30b0, 0x3061, 0x2fa2, 0x30ff, 0x303d, 0x2eab, 0x32fd, 0x31d5, 0x308e,
    0x3473, 0x32e3, 0x30e1, 0x30e9, 0x2ff4, 0x2eb2, 0x326e, 0x3167, 0x300f, 0x2f43, 0x2d42, 0x2bb1,
    0x34d8, 0x339f, 0x31db, 0x35c1, 0x342a, 0x30e6, 0x36aa, 0x34b2, 0x30c5, 0x3702, 0x34a1, 0x3128,
    0x35cf, 0x33f6, 0x30a8, 0x34b4, 0x32da, 0x302d, 0x3469, 0x31ec, 0x2f5c, 0x34c3, 0x32a8, 0x3029,
    0x2bf9, 0x2bbb, 0x2a5a, 0x32b9, 0x3164, 0x2f5f, 0x2b39, 0x29ff, 0x268e, 0x2764, 0x254b, 0x2360,
    0x2db5, 0x2c79, 0x2a46, 0x2cc0, 0x2bb5, 0x2835, 0x31c6, 0x3159, 0x30e6, 0x3040, 0x2f01, 0x2d7b,
    0x28c6, 0x276f, 0x254a, 0x2cf9, 0x2c32, 0x29ca, 0x2e20, 0x2cf6, 0x2b56, 0x2a95, 0x29a1, 0x271e,
    0x2a70, 0x28f7, 0x27a5, 0x29d2, 0x28a2, 0x2701, 0x2c3e, 0x2aa7, 0x293f, 0x2b06, 0x2a5d, 0x29db,
    0x31be, 0x3089, 0x2e5b, 0x2a47, 0x2995, 0x28de, 0x2c12, 0x2b22, 0x2a6a, 0x2fff, 0x2de4, 0x2bcc,
    0x2d5e, 0x2c7a, 0x2b33, 0x2c08, 0x2ad2, 0x2a07, 0x2d6a, 0x2ca3, 0x2acf, 0x2ed9, 0x2e1f, 0x2d62,
    0x30cb, 0x2f4a, 0x2cb8, 0x31cd, 0x3070, 0x2de5, 0x30d2, 0x2f7f, 0x2d7c, 0x31db, 0x307b, 0x2e11,
    0x353c, 0x3417, 0x319c, 0x2fe3, 0x2e71, 0x2d60, 0x3337, 0x31ea, 0x302e, 0x343a, 0x32da, 0x30ca,
    0x3493, 0x32f4, 0x309d, 0x3226, 0x30cc, 0x2ef0, 0x3649, 0x342b, 0x3163, 0x34fb, 0x33f2, 0x3193,
    0x354d, 0x3465, 0x3290, 0x3198, 0x3079, 0x2e5c, 0x2fed, 0x2f92, 0x2f46, 0x3117, 0x30b9, 0x3067,
    0x3266, 0x3157, 0x302e, 0x3347, 0x3258, 0x30e4, 0x336d, 0x3258, 0x30e2, 0x3080, 0x3057, 0x2f69,
    0x3202, 0x3178, 0x30b4, 0x3155, 0x30c3, 0x2fb8, 0x31d0, 0x316a, 0x30a7, 0x3305, 0x3168, 0x2e4d,
    0x3352, 0x3190, 0x2fea, 0x302f, 0x2f4d, 0x2e3f, 0x2f38, 0x2f28, 0x2ea4, 0x311d, 0x306e, 0x2f37,
    0x300d, 0x301b, 0x2f72, 0x32af, 0x3174, 0x3019, 0x34bb, 0x33a7, 0x3195, 0x34f2, 0x3361, 0x30af,
    0x3476, 0x3307, 0x30bf, 0x3490, 0x3310, 0x30bf, 0x36ad, 0x3459, 0x30f7, 0x34df, 0x32d1, 0x3023,
    0x3575, 0x3439, 0x3148, 0x360c, 0x344c, 0x3074, 0x35b6, 0x3407, 0x306d, 0x3630, 0x3462, 0x30e8,
    0x30a8, 0x2f45, 0x2d3f, 0x2af4, 0x2995, 0x2728, 0x314c, 0x3040, 0x2dbd, 0x2e7e, 0x2cc5, 0x29b3,
    0x2f0f, 0x2e0c, 0x2c6a, 0x2fdf, 0x2f5a, 0x2eba, 0x2480, 0x22bc, 0x2064, 0x2f2c, 0x2e05, 0x2d61,
    0x2bc1, 0x29db, 0x2862, 0x2bdf, 0x2a80, 0x289a, 0x2c9c, 0x2b24, 0x2934, 0x2d1b, 0x2c55, 0x2b0f,
    0x292a, 0x27dd, 0x25f5, 0x29e8, 0x2849, 0x25f5, 0x2b8a, 0x2962, 0x2764, 0x2c86, 0x2c12, 0x2b17,
    0x2dbe, 0x2d20, 0x2c67, 0x2a96, 0x2aac, 0x2ae2, 0x2bdf, 0x2a7f, 0x297d, 0x301b, 0x2dfc, 0x2bf0,
    0x2f19, 0x2d93, 0x2bfc, 0x2d13, 0x2c36, 0x2b3c, 0x2ebe, 0x2e35, 0x2d64, 0x3017, 0x2e6d, 0x2cbd,
    0x30a6, 0x2f0d, 0x2d03, 0x3322, 0x3111, 0x2e60, 0x308f, 0x2ed2, 0x2c93, 0x3198, 0x3068, 0x2de8,
    0x32f1, 0x315d, 0x2fca, 0x36b9, 0x348e, 0x30f2, 0x31fa, 0x30c8, 0x2f83, 0x3114, 0x3043, 0x2f12,
    0x3459, 0x3290, 0x3053, 0x34c9, 0x332b, 0x3073, 0x35bf, 0x3455, 0x314f, 0x3535, 0x33d8, 0x310b,
    0x3491, 0x336d, 0x314b, 0x34c4, 0x3386, 0x3125, 0x34ac, 0x33cb, 0x31a5, 0x345c, 0x3362, 0x31d4,
    0x3460, 0x3321, 0x3132, 0x3479, 0x3340, 0x3153, 0x33e4, 0x3272, 0x30a8, 0x3486, 0x332b, 0x3135,
    0x32ec, 0x31ad, 0x3034, 0x33aa, 0x32ad, 0x3132, 0x2f58, 0x2e5b, 0x2ccc, 0x3115, 0x30d3, 0x3040,
    0x35c3, 0x3354, 0x3040, 0x317e, 0x30fe, 0x3045, 0x304e, 0x2fe7, 0x2f20, 0x30bc, 0x3070, 0x2ff4,
    0x3052, 0x2fec, 0x2e8b, 0x30b7, 0x3087, 0x3054, 0x2f03, 0x2ede, 0x2eca, 0x323f, 0x3184, 0x30ac,
    0x350a, 0x3333, 0x309d, 0x3452, 0x3303, 0x30f4, 0x348a, 0x3303, 0x30df, 0x34b7, 0x3321, 0x306b,
    0x35cd, 0x33ea, 0x30a0, 0x35c2, 0x3435, 0x3103, 0x367b, 0x34a8, 0x3197, 0x3535, 0x3374, 0x3048,
    0x2c1a, 0x2c27, 0x28a0, 0x2d01, 0x2d80, 0x2b81, 0x2eee, 0x2f2f, 0x2a05, 0x2f8e, 0x2ebb, 0x2c23,
    0x2f2e, 0x2dfc, 0x2c7c, 0x2aa6, 0x29de, 0x2624, 0x256e, 0x2410, 0x2068, 0x2c6c, 0x2b7a, 0x2ac3,
    0x2bcc, 0x2a0a, 0x283d, 0x2c21, 0x2ae9, 0x287b, 0x27c7, 0x25f6, 0x247d, 0x29e8, 0x28d6, 0x2706,
    0x2983, 0x27fb, 0x255b, 0x2b04, 0x296b, 0x2816, 0x2c1f, 0x2ae1, 0x29a5, 0x2cbf, 0x2c15, 0x2acf,
    0x2c05, 0x2ab9, 0x29be, 0x2bb2, 0x2bcf, 0x2c31, 0x2dd4, 0x2d5f, 0x2d45, 0x2deb, 0x2c8a, 0x2ab5,
    0x3429, 0x329b, 0x30b6, 0x2e47, 0x2d46, 0x2c4d, 0x2d22, 0x2c4b, 0x2b33, 0x341f, 0x324e, 0x305d,
    0x2e91, 0x2d50, 0x2c28, 0x34af, 0x32ee, 0x3032, 0x31d9, 0x3052, 0x2dbf, 0x319a, 0x3099, 0x2e72,
    0x34bb, 0x3388, 0x30e1, 0x34ef, 0x3352, 0x311a, 0x35cd, 0x3449, 0x316f, 0x345f, 0x32bc, 0x3089,
    0x3463, 0x32b6, 0x3081, 0x3423, 0x323c, 0x2fd4, 0x3440, 0x323e, 0x2fb3, 0x35b2, 0x3445, 0x317e,
    0x358f, 0x343e, 0x319c, 0x34fb, 0x33ec, 0x31a6, 0x34a7, 0x3326, 0x30b9, 0x34aa, 0x335b, 0x312b,
    0x33d1, 0x3250, 0x308a, 0x3312, 0x31eb, 0x305c, 0x342e, 0x323e, 0x3020, 0x3488, 0x334f, 0x3147,
    0x3393, 0x322c, 0x30a0, 0x3222, 0x3158, 0x2fab, 0x32ec, 0x31da, 0x3050, 0x31b0, 0x314c, 0x3090,
    0x3154, 0x307f, 0x2e49, 0x3166, 0x3122, 0x3094, 0x30cc, 0x30a3, 0x3047, 0x3075, 0x3071, 0x303c,
    0x30fd, 0x3080, 0x2f4e, 0x2fd9, 0x2f84, 0x2ed8, 0x3242, 0x3194, 0x30be, 0x3203, 0x30c8, 0x2eec,
    0x3360, 0x31d3, 0x3054, 0x3131, 0x3005, 0x2e29, 0x3591, 0x343d, 0x311c, 0x3605, 0x34c4, 0x3261,
    0x3595, 0x341f, 0x31a5, 0x3684, 0x34cc, 0x31cc, 0x35a4, 0x3420, 0x30fb, 0x3626, 0x34a5, 0x3150,
    0x2d90, 0x2e0a, 0x2a9c, 0x2e7c, 0x2f43, 0x294a, 0x2fc6, 0x2ed1, 0x2bdf, 0x2ecb, 0x2dd2, 0x2ccf,
    0x2da5, 0x2cff, 0x2bd7, 0x2737, 0x26e5, 0x2472, 0x2570, 0x246d, 0x2109, 0x2c41, 0x2aa2, 0x28f9,
    0x27f2, 0x266a, 0x24e6, 0x2a20, 0x2992, 0x2777, 0x2bcc, 0x2b14, 0x29cf, 0x2cdf, 0x2c1c, 0x2acf,
    0x2a21, 0x2855, 0x25ff, 0x29a0, 0x28f8, 0x286b, 0x2d23, 0x2ca0, 0x2bc4, 0x3156, 0x309a, 0x2f28,
    0x2d40, 0x2cfe, 0x2c83, 0x2e55, 0x2c3f, 0x2a7e, 0x301e, 0x2eb6, 0x2d0f, 0x2c67, 0x2ba8, 0x2a6b,
    0x320e, 0x30a6, 0x2e26, 0x2ff7, 0x2e48, 0x2ccb, 0x2de9, 0x2cac, 0x2b3c, 0x31e8, 0x3048, 0x2d57,
    0x3143, 0x2ff1, 0x2d3c, 0x2ebb, 0x2d9f, 0x2c89, 0x2ff4, 0x2e83, 0x2d48, 0x31f5, 0x3178, 0x30fa,
    0x3145, 0x3020, 0x2db4, 0x34d9, 0x342f, 0x3226, 0x3489, 0x339c, 0x31fc, 0x34f9, 0x33af, 0x316c,
    0x31be, 0x2fff, 0x2d21, 0x3418, 0x3205, 0x2fbe, 0x3418, 0x31e5, 0x2f18, 0x34e7, 0x3363, 0x30c3,
    0x357a, 0x341f, 0x313a, 0x3564, 0x3422, 0x314c, 0x3511, 0x33c9, 0x310f, 0x351a, 0x33dd, 0x3117,
    0x3484, 0x3374, 0x31b3, 0x33a2, 0x3245, 0x30e4, 0x346e, 0x333a, 0x3115, 0x33d6, 0x327a, 0x30dd,
    0x3325, 0x31a8, 0x2fc7, 0x32eb, 0x31c5, 0x3058, 0x3444, 0x330f, 0x3117, 0x3017, 0x2f29, 0x2dca,
    0x30d2, 0x3014, 0x2e32, 0x340c, 0x32ca, 0x3149, 0x3356, 0x325a, 0x30f3, 0x3089, 0x3042, 0x2f01,
    0x311b, 0x3053, 0x2eb0, 0x32b0, 0x3190, 0x302d, 0x3260, 0x314c, 0x2ffe, 0x332a, 0x324e, 0x3119,
    0x3412, 0x3214, 0x300d, 0x3786, 0x3508, 0x31a5, 0x343f, 0x32f9, 0x30f6, 0x33ee, 0x3264, 0x3099,
    0x33ff, 0x3294, 0x3054, 0x33d0, 0x3211, 0x2fef, 0x3538, 0x3412, 0x313e, 0x368c, 0x3506, 0x3290,
    0x2caa, 0x2e5d, 0x2623, 0x2e17, 0x2e70, 0x2877, 0x30c0, 0x3005, 0x2eb8, 0x2906, 0x27a7, 0x252c,
    0x276f, 0x25ed, 0x2357, 0x2b8e, 0x2ab7, 0x273c, 0x24c8, 0x23c0, 0x203a, 0x29d5, 0x2873, 0x26a9,
    0x26a6, 0x241e, 0x21e5, 0x2755, 0x261f, 0x2443, 0x2d39, 0x2bfd, 0x2a8a, 0x296d, 0x28d0, 0x2872,
    0x2a6c, 0x2acd, 0x277a, 0x2c65, 0x2b1e, 0x2915, 0x2e1f, 0x2dc9, 0x2a95, 0x2d09, 0x2c0a, 0x29f8,
    0x2c48, 0x2b71, 0x2a17, 0x2e06, 0x2cf3, 0x2bc5, 0x3097, 0x2eab, 0x2c73, 0x2bbe, 0x2a6a, 0x29c7,
    0x2e8a, 0x2cc9, 0x2a89, 0x2efe, 0x2d11, 0x2ae4, 0x2d68, 0x2c49, 0x2a85, 0x2f57, 0x2de1, 0x2cac,
    0x3627, 0x3539, 0x3418, 0x2fdd, 0x2f2d, 0x2e8f, 0x2db4, 0x2d44, 0x2d11, 0x325d, 0x31ae, 0x30d0,
    0x379b, 0x3617, 0x3428, 0x348c, 0x332e, 0x3145, 0x35a5, 0x346e, 0x31d8, 0x351c, 0x3428, 0x328a,
    0x346c, 0x32c5, 0x30c3, 0x3409, 0x325f, 0x3079, 0x344c, 0x3280, 0x3041, 0x3422, 0x322d, 0x2fdb,
    0x352d, 0x33e3, 0x3111, 0x358e, 0x3441, 0x3175, 0x3559, 0x341f, 0x3144, 0x3396, 0x31de, 0x2fdd,
    0x3617, 0x34b1, 0x323e, 0x34dc, 0x3369, 0x30df, 0x3476, 0x3357, 0x316e, 0x34a9, 0x336a, 0x3169,
    0x3455, 0x3355, 0x318e, 0x33e7, 0x3289, 0x30ac, 0x33d9, 0x3285, 0x3105, 0x3138, 0x307e, 0x2fbe,
    0x343a, 0x3328, 0x3171, 0x32d3, 0x31c1, 0x305c, 0x319f, 0x30dd, 0x2fd7, 0x33bb, 0x3244, 0x306d,
    0x32a8, 0x3191, 0x301e, 0x326f, 0x30ef, 0x2eb9, 0x33b1, 0x31ee, 0x3010, 0x3140, 0x309b, 0x2f89,
    0x30c6, 0x3074, 0x2fa5, 0x30c0, 0x304c, 0x2ef9, 0x3388, 0x317f, 0x2ee5, 0x3515, 0x33d2, 0x3131,
    0x3354, 0x324c, 0x30c0, 0x325d, 0x3178, 0x3008, 0x340a, 0x3269, 0x30a4, 0x343a, 0x3296, 0x3078,
    0x3219, 0x3160, 0x2f7b, 0x320d, 0x3144, 0x3016, 0x2bc6, 0x2a5a, 0x28f8, 0x2cd5, 0x2b0c, 0x28f3,
    0x2e33, 0x2d02, 0x2ac0, 0x2b4b, 0x2a43, 0x276e, 0x2491, 0x2359, 0x2035, 0x2890, 0x26a3, 0x22f1,
    0x24a5, 0x223a, 0x2029, 0x28c3, 0x26b9, 0x24fa, 0x2a54, 0x28a4, 0x26a3, 0x2a38, 0x2886, 0x2696,
    0x2b4d, 0x2a69, 0x2950, 0x2b99, 0x2a82, 0x2a1c, 0x2bd9, 0x2a3f, 0x28ee, 0x2dc7, 0x2e68, 0x2ee3,
    0x2a3a, 0x2904, 0x27dd, 0x2be4, 0x2a9c, 0x29ab, 0x30cd, 0x2eef, 0x2c56, 0x2b3a, 0x2a38, 0x2956,
    0x2cf0, 0x2c15, 0x2abe, 0x2d76, 0x2c70, 0x2b27, 0x2f2d, 0x2dcf, 0x2c7e, 0x3002, 0x2f6a, 0x2eb7,
    0x31b8, 0x30ae, 0x2f3f, 0x306b, 0x2fd6, 0x2e65, 0x3134, 0x30ac, 0x2fe7, 0x305a, 0x2f72, 0x2f04,
    0x3540, 0x3395, 0x30e1, 0x360f, 0x345f, 0x3143, 0x33a0, 0x3275, 0x3102, 0x362e, 0x34de, 0x325f,
    0x35ea, 0x34e8, 0x332f, 0x3190, 0x305d, 0x2e38, 0x34a4, 0x3316, 0x3074, 0x3490, 0x32cc, 0x301e,
    0x34a0, 0x3332, 0x3106, 0x353c, 0x33f3, 0x3130, 0x34a1, 0x334c, 0x30f1, 0x3483, 0x32f5, 0x3080,
    0x34d1, 0x33a7, 0x3149, 0x3422, 0x32a0, 0x307a, 0x344d, 0x32e1, 0x30ca, 0x349b, 0x3380, 0x3164,
    0x346d, 0x3343, 0x312e, 0x341b, 0x32a3, 0x30c4, 0x33d6, 0x3255, 0x3096, 0x3320, 0x317c, 0x2fae,
    0x34ab, 0x333c, 0x3128, 0x32f0, 0x319c, 0x300c, 0x33aa, 0x31e9, 0x3028, 0x3321, 0x31c1, 0x3028,
    0x341f, 0x325f, 0x302b, 0x31e5, 0x30df, 0x2f6c, 0x330c, 0x318b, 0x2fd6, 0x3263, 0x31bd, 0x30bf,
    0x3452, 0x32a2, 0x3041, 0x346f, 0x32ea, 0x30c2, 0x3074, 0x308a, 0x304a, 0x3337, 0x3195, 0x301a,
    0x3436, 0x3288, 0x30b1, 0x3431, 0x3260, 0x3050, 0x3456, 0x3286, 0x3015, 0x3572, 0x343d, 0x315a,
    0x331c, 0x3246, 0x3154, 0x2c10, 0x2b9a, 0x2989, 0x2a9e, 0x2a68, 0x2901, 0x2b6d, 0x2a41, 0x28ef,
    0x2e1d, 0x2cd7, 0x2ae3, 0x294e, 0x2845, 0x25b4, 0x271c, 0x256c, 0x243f, 0x2d48, 0x2bc4, 0x2982,
    0x284d, 0x26a8, 0x24d5, 0x2993, 0x2820, 0x25b5, 0x2b35, 0x2a04, 0x28df, 0x2cb5, 0x2b88, 0x2a67,
    0x2c4f, 0x2b8d, 0x2a4b, 0x2b1d, 0x2a5c, 0x2a36, 0x2995, 0x29f1, 0x2a37, 0x2f93, 0x2faf, 0x2e91,
    0x2e01, 0x2cb7, 0x2aeb, 0x2c96, 0x2bd4, 0x2b04, 0x3037, 0x2f69, 0x2e55, 0x2d3c, 0x2cd6, 0x2c60,
    0x2d21, 0x2c91, 0x2bc8, 0x2da0, 0x2d64, 0x2d1b, 0x32af, 0x3122, 0x2ec9, 0x2e20, 0x2d74, 0x2ca7,
    0x2c9a, 0x2c90, 0x2cae, 0x31ac, 0x3043, 0x2d8c, 0x32d1, 0x3223, 0x3155, 0x2fc1, 0x2eae, 0x2d80,
    0x34bd, 0x33db, 0x318f, 0x345a, 0x333e, 0x31d1, 0x3458, 0x33ed, 0x32fa, 0x3779, 0x3534, 0x31eb,
    0x355c, 0x3403, 0x3104, 0x35b9, 0x3441, 0x31a6, 0x34bb, 0x32ee, 0x305d, 0x3535, 0x3392, 0x3077,
    0x34be, 0x32eb, 0x3020, 0x34f3, 0x3343, 0x3071, 0x34ba, 0x332a, 0x30b4, 0x32c9, 0x3186, 0x2fd7,
    0x3576, 0x342f, 0x3179, 0x3578, 0x3430, 0x3183, 0x353f, 0x3433, 0x31d7, 0x3485, 0x3330, 0x30c0,
    0x3504, 0x33d0, 0x3162, 0x350b, 0x340e, 0x31af, 0x34ae, 0x337c, 0x314b, 0x347d, 0x32f3, 0x30ad,
    0x33b2, 0x3242, 0x3090, 0x345e, 0x32f7, 0x30df, 0x34b0, 0x33a1, 0x315c, 0x307b, 0x3017, 0x2eb3,
    0x3424, 0x3280, 0x306e, 0x33a3, 0x31dc, 0x2fd0, 0x3224, 0x30d8, 0x2ef9, 0x3349, 0x3214, 0x3084,
    0x3273, 0x3131, 0x2fa8, 0x34b0, 0x336f, 0x310f, 0x3248, 0x30cb, 0x2ebc, 0x32cd, 0x31fe, 0x3094,
    0x3437, 0x3217, 0x303c, 0x3104, 0x3027, 0x2e70, 0x313b, 0x30ec, 0x303f, 0x340a, 0x3257, 0x3028,
    0x2c0b, 0x2bd5, 0x2a18, 0x2a67, 0x2a51, 0x292c, 0x293b, 0x2884, 0x27e8, 0x2e8e, 0x2d50, 0x2c88,
    0x2d78, 0x2cad, 0x2adf, 0x26c8, 0x25e1, 0x24ad, 0x2640, 0x25a8, 0x24fd, 0x2951, 0x27ef, 0x2615,
    0x2949, 0x27a7, 0x260b, 0x2998, 0x2818, 0x25b3, 0x2af8, 0x2a23, 0x2954, 0x2ce6, 0x2caa, 0x2c68,
    0x2bd0, 0x2b15, 0x2a33, 0x2c16, 0x2c44, 0x2c55, 0x2c20, 0x2c2c, 0x2c5f, 0x2e1b, 0x2de8, 0x2df2,
    0x330b, 0x3205, 0x30c8, 0x2c16, 0x2b14, 0x29e8, 0x2be3, 0x2b17, 0x29f0, 0x2b6c, 0x29c1, 0x2860,
    0x2c04, 0x2bb3, 0x2b52, 0x2cef, 0x2c47, 0x2b76, 0x33e0, 0x3205, 0x3006, 0x2fbc, 0x2f3c, 0x2e65,
    0x2f2b, 0x2f4e, 0x2ef5, 0x2d94, 0x2ce0, 0x2c92, 0x2fc2, 0x2fb3, 0x2f83, 0x3198, 0x30fe, 0x306a,
    0x318c, 0x3111, 0x3081, 0x3565, 0x349d, 0x3332, 0x348d, 0x337b, 0x31c8, 0x3803, 0x363b, 0x3411,
    0x2f4e, 0x2e0b, 0x2c9e, 0x34cc, 0x3355, 0x30d2, 0x34ef, 0x3353, 0x3090, 0x34ce, 0x3393, 0x316d,
    0x360c, 0x349a, 0x31c5, 0x3509, 0x3364, 0x3094, 0x34f7, 0x338b, 0x3158, 0x34c4, 0x3387, 0x3161,
    0x3495, 0x3337, 0x30fa, 0x34c6, 0x3365, 0x30fe, 0x3548, 0x3408, 0x313b, 0x34cd, 0x3367, 0x30dd,
    0x34fe, 0x33c6, 0x315d, 0x33a9, 0x3209, 0x3040, 0x33b4, 0x3220, 0x304c, 0x354c, 0x3440, 0x31e4,
    0x34c0, 0x339b, 0x315a, 0x34ad, 0x3394, 0x314a, 0x3484, 0x32f2, 0x30ae, 0x3454, 0x32ff, 0x30ad,
    0x33d2, 0x32ac, 0x3012, 0x3446, 0x32f1, 0x3150, 0x3118, 0x3035, 0x2ef6, 0x3256, 0x316c, 0x3004,
    0x3224, 0x314e, 0x3036, 0x34a6, 0x334a, 0x30d9, 0x3434, 0x32da, 0x30a2, 0x3452, 0x32ed, 0x3057,
    0x349a, 0x320b, 0x3012, 0x3341, 0x317a, 0x300f, 0x3105, 0x2fed, 0x2e1d, 0x31bf, 0x3103, 0x3059,
    0x2a42, 0x29a1, 0x28f9, 0x2f03, 0x2d35, 0x2b64, 0x3018, 0x2deb, 0x2cf1, 0x2fef, 0x2e38, 0x2d21,
    0x2d9e, 0x2ca3, 0x2b44, 0x2935, 0x2864, 0x276d, 0x2c6e, 0x2ab2, 0x28c4, 0x2943, 0x2942, 0x28c7,
    0x290c, 0x2891, 0x27f6, 0x2b46, 0x2a07, 0x296b, 0x2e0a, 0x2d75, 0x2ce3, 0x2c34, 0x2c10, 0x2c0c,
    0x2c23, 0x2c06, 0x2c35, 0x2a43, 0x2a0a, 0x29e5, 0x29e6, 0x29d2, 0x29d2, 0x2d21, 0x2d3c, 0x2b1a,
    0x2f88, 0x2dfa, 0x2c4e, 0x2e24, 0x2d2e, 0x2c14, 0x2efd, 0x2d8c, 0x2c5b, 0x2db0, 0x2c55, 0x2a61,
    0x2ca1, 0x2b30, 0x29d3, 0x2e28, 0x2ca9, 0x2b51, 0x306b, 0x2e96, 0x2ca9, 0x2eb5, 0x2e3c, 0x2dc2,
    0x2db7, 0x2d75, 0x2d2c, 0x2fcf, 0x2f45, 0x2ec0, 0x2fcb, 0x2e39, 0x2da4, 0x3085, 0x2f06, 0x2d30,
    0x31b0, 0x3134, 0x3032, 0x335b, 0x31db, 0x3013, 0x32da, 0x3132, 0x2f66, 0x3771, 0x3567, 0x3336,
    0x35c1, 0x34cc, 0x3378, 0x3530, 0x3317, 0x3005, 0x3566, 0x33e9, 0x30d6, 0x350f, 0x333b, 0x3079,
    0x3593, 0x344a, 0x3191, 0x34c6, 0x3371, 0x30f1, 0x34b6, 0x32dc, 0x3013, 0x34a0, 0x32cb, 0x3027,
    0x34e4, 0x3372, 0x30e7, 0x3493, 0x332c, 0x310a, 0x34aa, 0x3305, 0x3091, 0x343f, 0x3293, 0x3083,
    0x33ba, 0x31a4, 0x2f1d, 0x344e, 0x3295, 0x3081, 0x32ac, 0x31af, 0x3058, 0x33d7, 0x3258, 0x3095,
    0x3423, 0x3256, 0x304b, 0x352b, 0x3416, 0x3182, 0x3473, 0x3313, 0x3107, 0x3455, 0x330b, 0x3142,
    0x318a, 0x30d1, 0x3060, 0x3459, 0x3359, 0x314d, 0x3276, 0x313d, 0x3000, 0x3096, 0x2f84, 0x2dbd,
    0x335f, 0x31f2, 0x3048, 0x343d, 0x32bf, 0x30d5, 0x340d, 0x327a, 0x307c, 0x3424, 0x3237, 0x3018,
    0x340d, 0x323e, 0x309b, 0x335b, 0x3189, 0x3007, 0x3099, 0x3034, 0x2f51, 0x3147, 0x3063, 0x2dd6,
    0x2ba0, 0x287f, 0x2545, 0x3106, 0x2e75, 0x2bc0, 0x2da0, 0x2cab, 0x2bd9, 0x3018, 0x2eb2, 0x2d1a,
    0x2dc2, 0x2c87, 0x2aa9, 0x296b, 0x27d9, 0x2559, 0x2ca9, 0x2a1f, 0x26df, 0x28b5, 0x27c9, 0x2637,
    0x28e9, 0x27c0, 0x25f3, 0x2a5b, 0x2a0f, 0x29e0, 0x319a, 0x2ff1, 0x2d49, 0x29ec, 0x2946, 0x292b,
    0x2a08, 0x2a16, 0x2a08, 0x2c75, 0x2c08, 0x2b37, 0x2b0b, 0x2a53, 0x29bb, 0x2e28, 0x2d50, 0x2c5d,
    0x2f31, 0x2dbc, 0x2c34, 0x318e, 0x30b6, 0x2fbc, 0x2bea, 0x2a02, 0x2857, 0x2c67, 0x2afc, 0x2988,
    0x2e7b, 0x2d57, 0x2c2a, 0x2cac, 0x2baa, 0x2a8d, 0x3019, 0x2e6d, 0x2d11, 0x3007, 0x2f0e, 0x2df8,
    0x3510, 0x34b1, 0x33f1, 0x302b, 0x2f58, 0x2e7f, 0x314b, 0x2d82, 0x2a30, 0x32b2, 0x30e1, 0x2ed3,
    0x337a, 0x3222, 0x3083, 0x34a4, 0x33df, 0x3213, 0x35df, 0x34b7, 0x3322, 0x3695, 0x34f0, 0x3235,
    0x36f4, 0x354c, 0x32a8, 0x3717, 0x34fc, 0x31d9, 0x376b, 0x3589, 0x32fa, 0x35b3, 0x340c, 0x30f1,
    0x348d, 0x32ce, 0x30c1, 0x344d, 0x32a8, 0x3087, 0x355a, 0x3445, 0x3183, 0x3240, 0x30ce, 0x2e93,
    0x364c, 0x34d3, 0x3226, 0x3456, 0x3274, 0x301f, 0x33d9, 0x321c, 0x3045, 0x3495, 0x3330, 0x30fc,
    0x34c0, 0x3347, 0x30bb, 0x34c8, 0x336a, 0x312c, 0x34f3, 0x33f2, 0x31b5, 0x33c6, 0x32c1, 0x31ad,
    0x3430, 0x328b, 0x3071, 0x3491, 0x3322, 0x30b7, 0x3475, 0x330c, 0x30af, 0x332f, 0x31a9, 0x2f9b,
    0x32e7, 0x320c, 0x30fd, 0x31ed, 0x30ae, 0x2ed0, 0x3169, 0x3048, 0x2e89, 0x317c, 0x30fb, 0x300c,
    0x3675, 0x3444, 0x3111, 0x32ff, 0x31f2, 0x3057, 0x32a8, 0x2ebc, 0x2ce3, 0x3305, 0x3195, 0x303a,
    0x3444, 0x329f, 0x306a, 0x332d, 0x31ff, 0x309e, 0x3446, 0x32d1, 0x309a, 0x3249, 0x31a4, 0x307d,
    0x2e96, 0x2c84, 0x2b09, 0x2c91, 0x2b5a, 0x2a32, 0x2c9e, 0x2b28, 0x2933, 0x2e12, 0x2d56, 0x2afa,
    0x2aa1, 0x28bc, 0x26da, 0x2883, 0x264d, 0x2234, 0x2861, 0x26b2, 0x2487, 0x28a2, 0x26d5, 0x24d1,
    0x29ce, 0x28a4, 0x27bc, 0x2ab5, 0x29f9, 0x2935, 0x2a9c, 0x2b72, 0x2c05, 0x2c85, 0x2c8f, 0x2c64,
    0x2ae4, 0x2b1e, 0x2b5e, 0x2c26, 0x2b74, 0x2ac8, 0x2a96, 0x28f3, 0x2725, 0x2e0d, 0x2d84, 0x2cdc,
    0x2ec7, 0x2d8c, 0x2c3c, 0x2f6e, 0x2e6c, 0x2d24, 0x2cd5, 0x2c52, 0x2b86, 0x2d41, 0x2c48, 0x2ada,
    0x2d02, 0x2cdb, 0x2cc2, 0x2da0, 0x2cee, 0x2c46, 0x3015, 0x2fc8, 0x2f97, 0x3084, 0x3048, 0x2fcb,
    0x2d83, 0x2d1b, 0x2ca5, 0x2d92, 0x2d12, 0x2d19, 0x2de9, 0x2db0, 0x2e61, 0x3134, 0x301c, 0x2e5b,
    0x327e, 0x3192, 0x304b, 0x335a, 0x3255, 0x313b, 0x3493, 0x33bd, 0x3215, 0x366b, 0x351c, 0x336f,
    0x3809, 0x3651, 0x346a, 0x36d1, 0x34f0, 0x3201, 0x3693, 0x34f6, 0x321e, 0x35d3, 0x3466, 0x321d,
    0x348b, 0x3316, 0x30b7, 0x357a, 0x3415, 0x3104, 0x36d9, 0x3537, 0x3320, 0x34f3, 0x333b, 0x3068,
    0x358a, 0x3418, 0x3170, 0x332a, 0x3165, 0x2f79, 0x33da, 0x321e, 0x300a, 0x3454, 0x329a, 0x3053,
    0x3542, 0x3425, 0x3196, 0x34d8, 0x33a4, 0x3142, 0x346c, 0x32af, 0x307d, 0x343e, 0x337b, 0x31fa,
    0x3400, 0x32b7, 0x3130, 0x3272, 0x30fe, 0x2ed4, 0x346f, 0x32c8, 0x3094, 0x33d5, 0x32aa, 0x30f7,
    0x31e3, 0x30b8, 0x2ec3, 0x3423, 0x3321, 0x3080, 0x32ad, 0x3172, 0x2ff6, 0x30b9, 0x2fd6, 0x2e87,
    0x311b, 0x2fb4, 0x2dc5, 0x313c, 0x313f, 0x30db, 0x2f51, 0x2ed6, 0x2e80, 0x33c8, 0x3214, 0x308a,
    0x32d7, 0x31ce, 0x3055, 0x342f, 0x327f, 0x303d, 0x31d5, 0x3131, 0x300e, 0x333e, 0x31e3, 0x307e,
    0x2ebe, 0x31a1, 0x2ab4, 0x3298, 0x351f, 0x2d18, 0x30a8, 0x338e, 0x2ac7, 0x300c, 0x328b, 0x289b,
    0x2fae, 0x3259, 0x2826, 0x2cd0, 0x307c, 0x260a, 0x2eba, 0x31df, 0x2b20, 0x333c, 0x356c, 0x3424,
    0x2f6e, 0x31d2, 0x2e59, 0x2cf3, 0x3059, 0x2636, 0x35d1, 0x3818, 0x3191, 0x3827, 0x39ab, 0x34f5,
    0x2ff0, 0x3220, 0x2976, 0x3250, 0x349f, 0x2f29, 0x2dda, 0x30b8, 0x298e, 0x2c1d, 0x2df9, 0x2808,
    0x30a9, 0x3315, 0x31c6, 0x29c1, 0x2ca5, 0x248b, 0x2d31, 0x305b, 0x2c4a, 0x309a, 0x32ce, 0x317a,
    0x322c, 0x34de, 0x3465, 0x2d29, 0x30b2, 0x1aca, 0x32fc, 0x3558, 0x3716, 0x323c, 0x34c5, 0x34f5,
    0x2c91, 0x303d, 0x2661, 0x300e, 0x3341, 0x2867, 0x2af4, 0x2fb7, 0x02b2, 0x2a60, 0x2ebe, 0x20a3,
    0x2956, 0x2e27, 0x0a64, 0x23e7, 0x2a70, 0x00de, 0x288c, 0x2d1c, 0x17d0, 0x29a1, 0x2e64, 0x1813,
    0x2a07, 0x2ed7, 0x19ab, 0x2a89, 0x2ed6, 0x0fb1, 0x2c40, 0x2f85, 0x291a, 0x2d90, 0x30b0, 0x2a90,
    0x302e, 0x3291, 0x2d5a, 0x3286, 0x3443, 0x3477, 0x2e5d, 0x30ec, 0x2c48, 0x30d7, 0x3315, 0x2d64,
    0x2bb2, 0x302b, 0x1696, 0x391e, 0x3a84, 0x3a8f, 0x3998, 0x3c00, 0x3c1b, 0x381d, 0x3901, 0x3bfa,
    0x2e74, 0x3140, 0x2eeb, 0x31d1, 0x347f, 0x3161, 0x3569, 0x379e, 0x36ed, 0x33c2, 0x3633, 0x3107,
    0x399b, 0x3b23, 0x3cd3, 0x32bc, 0x356a, 0x2b72, 0x3531, 0x378d, 0x311a, 0x36c0, 0x388d, 0x37a7,
    0x3a5e, 0x3c0e, 0x3cc6, 0x3c7a, 0x3d81, 0x3dd5, 0x40f4, 0x41fc, 0x4484, 0x40ee, 0x41f5, 0x4484,
    0x4105, 0x420b, 0x448f, 0x412a, 0x422e, 0x44a7, 0x412d, 0x423d, 0x44ae, 0x412c, 0x4240, 0x44b1,
    0x4104, 0x4211, 0x44ab, 0x40ac, 0x41bc, 0x4470, 0x40ae, 0x41c0, 0x4477, 0x411f, 0x4229, 0x44b7,
    0x2fbe, 0x3230, 0x2c95, 0x352a, 0x36e9, 0x3787, 0x3254, 0x3491, 0x2e03, 0x2b49, 0x2f31, 0x1318,
    0x2d64, 0x30f0, 0x206d, 0x2af3, 0x2ebf, 0x21d6, 0x32fc, 0x3510, 0x2d8c, 0x3454, 0x35e8, 0x35fd,
    0x3083, 0x32b2, 0x3356, 0x2ebc, 0x317e, 0x2dec, 0x36af, 0x38c0, 0x39b4, 0x3848, 0x3a00, 0x3a20,
    0x3597, 0x37b3, 0x378d, 0x3255, 0x34ef, 0x2fee, 0x30ed, 0x3347, 0x2a9b, 0x31a4, 0x33a3, 0x3262,
    0x3055, 0x3305, 0x2cb8, 0x307e, 0x3297, 0x32a5, 0x2b69, 0x2ac3, 0x2482, 0x349b, 0x36de, 0x35a0,
    0x3367, 0x3576, 0x3546, 0x2f2a, 0x3173, 0x3048, 0x2bc4, 0x2f5c, 0x236e, 0x2c03, 0x3006, 0x2064,
    0x2f11, 0x3233, 0x29ec, 0x2d02, 0x30cf, 0x1d52, 0x283c, 0x2ca8, 0x0599, 0x2670, 0x2bd9, 0x0015,
    0x286d, 0x2d17, 0x12c0, 0x26ac, 0x2c52, 0x092c, 0x28f6, 0x2d63, 0x04b1, 0x2a56, 0x2f55, 0x00a4,
    0x2b38, 0x2fc8, 0x1ca6, 0x304d, 0x332d, 0x2d7c, 0x3894, 0x39ad, 0x3b1b, 0x2c57, 0x2feb, 0x219f,
    0x322c, 0x34a2, 0x2ef6, 0x31de, 0x345a, 0x3023, 0x311d, 0x33d0, 0x2ec5, 0x2f33, 0x3168, 0x26a7,
    0x326a, 0x351a, 0x3057, 0x341e, 0x3636, 0x3315, 0x2ef4, 0x3227, 0x288d, 0x2c46, 0x3018, 0x2376,
    0x3409, 0x3595, 0x356b, 0x2f66, 0x322e, 0x2a38, 0x3162, 0x33f9, 0x3199, 0x3161, 0x341a, 0x30de,
    0x35fb, 0x3825, 0x3499, 0x33e8, 0x35ee, 0x30c6, 0x3957, 0x3aca, 0x3a8e, 0x394f, 0x3ae1, 0x3b22,
    0x382b, 0x3987, 0x3852, 0x3f64, 0x4064, 0x41df, 0x40f6, 0x41f9, 0x4457, 0x4126, 0x4239, 0x44a0,
    0x40fa, 0x4203, 0x4490, 0x411d, 0x4223, 0x44a2, 0x40fb, 0x4219, 0x449e, 0x40b6, 0x41d0, 0x4478,
    0x4088, 0x419d, 0x4460, 0x40b3, 0x41c8, 0x4486, 0x4131, 0x423e, 0x44c2, 0x417a, 0x4289, 0x44e2,
    0x2ff1, 0x3290, 0x2604, 0x349d, 0x3658, 0x35ed, 0x350e, 0x35fb, 0x3315, 0x2eb6, 0x3190, 0x21c1,
    0x315c, 0x3404, 0x2910, 0x348b, 0x367c, 0x2d3a, 0x35d3, 0x382b, 0x344f, 0x3459, 0x3626, 0x33a1,
    0x30c0, 0x33ba, 0x30f1, 0x384e, 0x39ee, 0x3c95, 0x36be, 0x38f3, 0x3af2, 0x3d4a, 0x3f8f, 0x42b3,
    0x3d76, 0x3fde, 0x4347, 0x3cbd, 0x3e89, 0x419c, 0x3105, 0x3418, 0x2c56, 0x32e4, 0x3506, 0x34fc,
    0x3175, 0x32d1, 0x3128, 0x2c5d, 0x2df3, 0x2c08, 0x2ae8, 0x2e9c, 0x264d, 0x2d2e, 0x30df, 0x23bf,
    0x31f3, 0x3409, 0x30ef, 0x361f, 0x3847, 0x3a95, 0x2ab6, 0x2e5a, 0x20dc, 0x2bf8, 0x2fbf, 0x1838,
    0x2cff, 0x30c0, 0x1d57, 0x2bb0, 0x2fc9, 0x1428, 0x2dc7, 0x30a0, 0x226e, 0x296c, 0x2dff, 0x02f7,
    0x25eb, 0x2b4a, 0x0264, 0x248a, 0x29c3, 0x0445, 0x29f8, 0x2e6b, 0x14f5, 0x2bda, 0x2f92, 0x15cc,
    0x2c24, 0x2f96, 0x2159, 0x2c3a, 0x2fd8, 0x21e8, 0x2853, 0x2c42, 0x19b8, 0x29c9, 0x2c90, 0x198c,
    0x29ed, 0x2e0c, 0x152f, 0x2d95, 0x3161, 0x1dbd, 0x300a, 0x32d4, 0x2a14, 0x2922, 0x2a01, 0x23ec,
    0x385c, 0x39c5, 0x3bae, 0x300b, 0x32a2, 0x2d33, 0x2c96, 0x2d10, 0x26e5, 0x333d, 0x35e5, 0x2c82,
    0x31d2, 0x3459, 0x3177, 0x2c90, 0x3024, 0x273e, 0x31ef, 0x3459, 0x319f, 0x35f5, 0x37ee, 0x368a,
    0x344e, 0x368a, 0x2e3b, 0x3457, 0x368c, 0x2e83, 0x3661, 0x388f, 0x3411, 0x3593, 0x37b4, 0x35c9,
    0x396c, 0x3aa1, 0x3ad0, 0x39a0, 0x3af6, 0x3a1a, 0x4123, 0x421f, 0x4492, 0x410f, 0x422b, 0x449c,
    0x4100, 0x4210, 0x44aa, 0x40e0, 0x41f3, 0x447b, 0x40b2, 0x41bb, 0x4478, 0x408b, 0x41a8, 0x446a,
    0x40af, 0x41cb, 0x447a, 0x4130, 0x4248, 0x44bd, 0x4198, 0x42b1, 0x44f9, 0x419c, 0x42b1, 0x44ef,
    0x2dff, 0x30ea, 0x25ed, 0x313d, 0x33ee, 0x2cdb, 0x3693, 0x3850, 0x35ae, 0x2f9d, 0x3215, 0x2a49,
    0x3146, 0x33cc, 0x24ad, 0x328b, 0x34ce, 0x25d2, 0x32b2, 0x3535, 0x2cf0, 0x3478, 0x363f, 0x3581,
    0x346b, 0x36b9, 0x382f, 0x3d76, 0x3fe5, 0x4386, 0x3d7e, 0x3fe2, 0x430b, 0x3d4e, 0x3fbf, 0x431f,
    0x3d4c, 0x3fb9, 0x4340, 0x3d57, 0x3fe2, 0x437f, 0x3a87, 0x3c8c, 0x3f9d, 0x3493, 0x368d, 0x3632,
    0x2aaa, 0x2c88, 0x2ae6, 0x2b6d, 0x2e51, 0x25c1, 0x2c26, 0x2f6f, 0x274e, 0x2f8a, 0x326d, 0x2d5c,
    0x354a, 0x379f, 0x388c, 0x3006, 0x2f07, 0x29bb, 0x2a94, 0x2d06, 0x2442, 0x2ce0, 0x2fd4, 0x2872,
    0x2ea8, 0x31ec, 0x2d30, 0x30e9, 0x32b6, 0x30ec, 0x3270, 0x34bf, 0x2ee6, 0x2bd5, 0x2e64, 0x1cfa,
    0x2a6b, 0x2e54, 0x220d, 0x280a, 0x2c68, 0x1385, 0x2ca0, 0x2ff3, 0x1e71, 0x2f61, 0x30ef, 0x283c,
    0x29f7, 0x2cea, 0x23a9, 0x258e, 0x2a87, 0x04cd, 0x2885, 0x2a8a, 0x1d8b, 0x3218, 0x33b6, 0x2948,
    0x2af9, 0x2dd1, 0x1c3b, 0x2ade, 0x2f79, 0x1ff3, 0x345f, 0x3633, 0x32d1, 0x33c7, 0x3533, 0x30e5,
    0x3202, 0x31a3, 0x2dc5, 0x349f, 0x3699, 0x3622, 0x31e9, 0x338f, 0x3109, 0x2e71, 0x3144, 0x2cbc,
    0x2f5d, 0x325f, 0x2d3f, 0x30b6, 0x3397, 0x2e64, 0x328f, 0x34da, 0x30bd, 0x34de, 0x36c0, 0x34ec,
    0x30b4, 0x3420, 0x201c, 0x2c99, 0x301d, 0x20d4, 0x3072, 0x3363, 0x2865, 0x3394, 0x35fd, 0x2792,
    0x3461, 0x362f, 0x30a2, 0x3433, 0x3676, 0x29a5, 0x3e93, 0x3fc6, 0x412f, 0x3ffb, 0x40e8, 0x42f4,
    0x4054, 0x4165, 0x4418, 0x4068, 0x417a, 0x4462, 0x408a, 0x4197, 0x445d, 0x40db, 0x4208, 0x44a5,
    0x415a, 0x427b, 0x44b9, 0x4198, 0x42a9, 0x44f7, 0x4184, 0x4295, 0x44e1, 0x41ad, 0x42cc, 0x4502,
    0x385a, 0x3a39, 0x3956, 0x2d72, 0x2f86, 0x2629, 0x2f6a, 0x325d, 0x289f, 0x2f3f, 0x31e7, 0x2a1f,
    0x2b3d, 0x2eb6, 0x2615, 0x2d6f, 0x30e6, 0x25b9, 0x32b8, 0x34cb, 0x29fe, 0x33f1, 0x367a, 0x36f9,
    0x30f0, 0x337f, 0x319d, 0x3b50, 0x3cf5, 0x3d75, 0x3da0, 0x4011, 0x4359, 0x3d5d, 0x3ff6, 0x4351,
    0x3d1e, 0x3fa7, 0x433e, 0x3c7f, 0x3e76, 0x4206, 0x38db, 0x3b39, 0x3e8a, 0x2e6a, 0x30cb, 0x2d61,
    0x2c2e, 0x3008, 0x2388, 0x2ea7, 0x3123, 0x28df, 0x2ecc, 0x30df, 0x3032, 0x3471, 0x3698, 0x35b8,
    0x3414, 0x3633, 0x35d5, 0x3a87, 0x3c7f, 0x401f, 0x316b, 0x3282, 0x2f82, 0x29e5, 0x2cfe, 0x2630,
    0x29ec, 0x2b8f, 0x2627, 0x2df1, 0x303d, 0x2ab3, 0x1f96, 0x24f8, 0x0ce7, 0x265f, 0x2a7a, 0x1d4c,
    0x32ab, 0x34ac, 0x2b9f, 0x2b77, 0x2efb, 0x073b, 0x2829, 0x2b14, 0x1c89, 0x2522, 0x2909, 0x134e,
    0x295e, 0x2d50, 0x1d2f, 0x24bb, 0x2a30, 0x0eca, 0x21fd, 0x2531, 0x186c, 0x2791, 0x2a33, 0x16dd,
    0x2c1b, 0x2e65, 0x2398, 0x2ebd, 0x3201, 0x21d6, 0x2db2, 0x2fef, 0x2c2a, 0x30ae, 0x3355, 0x2a66,
    0x3174, 0x326d, 0x3416, 0x31be, 0x345b, 0x3251, 0x345d, 0x3677, 0x3567, 0x341f, 0x3608, 0x3469,
    0x320b, 0x3465, 0x3333, 0x3182, 0x3464, 0x3074, 0x33db, 0x356b, 0x334f, 0x34ae, 0x3670, 0x3328,
    0x3014, 0x32cf, 0x2701, 0x2e4f, 0x310c, 0x2952, 0x2f97, 0x3152, 0x2cc3, 0x30b2, 0x336c, 0x23ac,
    0x2da6, 0x3133, 0x1c31, 0x31e4, 0x34a9, 0x25a3, 0x31bc, 0x348a, 0x2895, 0x380c, 0x39a3, 0x359d,
    0x3f36, 0x4077, 0x4296, 0x3f91, 0x40b4, 0x42c2, 0x4123, 0x422d, 0x4492, 0x4148, 0x426a, 0x44dc,
    0x414f, 0x4275, 0x44e8, 0x4197, 0x42b1, 0x44fc, 0x41a2, 0x42c7, 0x4501, 0x41ad, 0x42d4, 0x4507,
    0x3389, 0x3596, 0x2f3e, 0x3440, 0x3645, 0x3808, 0x2f2c, 0x31f1, 0x2f5d, 0x3071, 0x3292, 0x2d3e,
    0x2f86, 0x327a, 0x2c54, 0x336b, 0x3508, 0x327a, 0x2e21, 0x3076, 0x250a, 0x332c, 0x34d5, 0x35cf,
    0x33f0, 0x3574, 0x30e1, 0x374a, 0x38a6, 0x36bc, 0x3b55, 0x3d13, 0x4077, 0x39a2, 0x3bbb, 0x3e57,
    0x3c5e, 0x3e23, 0x41b1, 0x3db4, 0x403f, 0x4406, 0x3c03, 0x3d9d, 0x4166, 0x3a61, 0x3c52, 0x3f61,
    0x3011, 0x32bb, 0x2c77, 0x2e71, 0x31a7, 0x2a14, 0x2d01, 0x3011, 0x24af, 0x3370, 0x34d3, 0x3559,
    0x3697, 0x38b5, 0x3a7d, 0x302b, 0x338f, 0x306c, 0x3459, 0x3679, 0x374b, 0x2d9a, 0x2eac, 0x2b97,
    0x30df, 0x33c3, 0x33a3, 0x2dda, 0x3116, 0x2e9c, 0x30f6, 0x33f0, 0x2ee5, 0x2b17, 0x2ea4, 0x207f,
    0x2e5b, 0x30e4, 0x2b95, 0x26d5, 0x29a6, 0x13bd, 0x2799, 0x2afe, 0x1491, 0x1e4a, 0x24f7, 0x0b1c,
    0x2676, 0x2a5d, 0x14d6, 0x24f1, 0x2784, 0x0a4c, 0x2ab4, 0x2d8a, 0x10ac, 0x2b16, 0x2e6f, 0x0ef4,
    0x29b0, 0x2d54, 0x1de5, 0x242d, 0x279b, 0x18e3, 0x2f4d, 0x30f4, 0x2360, 0x267c, 0x2975, 0x1a31,
    0x306a, 0x33be, 0x2901, 0x2ef6, 0x2eaf, 0x2831, 0x3c9c, 0x3ddd, 0x408c, 0x36a4, 0x386d, 0x385d,
    0x35d2, 0x37bd, 0x37d1, 0x33f7, 0x3586, 0x334a, 0x34e2, 0x3691, 0x345a, 0x305c, 0x32c5, 0x2b7b,
    0x271d, 0x2b20, 0x165b, 0x2fb7, 0x3171, 0x2ca8, 0x2f3e, 0x3163, 0x2a31, 0x2e75, 0x314b, 0x2768,
    0x2e9c, 0x3143, 0x2460, 0x324b, 0x34fc, 0x2982, 0x3301, 0x3555, 0x2cf9, 0x30df, 0x33be, 0x2ac3,
    0x357a, 0x37da, 0x31db, 0x3c0a, 0x3ced, 0x3c66, 0x40e2, 0x41e0, 0x4426, 0x412e, 0x4258, 0x44b4,
    0x416d, 0x4297, 0x44eb, 0x419a, 0x42c1, 0x4504, 0x41bb, 0x42e7, 0x4517, 0x41ba, 0x42e1, 0x4512,
    0x34a9, 0x36e5, 0x2e2b, 0x3094, 0x3385, 0x26ef, 0x3606, 0x3812, 0x3903, 0x2f95, 0x31a9, 0x2cfd,
    0x2de9, 0x2ff5, 0x297a, 0x3495, 0x3631, 0x34db, 0x3529, 0x37a7, 0x3547, 0x2cd4, 0x302a, 0x2285,
    0x3310, 0x3599, 0x331d, 0x3944, 0x3b49, 0x3c24, 0x3895, 0x39d1, 0x2e64, 0x385a, 0x39fc, 0x3634,
    0x3852, 0x3a14, 0x3517, 0x3c93, 0x3e3c, 0x3f64, 0x3861, 0x3a2d, 0x3c9d, 0x308e, 0x33e1, 0x2ee7,
    0x2fbb, 0x32a5, 0x2a2e, 0x30d0, 0x335d, 0x2f49, 0x329d, 0x34f7, 0x32a4, 0x31d7, 0x3461, 0x31fd,
    0x3382, 0x355d, 0x35e8, 0x32ae, 0x3457, 0x3435, 0x3873, 0x3a94, 0x3d82, 0x313e, 0x33e9, 0x3301,
    0x2f7f, 0x315f, 0x3413, 0x30e9, 0x334d, 0x3384, 0x3018, 0x3202, 0x2860, 0x2a5e, 0x2cc4, 0x246a,
    0x2c02, 0x2edc, 0x2470, 0x3029, 0x3201, 0x32b7, 0x20c8, 0x2657, 0x004b, 0x232f, 0x2872, 0x0d7f,
    0x21eb, 0x25de, 0x0f90, 0x2955, 0x2c6c, 0x193e, 0x2627, 0x2927, 0x18ac, 0x22fb, 0x2610, 0x1145,
    0x241e, 0x287b, 0x18a0, 0x2cfd, 0x303b, 0x19eb, 0x29dd, 0x2aef, 0x1fe8, 0x2c37, 0x3033, 0x139b,
    0x322a, 0x3284, 0x2af3, 0x2f0d, 0x3019, 0x2842, 0x33a6, 0x35f0, 0x31a3, 0x371b, 0x38df, 0x389e,
    0x34b9, 0x3659, 0x3628, 0x3498, 0x366c, 0x3437, 0x302c, 0x32b6, 0x2d38, 0x2c80, 0x3037, 0x218b,
    0x2c8b, 0x2eef, 0x2846, 0x3519, 0x3646, 0x3584, 0x31e3, 0x3435, 0x2dca, 0x2d96, 0x312a, 0x199c,
    0x2e54, 0x30da, 0x268d, 0x2ef4, 0x321f, 0x295c, 0x32e2, 0x34f3, 0x312f, 0x3770, 0x38c5, 0x3745,
    0x3605, 0x380a, 0x35ff, 0x34b7, 0x3704, 0x305a, 0x402b, 0x4129, 0x4315, 0x411f, 0x424a, 0x44e2,
    0x41ab, 0x42c8, 0x4506, 0x41d5, 0x4300, 0x4528, 0x41a6, 0x42c9, 0x4500, 0x41a1, 0x42c5, 0x44fb,
    0x3328, 0x3574, 0x2b60, 0x3409, 0x35ba, 0x2ea1, 0x2f19, 0x3187, 0x3065, 0x2fc2, 0x3270, 0x338b,
    0x3417, 0x35e3, 0x33cd, 0x2d8b, 0x2f77, 0x2a67, 0x3081, 0x3379, 0x3207, 0x3585, 0x3721, 0x36e7,
    0x3431, 0x3628, 0x2a44, 0x3493, 0x369a, 0x2da2, 0x39fc, 0x3be7, 0x3d0b, 0x3234, 0x34e8, 0x334e,
    0x38a8, 0x39c5, 0x3c7b, 0x345a, 0x35aa, 0x3357, 0x3477, 0x36aa, 0x2d0b, 0x3d61, 0x3f71, 0x4272,
    0x36da, 0x3899, 0x3904, 0x334d, 0x3572, 0x30d9, 0x34a3, 0x35ea, 0x3682, 0x35fd, 0x3869, 0x38d0,
    0x34cb, 0x3709, 0x3716, 0x3362, 0x34d1, 0x35b9, 0x3718, 0x38fa, 0x3ab1, 0x3610, 0x38b2, 0x3a61,
    0x39bc, 0x3c32, 0x3f80, 0x2f97, 0x3165, 0x2edd, 0x2fdf, 0x321c, 0x2e9f, 0x2f07, 0x3182, 0x2cc1,
    0x2cec, 0x2e7c, 0x1c98, 0x2e12, 0x318c, 0x2471, 0x286c, 0x2cdc, 0x1849, 0x3033, 0x3210, 0x2f04,
    0x26fb, 0x291b, 0x1da1, 0x26af, 0x28c5, 0x1c96, 0x232e, 0x261a, 0x0da5, 0x2849, 0x2b1e, 0x1f12,
    0x28d8, 0x2c23, 0x1ab6, 0x282e, 0x2ab2, 0x0ed4, 0x2b57, 0x2df2, 0x1f79, 0x31ed, 0x3512, 0x20d4,
    0x2ea0, 0x31e4, 0x207e, 0x326e, 0x344f, 0x2c39, 0x2c76, 0x30a2, 0x082e, 0x2a6a, 0x2e1f, 0x2002,
    0x2f28, 0x322e, 0x25b3, 0x2eca, 0x31c3, 0x24c5, 0x383f, 0x391f, 0x3860, 0x2d04, 0x2fdb, 0x2911,
    0x3124, 0x3360, 0x30b7, 0x365b, 0x3814, 0x37a5, 0x30df, 0x3357, 0x3044, 0x3388, 0x35a9, 0x2cf2,
    0x31ee, 0x343e, 0x3173, 0x347c, 0x3654, 0x3436, 0x32c0, 0x34b7, 0x3107, 0x35b7, 0x3758, 0x36ab,
    0x36e3, 0x3884, 0x3764, 0x3df9, 0x3f65, 0x4093, 0x4158, 0x427c, 0x44d5, 0x419f, 0x42e1, 0x4511,
    0x41bc, 0x42e5, 0x450c, 0x419f, 0x42bf, 0x44f7, 0x41b6, 0x42de, 0x450f, 0x41a1, 0x42c5, 0x44fc,
    0x3286, 0x34b1, 0x3407, 0x310c, 0x33f2, 0x2d3c, 0x2c7c, 0x303e, 0x2584, 0x2f38, 0x3237, 0x32d5,
    0x316b, 0x3463, 0x3530, 0x3212, 0x34b5, 0x3663, 0x318d, 0x3420, 0x30c5, 0x33f0, 0x35b1, 0x2f01,
    0x35b6, 0x37a5, 0x31eb, 0x349e, 0x36d4, 0x2e0b, 0x3488, 0x3658, 0x343b, 0x2b5a, 0x2e86, 0x214f,
    0x3055, 0x327b, 0x3008, 0x30b9, 0x32fa, 0x2c41, 0x3776, 0x38f4, 0x3978, 0x3cc7, 0x3df7, 0x3f7d,
    0x3ad3, 0x3c8a, 0x3f90, 0x3438, 0x358e, 0x3763, 0x39ed, 0x3ba0, 0x3d69, 0x3373, 0x3521, 0x3682,
    0x3197, 0x3497, 0x3317, 0x343e, 0x3666, 0x3585, 0x3475, 0x36a5, 0x35d4, 0x2b07, 0x2db5, 0x2968,
    0x33d9, 0x35cf, 0x3870, 0x2ea5, 0x302a, 0x2411, 0x3503, 0x36f0, 0x38a4, 0x2a19, 0x2b66, 0x1cb0,
    0x3098, 0x32b5, 0x3203, 0x2cfb, 0x302f, 0x2d57, 0x287a, 0x2ce0, 0x1873, 0x281c, 0x2a55, 0x1f16,
    0x2cbd, 0x2f0f, 0x1eda, 0x2565, 0x2982, 0x1cb3, 0x2740, 0x2983, 0x1d14, 0x21e4, 0x2585, 0x11b2,
    0x29f8, 0x2c28, 0x1935, 0x2d4b, 0x2ff3, 0x1f9f, 0x2cfe, 0x3088, 0x162f, 0x30d3, 0x33dc, 0x27ad,
    0x2e54, 0x31ae, 0x1954, 0x3333, 0x346c, 0x2f9d, 0x30d5, 0x333b, 0x2acc, 0x2e1f, 0x317b, 0x1aa1,
    0x2ffb, 0x32e2, 0x1c08, 0x31c1, 0x3443, 0x2d98, 0x338d, 0x348f, 0x32e0, 0x3134, 0x32bb, 0x30db,
    0x3038, 0x3287, 0x28c4, 0x381f, 0x3960, 0x3a9b, 0x3572, 0x3758, 0x362d, 0x37be, 0x38eb, 0x396d,
    0x3132, 0x33d6, 0x2c8e, 0x33a5, 0x35ea, 0x3034, 0x3b4f, 0x3c8b, 0x3d3f, 0x3813, 0x3962, 0x3929,
    0x408e, 0x4192, 0x441c, 0x4180, 0x42ae, 0x4518, 0x4188, 0x42a0, 0x44e8, 0x418c, 0x42b7, 0x44f2,
    0x419c, 0x42c5, 0x44fb, 0x41b4, 0x42d9, 0x450b, 0x41cd, 0x42f6, 0x4513, 0x421a, 0x434a, 0x4542,
    0x315b, 0x3407, 0x2e30, 0x32c5, 0x349e, 0x3412, 0x3185, 0x34b5, 0x345b, 0x3247, 0x3549, 0x3696,
    0x30fa, 0x33e3, 0x3559, 0x36a0, 0x3897, 0x3ab2, 0x316b, 0x33dc, 0x3090, 0x3541, 0x36da, 0x373c,
    0x32cc, 0x33a4, 0x32d1, 0x37bc, 0x3989, 0x384b, 0x392c, 0x3b7a, 0x3c23, 0x350f, 0x36ad, 0x3262,
    0x31c3, 0x3408, 0x2d29, 0x302c, 0x31de, 0x2e41, 0x3826, 0x3979, 0x354d, 0x3b7e, 0x3ccd, 0x3cda,
    0x351c, 0x36fa, 0x30d5, 0x38af, 0x39fd, 0x3a0d, 0x3d6c, 0x3ec8, 0x41a5, 0x36d5, 0x387b, 0x39b8,
    0x3546, 0x379e, 0x37ff, 0x3406, 0x35c8, 0x349c, 0x2d33, 0x315a, 0x22c8, 0x312e, 0x33bf, 0x30d0,
    0x313a, 0x335d, 0x31f7, 0x2bd7, 0x2d86, 0x2dc5, 0x2b54, 0x2def, 0x2261, 0x346a, 0x3570, 0x3871,
    0x2c5c, 0x2f2b, 0x2e86, 0x2dab, 0x301c, 0x244e, 0x3410, 0x34de, 0x2efa, 0x2d52, 0x3089, 0x1f69,
    0x29c7, 0x2d69, 0x10e7, 0x26ad, 0x291f, 0x1a1b, 0x2d3d, 0x3033, 0x2d90, 0x256a, 0x2825, 0x14d5,
    0x29c6, 0x2d1d, 0x0f4d, 0x29ec, 0x2d9f, 0x1932, 0x293f, 0x2cf7, 0x09a6, 0x2d88, 0x311e, 0x1486,
    0x30d9, 0x342e, 0x20be, 0x34e4, 0x34a4, 0x302d, 0x2e86, 0x3173, 0x22f1, 0x2bef, 0x2f88, 0x1d98,
    0x2fe3, 0x3215, 0x24c4, 0x2fb9, 0x32c3, 0x1cca, 0x3086, 0x31c6, 0x28f5, 0x3ae0, 0x3c7e, 0x3d64,
    0x3ef0, 0x4098, 0x434f, 0x3f54, 0x40af, 0x4342, 0x3fce, 0x410d, 0x441e, 0x38a5, 0x39c5, 0x3ad6,
    0x3092, 0x32ae, 0x2def, 0x31cb, 0x3451, 0x2d3e, 0x3435, 0x3651, 0x288a, 0x372b, 0x38d9, 0x30bc,
    0x409d, 0x418f, 0x4408, 0x4176, 0x42aa, 0x44c9, 0x416a, 0x42ac, 0x44f5, 0x41b0, 0x42e1, 0x4509,
    0x4211, 0x434e, 0x4536, 0x424d, 0x4385, 0x4564, 0x4238, 0x4370, 0x454e, 0x4206, 0x4342, 0x4533,
    0x304d, 0x32dd, 0x2aaa, 0x2d06, 0x30a9, 0x28a0, 0x3c5a, 0x3e15, 0x416c, 0x3098, 0x3374, 0x33ee,
    0x31f5, 0x3479, 0x355b, 0x31fb, 0x34c3, 0x35cb, 0x311d, 0x338b, 0x33d2, 0x2e38, 0x311e, 0x269d,
    0x310f, 0x3380, 0x2c2e, 0x3904, 0x3a9b, 0x3c24, 0x3c66, 0x3de2, 0x4024, 0x3cf2, 0x3ea1, 0x40c0,
    0x393a, 0x3b29, 0x3d15, 0x3c50, 0x3db9, 0x4050, 0x3b29, 0x3ca8, 0x3d2e, 0x3ca4, 0x3e4d, 0x4098,
    0x3cd7, 0x3e80, 0x4160, 0x3081, 0x320f, 0x292f, 0x3b63, 0x3ca6, 0x3f70, 0x3248, 0x3463, 0x3658,
    0x3787, 0x395c, 0x3ae7, 0x36cd, 0x38a6, 0x3918, 0x3577, 0x37cc, 0x380d, 0x3279, 0x33b5, 0x299e,
    0x242e, 0x2852, 0x1549, 0x2e61, 0x307f, 0x2c18, 0x2732, 0x2952, 0x159a, 0x2e17, 0x3050, 0x2ed3,
    0x2a75, 0x2d7a, 0x1d2e, 0x2ac7, 0x2d0c, 0x28f4, 0x1de6, 0x23d9, 0x0b46, 0x2cb2, 0x2ed4, 0x21a5,
    0x30a8, 0x3222, 0x308a, 0x2697, 0x2980, 0x1a0f, 0x2b2c, 0x2d50, 0x24a2, 0x2560, 0x2864, 0x095e,
    0x2e99, 0x30d5, 0x2a9a, 0x311b, 0x3376, 0x3222, 0x2f74, 0x3157, 0x2e4d, 0x309d, 0x32e5, 0x2f19,
    0x34db, 0x36e9, 0x35d9, 0x2f45, 0x2d67, 0x2840, 0x37a7, 0x3947, 0x3813, 0x368e, 0x3832, 0x38a7,
    0x34f4, 0x36e0, 0x3586, 0x3ced, 0x3e3a, 0x4066, 0x30d2, 0x33cc, 0x2e9a, 0x344c, 0x365d, 0x27e3,
    0x3834, 0x398d, 0x38f2, 0x3c62, 0x3d85, 0x3e47, 0x342e, 0x35f7, 0x33a8, 0x2ddd, 0x30b0, 0x28f7,
    0x3739, 0x3873, 0x38f7, 0x3808, 0x3921, 0x399d, 0x3915, 0x3a81, 0x3b42, 0x35b0, 0x37f3, 0x2f5f,
    0x366a, 0x3850, 0x3570, 0x413b, 0x424f, 0x447f, 0x420c, 0x433f, 0x453b, 0x4255, 0x4390, 0x4562,
    0x4247, 0x437e, 0x4550, 0x41ff, 0x432b, 0x452e, 0x41de, 0x4318, 0x451e, 0x41f4, 0x432d, 0x452b,
    0x309d, 0x33dc, 0x2244, 0x31e4, 0x3503, 0x2051, 0x386d, 0x3a14, 0x3b7a, 0x3902, 0x3a78, 0x3c2f,
    0x32dc, 0x3520, 0x3620, 0x2f13, 0x31c3, 0x3248, 0x2e3b, 0x3128, 0x2e33, 0x35c8, 0x3775, 0x3907,
    0x2e7d, 0x3149, 0x2733, 0x35fa, 0x3828, 0x342d, 0x3c9d, 0x3e45, 0x4081, 0x30b9, 0x335f, 0x31a1,
    0x324f, 0x348b, 0x3103, 0x3d9b, 0x3edf, 0x4083, 0x3cdc, 0x3e44, 0x40d1, 0x3ef2, 0x40da, 0x446a,
    0x38e3, 0x3a1e, 0x3b74, 0x3041, 0x3153, 0x3007, 0x3b2b, 0x3c8e, 0x3e9c, 0x2c90, 0x2ed5, 0x3033,
    0x3d97, 0x3f88, 0x4251, 0x3476, 0x36c2, 0x38ac, 0x3898, 0x3a62, 0x3d7d, 0x3ae2, 0x3c5d, 0x3ea3,
    0x2ecb, 0x30df, 0x2e65, 0x2b60, 0x2d69, 0x2b59, 0x221b, 0x2583, 0x1404, 0x2537, 0x2970, 0x1af0,
    0x299e, 0x2d97, 0x1bdd, 0x2921, 0x2c33, 0x205c, 0x2553, 0x2857, 0x1b67, 0x2dcf, 0x3016, 0x2c6b,
    0x2806, 0x2989, 0x1bad, 0x23fb, 0x27c1, 0x18f1, 0x1f65, 0x252c, 0x0b1e, 0x2989, 0x2bec, 0x2375,
    0x2d21, 0x2f10, 0x2151, 0x2507, 0x28b9, 0x1c2e, 0x3415, 0x352c, 0x361d, 0x3050, 0x3316, 0x2b03,
    0x3b9b, 0x3d34, 0x3f46, 0x380a, 0x38f5, 0x3b8a, 0x3560, 0x3739, 0x3678, 0x3a5c, 0x3c1b, 0x3d16,
    0x30f4, 0x337f, 0x3167, 0x3060, 0x31c3, 0x2a4f, 0x3173, 0x3442, 0x2cdf, 0x3375, 0x3573, 0x2bfa,
    0x3613, 0x3817, 0x33fa, 0x394e, 0x3aa7, 0x39c8, 0x34e7, 0x3615, 0x3708, 0x304e, 0x3248, 0x3168,
    0x302f, 0x31fb, 0x2ff1, 0x3be7, 0x3d0a, 0x3e7a, 0x40e2, 0x420c, 0x4488, 0x40a3, 0x4197, 0x43ba,
    0x419f, 0x42d2, 0x44e7, 0x41dd, 0x4301, 0x451e, 0x421a, 0x4349, 0x453a, 0x4217, 0x4351, 0x4539,
    0x4206, 0x4345, 0x452d, 0x4219, 0x4370, 0x454b, 0x4258, 0x439b, 0x4556, 0x42a8, 0x43df, 0x457b,
    0x3129, 0x343e, 0x2e26, 0x2db3, 0x30bc, 0x2119, 0x30d1, 0x33f6, 0x1cfa, 0x37ca, 0x390f, 0x383a,
    0x2dd8, 0x3065, 0x2e37, 0x306e, 0x32a2, 0x32b8, 0x3007, 0x31f3, 0x3223, 0x32f2, 0x3541, 0x35e4,
    0x38bf, 0x3a60, 0x3cff, 0x30cf, 0x3337, 0x2b89, 0x3973, 0x3b9b, 0x3b20, 0x36dd, 0x388d, 0x38b1,
    0x3c47, 0x3ddc, 0x40a6, 0x3b50, 0x3d0a, 0x3eda, 0x3fbe, 0x4152, 0x44a9, 0x3ec3, 0x40ab, 0x4420,
    0x3c32, 0x3dad, 0x40ca, 0x3962, 0x3b6d, 0x3e24, 0x3936, 0x3b07, 0x3c63, 0x2890, 0x2c1e, 0x26e0,
    0x3856, 0x399f, 0x3bbf, 0x3cc8, 0x3ee9, 0x428c, 0x37b9, 0x396b, 0x3ba2, 0x30ae, 0x3398, 0x336a,
    0x3502, 0x373f, 0x3871, 0x23fe, 0x28b2, 0x11c6, 0x266d, 0x2874, 0x1be8, 0x2557, 0x2a85, 0x0b69,
    0x2850, 0x2b3d, 0x2065, 0x24b0, 0x2742, 0x13e0, 0x2b98, 0x2d10, 0x2c77, 0x272a, 0x29c8, 0x14f5,
    0x283d, 0x2904, 0x1c5e, 0x2748, 0x29a9, 0x1eff, 0x206c, 0x24f2, 0x1903, 0x277b, 0x2a4c, 0x2714,
    0x2487, 0x27f2, 0x1305, 0x2627, 0x2a29, 0x20f1, 0x2dd2, 0x310d, 0x28fe, 0x38c0, 0x3aa1, 0x3c96,
    0x3358, 0x34d9, 0x3458, 0x32f2, 0x34b3, 0x3387, 0x3617, 0x381a, 0x37b9, 0x34af, 0x3665, 0x3580,
    0x326c, 0x3387, 0x30a6, 0x34d4, 0x36c7, 0x34ba, 0x3289, 0x3555, 0x1fc0, 0x37e8, 0x393d, 0x3799,
    0x4083, 0x41a1, 0x443d, 0x36ee, 0x3868, 0x397f, 0x2f32, 0x318a, 0x2d66, 0x2d3c, 0x306c, 0x2859,
    0x327a, 0x3491, 0x3247, 0x3bae, 0x3c9c, 0x3da1, 0x41ac, 0x42d1, 0x44e9, 0x41e4, 0x4334, 0x44dc,
    0x41ff, 0x4335, 0x4540, 0x4252, 0x43a6, 0x455a, 0x4274, 0x43b9, 0x4567, 0x42ef, 0x4412, 0x45a5,
    0x4341, 0x4440, 0x45cb, 0x4379, 0x4454, 0x45d7, 0x43bd, 0x446e, 0x45e6, 0x4408, 0x4494, 0x4605,
    0x313a, 0x33f1, 0x306e, 0x3086, 0x32ac, 0x30fe, 0x3139, 0x33f6, 0x2f84, 0x2da1, 0x30f8, 0x263b,
    0x320b, 0x347f, 0x3526, 0x339e, 0x3529, 0x365c, 0x3575, 0x3759, 0x388a, 0x37bc, 0x3937, 0x3b17,
    0x3342, 0x3533, 0x31d1, 0x3987, 0x3b28, 0x3cee, 0x3025, 0x3243, 0x281a, 0x34b8, 0x3651, 0x313f,
    0x341d, 0x35da, 0x34d3, 0x377f, 0x390b, 0x3a08, 0x3701, 0x38f3, 0x3a00, 0x3c4a, 0x3d8b, 0x4053,
    0x394f, 0x3abd, 0x3c8a, 0x2b7e, 0x2d62, 0x286c, 0x2f6c, 0x3103, 0x3265, 0x2196, 0x24e6, 0x19ce,
    0x25ae, 0x29c3, 0x20a1, 0x36fc, 0x38a5, 0x3b79, 0x39d2, 0x3c0c, 0x3e1d, 0x34c1, 0x35d7, 0x3874,
    0x2a65, 0x2d4c, 0x2ca4, 0x2e33, 0x3014, 0x318b, 0x2556, 0x28cd, 0x1ef4, 0x2364, 0x263c, 0x19a4,
    0x24e5, 0x2819, 0x1bc1, 0x2c73, 0x2e76, 0x27d9, 0x32a2, 0x3417, 0x3480, 0x192e, 0x208f, 0x0d41,
    0x2a09, 0x2c5e, 0x24ef, 0x2763, 0x2a8a, 0x237a, 0x2513, 0x2834, 0x200a, 0x20e0, 0x2492, 0x129f,
    0x20cf, 0x257c, 0x1142, 0x28f4, 0x2bbd, 0x211a, 0x393d, 0x3b57, 0x3de6, 0x375d, 0x3930, 0x3cba,
    0x35a3, 0x37c1, 0x3721, 0x2d3c, 0x2ddc, 0x2b87, 0x335a, 0x34af, 0x3421, 0x3655, 0x382d, 0x3838,
    0x355c, 0x3737, 0x36b1, 0x3c32, 0x3d4f, 0x3f8a, 0x3a8e, 0x3c0d, 0x3ce2, 0x35bc, 0x3798, 0x34b6,
    0x349a, 0x3620, 0x3229, 0x3460, 0x364c, 0x300b, 0x31cb, 0x3415, 0x30c6, 0x37fa, 0x38cc, 0x3940,
    0x3964, 0x3a78, 0x3aab, 0x3748, 0x3879, 0x36d5, 0x41f3, 0x4309, 0x4507, 0x4287, 0x43c7, 0x4585,
    0x430c, 0x4425, 0x45b6, 0x43c3, 0x4482, 0x4606, 0x4409, 0x4498, 0x460d, 0x442b, 0x44bc, 0x4623,
    0x4478, 0x4502, 0x466a, 0x449e, 0x451b, 0x4666, 0x44b5, 0x4530, 0x467b, 0x44cc, 0x4554, 0x4698,
    0x3492, 0x35f8, 0x3563, 0x35e2, 0x380a, 0x3936, 0x34dd, 0x36bf, 0x37d8, 0x3302, 0x3585, 0x3510,
    0x3281, 0x34e6, 0x2eb8, 0x34dc, 0x3706, 0x3826, 0x387a, 0x3a0b, 0x3c80, 0x2bdb, 0x2f5a, 0x28b6,
    0x2e38, 0x315b, 0x2950, 0x2f5b, 0x3243, 0x2cbf, 0x2d7f, 0x3050, 0x250e, 0x2fd8, 0x323f, 0x21e9,
    0x31de, 0x3428, 0x31c9, 0x34a6, 0x361b, 0x36ba, 0x2d12, 0x30b0, 0x2415, 0x3234, 0x3469, 0x3285,
    0x313a, 0x3367, 0x31b8, 0x2979, 0x2c6a, 0x2b28, 0x2674, 0x28c5, 0x1914, 0x23d0, 0x255d, 0x1e2d,
    0x2d0f, 0x2eed, 0x297d, 0x2c48, 0x2e70, 0x29cc, 0x2898, 0x2ad6, 0x1c2a, 0x394a, 0x3bb3, 0x3e91,
    0x28c5, 0x2b27, 0x26ed, 0x280b, 0x2b27, 0x2114, 0x2665, 0x28f9, 0x1f2e, 0x1cfb, 0x21db, 0x0435,
    0x1cd4, 0x2118, 0x03e2, 0x20eb, 0x24ce, 0x1755, 0x1b57, 0x2055, 0x06f5, 0x214a, 0x24b0, 0x180f,
    0x2696, 0x2970, 0x2339, 0x2826, 0x28b9, 0x216e, 0x1c43, 0x1ff2, 0x0db7, 0x2a5d, 0x2d1a, 0x256a,
    0x21ce, 0x257e, 0x18a8, 0x39fb, 0x3c29, 0x3e57, 0x37cb, 0x39a9, 0x3cdb, 0x391b, 0x3a93, 0x3d32,
    0x355a, 0x373d, 0x3856, 0x36e2, 0x38d3, 0x3a0c, 0x389c, 0x3841, 0x384b, 0x3c88, 0x3d69, 0x400d,
    0x3dc5, 0x3f91, 0x4173, 0x36a8, 0x3891, 0x3836, 0x35a0, 0x3743, 0x3592, 0x3885, 0x398b, 0x38b9,
    0x3c6d, 0x3d59, 0x3e32, 0x4204, 0x4330, 0x4539, 0x3f84, 0x4071, 0x41f4, 0x4294, 0x43c2, 0x4561,
    0x4245, 0x436e, 0x452f, 0x4329, 0x441e, 0x45af, 0x43e8, 0x447b, 0x45ff, 0x4449, 0x44c8, 0x462c,
    0x4483, 0x44ff, 0x4653, 0x44e5, 0x4558, 0x46a4, 0x44ea, 0x4553, 0x4695, 0x4491, 0x4503, 0x461c,
    0x451a, 0x459d, 0x46b4, 0x4538, 0x4597, 0x46c8, 0x44ee, 0x4552, 0x466b, 0x4458, 0x44a7, 0x4585,
    0x2ef2, 0x308b, 0x2e94, 0x3cfc, 0x3ebb, 0x4121, 0x3f54, 0x40f3, 0x43de, 0x3965, 0x3b50, 0x3d00,
    0x318a, 0x3434, 0x34a8, 0x30d7, 0x3307, 0x317b, 0x2d3e, 0x3056, 0x2c20, 0x2981, 0x2df9, 0x1fff,
    0x2de3, 0x3161, 0x2c88, 0x2de0, 0x30a8, 0x2cb2, 0x3139, 0x33c9, 0x312b, 0x3018, 0x31df, 0x28e5,
    0x34d8, 0x364b, 0x331e, 0x2ee1, 0x32a5, 0x20eb, 0x2d5d, 0x3051, 0x28f3, 0x2d10, 0x3054, 0x223d,
    0x34af, 0x35b8, 0x365f, 0x2343, 0x26fc, 0x1da1, 0x2c5c, 0x2dd5, 0x2cc3, 0x2cf7, 0x2e85, 0x2958,
    0x2835, 0x299f, 0x23a0, 0x30a9, 0x32a8, 0x3431, 0x30e7, 0x331f, 0x3292, 0x2c52, 0x2e83, 0x2d22,
    0x248f, 0x27ba, 0x186c, 0x1c49, 0x2198, 0x084b, 0x25dd, 0x28d6, 0x2017, 0x2596, 0x2606, 0x1dc7,
    0x1fc3, 0x22c5, 0x1264, 0x2615, 0x2936, 0x1d80, 0x29a7, 0x2c50, 0x216a, 0x1e10, 0x21d4, 0x10d6,
    0x21ec, 0x25e9, 0x1c8e, 0x282b, 0x2a3a, 0x23af, 0x24ac, 0x2822, 0x1bd7, 0x1deb, 0x2273, 0x19ca,
    0x3223, 0x3444, 0x36d2, 0x1f45, 0x21e3, 0x1a4d, 0x3d37, 0x3f88, 0x424d, 0x3088, 0x3292, 0x3498,
    0x3943, 0x3b7f, 0x3dd3, 0x382a, 0x39b8, 0x3a5e, 0x2e72, 0x2cc4, 0x29c1, 0x3f21, 0x4060, 0x4269,
    0x4113, 0x424c, 0x44c6, 0x41de, 0x4312, 0x4531, 0x3ea0, 0x3ffd, 0x417c, 0x41c7, 0x42ea, 0x44ef,
    0x424c, 0x4385, 0x4556, 0x428e, 0x43ba, 0x4575, 0x433e, 0x4430, 0x45c3, 0x43b9, 0x4467, 0x45f3,
    0x43e7, 0x447b, 0x45e7, 0x4478, 0x44e6, 0x463c, 0x44cb, 0x4534, 0x4677, 0x450c, 0x4572, 0x4699,
    0x453a, 0x459c, 0x46b2, 0x44b3, 0x4515, 0x4615, 0x3dd9, 0x3e7c, 0x3f18, 0x43e3, 0x4454, 0x4500,
    0x4561, 0x45d0, 0x46e6, 0x44cc, 0x4522, 0x45fb, 0x42af, 0x432c, 0x440e, 0x3fc7, 0x402d, 0x40c4,
    0x3056, 0x3341, 0x3068, 0x3073, 0x313a, 0x3037, 0x3b76, 0x3cf8, 0x3f8a, 0x3242, 0x34b5, 0x3434,
    0x3881, 0x39b9, 0x3b33, 0x2d17, 0x3052, 0x2991, 0x319a, 0x33c4, 0x32b7, 0x2d6c, 0x305b, 0x2b60,
    0x2c51, 0x2feb, 0x22cc, 0x30b5, 0x3315, 0x314b, 0x307f, 0x32ab, 0x2f48, 0x3462, 0x3630, 0x2fc5,
    0x32a1, 0x33b4, 0x2c68, 0x3539, 0x3654, 0x3152, 0x35fb, 0x3799, 0x347f, 0x389a, 0x3a35, 0x3bdb,
    0x295f, 0x2cdd, 0x2152, 0x3ca6, 0x3e05, 0x407a, 0x3290, 0x340c, 0x3347, 0x2c8f, 0x2d8d, 0x299c,
    0x26e3, 0x296b, 0x1818, 0x27bb, 0x2558, 0x2139, 0x2f91, 0x316b, 0x29c2, 0x1fe4, 0x23c1, 0x0f40,
    0x233f, 0x25c2, 0x1576, 0x29bc, 0x2c1f, 0x1813, 0x2074, 0x21ca, 0x1864, 0x263e, 0x25d4, 0x24fe,
    0x24e0, 0x2737, 0x22f0, 0x237f, 0x2684, 0x1a85, 0x24a7, 0x282b, 0x2006, 0x1e26, 0x21b8, 0x0d75,
    0x2216, 0x2496, 0x1738, 0x1aee, 0x1cec, 0x0f3e, 0x22a0, 0x2628, 0x1e18, 0x22f5, 0x2421, 0x1bc5,
    0x25fe, 0x2765, 0x2102, 0x293a, 0x2c85, 0x2855, 0x3170, 0x33a6, 0x3464, 0x3d35, 0x3ee2, 0x4118,
    0x4040, 0x4172, 0x4467, 0x3de0, 0x3f59, 0x4164, 0x3ab8, 0x3c35, 0x3d42, 0x3c44, 0x3c68, 0x3dbb,
    0x4233, 0x4377, 0x4553, 0x4296, 0x43c1, 0x458b, 0x42d7, 0x4402, 0x45b2, 0x42dd, 0x4402, 0x4595,
    0x43ca, 0x446b, 0x45f1, 0x4426, 0x44ab, 0x461b, 0x445e, 0x44d4, 0x463c, 0x44bf, 0x4527, 0x4682,
    0x44e1, 0x4543, 0x4689, 0x44ff, 0x4565, 0x4678, 0x4053, 0x40aa, 0x411d, 0x424e, 0x42fd, 0x438b,
    0x408a, 0x40e6, 0x4166, 0x3b53, 0x3c2b, 0x3bfa, 0x344f, 0x35a7, 0x338f, 0x3b0b, 0x3c16, 0x3b68,
    0x41a0, 0x421e, 0x42ea, 0x426b, 0x4303, 0x4424, 0x3540, 0x3601, 0x3542, 0x38ad, 0x3949, 0x3927,
    0x35f6, 0x38a8, 0x3a51, 0x2e31, 0x3130, 0x2adc, 0x3a09, 0x3c67, 0x3e31, 0x3ba9, 0x3d43, 0x4006,
    0x35a4, 0x37b2, 0x3833, 0x2f8b, 0x3224, 0x2da3, 0x2dd8, 0x3130, 0x28e5, 0x30e9, 0x330f, 0x311e,
    0x2cdc, 0x3025, 0x233c, 0x31eb, 0x348a, 0x306f, 0x37e8, 0x392d, 0x395d, 0x3f48, 0x40df, 0x435f,
    0x37b7, 0x38dc, 0x35f9, 0x31a8, 0x3308, 0x285a, 0x2572, 0x2916, 0x22e1, 0x2b18, 0x2d04, 0x27dd,
    0x215e, 0x24c8, 0x1d39, 0x3315, 0x34c8, 0x3558, 0x2c08, 0x2bca, 0x2719, 0x276c, 0x272b, 0x1a6c,
    0x287c, 0x2a2c, 0x1749, 0x2681, 0x2828, 0x169b, 0x2cd0, 0x2ed5, 0x2c67, 0x239d, 0x2421, 0x1e9e,
    0x2497, 0x2912, 0x1281, 0x2f0f, 0x3046, 0x2446, 0x2949, 0x2c49, 0x21ff, 0x248d, 0x26e5, 0x2312,
    0x24ed, 0x26d1, 0x1b0e, 0x2175, 0x2423, 0x196a, 0x1b19, 0x1f24, 0x0cf9, 0x1e6c, 0x21d7, 0x15dd,
    0x257b, 0x285e, 0x1c1d, 0x259e, 0x2819, 0x1450, 0x29c8, 0x2c21, 0x2023, 0x1eb8, 0x21a0, 0x1462,
    0x2506, 0x27f9, 0x228d, 0x20f8, 0x2279, 0x143f, 0x31d9, 0x3206, 0x2de5, 0x36bb, 0x381c, 0x382d,
    0x38a4, 0x39f5, 0x3ba2, 0x3205, 0x341f, 0x32c5, 0x397e, 0x3acd, 0x3b89, 0x3533, 0x34e6, 0x350b,
    0x3c6e, 0x3c4c, 0x3cc1, 0x43d3, 0x447a, 0x4619, 0x4454, 0x44d3, 0x4638, 0x4454, 0x44d8, 0x463e,
    0x4483, 0x44f5, 0x4657, 0x44cb, 0x452d, 0x4682, 0x44eb, 0x454c, 0x4687, 0x43bd, 0x4428, 0x44ed,
    0x3d3c, 0x3dc2, 0x3dbe, 0x3793, 0x3874, 0x3712, 0x3956, 0x3a5a, 0x3980, 0x355b, 0x36f0, 0x34c8,
    0x3623, 0x3763, 0x353b, 0x2d70, 0x307b, 0x2adf, 0x2d1f, 0x3090, 0x2907, 0x423c, 0x42f0, 0x4416,
    0x44cc, 0x454a, 0x4668, 0x4471, 0x44f0, 0x45cc, 0x32bb, 0x3435, 0x337c, 0x2c2c, 0x2e38, 0x2a22,
    0x3165, 0x3407, 0x3249, 0x3258, 0x352d, 0x34ae, 0x38a1, 0x3aef, 0x3d0b, 0x3532, 0x37be, 0x3863,
    0x358c, 0x3808, 0x38a3, 0x30fb, 0x3326, 0x302a, 0x35c5, 0x37c1, 0x386c, 0x2ee5, 0x318e, 0x2e75,
    0x304c, 0x332f, 0x2fba, 0x361d, 0x383c, 0x38ac, 0x3589, 0x383a, 0x38db, 0x33c8, 0x357e, 0x32dc,
    0x39df, 0x3bcf, 0x3cbc, 0x4001, 0x415a, 0x43be, 0x2ed8, 0x30d0, 0x28ae, 0x21da, 0x2427, 0x1f76,
    0x34d0, 0x355b, 0x36dc, 0x272c, 0x2999, 0x211a, 0x3ec0, 0x40b4, 0x42a0, 0x3bf0, 0x3d98, 0x40ab,
    0x28f7, 0x29d1, 0x2918, 0x30e6, 0x31b2, 0x32f4, 0x29aa, 0x2af4, 0x20ba, 0x2487, 0x2580, 0x1c2f,
    0x2cad, 0x2d37, 0x25ee, 0x25b6, 0x272c, 0x205c, 0x234f, 0x2469, 0x1e0c, 0x2783, 0x294d, 0x24b7,
    0x24ec, 0x26ae, 0x1d0b, 0x222a, 0x24c9, 0x1928, 0x1e12, 0x2010, 0x164d, 0x286a, 0x2a4d, 0x2c0a,
    0x23ee, 0x2408, 0x1d0f, 0x2342, 0x2378, 0x1acc, 0x297c, 0x2a56, 0x232d, 0x2c58, 0x2c67, 0x273a,
    0x2f85, 0x30ff, 0x3125, 0x363c, 0x37b0, 0x396d, 0x3bb2, 0x3cad, 0x3e6d, 0x3656, 0x3826, 0x3835,
    0x320d, 0x3400, 0x32d7, 0x3846, 0x3912, 0x3968, 0x2cd8, 0x3008, 0x258c, 0x28ac, 0x285f, 0x2605,
    0x4250, 0x42df, 0x4461, 0x44a1, 0x4513, 0x467b, 0x44a0, 0x4512, 0x4659, 0x44bc, 0x452b, 0x4673,
    0x44f7, 0x4558, 0x4697, 0x44f4, 0x4550, 0x467a, 0x4507, 0x4568, 0x4699, 0x44db, 0x4540, 0x466f,
    0x4061, 0x40cc, 0x416a, 0x311e, 0x32cf, 0x30fe, 0x30ef, 0x3354, 0x2bf7, 0x2f6d, 0x31f3, 0x2b80,
    0x2e27, 0x308a, 0x2d3b, 0x37ef, 0x38a8, 0x3860, 0x36b5, 0x3822, 0x36ba, 0x34e6, 0x361b, 0x34b2,
    0x39fe, 0x3b0b, 0x3aa5, 0x3ad6, 0x3c0e, 0x3b3c, 0x3106, 0x32eb, 0x2ec9, 0x303d, 0x3136, 0x2e00,
    0x39cc, 0x3c86, 0x3f08, 0x3de2, 0x4072, 0x4328, 0x358b, 0x3870, 0x38bc, 0x404d, 0x4286, 0x45b2,
    0x3f0f, 0x4130, 0x4433, 0x2e9a, 0x312b, 0x2f09, 0x300c, 0x3222, 0x30f5, 0x3089, 0x32d2, 0x314d,
    0x2ffc, 0x3285, 0x2c8d, 0x3581, 0x37cf, 0x386f, 0x3804, 0x39cf, 0x3b69, 0x3832, 0x3977, 0x3a97,
    0x2c71, 0x2e1e, 0x2975, 0x34b1, 0x35d4, 0x3623, 0x36d5, 0x382c, 0x38fb, 0x3038, 0x318f, 0x2eed,
    0x3709, 0x383f, 0x396c, 0x2c02, 0x2ee4, 0x2561, 0x3c28, 0x3d71, 0x3f01, 0x409a, 0x42c0, 0x45d6,
    0x3d92, 0x3ff7, 0x42dc, 0x2b3c, 0x2d24, 0x25f6, 0x29c9, 0x2bb4, 0x2d06, 0x3d03, 0x3e62, 0x40a5,
    0x3224, 0x3432, 0x338e, 0x2627, 0x27bf, 0x2136, 0x294b, 0x29a6, 0x26d8, 0x2012, 0x23d2, 0x13dc,
    0x19c1, 0x1ea7, 0x0bb4, 0x2982, 0x2b29, 0x240b, 0x28d4, 0x2a61, 0x219c, 0x1fbf, 0x21c2, 0x1884,
    0x2403, 0x245a, 0x192e, 0x2214, 0x2424, 0x18be, 0x2434, 0x2671, 0x1d2e, 0x2c00, 0x2db8, 0x2972,
    0x2796, 0x2905, 0x20a6, 0x3a89, 0x3bc9, 0x3d3d, 0x4280, 0x43dc, 0x45d4, 0x433c, 0x443c, 0x4642,
    0x3553, 0x3664, 0x35a0, 0x3406, 0x352c, 0x3276, 0x3891, 0x391b, 0x392a, 0x3d86, 0x3e3f, 0x3fd3,
    0x4488, 0x44e8, 0x4638, 0x44cc, 0x4538, 0x4684, 0x44f4, 0x4555, 0x4685, 0x44d4, 0x4531, 0x4654,
    0x44f4, 0x4548, 0x466c, 0x4507, 0x455b, 0x465a, 0x446c, 0x44ba, 0x45c7, 0x41a5, 0x4236, 0x4302,
    0x3a65, 0x3b6b, 0x3b93, 0x3404, 0x3554, 0x321c, 0x3563, 0x36b4, 0x35f5, 0x2da5, 0x30d5, 0x2a76,
    0x3538, 0x3682, 0x358d, 0x311e, 0x32e3, 0x306f, 0x3190, 0x33cb, 0x3072, 0x3d67, 0x3e09, 0x3e8f,
    0x3d2a, 0x3dc1, 0x3e01, 0x30e9, 0x334c, 0x2d47, 0x2e9b, 0x30c8, 0x2c44, 0x3117, 0x3275, 0x2f4d,
    0x37d6, 0x3a04, 0x3c19, 0x3d40, 0x3fca, 0x41e3, 0x40a0, 0x432a, 0x463e, 0x4232, 0x4453, 0x4686,
    0x42ba, 0x4483, 0x46e1, 0x3d13, 0x3e76, 0x4076, 0x39f1, 0x3b5e, 0x3c61, 0x32dc, 0x349b, 0x33d0,
    0x36c6, 0x3919, 0x3a82, 0x31f8, 0x3498, 0x2fc6, 0x3a54, 0x3c2d, 0x3de4, 0x3123, 0x3379, 0x3444,
    0x31e8, 0x3453, 0x35ec, 0x3160, 0x3358, 0x31c7, 0x288f, 0x29d9, 0x227c, 0x2400, 0x27ab, 0x1e03,
    0x2b45, 0x2ca0, 0x255d, 0x2499, 0x24e4, 0x1daa, 0x31b9, 0x3373, 0x345a, 0x3a33, 0x3c37, 0x3eb8,
    0x3dc7, 0x4004, 0x427b, 0x3004, 0x3056, 0x2784, 0x347b, 0x35e4, 0x38af, 0x3f0f, 0x4064, 0x4328,
    0x33aa, 0x3560, 0x37b7, 0x3df1, 0x4028, 0x4298, 0x30c4, 0x335d, 0x32b3, 0x240a, 0x262c, 0x1c73,
    0x2a8e, 0x2cb9, 0x27ae, 0x2927, 0x2939, 0x28e7, 0x20d8, 0x23c4, 0x1fb9, 0x2241, 0x2517, 0x1330,
    0x2daa, 0x2cb0, 0x2a2e, 0x2602, 0x272d, 0x20cc, 0x2886, 0x2a4b, 0x25f7, 0x2ca0, 0x2d44, 0x2c14,
    0x2718, 0x28fe, 0x25e3, 0x352e, 0x35f5, 0x355a, 0x3c4b, 0x3c36, 0x3cbe, 0x40c0, 0x414b, 0x42cb,
    0x4441, 0x44cf, 0x4645, 0x4404, 0x447d, 0x45c7, 0x29ae, 0x295f, 0x2848, 0x38b6, 0x38d6, 0x36dc,
    0x44ce, 0x453c, 0x466e, 0x44e0, 0x453e, 0x465f, 0x44d7, 0x4532, 0x464e, 0x44e9, 0x4549, 0x465f,
    0x44ec, 0x4543, 0x4644, 0x42b9, 0x4341, 0x4426, 0x3d31, 0x3dd0, 0x3e1d, 0x3427, 0x35d0, 0x2fd9,
    0x3232, 0x3457, 0x3040, 0x33c6, 0x34c6, 0x3396, 0x30ec, 0x33be, 0x2e61, 0x392d, 0x39af, 0x3951,
    0x4015, 0x405f, 0x4085, 0x3e5f, 0x3ed3, 0x3f99, 0x4173, 0x41db, 0x429a, 0x3d59, 0x3dc7, 0x3e43,
    0x30d6, 0x32c4, 0x2e40, 0x2fbb, 0x31e5, 0x2c5e, 0x2dda, 0x3027, 0x2c72, 0x2e15, 0x2f33, 0x2cb0,
    0x3a86, 0x3c6a, 0x3e3d, 0x3a5c, 0x3c7b, 0x3e3f, 0x40e2, 0x4324, 0x45a6, 0x41e6, 0x4434, 0x46f4,
    0x43fe, 0x44ff, 0x46e0, 0x3f77, 0x4091, 0x4291, 0x381d, 0x3921, 0x3944, 0x43f4, 0x44c8, 0x4668,
    0x3a0e, 0x3b8c, 0x3c3b, 0x303a, 0x3306, 0x2d72, 0x3d18, 0x3e80, 0x4074, 0x3835, 0x39b0, 0x3abb,
    0x35e2, 0x3805, 0x3810, 0x3438, 0x3536, 0x34c4, 0x2b75, 0x2e71, 0x27c0, 0x2a9f, 0x2ce7, 0x29a1,
    0x2235, 0x253c, 0x17c2, 0x2b22, 0x2d2b, 0x2263, 0x2620, 0x2883, 0x1c28, 0x21b0, 0x24a3, 0x1ab6,
    0x2cee, 0x2e34, 0x2fcd, 0x31e6, 0x33fc, 0x34f9, 0x3b4e, 0x3cd0, 0x3f92, 0x40c2, 0x42ee, 0x45ca,
    0x302d, 0x32f8, 0x2849, 0x33ad, 0x34ad, 0x3535, 0x3809, 0x39a2, 0x3bd2, 0x29a1, 0x2b6f, 0x2b98,
    0x281e, 0x29bf, 0x198b, 0x2172, 0x241e, 0x1bec, 0x2772, 0x2957, 0x2502, 0x247f, 0x2633, 0x1bbf,
    0x3dc1, 0x3e88, 0x40a4, 0x41a6, 0x43c8, 0x45ee, 0x3c8c, 0x3d7f, 0x3ff5, 0x30f8, 0x30a0, 0x2d13,
    0x3310, 0x345b, 0x2f43, 0x2f03, 0x3097, 0x2c6e, 0x2b88, 0x2e7c, 0x29fb, 0x34af, 0x3576, 0x33a8,
    0x36f8, 0x3829, 0x3626, 0x3695, 0x3821, 0x330d, 0x35bf, 0x343d, 0x30a2, 0x4242, 0x42c2, 0x439a,
    0x44c3, 0x4522, 0x461f, 0x44c1, 0x4529, 0x4633, 0x44cd, 0x4526, 0x4636, 0x44f2, 0x4544, 0x4648,
    0x44a5, 0x4501, 0x45f3, 0x39ff, 0x3ac5, 0x3a63, 0x389d, 0x3964, 0x3882, 0x35f2, 0x36d4, 0x35c4,
    0x3d60, 0x3db1, 0x3db9, 0x37ab, 0x3833, 0x37ec, 0x418b, 0x41a9, 0x4284, 0x3cec, 0x3d14, 0x3d36,
    0x44c8, 0x44fd, 0x4580, 0x40ea, 0x414a, 0x417d, 0x3927, 0x3a2c, 0x387e, 0x3f9b, 0x4056, 0x4095,
    0x32a0, 0x3444, 0x3044, 0x3021, 0x3135, 0x2d09, 0x2cf4, 0x2e92, 0x2a7e, 0x2e52, 0x300a, 0x2c78,
    0x3aa2, 0x3c33, 0x3cf3, 0x3a17, 0x3bd8, 0x3c9b, 0x3bf5, 0x3d03, 0x3e32, 0x4299, 0x4437, 0x45d5,
    0x4109, 0x42a2, 0x4487, 0x3721, 0x38dd, 0x365c, 0x336a, 0x3558, 0x2f68, 0x3c46, 0x3d52, 0x3c90,
    0x362d, 0x3822, 0x2f4d, 0x3fdf, 0x40e1, 0x4113, 0x4160, 0x42a1, 0x447a, 0x42f1, 0x4486, 0x4687,
    0x3fe9, 0x4142, 0x43a4, 0x286f, 0x2ba8, 0x2269, 0x2bd9, 0x2dc4, 0x24eb, 0x30af, 0x3246, 0x3148,
    0x2aac, 0x2d26, 0x2222, 0x2ae7, 0x2dc1, 0x24d5, 0x30a2, 0x3179, 0x326f, 0x2658, 0x2971, 0x2065,
    0x2008, 0x232c, 0x1588, 0x283a, 0x29fe, 0x2928, 0x34ad, 0x3514, 0x35ee, 0x34f3, 0x364e, 0x3790,
    0x3012, 0x30f6, 0x302a, 0x343e, 0x3598, 0x3526, 0x301f, 0x31fb, 0x2e69, 0x344b, 0x3552, 0x3589,
    0x271d, 0x289a, 0x2444, 0x2faa, 0x30da, 0x318a, 0x230f, 0x24f0, 0x1bcb, 0x24ed, 0x2818, 0x1de7,
    0x2d9b, 0x2d48, 0x2a08, 0x3eea, 0x403d, 0x41ac, 0x3c68, 0x3d3b, 0x3ecd, 0x3474, 0x34d7, 0x33f2,
    0x31f8, 0x33c1, 0x285d, 0x309a, 0x3138, 0x2b39, 0x3120, 0x326c, 0x2fd6, 0x29c9, 0x2ccb, 0x2342,
    0x36a5, 0x3862, 0x30d3, 0x3789, 0x3890, 0x3444, 0x36c2, 0x34c7, 0x30c9, 0x3c03, 0x3ca1, 0x3a9f,
    0x4495, 0x44f9, 0x4613, 0x44b6, 0x450c, 0x45f5, 0x44f8, 0x453c, 0x461d, 0x4555, 0x4583, 0x4683,
    0x41bc, 0x4219, 0x4291, 0x3b63, 0x3c20, 0x3b96, 0x31b6, 0x3372, 0x307e, 0x3aa8, 0x3b10, 0x3ae3,
    0x4456, 0x448d, 0x4536, 0x38a2, 0x393d, 0x3936, 0x343f, 0x34ec, 0x3419, 0x344f, 0x34bb, 0x3428,
    0x34ca, 0x35e8, 0x33d7, 0x3830, 0x38cc, 0x387c, 0x348f, 0x352e, 0x349a, 0x3466, 0x3553, 0x342d,
    0x3402, 0x351e, 0x32f4, 0x3048, 0x3148, 0x2ffd, 0x2ccc, 0x2e89, 0x2b53, 0x2a6e, 0x2c56, 0x28ee,
    0x388c, 0x39a0, 0x39cf, 0x35a2, 0x3768, 0x36f4, 0x36ab, 0x3871, 0x37c4, 0x4039, 0x4151, 0x4314,
    0x35c9, 0x384e, 0x2e37, 0x38a7, 0x3a44, 0x37e0, 0x3630, 0x3836, 0x2fe8, 0x3571, 0x37c0, 0x298b,
    0x3853, 0x3946, 0x2d64, 0x3755, 0x38c7, 0x3043, 0x443e, 0x453f, 0x4734, 0x43cd, 0x44f6, 0x46c9,
    0x3894, 0x398e, 0x3aef, 0x2877, 0x2bee, 0x2668, 0x287c, 0x2be1, 0x253a, 0x25e5, 0x28f3, 0x185f,
    0x1ded, 0x232f, 0x1a29, 0x2847, 0x2a5b, 0x1f70, 0x2591, 0x283e, 0x153b, 0x25a0, 0x2768, 0x2586,
    0x1d28, 0x218e, 0x1036, 0x246d, 0x27c8, 0x1287, 0x1ed0, 0x20d0, 0x125c, 0x24b3, 0x282c, 0x1832,
    0x252a, 0x289a, 0x1e51, 0x2a17, 0x2cbc, 0x2881, 0x2d5d, 0x3017, 0x282f, 0x2d85, 0x2f91, 0x241d,
    0x2473, 0x2869, 0x1cf6, 0x2490, 0x2907, 0x1b31, 0x2ede, 0x305e, 0x2f77, 0x31c4, 0x30ad, 0x2c51,
    0x305b, 0x2f7e, 0x2dbc, 0x3457, 0x350f, 0x3325, 0x3486, 0x34b5, 0x33af, 0x3294, 0x339a, 0x342f,
    0x2b17, 0x2ced, 0x287a, 0x30d1, 0x305d, 0x2b06, 0x2648, 0x296c, 0x199c, 0x376f, 0x3823, 0x3206,
    0x3579, 0x3732, 0x3294, 0x3903, 0x39f4, 0x36a5, 0x3772, 0x3555, 0x31b0, 0x35e3, 0x3760, 0x30ae,
    0x448c, 0x44d2, 0x45df, 0x4315, 0x438f, 0x4451, 0x4286, 0x4308, 0x43ea, 0x3b1a, 0x3be1, 0x3b28,
    0x325a, 0x3453, 0x2d56, 0x2fa6, 0x31cf, 0x2c54, 0x3285, 0x341d, 0x3140, 0x31e4, 0x3375, 0x2d20,
    0x36da, 0x3814, 0x3596, 0x358b, 0x36c7, 0x35e3, 0x4061, 0x40d9, 0x419a, 0x3871, 0x393c, 0x38f3,
    0x3607, 0x36db, 0x3632, 0x38dc, 0x396b, 0x39c8, 0x3dec, 0x3e87, 0x3f74, 0x4384, 0x442c, 0x44c1,
    0x31e0, 0x332b, 0x324e, 0x3d7d, 0x3df9, 0x3e53, 0x3818, 0x386c, 0x384b, 0x2d88, 0x2e57, 0x2c3b,
    0x423e, 0x430c, 0x4408, 0x4501, 0x45c8, 0x4736, 0x446c, 0x454b, 0x46cf, 0x4416, 0x4508, 0x464c,
    0x3702, 0x38fa, 0x2d33, 0x3504, 0x3738, 0x2b79, 0x3526, 0x3759, 0x29b9, 0x35b1, 0x37ba, 0x2bad,
    0x348f, 0x3633, 0x2c19, 0x366c, 0x3834, 0x302b, 0x40c7, 0x41dd, 0x432e, 0x436a, 0x44dc, 0x46de,
    0x4136, 0x42e1, 0x44a8, 0x2c91, 0x2dbf, 0x2d5d, 0x387d, 0x3954, 0x39c3, 0x2064, 0x2458, 0x156d,
    0x2b11, 0x2ded, 0x21d1, 0x2817, 0x29ec, 0x240c, 0x2c4e, 0x2c77, 0x263a, 0x2d96, 0x2fc6, 0x2dd7,
    0x2bd5, 0x2a90, 0x255c, 0x29a8, 0x28da, 0x2817, 0x2277, 0x24ac, 0x1e5e, 0x2805, 0x2691, 0x21a3,
    0x3752, 0x3800, 0x387e, 0x29f0, 0x2bf9, 0x27bd, 0x294e, 0x2c07, 0x21bd, 0x31bd, 0x31cc, 0x3193,
    0x279d, 0x2a8f, 0x1c65, 0x2651, 0x2791, 0x19e0, 0x2699, 0x29bc, 0x1ba7, 0x26dd, 0x2861, 0x1b81,
    0x2714, 0x2729, 0x209e, 0x2558, 0x255c, 0x1b94, 0x31d4, 0x3272, 0x3109, 0x2753, 0x2979, 0x1da9,
    0x2e3a, 0x2f75, 0x2907, 0x28cf, 0x2b73, 0x205a, 0x2a6f, 0x2d2e, 0x2514, 0x26f3, 0x2a28, 0x1766,
    0x2f5a, 0x30a6, 0x295c, 0x367d, 0x3604, 0x3406, 0x3764, 0x378c, 0x3552, 0x3888, 0x3931, 0x3774,
    0x3518, 0x3691, 0x2c3e, 0x39b8, 0x3ac8, 0x38b1, 0x3206, 0x345f, 0x2c75, 0x2cf8, 0x2f9e, 0x2886,
    0x2b23, 0x2e55, 0x2785, 0x2c33, 0x2fb3, 0x27d3, 0x2c5a, 0x2edd, 0x2773, 0x2e13, 0x30d6, 0x267f,
    0x3157, 0x32f2, 0x2e64, 0x387f, 0x390c, 0x38c4, 0x4023, 0x408b, 0x4128, 0x35d4, 0x3686, 0x366c,
    0x3322, 0x3429, 0x332d, 0x3ccc, 0x3d2e, 0x3d6f, 0x428d, 0x431f, 0x43ec, 0x41ce, 0x425e, 0x42ee,
    0x3295, 0x3404, 0x319a, 0x30b7, 0x320c, 0x2fa6, 0x30ad, 0x3281, 0x2d3f, 0x2fdd, 0x30b3, 0x2dbb,
    0x3625, 0x3640, 0x3028, 0x3999, 0x39f3, 0x38b5, 0x44ee, 0x45b1, 0x4714, 0x4012, 0x40e6, 0x4131,
    0x3640, 0x3869, 0x298e, 0x35d4, 0x3807, 0x2ad9, 0x36d3, 0x3869, 0x2ca3, 0x3614, 0x37f1, 0x2ae4,
    0x375b, 0x38bf, 0x2e1d, 0x3683, 0x386a, 0x2ced, 0x4165, 0x4252, 0x4336, 0x4491, 0x4585, 0x46b8,
    0x4447, 0x4549, 0x46d8, 0x3ddc, 0x3f14, 0x3fce, 0x3d99, 0x3ef1, 0x40ab, 0x29a7, 0x2c14, 0x2a52,
    0x2d4a, 0x2ed5, 0x2d69, 0x281f, 0x2b7d, 0x241a, 0x2729, 0x2ab1, 0x225a, 0x2c93, 0x2d4d, 0x28d5,
    0x2b19, 0x2a04, 0x24ca, 0x2e9f, 0x2e77, 0x2e30, 0x3c84, 0x3d3f, 0x3e94, 0x2873, 0x2846, 0x2372,
    0x28c4, 0x2ace, 0x2103, 0x2dc0, 0x2e73, 0x2cca, 0x37e3, 0x3867, 0x38db, 0x309e, 0x3126, 0x30cc,
    0x2787, 0x28d6, 0x1f54, 0x2894, 0x2953, 0x1d89, 0x2c1f, 0x2bcf, 0x2470, 0x3e3d, 0x3e87, 0x3fca,
    0x381d, 0x3849, 0x392a, 0x33af, 0x3374, 0x31e2, 0x21c8, 0x24cd, 0x1597, 0x2469, 0x2473, 0x1dd9,
    0x27cd, 0x2837, 0x20af, 0x2eb0, 0x2fd7, 0x2a2f, 0x28fe, 0x2a94, 0x2509, 0x3131, 0x3167, 0x2f0a,
    0x309c, 0x3226, 0x2cad, 0x3737, 0x3533, 0x318e, 0x3849, 0x392e, 0x34d6, 0x3615, 0x3775, 0x3211,
    0x33f9, 0x3557, 0x2c87, 0x2d25, 0x30a2, 0x2773, 0x2fca, 0x3191, 0x2a1c, 0x326d, 0x341b, 0x3106,
    0x2a61, 0x2e7d, 0x2673, 0x28f9, 0x2c8a, 0x2584, 0x2a3c, 0x2d52, 0x25da, 0x3338, 0x344e, 0x2d0e,
    0x30be, 0x328b, 0x2c90, 0x3098, 0x31d7, 0x3009, 0x2f3f, 0x3112, 0x2cfc, 0x2cfb, 0x2e8f, 0x2ac6,
    0x359f, 0x3643, 0x358c, 0x3f1a, 0x3f9b, 0x3f78, 0x3a00, 0x3acf, 0x3a6e, 0x304b, 0x320e, 0x2c96,
    0x4060, 0x40c3, 0x40c7, 0x3183, 0x3255, 0x312d, 0x2e10, 0x2ffb, 0x2cd0, 0x3033, 0x309e, 0x2f9a,
    0x3731, 0x3845, 0x3040, 0x371d, 0x37d8, 0x31c1, 0x3868, 0x38df, 0x3362, 0x3615, 0x37c1, 0x2dea,
    0x34a8, 0x36cf, 0x2859, 0x3516, 0x3730, 0x290e, 0x3563, 0x374e, 0x296f, 0x34b6, 0x361d, 0x28e9,
    0x35a2, 0x3708, 0x2c07, 0x34c5, 0x367e, 0x2ca2, 0x3b15, 0x3c60, 0x39cb, 0x4513, 0x45c1, 0x46b3,
    0x44e5, 0x45b1, 0x46c9, 0x36d7, 0x3814, 0x3712, 0x3cee, 0x3e13, 0x3df4, 0x35dd, 0x373c, 0x37ed,
    0x278a, 0x2c1c, 0x217b, 0x279a, 0x2a1e, 0x1ad3, 0x3d3a, 0x3d93, 0x3e49, 0x287c, 0x28d0, 0x17de,
    0x24da, 0x26e4, 0x1242, 0x2261, 0x243e, 0x18aa, 0x414c, 0x41d8, 0x42df, 0x2a0f, 0x286f, 0x24f4,
    0x2364, 0x255f, 0x19a7, 0x2a46, 0x2c3c, 0x2527, 0x3ad8, 0x3b7a, 0x3c0c, 0x3cea, 0x3d8e, 0x3db6,
    0x2434, 0x2612, 0x1af5, 0x2a01, 0x2b1d, 0x2366, 0x265f, 0x2809, 0x2460, 0x2bc8, 0x2c6b, 0x2b02,
    0x2d7f, 0x2cb4, 0x28c1, 0x40cf, 0x418d, 0x4265, 0x370f, 0x37fc, 0x3678, 0x2422, 0x25a8, 0x1e3c,
    0x1d1e, 0x20a7, 0x1592, 0x24e1, 0x24d2, 0x2063, 0x2a2a, 0x2c4d, 0x2666, 0x285a, 0x2a3c, 0x20c7,
    0x2421, 0x27b4, 0x1de9, 0x337f, 0x317f, 0x2e8e, 0x3421, 0x35a4, 0x2c01, 0x326d, 0x342c, 0x2cdd,
    0x3317, 0x34a3, 0x2cdf, 0x2dc0, 0x2f5a, 0x29b2, 0x3014, 0x3181, 0x2bcd, 0x2cb9, 0x2f4c, 0x2633,
    0x28b4, 0x2c6e, 0x2243, 0x2759, 0x2a50, 0x2208, 0x2ed4, 0x3020, 0x2b8f, 0x3139, 0x32a7, 0x28c5,
    0x3576, 0x365f, 0x335a, 0x2d52, 0x3065, 0x2a4f, 0x2942, 0x2dc4, 0x2369, 0x2cda, 0x306d, 0x2514,
    0x2a31, 0x2dfe, 0x2292, 0x3f32, 0x4005, 0x3f74, 0x3bea, 0x3c9a, 0x3c66, 0x3071, 0x318b, 0x2d4e,
    0x340b, 0x34c9, 0x3299, 0x3704, 0x3850, 0x3715, 0x32da, 0x3430, 0x329c, 0x3390, 0x3434, 0x3258,
    0x3a58, 0x3b16, 0x3a34, 0x3788, 0x3890, 0x3266, 0x3507, 0x36ff, 0x2e3b, 0x34a1, 0x36bb, 0x2c19,
    0x3501, 0x36fe, 0x2925, 0x34fa, 0x36c8, 0x2830, 0x3570, 0x372e, 0x2924, 0x3656, 0x3805, 0x2c02,
    0x34af, 0x35e8, 0x2f67, 0x343a, 0x3635, 0x28f6, 0x35c4, 0x37b4, 0x2c65, 0x4432, 0x44c2, 0x4536,
    0x3f3f, 0x4000, 0x3eff, 0x2c14, 0x2ddb, 0x1ed0, 0x3228, 0x3327, 0x2c43, 0x28a1, 0x2a27, 0x200a,
    0x270f, 0x2995, 0x21f5, 0x244c, 0x27e5, 0x1b8a, 0x35e3, 0x373f, 0x334a, 0x355a, 0x3605, 0x2f8b,
    0x3bfb, 0x3c2a, 0x3c7c, 0x2da0, 0x2ea1, 0x2dcd, 0x2c68, 0x2d0f, 0x2c9f, 0x409a, 0x40d5, 0x4110,
    0x2866, 0x2746, 0x23c6, 0x32a9, 0x3409, 0x2e1c, 0x3b9b, 0x3c37, 0x3c61, 0x30d0, 0x3182, 0x313e,
    0x35df, 0x364d, 0x3519, 0x3996, 0x3a61, 0x366b, 0x2a86, 0x2b46, 0x242b, 0x3b7a, 0x3bec, 0x3c80,
    0x2a40, 0x27b0, 0x225c, 0x30bf, 0x3086, 0x2c4e, 0x312d, 0x31d9, 0x2ec2, 0x209f, 0x23e9, 0x15c8,
    0x2599, 0x2829, 0x1c45, 0x2068, 0x23b6, 0x141a, 0x2a74, 0x2c4c, 0x1c6c, 0x296f, 0x2b02, 0x1e75,
    0x27e4, 0x29d5, 0x1f9e, 0x2f4a, 0x2ecf, 0x28dc, 0x337f, 0x354a, 0x2a55, 0x325e, 0x343e, 0x2c89,
    0x2e59, 0x30a3, 0x28b6, 0x2c09, 0x301c, 0x2456, 0x299b, 0x2d53, 0x2204, 0x2cee, 0x2e1b, 0x2c34,
    0x3225, 0x332f, 0x30c1, 0x2b3d, 0x2c9b, 0x28dd, 0x2f85, 0x3024, 0x2cdc, 0x310e, 0x31e6, 0x303e,
    0x2c1e, 0x2ead, 0x2460, 0x2d9c, 0x3035, 0x243c, 0x2827, 0x2c09, 0x201d, 0x2de5, 0x2cf2, 0x2797,
    0x3751, 0x385b, 0x3465, 0x3769, 0x38b5, 0x30ba, 0x2e13, 0x2f7b, 0x27a8, 0x2d2c, 0x2dc2, 0x28de,
    0x3180, 0x320d, 0x2ebe, 0x3020, 0x3070, 0x2c4a, 0x3030, 0x3006, 0x2c90, 0x2f9d, 0x2f96, 0x2ca1,
    0x3825, 0x3897, 0x3231, 0x38d2, 0x395b, 0x370e, 0x3d1d, 0x3d80, 0x3c55, 0x3218, 0x34b7, 0x2982,
    0x2fd1, 0x31d6, 0x2893, 0x3318, 0x3574, 0x289c, 0x33fd, 0x35c2, 0x2818, 0x355c, 0x3668, 0x29d4,
    0x34f5, 0x36b9, 0x28e5, 0x347d, 0x36a1, 0x2807, 0x349c, 0x36b2, 0x2866, 0x3624, 0x37bb, 0x2af0,
    0x31e6, 0x3360, 0x2afc, 0x2f91, 0x310c, 0x2a01, 0x301a, 0x30b6, 0x2a30, 0x2958, 0x2bec, 0x241f,
    0x2317, 0x274e, 0x200c, 0x2509, 0x26a1, 0x1c75, 0x31f7, 0x3346, 0x2910, 0x3872, 0x390c, 0x2d4f,
    0x3735, 0x388c, 0x287c, 0x3799, 0x38a9, 0x2c3c, 0x368f, 0x3809, 0x2b4c, 0x3561, 0x3750, 0x2936,
    0x35b4, 0x375a, 0x2a14, 0x35ad, 0x3649, 0x2c04, 0x3414, 0x35d1, 0x2818, 0x32b8, 0x34ad, 0x2637,
    0x350a, 0x36b6, 0x2a7f, 0x37d9, 0x391c, 0x2bc3, 0x3599, 0x3688, 0x31fd, 0x2a59, 0x2bc1, 0x21d4,
    0x28e9, 0x2669, 0x21f7, 0x249c, 0x26bf, 0x14f8, 0x2324, 0x2470, 0x1648, 0x2aa6, 0x2cc0, 0x211b,
    0x25b9, 0x27fa, 0x1a7d, 0x2cf2, 0x2d55, 0x22a7, 0x307b, 0x31d7, 0x25f0, 0x2c29, 0x2d0d, 0x1ddc,
    0x2b6a, 0x2d90, 0x2658, 0x28c6, 0x2a60, 0x2650, 0x3494, 0x3366, 0x3034, 0x309e, 0x3203, 0x2acc,
    0x29fb, 0x2aec, 0x2552, 0x2d5a, 0x2f49, 0x2b64, 0x2ad0, 0x2d8c, 0x23a9, 0x3af5, 0x3bab, 0x3bdd,
    0x3ab0, 0x3b58, 0x3ade, 0x31de, 0x3273, 0x3032, 0x3000, 0x303d, 0x2d9c, 0x2894, 0x2af0, 0x2423,
    0x2c91, 0x2e3b, 0x26d2, 0x2e61, 0x2fba, 0x2874, 0x2c90, 0x2f2d, 0x25e3, 0x341e, 0x33e0, 0x2f22,
    0x3418, 0x35e9, 0x293c, 0x3149, 0x330a, 0x2cf8, 0x2fa8, 0x3118, 0x2c60, 0x2fd0, 0x307f, 0x2c5b,
    0x2f81, 0x2ff1, 0x2be5, 0x2fe4, 0x3070, 0x2c12, 0x30ae, 0x3150, 0x2cc1, 0x31eb, 0x32eb, 0x2e5a,
    0x393d, 0x39e7, 0x2dda, 0x3877, 0x3955, 0x2acf, 0x391e, 0x3a20, 0x3031, 0x3607, 0x3821, 0x290b,
    0x30b2, 0x3410, 0x272f, 0x307e, 0x32ff, 0x2564, 0x3038, 0x32f0, 0x234e, 0x31a4, 0x33c8, 0x265a,
    0x3244, 0x34b3, 0x2810, 0x34e6, 0x36f1, 0x2b1f, 0x3213, 0x3400, 0x2cd8, 0x2cd3, 0x2f7a, 0x2a5f,
    0x2901, 0x2bb3, 0x2432, 0x2733, 0x2a8c, 0x208a, 0x2263, 0x25b9, 0x1d74, 0x2077, 0x237c, 0x178e,
    0x231c, 0x245f, 0x18b4, 0x2ec3, 0x3002, 0x2758, 0x28a0, 0x28f7, 0x1d06, 0x33a2, 0x34ab, 0x2a8a,
    0x2d4a, 0x2dea, 0x248d, 0x3389, 0x34b9, 0x29d7, 0x373d, 0x387c, 0x2ca9, 0x378b, 0x38e5, 0x2cc5,
    0x34d9, 0x36a6, 0x28a6, 0x35db, 0x37ab, 0x28c1, 0x3002, 0x302b, 0x26ef, 0x3544, 0x371c, 0x283a,
    0x30fa, 0x3286, 0x2891, 0x3520, 0x36fc, 0x2c38, 0x354f, 0x3730, 0x2a70, 0x2be0, 0x2d46, 0x28c9,
    0x287f, 0x2655, 0x20f1, 0x2a50, 0x2c05, 0x2901, 0x1cc7, 0x1fee, 0x0433, 0x204a, 0x235b, 0x12f6,
    0x2773, 0x28b1, 0x1aea, 0x2cdc, 0x2e93, 0x2943, 0x2cfa, 0x2f3e, 0x2337, 0x28b9, 0x2b0c, 0x1e31,
    0x2a75, 0x2cbb, 0x201a, 0x2777, 0x26a1, 0x2333, 0x323e, 0x30d0, 0x2c39, 0x29dd, 0x2ac7, 0x258f,
    0x24e0, 0x2631, 0x1f56, 0x2a9c, 0x2bea, 0x273c, 0x2c98, 0x2dbc, 0x26ed, 0x2c62, 0x2d9f, 0x288f,
    0x3929, 0x394e, 0x391d, 0x2f2e, 0x2fa5, 0x2ce2, 0x3137, 0x3142, 0x302c, 0x3723, 0x3806, 0x365c,
    0x3017, 0x30d7, 0x2ce4, 0x32a0, 0x3355, 0x2fba, 0x31dd, 0x3296, 0x2e08, 0x3208, 0x316e, 0x2e8e,
    0x318d, 0x3247, 0x2cdc, 0x30fa, 0x31e9, 0x2c25, 0x3119, 0x31bb, 0x2cda, 0x30bd, 0x31c4, 0x2cbc,
    0x307c, 0x3156, 0x2c5c, 0x30fb, 0x314f, 0x2d33, 0x3104, 0x3127, 0x2e1f, 0x311f, 0x3164, 0x2e6e,
    0x3887, 0x39ae, 0x2437, 0x3811, 0x3945, 0x1b35, 0x36e6, 0x3862, 0x2718, 0x31a2, 0x3301, 0x29d3,
    0x32db, 0x34ea, 0x2afb, 0x30ba, 0x335e, 0x26cc, 0x2c99, 0x2f1b, 0x210a, 0x292b, 0x2c01, 0x200d,
    0x2e25, 0x3162, 0x24f9, 0x34c0, 0x3642, 0x286e, 0x354f, 0x369f, 0x26c4, 0x30f7, 0x32e3, 0x2d7c,
    0x22e2, 0x2522, 0x17e7, 0x3447, 0x3589, 0x2963, 0x30e8, 0x3184, 0x2ba3, 0x1e18, 0x21e9, 0x1603,
    0x2261, 0x275b, 0x10ae, 0x2344, 0x23cd, 0x19df, 0x2428, 0x2574, 0x1453, 0x2693, 0x289f, 0x1c18,
    0x306f, 0x3214, 0x28b1, 0x32ca, 0x349a, 0x2a5d, 0x353d, 0x3742, 0x2adb, 0x3341, 0x352d, 0x2910,
    0x2fd8, 0x3014, 0x241a, 0x34ef, 0x36f9, 0x26ba, 0x2aba, 0x2a62, 0x2274, 0x3342, 0x3599, 0x29cc,
    0x33b4, 0x3598, 0x2a4d, 0x31f3, 0x340e, 0x294e, 0x342d, 0x3504, 0x2e08, 0x24ae, 0x26c0, 0x202f,
    0x2876, 0x26c3, 0x21ab, 0x2538, 0x2747, 0x2414, 0x26a6, 0x2995, 0x1b86, 0x2d55, 0x2e78, 0x29a6,
    0x224e, 0x2500, 0x1dc2, 0x1ff9, 0x23a6, 0x0621, 0x2aa3, 0x2da6, 0x2024, 0x2931, 0x2b29, 0x20c8,
    0x3020, 0x2fa5, 0x2cdd, 0x2b45, 0x2bc2, 0x281b, 0x3811, 0x35a5, 0x321c, 0x24ad, 0x2733, 0x2152,
    0x2e45, 0x2fa8, 0x28cc, 0x2870, 0x290c, 0x2703, 0x293e, 0x2a52, 0x26dc, 0x28bc, 0x29e3, 0x271b,
    0x2f09, 0x3046, 0x2d0a, 0x30db, 0x325f, 0x2d2c, 0x311c, 0x32de, 0x2d20, 0x30ca, 0x31b5, 0x2c24,
    0x3233, 0x324a, 0x2d64, 0x3404, 0x33eb, 0x2f04, 0x333a, 0x33d2, 0x2e6f, 0x3165, 0x31a1, 0x2caf,
    0x3266, 0x32f5, 0x2d75, 0x3359, 0x3383, 0x2ddb, 0x3245, 0x326e, 0x2e19, 0x3148, 0x3137, 0x2d32,
    0x312d, 0x30bb, 0x2d71, 0x2f91, 0x2f71, 0x2bd2, 0x2e54, 0x2e09, 0x2bb5, 0x2c84, 0x2c51, 0x28e3,
    0x348c, 0x35d4, 0x19ab, 0x34ad, 0x3628, 0x1cde, 0x348c, 0x35f3, 0x24a8, 0x2c8f, 0x2df7, 0x257b,
    0x3168, 0x32cb, 0x299b, 0x31a9, 0x3345, 0x299f, 0x3507, 0x3482, 0x2d20, 0x2f29, 0x3152, 0x26b9,
    0x2bb8, 0x2d1e, 0x26f2, 0x2b3c, 0x2ca8, 0x2675, 0x3336, 0x34e0, 0x22c5, 0x2ec7, 0x2f0a, 0x2ad1,
    0x2b0e, 0x2e6d, 0x2106, 0x29e3, 0x2b4a, 0x2383, 0x2c12, 0x2c33, 0x25e3, 0x2f76, 0x2fa2, 0x2844,
    0x25e2, 0x281d, 0x1566, 0x2534, 0x25f7, 0x195e, 0x2767, 0x2872, 0x19c8, 0x34cb, 0x3690, 0x2977,
    0x2d67, 0x2fc7, 0x262e, 0x3130, 0x32f5, 0x281b, 0x2f27, 0x3112, 0x257f, 0x3305, 0x34bd, 0x2605,
    0x3631, 0x385c, 0x2876, 0x34a7, 0x35b5, 0x2b1e, 0x323b, 0x33b4, 0x27d9, 0x32f4, 0x34ee, 0x2a8f,
    0x2c5c, 0x2fd7, 0x2497, 0x2b6b, 0x2911, 0x2405, 0x3031, 0x308e, 0x2a80, 0x303b, 0x3194, 0x29eb,
    0x2a3d, 0x29e2, 0x2394, 0x2b64, 0x2b0f, 0x238c, 0x2c6a, 0x2d81, 0x25dd, 0x2b5f, 0x2dcb, 0x2482,
    0x28a4, 0x2b44, 0x1b9a, 0x297c, 0x2c4d, 0x202e, 0x2b19, 0x2d96, 0x21d5, 0x214d, 0x2396, 0x1f22,
    0x2d73, 0x2d07, 0x2aac, 0x31b7, 0x3082, 0x2d49, 0x385a, 0x362b, 0x3395, 0x261c, 0x2739, 0x2489,
    0x26f4, 0x2839, 0x281e, 0x212c, 0x224a, 0x2484, 0x250b, 0x25f2, 0x2811, 0x2276, 0x2411, 0x26da,
    0x28d8, 0x29c1, 0x2c0b, 0x23cb, 0x24cd, 0x2787, 0x2cd7, 0x2d73, 0x2e3a, 0x2c89, 0x2ca5, 0x2920,
    0x3198, 0x31b0, 0x2da7, 0x3269, 0x3219, 0x2dce, 0x3125, 0x31b7, 0x2ca4, 0x3063, 0x315e, 0x2a79,
    0x3129, 0x31d1, 0x2b87, 0x32c7, 0x3328, 0x2d2d, 0x327d, 0x32f3, 0x2ead, 0x30c4, 0x311d, 0x2cb7,
    0x30cb, 0x307d, 0x2d29, 0x3066, 0x3010, 0x2d60, 0x2fd6, 0x2fae, 0x2cce, 0x2cab, 0x2ca6, 0x294e,
    0x3730, 0x3723, 0x2ef9, 0x32e9, 0x3442, 0x23e3, 0x2c52, 0x2dc5, 0x2637, 0x2bb0, 0x2c8f, 0x2441,
    0x2a4f, 0x2c17, 0x2265, 0x2fd0, 0x30e0, 0x283d, 0x3aa2, 0x3950, 0x35f4, 0x2661, 0x29b5, 0x1fa0,
    0x28db, 0x2a1e, 0x22ec, 0x2aab, 0x2c9a, 0x2274, 0x2956, 0x2b41, 0x1c5b, 0x2ece, 0x3072, 0x2c9e,
    0x28e9, 0x2a51, 0x20ea, 0x336b, 0x3497, 0x27f2, 0x34a8, 0x33ea, 0x2c31, 0x35d2, 0x3548, 0x305e,
    0x3756, 0x3706, 0x31c7, 0x397d, 0x394f, 0x336e, 0x3b01, 0x3a69, 0x34ab, 0x3b24, 0x3a82, 0x34be,
    0x3b63, 0x3ad8, 0x353b, 0x3bbf, 0x3b06, 0x359d, 0x3b31, 0x3a8f, 0x35be, 0x3b0a, 0x3a6a, 0x3514,
    0x394f, 0x3985, 0x340f, 0x36b9, 0x3664, 0x306d, 0x352f, 0x363f, 0x2cfa, 0x359c, 0x3686, 0x2d5a,
    0x271e, 0x2993, 0x0ec2, 0x2a17, 0x29fb, 0x24b6, 0x2912, 0x2a9c, 0x1bb0, 0x2c65, 0x2c22, 0x2344,
    0x3139, 0x3163, 0x285a, 0x2c3f, 0x2bdc, 0x247d, 0x25be, 0x281e, 0x1ba0, 0x27fe, 0x29a4, 0x0572,
    0x2484, 0x2775, 0x1421, 0x305a, 0x3153, 0x2aee, 0x3335, 0x32af, 0x304d, 0x2aa4, 0x2b87, 0x2845,
    0x277f, 0x2807, 0x28b3, 0x38ab, 0x36ab, 0x340a, 0x38c3, 0x3699, 0x3411, 0x299b, 0x2a4b, 0x2c50,
    0x2ca4, 0x2d17, 0x2caf, 0x2c04, 0x2c4e, 0x2b4c, 0x224a, 0x2426, 0x2476, 0x24dc, 0x267c, 0x25d2,
    0x24ae, 0x25b5, 0x27b1, 0x243f, 0x2539, 0x2748, 0x2ae3, 0x2c63, 0x2d37, 0x34c6, 0x3563, 0x348c,
    0x32b6, 0x33df, 0x30d7, 0x3279, 0x3317, 0x3077, 0x31bc, 0x3292, 0x2f61, 0x307a, 0x30ec, 0x2c40,
    0x3152, 0x31f7, 0x2df9, 0x3185, 0x322f, 0x2e08, 0x30f7, 0x3199, 0x2d94, 0x3134, 0x31ab, 0x2db9,
    0x3047, 0x306f, 0x2cd3, 0x3030, 0x306e, 0x2d38, 0x309f, 0x307d, 0x2d72, 0x2f2d, 0x2f74, 0x2c90,
    0x3835, 0x38d6, 0x35a6, 0x37ef, 0x38b7, 0x35bf, 0x3877, 0x391d, 0x3666, 0x37cd, 0x38af, 0x356f,
    0x37ec, 0x38bc, 0x353c, 0x3717, 0x3854, 0x3474, 0x36f8, 0x3833, 0x3411, 0x376e, 0x3829, 0x344a,
    0x3941, 0x39b5, 0x35a5, 0x387f, 0x38ee, 0x3509, 0x3866, 0x3894, 0x3492, 0x38a9, 0x388a, 0x32bc,
    0x3854, 0x386d, 0x316c, 0x3829, 0x3836, 0x3290, 0x38b6, 0x3913, 0x31da, 0x3833, 0x3871, 0x3049,
    0x389b, 0x38b2, 0x334b, 0x3a67, 0x3a32, 0x3446, 0x3811, 0x3812, 0x32e9, 0x3a61, 0x39b5, 0x346d,
    0x38db, 0x38e4, 0x31e5, 0x3aa9, 0x39df, 0x363e, 0x38ce, 0x387d, 0x343e, 0x39cd, 0x393a, 0x35f1,
    0x389f, 0x384e, 0x3441, 0x3788, 0x370e, 0x3199, 0x37b0, 0x3719, 0x3413, 0x31db, 0x304c, 0x2d32,
    0x2b84, 0x2bf5, 0x2897, 0x2968, 0x2bb5, 0x1b23, 0x28a7, 0x28ff, 0x1c51, 0x2c6a, 0x2cb9, 0x28e4,
    0x3395, 0x3197, 0x2da4, 0x2dfb, 0x2cce, 0x25f2, 0x29ba, 0x2a99, 0x22a3, 0x2a0b, 0x2b5d, 0x1e49,
    0x27c8, 0x28b6, 0x1dd9, 0x300e, 0x2f49, 0x2c0b, 0x2612, 0x28bc, 0x1ad9, 0x2750, 0x2872, 0x25a8,
    0x2856, 0x28bd, 0x2930, 0x38bb, 0x36cc, 0x341d, 0x3873, 0x3673, 0x3300, 0x27e7, 0x28a0, 0x294c,
    0x22c4, 0x23a5, 0x244b, 0x20c5, 0x21f1, 0x231b, 0x21ce, 0x22d1, 0x2395, 0x25c3, 0x2714, 0x291a,
    0x2804, 0x28b0, 0x2a90, 0x2b9c, 0x2c5b, 0x2b29, 0x2d2e, 0x2e47, 0x2f2e, 0x29ae, 0x2b3c, 0x2c23,
    0x280d, 0x292b, 0x2af3, 0x28f1, 0x29f5, 0x2ba2, 0x28c3, 0x2978, 0x2a20, 0x2e01, 0x2e6b, 0x2e9c,
    0x31a9, 0x31e7, 0x3074, 0x300c, 0x3103, 0x2e1c, 0x3211, 0x31e4, 0x306a, 0x31fb, 0x328d, 0x304e,
    0x3128, 0x31bb, 0x2ec5, 0x3114, 0x31cd, 0x2ed5, 0x3137, 0x31fd, 0x2f03, 0x3151, 0x31ed, 0x318c,
    0x3213, 0x338c, 0x2f05, 0x2ff3, 0x30eb, 0x2bdb, 0x34e0, 0x33ea, 0x30b6, 0x37b4, 0x368f, 0x3450,
    0x38b4, 0x37d9, 0x3531, 0x38db, 0x3809, 0x3589, 0x397f, 0x387f, 0x363b, 0x3a05, 0x38e7, 0x36e7,
    0x3a63, 0x397d, 0x3808, 0x3a38, 0x3947, 0x3793, 0x3a7e, 0x399e, 0x3847, 0x3a52, 0x395d, 0x37ef,
    0x3999, 0x38c1, 0x375e, 0x3903, 0x384b, 0x3688, 0x3963, 0x3877, 0x3698, 0x38f0, 0x3818, 0x35be,
    0x3624, 0x34f8, 0x32de, 0x2e6e, 0x2d30, 0x2bc6, 0x33f8, 0x3296, 0x3121, 0x344a, 0x32d4, 0x3056,
    0x380d, 0x3659, 0x33da, 0x3973, 0x3834, 0x34e3, 0x3aab, 0x38ef, 0x3543, 0x3a78, 0x390f, 0x3515,
    0x3a3c, 0x38cd, 0x3530, 0x38b8, 0x3709, 0x3449, 0x37e3, 0x3656, 0x33fb, 0x2ddf, 0x2cc8, 0x27a5,
    0x2dc0, 0x2c52, 0x2712, 0x3555, 0x34a1, 0x31be, 0x366a, 0x353e, 0x3285, 0x30e2, 0x3071, 0x2c91,
    0x30ea, 0x2f77, 0x2aac, 0x3187, 0x3104, 0x2de1, 0x2d03, 0x2cb6, 0x253d, 0x2f1c, 0x2eb7, 0x2968,
    0x2c02, 0x2c84, 0x2472, 0x33cf, 0x3364, 0x2cc2, 0x33b5, 0x32a5, 0x3034, 0x3489, 0x3459, 0x3027,
    0x33d9, 0x344d, 0x2852, 0x373d, 0x34fc, 0x30e7, 0x3b42, 0x391e, 0x35aa, 0x30be, 0x305f, 0x2d73,
    0x2ff1, 0x2f84, 0x2c8c, 0x2ea6, 0x2e9e, 0x2c18, 0x2b81, 0x2b9a, 0x28ef, 0x288f, 0x2924, 0x2916,
    0x2612, 0x2720, 0x2702, 0x2621, 0x278e, 0x287f, 0x2cc0, 0x2da9, 0x2daf, 0x2dfd, 0x2e96, 0x2e16,
    0x2e1d, 0x2f02, 0x2d39, 0x2ffd, 0x2fe8, 0x2d25, 0x2af1, 0x2bf9, 0x2994, 0x2e4f, 0x2ebe, 0x2cf5,
    0x2a21, 0x2b95, 0x2b6b, 0x2bd2, 0x2c4d, 0x2c52, 0x2cde, 0x2d79, 0x2bbc, 0x2aea, 0x2c58, 0x28ab,
    0x280b, 0x287d, 0x2887, 0x29e0, 0x2a93, 0x2b57, 0x2a1b, 0x2a90, 0x2a6f, 0x2ac9, 0x2b22, 0x2a53,
    0x38c8, 0x3843, 0x371b, 0x388f, 0x381f, 0x36da, 0x35a3, 0x345f, 0x3242, 0x36d6, 0x34bb, 0x32a1,
    0x32bf, 0x30a6, 0x2d43, 0x34a6, 0x32bf, 0x3078, 0x35cc, 0x34a6, 0x320a, 0x3670, 0x3532, 0x3333,
    0x36b1, 0x354e, 0x3306, 0x35a9, 0x34b4, 0x32a5, 0x362b, 0x351a, 0x32a4, 0x35f0, 0x3496, 0x31ef,
    0x3596, 0x3447, 0x316f, 0x359b, 0x3456, 0x31e0, 0x35a1, 0x342e, 0x313e, 0x35fd, 0x3457, 0x31ab,
    0x3657, 0x3480, 0x3182, 0x35c0, 0x3446, 0x3102, 0x36f2, 0x3518, 0x326c, 0x373f, 0x3557, 0x31c0,
    0x386d, 0x3695, 0x32df, 0x3934, 0x3796, 0x331a, 0x39b8, 0x3802, 0x3376, 0x3a8b, 0x38a9, 0x34b9,
    0x26a6, 0x278e, 0x1b86, 0x3251, 0x32a1, 0x2f1e, 0x36f5, 0x3564, 0x32e8, 0x3113, 0x308d, 0x2cb5,
    0x3244, 0x306f, 0x2ca6, 0x3690, 0x352e, 0x3240, 0x375b, 0x3592, 0x3255, 0x3695, 0x3557, 0x3140,
    0x3449, 0x31ea, 0x2daf, 0x3400, 0x32f4, 0x3147, 0x2cb6, 0x2c3a, 0x270d, 0x24a8, 0x266a, 0x1566,
    0x2a42, 0x2c8f, 0x22d2, 0x3177, 0x31bf, 0x2c50, 0x2e2d, 0x2e75, 0x2785, 0x3093, 0x320d, 0x301f,
    0x31fd, 0x31a6, 0x2ece, 0x3986, 0x380c, 0x34dd, 0x3b09, 0x391d, 0x35d2, 0x31c2, 0x30fc, 0x2ea7,
    0x305a, 0x3027, 0x2dab, 0x307c, 0x306c, 0x2d90, 0x3070, 0x30bf, 0x2d80, 0x303f, 0x3035, 0x2d0d,
    0x2ce8, 0x2d16, 0x2a5d, 0x2963, 0x2a19, 0x296a, 0x2a53, 0x2c05, 0x2bd1, 0x2c43, 0x2cca, 0x2b84,
    0x3104, 0x3123, 0x2ed0, 0x3136, 0x30ec, 0x2e50, 0x3132, 0x30ec, 0x2e66, 0x31c6, 0x3126, 0x2f13,
    0x2f42, 0x2f6d, 0x2cf1, 0x2e87, 0x2e29, 0x2c4a, 0x2e57, 0x2e92, 0x2b15, 0x3014, 0x2ff7, 0x2dda,
    0x2fcd, 0x2f61, 0x2d3c, 0x2c0f, 0x2c08, 0x2b0d, 0x2a59, 0x2a3e, 0x299b, 0x2748, 0x26f8, 0x25d0,
    0x3570, 0x346d, 0x325b, 0x352a, 0x345a, 0x323e, 0x345f, 0x32d9, 0x2ff2, 0x3518, 0x33b5, 0x30e0,
    0x34d7, 0x3361, 0x308d, 0x353c, 0x3391, 0x30a2, 0x3350, 0x3121, 0x2e33, 0x3276, 0x3093, 0x2cf1,
    0x323e, 0x3003, 0x2c1b, 0x34a2, 0x3349, 0x3131, 0x319f, 0x301e, 0x2d65, 0x32fb, 0x313c, 0x2ef2,
    0x35b2, 0x348b, 0x325c, 0x3436, 0x3292, 0x305d, 0x34e9, 0x3384, 0x30f0, 0x35e4, 0x3463, 0x3199,
    0x34cd, 0x32da, 0x3035, 0x35a6, 0x3413, 0x30fb, 0x3536, 0x33d4, 0x2ffe, 0x35f1, 0x348b, 0x309c,
    0x37ad, 0x359f, 0x320b, 0x365a, 0x34c9, 0x30f4, 0x3737, 0x356e, 0x323a, 0x3628, 0x34cf, 0x30df,
    0x2cad, 0x2c3a, 0x27a6, 0x25fb, 0x2860, 0x1c40, 0x34e9, 0x3450, 0x30a9, 0x33dc, 0x32a0, 0x2ed6,
    0x2e17, 0x2c7f, 0x27ba, 0x30cd, 0x2fad, 0x2b6d, 0x348d, 0x3413, 0x2fad, 0x330c, 0x3231, 0x2e30,
    0x3411, 0x322b, 0x2dcc, 0x2e4c, 0x2fd6, 0x293b, 0x34bd, 0x3399, 0x24ef, 0x2e03, 0x2e84, 0x24c1,
    0x2c7f, 0x3069, 0x2565, 0x2b68, 0x2c1c, 0x21b0, 0x3016, 0x3054, 0x2c43, 0x31b0, 0x3423, 0x2f34,
    0x2f5e, 0x305d, 0x29a3, 0x2eee, 0x3040, 0x2b5f, 0x348c, 0x3498, 0x31f8, 0x3144, 0x30e2, 0x2eda,
    0x302f, 0x2fbd, 0x2d8a, 0x2d18, 0x2c97, 0x2ba1, 0x29d5, 0x2934, 0x27be, 0x2fd2, 0x2f86, 0x2ce2,
    0x313f, 0x30db, 0x2db8, 0x32b7, 0x328e, 0x2f9b, 0x3212, 0x3181, 0x2f65, 0x30c4, 0x3053, 0x2d82,
    0x339e, 0x341e, 0x3429, 0x3517, 0x3542, 0x3559, 0x32c4, 0x3302, 0x32cc, 0x30a1, 0x3111, 0x3034,
    0x3083, 0x30ad, 0x2e07, 0x300e, 0x2fe6, 0x2cc6, 0x2efa, 0x2ea7, 0x2ca6, 0x2879, 0x28d0, 0x278f,
    0x2bb1, 0x2ba2, 0x2c8b, 0x2948, 0x28e5, 0x27df, 0x24fb, 0x252d, 0x2546, 0x2551, 0x263c, 0x26dc,
    0x32ee, 0x3140, 0x2db9, 0x3237, 0x30d9, 0x2d34, 0x34cf, 0x3378, 0x3042, 0x3497, 0x33af, 0x30a6,
    0x3416, 0x327a, 0x2f08, 0x3411, 0x32eb, 0x2f3a, 0x321c, 0x30c5, 0x2d09, 0x3232, 0x30e1, 0x2c35,
    0x33cb, 0x3151, 0x2dcb, 0x348b, 0x3321, 0x30e4, 0x347a, 0x32d3, 0x3099, 0x3453, 0x3262, 0x300d,
    0x3264, 0x309e, 0x2d3a, 0x2fab, 0x2da8, 0x2a6a, 0x352c, 0x3401, 0x31a8, 0x35ce, 0x3435, 0x3144,
    0x34bb, 0x331f, 0x3076, 0x343a, 0x3269, 0x2f58, 0x35d9, 0x3412, 0x306f, 0x3702, 0x350d, 0x3176,
    0x37a2, 0x357a, 0x3166, 0x39b5, 0x382e, 0x3448, 0x3983, 0x382b, 0x3418, 0x3916, 0x3849, 0x34e2,
    0x39ab, 0x383b, 0x3479, 0x3127, 0x3122, 0x2cb9, 0x2e48, 0x2d88, 0x277b, 0x2c4c, 0x2bbd, 0x25e8,
    0x2e4a, 0x2ed4, 0x2794, 0x31e7, 0x3104, 0x2c41, 0x330d, 0x33a2, 0x2eae, 0x2e0f, 0x2e6e, 0x21f0,
    0x3017, 0x2db6, 0x29c8, 0x23e4, 0x2754, 0x1d0b, 0x294b, 0x2949, 0x220c, 0x2498, 0x271e, 0x2514,
    0x230b, 0x2519, 0x17a5, 0x2d09, 0x2d43, 0x28f4, 0x3268, 0x345c, 0x308e, 0x2a92, 0x2c60, 0x2493,
    0x2d9a, 0x2f1f, 0x2646, 0x3829, 0x3632, 0x339b, 0x35d1, 0x3468, 0x3174, 0x3104, 0x30d2, 0x2e8a,
    0x30b7, 0x3062, 0x2e9d, 0x2d88, 0x2cd2, 0x2b89, 0x2abd, 0x2add, 0x282d, 0x2b6c, 0x2ad5, 0x284f,
    0x2e31, 0x2de4, 0x2cdd, 0x3585, 0x3551, 0x3501, 0x3059, 0x3087, 0x3095, 0x2fb6, 0x2fa4, 0x2ca8,
    0x2df0, 0x2e65, 0x2e22, 0x301c, 0x3040, 0x2f60, 0x3018, 0x304a, 0x2fba, 0x2fdf, 0x2fe2, 0x2efe,
    0x300e, 0x2fe6, 0x2ee5, 0x2dc1, 0x2d44, 0x2d06, 0x2cc5, 0x2cd8, 0x2c30, 0x2b17, 0x2b4b, 0x2b10,
    0x2633, 0x26a8, 0x26c5, 0x2a9e, 0x2a63, 0x2949, 0x289f, 0x28cd, 0x27ec, 0x254d, 0x2608, 0x2508,
    0x3528, 0x344d, 0x329a, 0x34a6, 0x33b0, 0x313e, 0x3430, 0x32dd, 0x3076, 0x324f, 0x30ee, 0x2eab,
    0x3209, 0x308f, 0x2d4c, 0x322f, 0x30b8, 0x2c29, 0x3507, 0x32ce, 0x2e13, 0x36ba, 0x3494, 0x2f7a,
    0x365d, 0x3431, 0x2f1f, 0x349d, 0x336c, 0x3053, 0x3466, 0x32a8, 0x2f29, 0x3419, 0x3204, 0x2f3c,
    0x2dff, 0x2cbc, 0x2a89, 0x2dd0, 0x2c67, 0x2972, 0x340c, 0x3187, 0x2f34, 0x3805, 0x3573, 0x320e,
    0x3583, 0x3341, 0x2fb4, 0x3610, 0x341b, 0x3067, 0x364b, 0x34a1, 0x30c6, 0x351e, 0x340c, 0x300f,
    0x37ce, 0x35a8, 0x3155, 0x387f, 0x36d7, 0x3180, 0x3939, 0x3790, 0x32f8, 0x3454, 0x342d, 0x2aba,
    0x3187, 0x309a, 0x2b6e, 0x3091, 0x3117, 0x2787, 0x2f3a, 0x3029, 0x28db, 0x2c35, 0x2c54, 0x246d,
    0x2c84, 0x2c7a, 0x232b, 0x3068, 0x2ee6, 0x2980, 0x2ddf, 0x2d92, 0x280a, 0x2e32, 0x2cba, 0x2914,
    0x2804, 0x26c6, 0x21f2, 0x3446, 0x33e7, 0x30e3, 0x302e, 0x3035, 0x2c3c, 0x337b, 0x3348, 0x3014,
    0x28e6, 0x2a79, 0x201a, 0x315f, 0x32f0, 0x2bde, 0x30d4, 0x31b6, 0x2b32, 0x3408, 0x32fe, 0x3075,
    0x302e, 0x2fa7, 0x2d71, 0x38f1, 0x3707, 0x3470, 0x345d, 0x331e, 0x3064, 0x3112, 0x30be, 0x2e7b,
    0x3035, 0x2fcb, 0x2de6, 0x2dd5, 0x2d58, 0x2c32, 0x2c5c, 0x2c39, 0x2a1e, 0x2a7f, 0x29cb, 0x282e,
    0x2e59, 0x2dda, 0x2ce1, 0x32c3, 0x32cf, 0x3232, 0x3189, 0x3195, 0x310c, 0x3014, 0x3055, 0x3006,
    0x2e0f, 0x2e00, 0x2c5b, 0x2db2, 0x2dcf, 0x2c0e, 0x2c76, 0x2cdf, 0x2c1a, 0x315c, 0x3196, 0x313e,
    0x2f9c, 0x2fab, 0x2f31, 0x30d1, 0x3103, 0x3056, 0x2c2a, 0x2c21, 0x2a0f, 0x2a17, 0x2a41, 0x2884,
    0x286d, 0x2856, 0x25e2, 0x2929, 0x293c, 0x2825, 0x2726, 0x281f, 0x2663, 0x2634, 0x2777, 0x250d,
    0x3484, 0x33b4, 0x3244, 0x34b6, 0x33f2, 0x3215, 0x3552, 0x3480, 0x327e, 0x357a, 0x3481, 0x325d,
    0x3521, 0x3412, 0x31c2, 0x3420, 0x32a8, 0x3062, 0x3277, 0x3186, 0x2fc5, 0x3243, 0x316a, 0x2fdc,
    0x3266, 0x3188, 0x300f, 0x31fa, 0x30db, 0x2e56, 0x32b3, 0x3112, 0x2f1d, 0x35a9, 0x3428, 0x30b3,
    0x2a88, 0x287c, 0x2534, 0x2ccc, 0x2b0a, 0x283b, 0x3332, 0x31ea, 0x2f58, 0x34f1, 0x32de, 0x2fca,
    0x375a, 0x34a6, 0x30d5, 0x35b3, 0x33ac, 0x303a, 0x3535, 0x3409, 0x3004, 0x3571, 0x3435, 0x3068,
    0x36f8, 0x3572, 0x31a0, 0x3776, 0x35b3, 0x3198, 0x3710, 0x35ab, 0x313c, 0x382c, 0x3625, 0x3255,
    0x3722, 0x3568, 0x31cb, 0x35e4, 0x34b4, 0x31de, 0x2fe4, 0x2fe8, 0x29a8, 0x2c44, 0x2cd7, 0x250b,
    0x2e24, 0x2ea5, 0x29ae, 0x2aed, 0x296a, 0x23c3, 0x2f16, 0x2d4f, 0x29e8, 0x29e0, 0x2929, 0x245b,
    0x3488, 0x3437, 0x30ef, 0x34cd, 0x34ce, 0x3126, 0x342d, 0x342c, 0x30d0, 0x34c3, 0x34dd, 0x311a,
    0x34b7, 0x342a, 0x30d6, 0x3482, 0x3432, 0x3125, 0x3248, 0x3334, 0x2cdb, 0x33b6, 0x334d, 0x3101,
    0x31c4, 0x304d, 0x2d65, 0x38d0, 0x36f5, 0x3448, 0x3483, 0x33a8, 0x31fa, 0x322d, 0x31a5, 0x3000,
    0x3105, 0x3088, 0x2eae, 0x3060, 0x2fd3, 0x2e12, 0x2eba, 0x2e91, 0x2cb4, 0x2c55, 0x2c8a, 0x2939,
    0x2be5, 0x2ab7, 0x296d, 0x300d, 0x3051, 0x2f8b, 0x305d, 0x3094, 0x2f37, 0x2990, 0x29d9, 0x280f,
    0x2d82, 0x2db1, 0x2d1a, 0x2e0c, 0x2da6, 0x2cdb, 0x2a2f, 0x29ee, 0x2851, 0x284e, 0x284f, 0x260a,
    0x2c79, 0x2c45, 0x2a7f, 0x2c2f, 0x2bf4, 0x29dc, 0x2ce5, 0x2cc4, 0x2a92, 0x2b1f, 0x2b51, 0x280c,
    0x29dd, 0x2991, 0x2877, 0x2830, 0x2823, 0x266a, 0x248b, 0x24f6, 0x248d, 0x2a08, 0x2a32, 0x29b1,
    0x3534, 0x3497, 0x3328, 0x353d, 0x3498, 0x3303, 0x3582, 0x349d, 0x3305, 0x3633, 0x3521, 0x3332,
    0x37b8, 0x3637, 0x3430, 0x36df, 0x35c9, 0x3328, 0x34fe, 0x342c, 0x31db, 0x3172, 0x30ba, 0x2f0c,
    0x315b, 0x307d, 0x2fbb, 0x302e, 0x2f7f, 0x2eac, 0x3381, 0x30c9, 0x2c48, 0x351e, 0x3348, 0x3009,
    0x29b5, 0x26f1, 0x21f3, 0x2f56, 0x2d71, 0x2a97, 0x31a7, 0x30c8, 0x2f74, 0x33b0, 0x31e9, 0x3018,
    0x3522, 0x3332, 0x2fe6, 0x3569, 0x3416, 0x309c, 0x3575, 0x341d, 0x30b5, 0x378d, 0x3571, 0x31c0,
    0x36f8, 0x351d, 0x3163, 0x36d6, 0x3525, 0x3183, 0x38dd, 0x3694, 0x3336, 0x38e5, 0x3744, 0x32ad,
    0x3902, 0x375d, 0x33b5, 0x38c3, 0x372f, 0x3338, 0x363c, 0x3561, 0x313d, 0x32f8, 0x345c, 0x2345,
    0x2f67, 0x2f2f, 0x299a, 0x33d2, 0x33de, 0x2dff, 0x2fd2, 0x2e8f, 0x2a63, 0x2d1e, 0x2b08, 0x24b1,
    0x34ed, 0x3463, 0x30ed, 0x34fe, 0x3469, 0x3086, 0x3460, 0x3446, 0x2ca8, 0x34e4, 0x340e, 0x2e99,
    0x34ce, 0x34e4, 0x30b4, 0x3455, 0x341c, 0x307a, 0x33b4, 0x3372, 0x3089, 0x28aa, 0x25e8, 0x21df,
    0x35b8, 0x341e, 0x3097, 0x3829, 0x3589, 0x3146, 0x301f, 0x2e26, 0x29a9, 0x32c6, 0x313c, 0x2ef1,
    0x31d0, 0x30e0, 0x2f63, 0x30ae, 0x2fd3, 0x2e19, 0x2f6e, 0x2eaa, 0x2cc4, 0x2d48, 0x2d0b, 0x2b0c,
    0x2c19, 0x2b9b, 0x2a4a, 0x3178, 0x30d4, 0x2e4f, 0x2eee, 0x2e4c, 0x2b5a, 0x30ad, 0x3014, 0x2e5b,
    0x2c7f, 0x2be2, 0x29ae, 0x2e76, 0x2dbe, 0x2c34, 0x2e9f, 0x2e89, 0x2d15, 0x2aec, 0x2b28, 0x2912,
    0x2a92, 0x29ec, 0x272d, 0x2bc3, 0x2bb7, 0x2891, 0x2ceb, 0x2c90, 0x2991, 0x2dbc, 0x2d43, 0x2af1,
    0x2cfe, 0x2cfd, 0x2a29, 0x2c43, 0x2bae, 0x29a9, 0x2cea, 0x2d79, 0x2d06, 0x2f79, 0x3086, 0x3164,
    0x34ba, 0x3425, 0x322b, 0x3493, 0x33bd, 0x3242, 0x35bc, 0x34b3, 0x325f, 0x35a4, 0x3492, 0x320b,
    0x35a1, 0x34b8, 0x3213, 0x3510, 0x3458, 0x30c4, 0x3417, 0x3382, 0x2fb0, 0x32cc, 0x3295, 0x319d,
    0x3171, 0x3147, 0x301b, 0x3418, 0x31c3, 0x2e9f, 0x2f4e, 0x2d70, 0x29b9, 0x3265, 0x30a0, 0x2d60,
    0x2b7c, 0x28dd, 0x2546, 0x305d, 0x2e4c, 0x2ae4, 0x30aa, 0x3032, 0x2eb6, 0x309e, 0x301d, 0x2c93,
    0x3421, 0x32f7, 0x2fe7, 0x359a, 0x33c5, 0x30ad, 0x36af, 0x34c9, 0x30c9, 0x3802, 0x35b9, 0x31ec,
    0x381e, 0x363f, 0x324c, 0x34c8, 0x3357, 0x3066, 0x377b, 0x35b0, 0x31dd, 0x36e2, 0x34f8, 0x31e6,
    0x3275, 0x32e9, 0x2767, 0x3096, 0x3177, 0x268b, 0x3592, 0x352e, 0x2d6c, 0x348e, 0x3452, 0x3040,
    0x303e, 0x306e, 0x254a, 0x31c0, 0x318b, 0x2c8d, 0x328e, 0x34d3, 0x1284, 0x3531, 0x3334, 0x2d99,
    0x34d3, 0x3462, 0x2ff8, 0x3480, 0x340b, 0x2f2f, 0x3531, 0x3471, 0x30f5, 0x3665, 0x351a, 0x3240,
    0x3689, 0x3588, 0x320c, 0x3602, 0x3521, 0x3141, 0x292e, 0x2872, 0x2643, 0x2f93, 0x2ce5, 0x26c8,
    0x3844, 0x35e2, 0x32a3, 0x36ff, 0x34b5, 0x3085, 0x2d31, 0x2b02, 0x270e, 0x3181, 0x2f0a, 0x2c70,
    0x340c, 0x32c9, 0x3076, 0x3231, 0x3167, 0x2f8c, 0x3157, 0x30a4, 0x2f12, 0x306f, 0x2f81, 0x2df9,
    0x2fa6, 0x2ee9, 0x2d36, 0x3027, 0x2fdd, 0x2d96, 0x3064, 0x2fc1, 0x2d7c, 0x3225, 0x314d, 0x3040,
    0x30a5, 0x301e, 0x2df6, 0x2ccc, 0x2ca0, 0x2bd6, 0x2cb1, 0x2c6a, 0x2bf9, 0x30b4, 0x3050, 0x2ed3,
    0x32fc, 0x31e4, 0x2f72, 0x31bf, 0x313a, 0x2f6f, 0x31cf, 0x3125, 0x2f77, 0x2ffd, 0x2f6c, 0x2d7d,
    0x2dea, 0x2df3, 0x2cf1, 0x328c, 0x31f3, 0x3025, 0x3817, 0x3750, 0x3460, 0x2892, 0x2959, 0x28ae,
    0x3380, 0x32d7, 0x31dd, 0x33b4, 0x3302, 0x3188, 0x344f, 0x33a8, 0x3201, 0x358e, 0x34e9, 0x3276,
    0x35b9, 0x352d, 0x335c, 0x34db, 0x3466, 0x314c, 0x340c, 0x33a2, 0x30b3, 0x3212, 0x31fa, 0x3061,
    0x329b, 0x318e, 0x3064, 0x34ca, 0x32c3, 0x2fce, 0x2c46, 0x299e, 0x2572, 0x320a, 0x302a, 0x2c36,
    0x2d6d, 0x29e5, 0x251e, 0x30ca, 0x2f4e, 0x2c71, 0x309b, 0x2fa9, 0x2dcc, 0x3280, 0x30f7, 0x2e55,
    0x2f64, 0x2d33, 0x28ff, 0x342c, 0x32d4, 0x3058, 0x3583, 0x3473, 0x305c, 0x36b7, 0x351e, 0x315b,
    0x3589, 0x3466, 0x30ce, 0x34ef, 0x33fd, 0x30b9, 0x34a7, 0x3348, 0x3077, 0x3229, 0x32b8, 0x2cbc,
    0x31f7, 0x329f, 0x28d0, 0x2e56, 0x2fee, 0x197b, 0x2f93, 0x30b3, 0x192f, 0x3022, 0x3069, 0x1ed2,
    0x31bc, 0x31e9, 0x28f8, 0x322a, 0x31bc, 0x2c91, 0x32ab, 0x337e, 0x24d8, 0x2ff2, 0x2f01, 0x28e4,
    0x3359, 0x3240, 0x2e72, 0x30ab, 0x3097, 0x2c1b, 0x3216, 0x3132, 0x2fbe, 0x333d, 0x31f2, 0x3043,
    0x31c0, 0x3127, 0x2f8e, 0x3131, 0x2f49, 0x2ce0, 0x2acf, 0x28f5, 0x26d4, 0x2cc3, 0x2b6a, 0x28dd,
    0x373f, 0x351c, 0x31ca, 0x2eac, 0x2c67, 0x2831, 0x2e73, 0x2c3d, 0x2887, 0x3071, 0x2dfd, 0x2a8c,
    0x33e6, 0x31b9, 0x2d4e, 0x39dd, 0x389e, 0x35ea, 0x3652, 0x350c, 0x32bd, 0x32c4, 0x3224, 0x2f31,
    0x324c, 0x3167, 0x2f61, 0x3221, 0x3169, 0x2f8b, 0x31b0, 0x3119, 0x2f21, 0x3156, 0x3109, 0x2ed6,
    0x2b53, 0x2b5e, 0x2acd, 0x2b8f, 0x2ab1, 0x2905, 0x2d68, 0x2d33, 0x2c1a, 0x2cbf, 0x2d05, 0x2acd,
    0x3169, 0x30b2, 0x2ed1, 0x315b, 0x30c8, 0x2e47, 0x31df, 0x311e, 0x2e86, 0x33b9, 0x32fa, 0x301f,
    0x3307, 0x3213, 0x2f90, 0x36ca, 0x35e3, 0x31dd, 0x3964, 0x3899, 0x3544, 0x28fe, 0x2976, 0x269d,
    0x3408, 0x33a5, 0x3152, 0x3424, 0x3353, 0x3151, 0x33ec, 0x3300, 0x3041, 0x3403, 0x3287, 0x304c,
    0x32ec, 0x31a7, 0x2fbe, 0x3204, 0x3129, 0x2eaf, 0x3161, 0x306b, 0x2ee6, 0x34f5, 0x339b, 0x3002,
    0x30c3, 0x3003, 0x2e48, 0x33bc, 0x3150, 0x2def, 0x2ad5, 0x287e, 0x2410, 0x3208, 0x305a, 0x2d65,
    0x336d, 0x30ca, 0x2d1f, 0x3353, 0x31d6, 0x2ee4, 0x30ee, 0x3047, 0x2e3a, 0x3114, 0x305c, 0x2ed3,
    0x3133, 0x2fd8, 0x2cfb, 0x32e4, 0x31a3, 0x2e58, 0x32da, 0x315e, 0x2f1a, 0x34e0, 0x33fc, 0x3167,
    0x359f, 0x3477, 0x30d7, 0x351c, 0x346b, 0x30f8, 0x3134, 0x3294, 0x2702, 0x2979, 0x2c9a, 0x18f3,
    0x274d, 0x28e4, 0x1d1d, 0x3227, 0x3369, 0x2352, 0x303b, 0x3210, 0x0d47, 0x2e05, 0x2d9b, 0x22a3,
    0x2f91, 0x2f50, 0x2432, 0x3601, 0x3465, 0x303e, 0x30a8, 0x3006, 0x2824, 0x3427, 0x321e, 0x2dc9,
    0x3330, 0x32e7, 0x2b84, 0x3179, 0x3222, 0x2cc2, 0x32cd, 0x33b9, 0x2c97, 0x318e, 0x30dd, 0x2f56,
    0x31de, 0x3149, 0x3001, 0x2e12, 0x2cec, 0x2bb5, 0x2a14, 0x29b7, 0x2845, 0x2ba8, 0x298f, 0x26a4,
    0x3665, 0x346d, 0x3104, 0x2e6d, 0x2c4b, 0x283d, 0x3061, 0x2e00, 0x28b1, 0x3296, 0x308f, 0x2a03,
    0x335e, 0x30d9, 0x2cd3, 0x36d3, 0x3524, 0x31de, 0x36b4, 0x3567, 0x31ba, 0x34cc, 0x33f3, 0x30b9,
    0x3422, 0x32e5, 0x3146, 0x32b7, 0x31d3, 0x303a, 0x3198, 0x314c, 0x2f05, 0x2c93, 0x2dbc, 0x2c49,
    0x2a52, 0x2bde, 0x293b, 0x3467, 0x347c, 0x33cc, 0x347f, 0x332a, 0x2d84, 0x310c, 0x3140, 0x2d1f,
    0x2f51, 0x2e0f, 0x2b11, 0x36e6, 0x3692, 0x350b, 0x342d, 0x3337, 0x2ff6, 0x34fa, 0x343d, 0x304e,
    0x35c3, 0x34fd, 0x3128, 0x38ef, 0x3860, 0x34d3, 0x3932, 0x387f, 0x34b9, 0x2836, 0x28b8, 0x249a,
    0x34a4, 0x33ae, 0x30de, 0x33dd, 0x3265, 0x3027, 0x32b5, 0x31cb, 0x2ecc, 0x32fa, 0x3158, 0x2f13,
    0x31ea, 0x30b3, 0x2de2, 0x30ec, 0x2fcf, 0x2d42, 0x3507, 0x336d, 0x3010, 0x3093, 0x2ec4, 0x2b31,
    0x34a3, 0x3461, 0x3405, 0x2f33, 0x2d28, 0x297e, 0x29fc, 0x2806, 0x2450, 0x30ec, 0x2f07, 0x2be9,
    0x3400, 0x3103, 0x2cc2, 0x32ac, 0x3107, 0x2e43, 0x3141, 0x305c, 0x2f00, 0x307c, 0x2fad, 0x2d9f,
    0x3049, 0x2f98, 0x2eb4, 0x2fe1, 0x2fb4, 0x2f04, 0x2faa, 0x2efc, 0x2e43, 0x30bf, 0x3086, 0x304b,
    0x2fda, 0x2fdc, 0x3021, 0x30a1, 0x309b, 0x2dd9, 0x30aa, 0x31c4, 0x24a6, 0x284f, 0x28bc, 0x1f82,
    0x2a80, 0x2aef, 0x206d, 0x31c2, 0x32fe, 0x284b, 0x29d3, 0x2a22, 0x1cee, 0x2916, 0x2ba1, 0x2011,
    0x2c5a, 0x2e31, 0x219d, 0x3561, 0x33a9, 0x2c99, 0x2c64, 0x2c4a, 0x25b5, 0x2f0e, 0x3006, 0x27a2,
    0x35b4, 0x3388, 0x2f21, 0x32e2, 0x3332, 0x2dc5, 0x313b, 0x302e, 0x2f70, 0x2cf9, 0x2c78, 0x2a92,
    0x2ef4, 0x2e81, 0x2cc2, 0x22a5, 0x2142, 0x1f6d, 0x27f9, 0x28d2, 0x27a7, 0x2f47, 0x2cd4, 0x2a17,
    0x3125, 0x2e26, 0x294a, 0x35df, 0x34ea, 0x31dc, 0x30e9, 0x2eab, 0x2b0d, 0x30c9, 0x2edf, 0x2ae7,
    0x2fb8, 0x2e12, 0x2c63, 0x351d, 0x34e2, 0x3436, 0x3256, 0x310a, 0x2f2a, 0x3229, 0x311f, 0x2f4e,
    0x32ea, 0x31d3, 0x304d, 0x350c, 0x34cd, 0x3457, 0x3615, 0x367b, 0x350d, 0x2eb9, 0x2fd6, 0x2ab0,
    0x263e, 0x26d9, 0x251d, 0x2867, 0x2844, 0x274a, 0x2d05, 0x2bc7, 0x291b, 0x2eb5, 0x2e93, 0x2c50,
    0x32c3, 0x323f, 0x300a, 0x30a9, 0x2fb8, 0x2c25, 0x3934, 0x38e0, 0x3865, 0x33de, 0x32a1, 0x2e67,
    0x36e9, 0x361e, 0x328a, 0x39c8, 0x3942, 0x35b5, 0x3970, 0x389c, 0x34fc, 0x3020, 0x2f47, 0x2dd1,
    0x335f, 0x3220, 0x2fbd, 0x32e0, 0x31dd, 0x303a, 0x3315, 0x327a, 0x304e, 0x3201, 0x30e9, 0x2e68,
    0x31a9, 0x30a8, 0x2e68, 0x319f, 0x3084, 0x2e5d, 0x3548, 0x3388, 0x3008, 0x3649, 0x3480, 0x31a0,
    0x3078, 0x2fb2, 0x2e31, 0x2fbd, 0x2e0e, 0x2b88, 0x26a6, 0x243b, 0x20e5, 0x2e07, 0x2b8e, 0x26fe,
    0x34f2, 0x3373, 0x2ef3, 0x316b, 0x300e, 0x2d88, 0x303c, 0x2f6b, 0x2d64, 0x30b5, 0x2fb0, 0x2e32,
    0x330c, 0x3194, 0x300a, 0x309d, 0x305a, 0x2ef7, 0x30f2, 0x30ab, 0x2ecb, 0x2ed6, 0x2f1c, 0x2de4,
    0x3039, 0x3025, 0x2ef6, 0x3081, 0x3073, 0x2b17, 0x2cd5, 0x2e3a, 0x27ce, 0x2db3, 0x2ccb, 0x2643,
    0x2d1e, 0x2fb8, 0x2378, 0x298e, 0x2a64, 0x22e7, 0x2abb, 0x2d55, 0x1813, 0x299d, 0x2c7c, 0x1ca1,
    0x3224, 0x349f, 0x288c, 0x2a63, 0x2903, 0x1e37, 0x2bcb, 0x2a95, 0x221c, 0x32e2, 0x31c0, 0x2a79,
    0x35ff, 0x335b, 0x2f0e, 0x35e0, 0x3402, 0x3032, 0x2ea3, 0x2de2, 0x2bfc, 0x2b34, 0x2a58, 0x28f4,
    0x29cb, 0x2900, 0x27b2, 0x27b4, 0x26f6, 0x25e7, 0x285b, 0x2885, 0x27dd, 0x2f98, 0x2daa, 0x2abf,
    0x3535, 0x3389, 0x310f, 0x2beb, 0x2c32, 0x28e8, 0x2c72, 0x2ad7, 0x28e5, 0x2e37, 0x2c8c, 0x2aec,
    0x2c5f, 0x2ab3, 0x2735, 0x2d2c, 0x2c3c, 0x289c, 0x379d, 0x378d, 0x3603, 0x34d2, 0x3485, 0x30c2,
    0x32fb, 0x31e9, 0x30af, 0x29f9, 0x29ed, 0x2953, 0x27d8, 0x27ca, 0x269e, 0x28a8, 0x28a1, 0x2811,
    0x2ac5, 0x2b5f, 0x28e2, 0x2616, 0x25b7, 0x24af, 0x28dc, 0x291e, 0x2837, 0x2aed, 0x2ba4, 0x2a62,
    0x2f17, 0x2f4f, 0x2df0, 0x31f2, 0x317b, 0x2f79, 0x301e, 0x2fc3, 0x2c9b, 0x31d2, 0x31a6, 0x2fd6,
    0x34bd, 0x3444, 0x31a6, 0x38ab, 0x382f, 0x3468, 0x3830, 0x3779, 0x3420, 0x2e4a, 0x2e66, 0x2f1f,
    0x3345, 0x3264, 0x311a, 0x322a, 0x319f, 0x301e, 0x326f, 0x313d, 0x2ed5, 0x30d9, 0x2fd1, 0x2d29,
    0x33eb, 0x31f1, 0x2fde, 0x31f4, 0x30c2, 0x2ec4, 0x3470, 0x33ce, 0x32db, 0x2d6c, 0x2b7d, 0x2823,
    0x3230, 0x3163, 0x3029, 0x2cbd, 0x2ad0, 0x2782, 0x25f8, 0x2312, 0x1d19, 0x2e94, 0x2c3b, 0x274e,
    0x346f, 0x324f, 0x2d19, 0x301c, 0x2e74, 0x2c4a, 0x2ecc, 0x2d10, 0x2ae7, 0x3035, 0x2ec2, 0x2d21,
    0x32c3, 0x31a2, 0x2fba, 0x3046, 0x2fe7, 0x2f28, 0x2f53, 0x2f5e, 0x2f51, 0x301a, 0x2fd5, 0x2dfc,
    0x2fc8, 0x2f86, 0x2e8d, 0x2ec2, 0x2f74, 0x2c75, 0x2dad, 0x3049, 0x1dd9, 0x2acf, 0x2d43, 0x19fa,
    0x2b61, 0x2e48, 0x1f20, 0x2ba5, 0x2ad3, 0x24f4, 0x2fb0, 0x31c1, 0x21b7, 0x2f18, 0x316d, 0x2693,
    0x2860, 0x2b21, 0x1ae3, 0x2ca6, 0x2c81, 0x2727, 0x2c2f, 0x2e03, 0x278d, 0x35d0, 0x345f, 0x2fd0,
    0x3098, 0x2e7b, 0x2902, 0x3509, 0x3356, 0x2fcc, 0x302c, 0x2ed8, 0x2d53, 0x2cb5, 0x2c5f, 0x29cb,
    0x2baa, 0x2b4b, 0x2a6c, 0x29fc, 0x2aee, 0x2b04, 0x287e, 0x2899, 0x2750, 0x3359, 0x3182, 0x2f2a,
    0x3379, 0x315b, 0x2f86, 0x3007, 0x2f93, 0x2d98, 0x2f17, 0x301d, 0x2b4b, 0x3431, 0x348f, 0x2f81,
    0x3175, 0x3244, 0x2dc7, 0x30fd, 0x30e0, 0x2fed, 0x2e51, 0x2d53, 0x2c77, 0x2cd4, 0x2cc5, 0x2bda,
    0x2926, 0x28f8, 0x271c, 0x29ea, 0x29e3, 0x2915, 0x2b1f, 0x2b20, 0x29d5, 0x21d7, 0x212a, 0x2043,
    0x29c2, 0x2aec, 0x28f0, 0x29e3, 0x29a0, 0x28aa, 0x2aa0, 0x2aaa, 0x2991, 0x2acb, 0x2af7, 0x2a2c,
    0x2e1e, 0x2daf, 0x2c16, 0x3045, 0x2f71, 0x2c24, 0x2ffc, 0x2f51, 0x2cbe, 0x2f66, 0x2e95, 0x2c3b,
    0x3184, 0x30eb, 0x2ec7, 0x31a5, 0x30dd, 0x2dae, 0x3257, 0x31b6, 0x300b, 0x2a23, 0x2ab4, 0x2b46,
    0x32dd, 0x313c, 0x2f58, 0x3212, 0x30d8, 0x2e37, 0x3020, 0x2e46, 0x2c21, 0x2e57, 0x2dd0, 0x2cc0,
    0x30f2, 0x2fec, 0x2d5e, 0x30f9, 0x3019, 0x2ed1, 0x2b31, 0x289f, 0x2571, 0x29ca, 0x2841, 0x258d,
    0x30c9, 0x2edb, 0x2a7e, 0x311a, 0x2fa5, 0x2c55, 0x23af, 0x20d6, 0x1ed2, 0x2b95, 0x29dd, 0x25ff,
    0x2f3e, 0x2e2b, 0x2c6e, 0x2ebb, 0x2de6, 0x2c77, 0x2c87, 0x2c4a, 0x2aba, 0x2e04, 0x2d43, 0x2c32,
    0x3105, 0x3015, 0x2e08, 0x30bc, 0x3008, 0x2d49, 0x300a, 0x2f48, 0x2da9, 0x2f64, 0x2e36, 0x2c03,
    0x2f15, 0x2e8d, 0x2b1f, 0x2c67, 0x2c2d, 0x2745, 0x2c68, 0x2c02, 0x2649, 0x2f78, 0x2f4a, 0x2882,
    0x3257, 0x2fda, 0x2b3a, 0x3062, 0x2f5c, 0x2c40, 0x3939, 0x3696, 0x24b5, 0x2cbb, 0x303a, 0x275a,
    0x282f, 0x2a83, 0x18af, 0x2ba6, 0x2bd1, 0x236c, 0x2d47, 0x2b33, 0x24a7, 0x2c72, 0x2e72, 0x280c,
    0x2e95, 0x2dfc, 0x2987, 0x3494, 0x3309, 0x2fc2, 0x3437, 0x3334, 0x314e, 0x2e3b, 0x2e40, 0x2d26,
    0x2a70, 0x29ae, 0x29ea, 0x2a6f, 0x2a4f, 0x28fe, 0x31e9, 0x32e2, 0x2c8b, 0x32e5, 0x3329, 0x2dc7,
    0x3872, 0x3834, 0x35dd, 0x37ae, 0x37a0, 0x331c, 0x2e49, 0x2db8, 0x2b50, 0x260c, 0x2570, 0x214a,
    0x270f, 0x262a, 0x2210, 0x243e, 0x2344, 0x2064, 0x25de, 0x2578, 0x2411, 0x2c7f, 0x2c4b, 0x2a82,
    0x2767, 0x270d, 0x25ba, 0x2584, 0x2604, 0x2563, 0x26af, 0x2644, 0x24da, 0x27cd, 0x27e3, 0x2663,
    0x28cd, 0x28a7, 0x279d, 0x2c65, 0x2c2c, 0x2b1e, 0x28d6, 0x291e, 0x288d, 0x2d2f, 0x2c79, 0x2b6b,
    0x2fc3, 0x2efb, 0x2d09, 0x2f4a, 0x2e5c, 0x2bd0, 0x3024, 0x2f90, 0x2cf0, 0x3083, 0x306a, 0x2d62,
    0x2f06, 0x2e43, 0x2b02, 0x3068, 0x2f7a, 0x2c1d, 0x30bd, 0x3004, 0x2ccd, 0x30eb, 0x3081, 0x2eea,
    0x3113, 0x2f8b, 0x2cd4, 0x2da5, 0x2c68, 0x2a0b, 0x2da2, 0x2cd0, 0x2b52, 0x2fe7, 0x2e95, 0x2cdf,
    0x3117, 0x3081, 0x2ebc, 0x2bbd, 0x2ad6, 0x29b8, 0x2831, 0x267e, 0x2568, 0x2936, 0x2709, 0x246b,
    0x2a30, 0x285e, 0x2546, 0x310b, 0x2f3e, 0x2bfd, 0x280e, 0x2545, 0x21e6, 0x2ca6, 0x2af5, 0x2771,
    0x2cd5, 0x2bda, 0x29b3, 0x2ce9, 0x2c4b, 0x2a30, 0x2bcf, 0x2b2d, 0x2a44, 0x2e5a, 0x2d90, 0x2cbf,
    0x2dd6, 0x2c96, 0x29f6, 0x2e21, 0x2d21, 0x2a63, 0x2eff, 0x2dc2, 0x2c76, 0x2d4d, 0x2d11, 0x2ab8,
    0x2e3d, 0x2d47, 0x2b55, 0x2e4c, 0x2da6, 0x2ae5, 0x2c1a, 0x2afc, 0x284e, 0x2d78, 0x2d2b, 0x2981,
    0x2ccd, 0x2caa, 0x2a06, 0x2c22, 0x2be5, 0x274e, 0x2d47, 0x2d82, 0x29dc, 0x3007, 0x3055, 0x2a14,
    0x2e1a, 0x2e71, 0x2840, 0x315b, 0x2ffa, 0x2a40, 0x3303, 0x30c2, 0x2c44, 0x32b7, 0x311f, 0x2d4f,
    0x2d66, 0x2b02, 0x2577, 0x30e7, 0x2f19, 0x2c08, 0x301d, 0x2f64, 0x2b1e, 0x2fad, 0x30be, 0x2be0,
    0x32c8, 0x3429, 0x2d48, 0x34aa, 0x3588, 0x301b, 0x2c72, 0x2bb2, 0x2867, 0x2d93, 0x2cd1, 0x28f5,
    0x30e3, 0x3009, 0x2ec6, 0x304e, 0x2ea5, 0x2d75, 0x2c0f, 0x2b40, 0x2951, 0x293d, 0x2789, 0x24b4,
    0x1fef, 0x1fdf, 0x1985, 0x1c82, 0x19b7, 0x151e, 0x285c, 0x27dd, 0x264e, 0x3078, 0x2ef1, 0x2d27,
    0x2b1f, 0x2a24, 0x28fe, 0x2cd2, 0x2b0a, 0x2935, 0x2a56, 0x29a8, 0x28ca, 0x2c4e, 0x2d8b, 0x2b40,
    0x29ac, 0x2aa5, 0x280a, 0x29ee, 0x2a38, 0x2964, 0x2b6b, 0x2b30, 0x2a24, 0x2d17, 0x2c62, 0x2a4a,
    0x2d8d, 0x2ce7, 0x2acf, 0x313d, 0x30a1, 0x2e13, 0x2e5e, 0x2d8b, 0x2bab, 0x2ecf, 0x2e96, 0x2c73,
    0x2e95, 0x2dbd, 0x2b5f, 0x2e95, 0x2d69, 0x2a31, 0x3349, 0x3167, 0x2e03, 0x328d, 0x31b6, 0x3074,
    0x2ffb, 0x2df3, 0x2b81, 0x3011, 0x2e53, 0x2c46, 0x2fc1, 0x2e2f, 0x2c68, 0x2ef8, 0x2d9d, 0x2bc4,
    0x30cf, 0x3007, 0x2d92, 0x2b1d, 0x294e, 0x27b6, 0x2ed6, 0x2c6c, 0x28fe, 0x2e3a, 0x2c51, 0x28d8,
    0x3294, 0x30f9, 0x2e91, 0x2990, 0x27d4, 0x2492, 0x29bc, 0x2813, 0x2518, 0x2965, 0x280a, 0x23ab,
    0x2cde, 0x2bba, 0x2983, 0x2ca1, 0x2b6b, 0x28d1, 0x2e76, 0x2d03, 0x2a68, 0x325f, 0x30f3, 0x2e21,
    0x3046, 0x2f27, 0x2d31, 0x2c8d, 0x2bac, 0x2a6c, 0x2e6e, 0x2d73, 0x2c0f, 0x2f0f, 0x2dbd, 0x2c22,
    0x3075, 0x2f2c, 0x2cd6, 0x2d0b, 0x2c16, 0x29cf, 0x2a7c, 0x293e, 0x2660, 0x2c2a, 0x2b18, 0x28af,
    0x29f0, 0x28d8, 0x2572, 0x2a64, 0x29c7, 0x2583, 0x2b1b, 0x2a74, 0x27f4, 0x2c82, 0x2c08, 0x290d,
    0x2dd0, 0x2c44, 0x28e9, 0x2d96, 0x2ce3, 0x283f, 0x2c59, 0x2907, 0x2411, 0x294f, 0x25ba, 0x2085,
    0x2a61, 0x2869, 0x2202, 0x2dce, 0x2fa8, 0x2a1f, 0x2e2c, 0x2e0d, 0x27e1, 0x2d9c, 0x2d25, 0x2805,
    0x315e, 0x2fbc, 0x2c75, 0x2e7e, 0x2d9d, 0x2c38, 0x31bd, 0x2fe8, 0x2c73, 0x2fa4, 0x2d92, 0x2acf,
    0x300d, 0x2ee0, 0x2d7c, 0x30a5, 0x2f8c, 0x2e62, 0x2a1d, 0x2921, 0x27b8, 0x2c75, 0x2a65, 0x26d5,
    0x2484, 0x24dd, 0x23a7, 0x30a1, 0x2ffb, 0x2e7e, 0x297c, 0x29e0, 0x2924, 0x2da4, 0x2b62, 0x28c3,
    0x34ab, 0x3282, 0x305c, 0x2c52, 0x2be7, 0x2ae0, 0x292e, 0x2946, 0x286d, 0x35e1, 0x336b, 0x2ec3,
    0x2330, 0x2434, 0x2191, 0x2548, 0x257d, 0x2433, 0x2d1f, 0x2c50, 0x29e7, 0x2de9, 0x2d7a, 0x2b7e,
    0x3397, 0x3117, 0x2d52, 0x31aa, 0x30f3, 0x2f1d, 0x2f90, 0x2e81, 0x2ca1, 0x2d34, 0x2d1c, 0x2b1c,
    0x2d09, 0x2cef, 0x2b5f, 0x30d3, 0x2f41, 0x2cc1, 0x3875, 0x3608, 0x3296, 0x30d9, 0x2ff7, 0x2cd5,
    0x3019, 0x2ebc, 0x2d21, 0x2f01, 0x2d64, 0x2b3d, 0x2f46, 0x2dbe, 0x2c2b, 0x2dd6, 0x2c2d, 0x293a,
    0x2f0f, 0x2db5, 0x2afe, 0x2cc8, 0x2c54, 0x2bfc, 0x2cf9, 0x2a46, 0x277b, 0x2bd0, 0x29a5, 0x274e,
    0x32a7, 0x30b3, 0x2cf8, 0x2fdc, 0x2dd9, 0x2ad8, 0x2a57, 0x288c, 0x24b1, 0x2922, 0x27da, 0x2492,
    0x2c2a, 0x2afd, 0x294a, 0x2cb5, 0x2be9, 0x2a2b, 0x2c80, 0x2c34, 0x2aba, 0x2dda, 0x2d3e, 0x2bc2,
    0x2e47, 0x2da3, 0x2c8f, 0x3428, 0x3225, 0x2ff5, 0x2d1d, 0x2c93, 0x2a62, 0x295e, 0x28a3, 0x2696,
    0x2ccc, 0x2c17, 0x2977, 0x29f0, 0x2905, 0x26d8, 0x29f4, 0x293f, 0x277a, 0x2844, 0x26e6, 0x24a6,
    0x2bad, 0x2ab7, 0x28aa, 0x350b, 0x33b9, 0x3089, 0x2903, 0x2896, 0x253e, 0x2a02, 0x28bf, 0x265b,
    0x2aa0, 0x2907, 0x26da, 0x2c0c, 0x2a40, 0x275c, 0x267d, 0x2339, 0x1cfa, 0x2aa0, 0x26f8, 0x21cb,
    0x2d57, 0x29d0, 0x253b, 0x2ecd, 0x2b94, 0x2799, 0x32b3, 0x310e, 0x2e58, 0x305a, 0x2e31, 0x2b07,
    0x3447, 0x31bb, 0x2edb, 0x3245, 0x2fd6, 0x2b1b, 0x3298, 0x30d9, 0x2c74, 0x3013, 0x2d74, 0x2984,
    0x2dcd, 0x2c55, 0x29cb, 0x2c7e, 0x2b7b, 0x2906, 0x3069, 0x2eb9, 0x2c6d, 0x2a24, 0x28ed, 0x27e1,
    0x22c9, 0x24c8, 0x21b5, 0x377e, 0x3514, 0x31d6, 0x28c1, 0x288f, 0x2664, 0x286b, 0x252f, 0x222e,
    0x2d08, 0x2997, 0x26a2, 0x31c7, 0x3097, 0x2db3, 0x27a2, 0x26c6, 0x269f, 0x37dd, 0x34a3, 0x301a,
    0x2356, 0x23cf, 0x2278, 0x2782, 0x279c, 0x24c5, 0x3396, 0x30f0, 0x2d19, 0x3388, 0x31fa, 0x2ea4,
    0x3553, 0x32d2, 0x2fd0, 0x2f9f, 0x2ede, 0x2c28, 0x30fa, 0x303a, 0x2ca6, 0x2d4d, 0x2d25, 0x2b73,
    0x2cfa, 0x2cad, 0x2b4d, 0x360d, 0x343e, 0x312b, 0x38f7, 0x3726, 0x3448, 0x3257, 0x3133, 0x2deb,
    0x3001, 0x2e22, 0x2c30, 0x2ecf, 0x2cfa, 0x2a6e, 0x2e54, 0x2c97, 0x2a4b, 0x2e1b, 0x2c71, 0x29bf,
    0x2f57, 0x2dc9, 0x2ad4, 0x2cb8, 0x2b0b, 0x293b, 0x2bcf, 0x2915, 0x2545, 0x2e7a, 0x2d68, 0x2c40,
    0x31fe, 0x3092, 0x2dee, 0x3180, 0x2fd7, 0x2cc2, 0x294c, 0x286b, 0x24bc, 0x288a, 0x26fb, 0x2430,
    0x2bc4, 0x2a8a, 0x28a5, 0x2c19, 0x2a9b, 0x2912, 0x2c99, 0x2bcd, 0x289e, 0x2eeb, 0x2d16, 0x2aba,
    0x2fe4, 0x2dd4, 0x2bf5, 0x3788, 0x358d, 0x336f, 0x2c8d, 0x2b32, 0x286e, 0x2c62, 0x2b1d, 0x2906,
    0x2c97, 0x2af9, 0x2880, 0x32c6, 0x314b, 0x2f11, 0x2d06, 0x2c96, 0x28e5, 0x2a1b, 0x2949, 0x2651,
    0x2a80, 0x299d, 0x2745, 0x3451, 0x3296, 0x2fc8, 0x29bb, 0x288a, 0x2574, 0x288a, 0x27ad, 0x2507,
    0x33df, 0x31a7, 0x2e36, 0x2c6f, 0x2c24, 0x2727, 0x302e, 0x2dce, 0x2a7a, 0x2e3d, 0x2cac, 0x2872,
    0x2b2c, 0x2873, 0x239b, 0x350e, 0x3304, 0x2f88, 0x33c4, 0x31c4, 0x2f3d, 0x31e2, 0x30a4, 0x2c9d,
    0x34dc, 0x31fe, 0x2d65, 0x334b, 0x3122, 0x2db3, 0x334b, 0x305a, 0x2c14, 0x2da4, 0x2b89, 0x2859,
    0x2c31, 0x2a1e, 0x2834, 0x2c54, 0x2afb, 0x28cc, 0x3203, 0x3006, 0x2c6c, 0x338e, 0x3257, 0x30e7,
    0x2cdc, 0x2b37, 0x2974, 0x3860, 0x3657, 0x3404, 0x2bb0, 0x2b59, 0x2990, 0x2619, 0x2418, 0x21a1,
    0x297b, 0x26ee, 0x2594, 0x3045, 0x2e8f, 0x2ca2, 0x38fe, 0x36ec, 0x3405, 0x388f, 0x3630, 0x336b,
    0x384a, 0x3709, 0x35b4, 0x3772, 0x3641, 0x35a2, 0x3571, 0x339c, 0x3104, 0x3d61, 0x3c45, 0x3a2d,
    0x3e7a, 0x3cf0, 0x3b6e, 0x3def, 0x3c7e, 0x39f9, 0x3fad, 0x3de1, 0x3c3d, 0x3f66, 0x3dc5, 0x3c37,
    0x3b93, 0x3a16, 0x384c, 0x3933, 0x36cf, 0x32fa, 0x3f45, 0x3d91, 0x3c06, 0x3832, 0x361e, 0x340e,
    0x3138, 0x3030, 0x2db8, 0x2d5b, 0x2b96, 0x28ce, 0x2b59, 0x28bc, 0x25d8, 0x300f, 0x2dd5, 0x2b5a,
    0x3376, 0x31b7, 0x2fb9, 0x31af, 0x3012, 0x2cc4, 0x2d90, 0x2af4, 0x2860, 0x3085, 0x2f57, 0x2c3c,
    0x3115, 0x2fad, 0x2cd1, 0x3266, 0x312f, 0x2f67, 0x29ef, 0x287b, 0x24b0, 0x2939, 0x27f5, 0x252c,
    0x2c16, 0x2a7a, 0x28b2, 0x33fc, 0x318d, 0x2ec3, 0x2d7a, 0x2ca4, 0x29e0, 0x2dd5, 0x2c9f, 0x29a0,
    0x2fc6, 0x2e7f, 0x29a7, 0x3577, 0x3396, 0x2f83, 0x2cca, 0x2b15, 0x282a, 0x2a66, 0x2989, 0x27f4,
    0x2bf2, 0x29c4, 0x2734, 0x35d5, 0x3424, 0x308e, 0x2a11, 0x2924, 0x2479, 0x2a9e, 0x2923, 0x24ca,
    0x2b0f, 0x2988, 0x2852, 0x2f49, 0x2d76, 0x2bb2, 0x2eda, 0x2d3e, 0x2bd1, 0x2db6, 0x2cbf, 0x2a18,
    0x3576, 0x33d0, 0x302d, 0x2dca, 0x2ca6, 0x2b6d, 0x3479, 0x3257, 0x3021, 0x33ae, 0x31c3, 0x3062,
    0x3358, 0x31ab, 0x3018, 0x33ae, 0x31a4, 0x2f50, 0x35c3, 0x34bc, 0x33c3, 0x34e5, 0x3438, 0x3341,
    0x384a, 0x354d, 0x30b9, 0x39a4, 0x38b8, 0x382d, 0x3406, 0x32f9, 0x3206, 0x3a20, 0x3938, 0x38b5,
    0x3a2a, 0x391f, 0x3866, 0x392b, 0x383c, 0x36e9, 0x3257, 0x3085, 0x2cab, 0x3ad7, 0x395c, 0x378b,
    0x3bf1, 0x3a45, 0x38aa, 0x3be5, 0x3a07, 0x3819, 0x35ff, 0x34be, 0x333c, 0x3c20, 0x3a55, 0x3875,
    0x38bc, 0x374a, 0x346c, 0x305d, 0x2f37, 0x2d59, 0x39a2, 0x37ad, 0x34a2, 0x3c73, 0x3a3e, 0x3780,
    0x3a10, 0x387d, 0x34f3, 0x3c2e, 0x399d, 0x3578, 0x302d, 0x2df0, 0x2af3, 0x39be, 0x3816, 0x348f,
    0x39e2, 0x3708, 0x319e, 0x35a6, 0x3440, 0x2fba, 0x340e, 0x31d9, 0x2e62, 0x34d5, 0x336b, 0x2ff6,
    0x2fbc, 0x2dd7, 0x2ab3, 0x3624, 0x3401, 0x3007, 0x3618, 0x340e, 0x3005, 0x2c23, 0x2a42, 0x2842,
    0x2b58, 0x29ad, 0x27e6, 0x2cf5, 0x2bb5, 0x29aa, 0x2d01, 0x2af7, 0x2846, 0x34bd, 0x332e, 0x30ab,
    0x3755, 0x3590, 0x3377, 0x33bc, 0x322f, 0x30a8, 0x36b2, 0x35af, 0x34ed, 0x369f, 0x35a5, 0x34bb,
    0x300a, 0x2e71, 0x2ca6, 0x3414, 0x3311, 0x3208, 0x34ef, 0x3485, 0x3414, 0x3542, 0x34bc, 0x343f,
    0x34b1, 0x3424, 0x3315, 0x3717, 0x34c8, 0x3175, 0x3467, 0x3374, 0x326f, 0x380f, 0x3715, 0x35db,
    0x3847, 0x3719, 0x35b2, 0x38b7, 0x37c7, 0x362a, 0x38e2, 0x380b, 0x36be, 0x38a7, 0x3797, 0x3624,
    0x3888, 0x36d4, 0x347d, 0x37e4, 0x351e, 0x30a1, 0x38f0, 0x3797, 0x35a9, 0x3a1c, 0x38a1, 0x36d6,
    0x3a24, 0x3848, 0x351b, 0x32f8, 0x312f, 0x2f1c, 0x3a38, 0x3880, 0x35ad, 0x3a13, 0x3870, 0x3607,
    0x35eb, 0x3430, 0x3054, 0x3a1a, 0x384e, 0x348a, 0x3afa, 0x38e5, 0x3562, 0x3af7, 0x38f6, 0x35ea,
    0x3bdd, 0x3996, 0x35f0, 0x3af0, 0x38d8, 0x34ce, 0x39d5, 0x3847, 0x34f1, 0x357e, 0x33fc, 0x306f,
    0x375a, 0x34c3, 0x306e, 0x32ac, 0x30b0, 0x2cf9, 0x292a, 0x272c, 0x247c, 0x31ba, 0x3011, 0x2c6d,
    0x2fcd, 0x2d71, 0x298a, 0x2ee0, 0x2cf3, 0x2af3, 0x2936, 0x26ed, 0x2408, 0x2fed, 0x2e06, 0x2d52,
    0x2646, 0x251b, 0x2409, 0x3690, 0x3451, 0x307c, 0x271d, 0x25d7, 0x236b, 0x231c, 0x203b, 0x1dfa,
    0x2620, 0x2362, 0x20dc, 0x2c29, 0x2a13, 0x286d, 0x3057, 0x2e4a, 0x2c5d, 0x36c3, 0x347f, 0x31b6,
    0x2b5f, 0x2a7d, 0x28e5, 0x298d, 0x28f2, 0x26c6, 0x3280, 0x3076, 0x2c8c, 0x35ef, 0x3456, 0x30fe,
    0x37a3, 0x3522, 0x325e, 0x3815, 0x369f, 0x34b1, 0x3862, 0x371c, 0x35ae, 0x3b25, 0x397e, 0x380e,
    0x300f, 0x2daa, 0x2ac6, 0x3b5b, 0x38bf, 0x3491, 0x3a5a, 0x38b0, 0x361e, 0x3bb5, 0x3a72, 0x38ed,
    0x308e, 0x2f2b, 0x2d30, 0x2c8c, 0x2a20, 0x279a, 0x2b02, 0x282f, 0x24d2, 0x34f9, 0x33e4, 0x318d,
    0x378e, 0x358a, 0x3335, 0x2e2e, 0x2cd5, 0x2a89, 0x370b, 0x3548, 0x3311, 0x35f1, 0x3491, 0x3222,
    0x2c5d, 0x2b1a, 0x293e, 0x3635, 0x34e7, 0x32b5, 0x35d3, 0x3492, 0x321e, 0x356c, 0x3435, 0x3165,
    0x32aa, 0x30ff, 0x2e08, 0x36b9, 0x34a2, 0x318d, 0x344b, 0x3290, 0x3029, 0x3424, 0x3216, 0x2f3e,
    0x33ef, 0x3192, 0x2dbe, 0x31dc, 0x300d, 0x2c67, 0x2f57, 0x2d78, 0x2903, 0x2b65, 0x29ce, 0x2527,
    0x2cae, 0x2b53, 0x2902, 0x332c, 0x30db, 0x2d16, 0x286f, 0x2772, 0x25a6, 0x2af4, 0x297c, 0x2812,
    0x2c4c, 0x2a1c, 0x270b, 0x2e8a, 0x2dc3, 0x2869, 0x2cb2, 0x2ad3, 0x2853, 0x2c3d, 0x2a7b, 0x2893,
    0x2e46, 0x2cc7, 0x2a06, 0x2bf0, 0x2a9b, 0x297d, 0x28da, 0x2691, 0x2370, 0x2a57, 0x2914, 0x2575,
    0x26d0, 0x253f, 0x2351, 0x2971, 0x2677, 0x2092, 0x2d5c, 0x2c38, 0x27d9, 0x2e8e, 0x2c95, 0x28ef,
    0x33d1, 0x30db, 0x2c6b, 0x2c77, 0x2a8e, 0x2883, 0x2d4e, 0x2d3c, 0x2843, 0x3010, 0x3050, 0x2739,
    0x3166, 0x30ff, 0x2c49, 0x3316, 0x323f, 0x2d35, 0x340e, 0x3157, 0x2ca6, 0x2f4b, 0x2df3, 0x2c6b,
    0x2ea6, 0x2d5a, 0x2caa, 0x2f5b, 0x2d07, 0x2a78, 0x36a0, 0x357c, 0x34b2, 0x380e, 0x3694, 0x3545,
    0x2feb, 0x2e57, 0x2d27, 0x30c1, 0x2ed8, 0x2c68, 0x3b22, 0x3951, 0x3704, 0x3d76, 0x3c28, 0x39a2,
    0x3ea2, 0x3cc8, 0x39b5, 0x401b, 0x3e34, 0x3bf2, 0x3193, 0x2fc0, 0x2c3e, 0x3f23, 0x3d0a, 0x39d8,
    0x4030, 0x3e1f, 0x3b82, 0x3dbd, 0x3c2b, 0x385c, 0x3d42, 0x3c27, 0x3934, 0x3bb1, 0x3a08, 0x3731,
    0x3559, 0x3429, 0x3106, 0x3c3e, 0x39b6, 0x3540, 0x36b8, 0x346d, 0x305c, 0x2c0e, 0x2aa3, 0x2850,
    0x2908, 0x26f9, 0x2434, 0x2ddb, 0x2cdd, 0x2b3b, 0x2826, 0x2561, 0x230e, 0x2e9a, 0x2cf9, 0x2ac6,
    0x3361, 0x3168, 0x2f11, 0x2bfd, 0x2ae3, 0x297e, 0x273b, 0x24e9, 0x2308, 0x29f9, 0x2892, 0x248b,
    0x3182, 0x2f64, 0x2c11, 0x2daf, 0x2c11, 0x27f6, 0x29bf, 0x28e6, 0x2536, 0x2b72, 0x2b54, 0x2897,
    0x3046, 0x2e96, 0x2c22, 0x32a6, 0x30e7, 0x2e8d, 0x29b7, 0x28bd, 0x2631, 0x2bc6, 0x29db, 0x27e6,
    0x330a, 0x30d0, 0x2c71, 0x2b8d, 0x2962, 0x25b6, 0x2dd3, 0x2ccf, 0x2a82, 0x2c02, 0x2a1d, 0x288f,
    0x28ab, 0x286a, 0x280f, 0x39de, 0x36f9, 0x31af, 0x2b5f, 0x29a5, 0x27c6, 0x2d9c, 0x2d07, 0x2a99,
    0x2afc, 0x289c, 0x2533, 0x3032, 0x2e97, 0x2cf0, 0x3060, 0x2f27, 0x2d8f, 0x2b96, 0x29b8, 0x26dc,
    0x37be, 0x3506, 0x2fc8, 0x32a9, 0x3139, 0x304e, 0x3548, 0x348d, 0x3359, 0x3766, 0x3652, 0x353e,
    0x3471, 0x322d, 0x2ef3, 0x387b, 0x3761, 0x35e2, 0x38e4, 0x37ff, 0x366a, 0x34eb, 0x33d5, 0x3145,
    0x3721, 0x3481, 0x302d, 0x36d0, 0x3506, 0x3280, 0x2dd2, 0x2baa, 0x2842, 0x3939, 0x37c4, 0x3579,
    0x343e, 0x3273, 0x3056, 0x37d2, 0x362a, 0x3455, 0x34b1, 0x31fa, 0x2dde, 0x38e6, 0x378b, 0x359d,
    0x3826, 0x364a, 0x3452, 0x33bd, 0x31da, 0x2f5c, 0x3489, 0x32e5, 0x30aa, 0x313c, 0x301a, 0x2da5,
    0x28ed, 0x266c, 0x2310, 0x3254, 0x30a1, 0x2e34, 0x30f2, 0x2f22, 0x2cc5, 0x3a69, 0x384b, 0x34b9,
    0x29a7, 0x2a8c, 0x2756, 0x29df, 0x2a35, 0x2784, 0x2cb0, 0x29f0, 0x2603, 0x365d, 0x345f, 0x30a8,
    0x38ac, 0x35f9, 0x325e, 0x2c48, 0x2b7e, 0x2881, 0x2aac, 0x2a7e, 0x287e, 0x2909, 0x28f3, 0x2704,
    0x2cd3, 0x2c19, 0x296f, 0x353f, 0x3281, 0x2e07, 0x320f, 0x3072, 0x2d18, 0x28f6, 0x28d3, 0x2794,
    0x2aad, 0x29d2, 0x28b9, 0x2e18, 0x2cfb, 0x2bc5, 0x2480, 0x219e, 0x1e98, 0x307c, 0x2e50, 0x2bc2,
    0x2cce, 0x2b2b, 0x2889, 0x2bed, 0x2a56, 0x2857, 0x2857, 0x26dc, 0x253f, 0x2aa0, 0x2977, 0x270b,
    0x2c02, 0x2963, 0x2665, 0x2d3c, 0x2c35, 0x2a7a, 0x3066, 0x2f9c, 0x2eb6, 0x3215, 0x30fd, 0x305d,
    0x2f24, 0x2d3c, 0x2b5b, 0x2ac8, 0x28d8, 0x25f3, 0x34c4, 0x3420, 0x33ce, 0x363e, 0x35a7, 0x352e,
    0x2bdb, 0x297b, 0x2797, 0x37ee, 0x3708, 0x364b, 0x3821, 0x36d1, 0x359b, 0x38a6, 0x36cd, 0x348e,
    0x3813, 0x354e, 0x30be, 0x3bb2, 0x38de, 0x34a7, 0x3d2a, 0x3b1c, 0x37d1, 0x3d7e, 0x3bae, 0x3858,
    0x30da, 0x2ecd, 0x2af4, 0x3d1f, 0x3aee, 0x3750, 0x3c29, 0x3a36, 0x37a6, 0x3a77, 0x38cf, 0x3613,
    0x37c9, 0x3554, 0x30a8, 0x3666, 0x3458, 0x3031, 0x3689, 0x34e6, 0x31c9, 0x341f, 0x3262, 0x3032,
    0x3441, 0x3100, 0x2aa0, 0x2ee0, 0x2cdc, 0x28f4, 0x2f2c, 0x2d3d, 0x29d2, 0x2d46, 0x2b40, 0x2850,
    0x36f0, 0x348a, 0x304e, 0x2e53, 0x2c1f, 0x2830, 0x2d25, 0x2bf4, 0x29cb, 0x2d3c, 0x2bbe, 0x27d7,
    0x3028, 0x2e6b, 0x2a8c, 0x2eff, 0x2e19, 0x2857, 0x3053, 0x2dab, 0x2a67, 0x321c, 0x31d6, 0x2a04,
    0x2ee6, 0x2d83, 0x2aae, 0x30ca, 0x2ef1, 0x2c31, 0x2875, 0x2643, 0x241d, 0x23bc, 0x21ba, 0x1f92,
    0x2a3f, 0x27e5, 0x2548, 0x2d3f, 0x2b1b, 0x281a, 0x2805, 0x265d, 0x253c, 0x38f8, 0x3719, 0x3403,
    0x25fb, 0x260a, 0x2420, 0x318b, 0x30ef, 0x2d79, 0x31ac, 0x2fee, 0x2b85, 0x383d, 0x359b, 0x30ea,
    0x38d2, 0x364d, 0x32fd, 0x30c3, 0x2fe4, 0x2bd7, 0x2b65, 0x2a6c, 0x28c0, 0x2b34, 0x2ab5, 0x28fa,
    0x2c1a, 0x2a41, 0x2766, 0x394e, 0x36e0, 0x3250, 0x361b, 0x33ed, 0x2f87, 0x2a39, 0x29ae, 0x2833,
    0x30ba, 0x2eee, 0x2cf0, 0x2c25, 0x295b, 0x2651, 0x24d4, 0x224c, 0x1f7a, 0x31fd, 0x3061, 0x2d71,
    0x35c2, 0x3438, 0x30fa, 0x2cc9, 0x2b56, 0x2914, 0x3406, 0x32cf, 0x3150, 0x3602, 0x355b, 0x3491,
    0x347f, 0x33d5, 0x321f, 0x366e, 0x3561, 0x340c, 0x3632, 0x34fb, 0x32eb, 0x34a0, 0x33d6, 0x3189,
    0x34ba, 0x32fc, 0x3039, 0x2dfa, 0x2be0, 0x283d, 0x31b0, 0x3062, 0x2dc6, 0x307f, 0x2f74, 0x2d62,
    0x2e4f, 0x2bc6, 0x2763, 0x2ff2, 0x2db6, 0x2b57, 0x3012, 0x2dba, 0x2adb, 0x2ad5, 0x28b6, 0x264b,
    0x2b5e, 0x29a1, 0x259d, 0x3b44, 0x38c1, 0x3462, 0x300a, 0x2de1, 0x2b5d, 0x2b3f, 0x2946, 0x2604,
    0x35dd, 0x33ee, 0x2dec, 0x2a79, 0x28c5, 0x26ed, 0x2c7c, 0x2b37, 0x28fd, 0x2e5d, 0x2cfd, 0x2aa8,
    0x3322, 0x3105, 0x2cae, 0x2b34, 0x29de, 0x28a3, 0x2cc5, 0x2b5b, 0x29c3, 0x2cd4, 0x2c30, 0x2830,
    0x35c1, 0x33a2, 0x2f7a, 0x2d9b, 0x2c5b, 0x2983, 0x2ce2, 0x2b57, 0x28c2, 0x2d44, 0x2c48, 0x2a85,
    0x3109, 0x2ebd, 0x2b73, 0x3154, 0x2fc5, 0x2cd6, 0x2c3e, 0x2b71, 0x273f, 0x2d0e, 0x2cef, 0x2680,
    0x2e4b, 0x2dc1, 0x26d2, 0x300e, 0x2f44, 0x2941, 0x3592, 0x3346, 0x2dca, 0x2c41, 0x2b0f, 0x24a1,
    0x30fb, 0x2fd2, 0x2a79, 0x3067, 0x2e7c, 0x2b17, 0x2785, 0x2553, 0x232c, 0x2356, 0x21a2, 0x201c,
    0x2dac, 0x2bbe, 0x2958, 0x32cd, 0x3121, 0x2f10, 0x2c4c, 0x299f, 0x2602, 0x38c7, 0x36fc, 0x3432,
    0x2eac, 0x2d25, 0x29d0, 0x2bb2, 0x2af3, 0x28a9, 0x3285, 0x30dc, 0x2d25, 0x3836, 0x35aa, 0x31c2,
    0x380d, 0x350d, 0x311d, 0x30e3, 0x300e, 0x2ce6, 0x2f12, 0x2d88, 0x2abb, 0x2a18, 0x2976, 0x284c,
    0x2ff9, 0x2dc7, 0x2ac7, 0x396c, 0x3713, 0x33a9, 0x3470, 0x321f, 0x2f8f, 0x3867, 0x3743, 0x358c,
    0x30ee, 0x2e9f, 0x2b77, 0x2c32, 0x2a11, 0x27cd, 0x24e7, 0x22eb, 0x20b4, 0x2f4d, 0x2d61, 0x2afa,
    0x35a9, 0x345c, 0x31b3, 0x29fc, 0x2844, 0x2541, 0x2aaf, 0x28a2, 0x2621, 0x285b, 0x2717, 0x2356,
    0x2f0e, 0x2cad, 0x2824, 0x2ab7, 0x28f6, 0x26d7, 0x2ddd, 0x2c5d, 0x2993, 0x2b9d, 0x29ba, 0x285f,
    0x3524, 0x3375, 0x307f, 0x2681, 0x25bb, 0x24e4, 0x2aff, 0x2a1c, 0x26d9, 0x2c0f, 0x2a44, 0x2644,
    0x34c9, 0x3222, 0x2de6, 0x2c4a, 0x2a61, 0x2809, 0x2c6f, 0x2ae3, 0x28a0, 0x286a, 0x27a7, 0x25e7,
    0x2b7d, 0x2a17, 0x284c, 0x2c83, 0x2b18, 0x2a0a, 0x2a3c, 0x28c5, 0x2641, 0x2b73, 0x2a62, 0x26ff,
    0x365a, 0x3409, 0x2f37, 0x2bbf, 0x2abb, 0x283f, 0x2c97, 0x2b62, 0x28c2, 0x2cde, 0x2bac, 0x29c6,
    0x357c, 0x3337, 0x2dff, 0x2e21, 0x2c8f, 0x29a4, 0x2a3a, 0x287e, 0x25d8, 0x2a60, 0x2866, 0x2532,
    0x2d04, 0x2b83, 0x279a, 0x2cdd, 0x2b23, 0x2874, 0x2cab, 0x2bdb, 0x29d5, 0x2adc, 0x28d3, 0x2607,
    0x34ef, 0x32a3, 0x2eda, 0x2de1, 0x2c60, 0x2983, 0x2a5c, 0x28ce, 0x2521, 0x2c23, 0x2b06, 0x29a6,
    0x2e11, 0x2e91, 0x2374, 0x2dd6, 0x2cf2, 0x2a92, 0x3748, 0x34ba, 0x2f94, 0x3018, 0x2e72, 0x2a30,
    0x3085, 0x2e4e, 0x2b55, 0x3092, 0x2f92, 0x2ba7, 0x25c5, 0x2423, 0x2201, 0x1e72, 0x1c4a, 0x1910,
    0x2c22, 0x2966, 0x2761, 0x33cb, 0x3192, 0x2ee8, 0x2cc1, 0x2bb6, 0x2a47, 0x3271, 0x3083, 0x2df1,
    0x3541, 0x3482, 0x33dc, 0x3454, 0x32fa, 0x319b, 0x331d, 0x3132, 0x2f7b, 0x3c0e, 0x39ee, 0x37da,
    0x3c2e, 0x3a50, 0x38a0, 0x34f3, 0x3376, 0x318a, 0x3e42, 0x3cd1, 0x3a9b, 0x3e4f, 0x3ce7, 0x3aac,
    0x3370, 0x312b, 0x2e91, 0x3f57, 0x3d71, 0x3aaf, 0x3c87, 0x3ab1, 0x383b, 0x3a04, 0x38b8, 0x361c,
    0x2de7, 0x2c8d, 0x2a1f, 0x2c99, 0x2b10, 0x28e0, 0x2595, 0x240b, 0x2159, 0x29a6, 0x2824, 0x2590,
    0x28e8, 0x2682, 0x239d, 0x2a5d, 0x28bb, 0x2606, 0x29af, 0x2795, 0x248c, 0x279e, 0x25ca, 0x20de,
    0x3287, 0x3053, 0x2c5a, 0x2a41, 0x28fe, 0x272b, 0x2b46, 0x2a51, 0x2901, 0x2c66, 0x2c26, 0x2bca,
    0x2a5d, 0x292e, 0x2882, 0x2b78, 0x29f9, 0x26fc, 0x2b70, 0x2a0b, 0x26fa, 0x2c96, 0x2bd1, 0x29c9,
    0x3508, 0x32bb, 0x2f4b, 0x2c08, 0x2a81, 0x27dd, 0x2c2e, 0x2b5d, 0x2867, 0x2ada, 0x2a22, 0x2740,
    0x2ecf, 0x2d3b, 0x2a43, 0x309c, 0x2ec4, 0x2c10, 0x2c30, 0x2a67, 0x270c, 0x291f, 0x283c, 0x252c,
    0x35d1, 0x33d0, 0x2f15, 0x2a51, 0x2a91, 0x2694, 0x2a96, 0x2b78, 0x2414, 0x2b51, 0x2a6b, 0x2779,
    0x364d, 0x3425, 0x2f79, 0x2c18, 0x2be2, 0x2a01, 0x2d75, 0x2c70, 0x2987, 0x2fae, 0x2d62, 0x2a75,
    0x2b3e, 0x2940, 0x26c9, 0x2c71, 0x2aa8, 0x28d5, 0x2bd0, 0x2a7e, 0x288b, 0x2cc4, 0x2c15, 0x2926,
    0x364c, 0x344d, 0x30ae, 0x2633, 0x23e4, 0x20ec, 0x2c6c, 0x2ac3, 0x294b, 0x2e9d, 0x2e36, 0x29c5,
    0x3251, 0x322e, 0x312f, 0x2b9b, 0x2b0e, 0x2a0d, 0x37b0, 0x3500, 0x304e, 0x3662, 0x3546, 0x34ca,
    0x36a9, 0x357b, 0x34a2, 0x372d, 0x35d7, 0x34e7, 0x3821, 0x36ef, 0x35f8, 0x3864, 0x371c, 0x358f,
    0x3030, 0x2f81, 0x2f1b, 0x343d, 0x3202, 0x2fa3, 0x395a, 0x3843, 0x36cb, 0x390a, 0x3802, 0x361d,
    0x3347, 0x319a, 0x2fa2, 0x386c, 0x3678, 0x343e, 0x2f63, 0x2cd3, 0x29a8, 0x3507, 0x32ca, 0x2fb7,
    0x37c5, 0x34a2, 0x3018, 0x2e60, 0x2d21, 0x2c33, 0x3655, 0x3471, 0x31af, 0x3042, 0x2e02, 0x2b5a,
    0x2f51, 0x2c9b, 0x2948, 0x3155, 0x2e9c, 0x2b5f, 0x30a7, 0x2df1, 0x2a7b, 0x2b73, 0x2ae7, 0x29be,
    0x2f8b, 0x2d26, 0x2a35, 0x2c7c, 0x2ad8, 0x2870, 0x252c, 0x236c, 0x210e, 0x25aa, 0x2424, 0x227d,
    0x2e6d, 0x2cb1, 0x2a2a, 0x2ed2, 0x2d0c, 0x2acb, 0x2846, 0x2621, 0x2340, 0x28fb, 0x26bb, 0x22f5,
    0x342b, 0x31ad, 0x2e3e, 0x2cde, 0x2c24, 0x2afc, 0x2ba1, 0x29ca, 0x280c, 0x2c12, 0x2b7e, 0x2a97,
    0x2d24, 0x2b4f, 0x2989, 0x2c10, 0x2a43, 0x27d9, 0x2a21, 0x2881, 0x2507, 0x29ef, 0x28ba, 0x2619,
    0x34b5, 0x32c6, 0x3051, 0x2cbb, 0x2c42, 0x28d9, 0x29ea, 0x29ad, 0x2612, 0x2c26, 0x2ae4, 0x2802,
    0x341e, 0x322f, 0x2e94, 0x3028, 0x2dd5, 0x2a3e, 0x2bdb, 0x2b50, 0x2944, 0x2904, 0x2996, 0x25c6,
    0x3693, 0x349c, 0x30e4, 0x2ab7, 0x2916, 0x25da, 0x29c5, 0x28a7, 0x271f, 0x2dc3, 0x2d05, 0x2bc0,
    0x364d, 0x344e, 0x3046, 0x31a6, 0x3119, 0x3054, 0x323b, 0x314a, 0x302f, 0x2ae4, 0x28c4, 0x2583,
    0x3423, 0x331e, 0x32a9, 0x3758, 0x365c, 0x35ea, 0x3651, 0x35a0, 0x351e, 0x314a, 0x3050, 0x2f39,
    0x3665, 0x3442, 0x305c, 0x3854, 0x3706, 0x35e9, 0x2ef1, 0x2d77, 0x2bae, 0x3931, 0x3833, 0x3649,
    0x38d4, 0x37c6, 0x35a4, 0x2fcd, 0x2e4a, 0x2c77, 0x36b0, 0x33f3, 0x2ec1, 0x3586, 0x344a, 0x31ba,
    0x364a, 0x34c5, 0x3256, 0x3295, 0x30de, 0x2e11, 0x3077, 0x2f1d, 0x2d03, 0x2de1, 0x2ca5, 0x2a6c,
    0x2885, 0x26bb, 0x24a0, 0x35ae, 0x3437, 0x311d, 0x2da4, 0x2c32, 0x293c, 0x3596, 0x340c, 0x30f5,
    0x2e63, 0x2d2d, 0x29e0, 0x2c95, 0x2c8a, 0x29d5, 0x288d, 0x25af, 0x228e, 0x2f18, 0x2cfb, 0x291a,
    0x35f7, 0x33cc, 0x302a, 0x30f0, 0x2f11, 0x2cd4, 0x2d3a, 0x2be6, 0x2b1b, 0x2b88, 0x2a09, 0x2935,
    0x345d, 0x318a, 0x2e06, 0x34f6, 0x3278, 0x2dd7, 0x2e02, 0x2c85, 0x2b28, 0x2d9d, 0x2c31, 0x2997,
    0x30a0, 0x2e9c, 0x2be2, 0x2a8d, 0x2943, 0x270c, 0x235e, 0x212b, 0x1f32, 0x2775, 0x256b, 0x242d,
    0x340b, 0x3274, 0x30b4, 0x2e1f, 0x2cad, 0x2a21, 0x271e, 0x259d, 0x2323, 0x28f3, 0x2642, 0x22ea,
    0x3421, 0x31a9, 0x2eba, 0x2c9b, 0x2b67, 0x29a3, 0x302d, 0x2deb, 0x2adf, 0x2d4d, 0x2c46, 0x29ff,
    0x34fa, 0x32e1, 0x2fa7, 0x2ca6, 0x2c30, 0x2aa8, 0x2aff, 0x2a71, 0x288e, 0x28b4, 0x2751, 0x256b,
    0x2fde, 0x2e0b, 0x2c6a, 0x3029, 0x2ff5, 0x2e8a, 0x3093, 0x302d, 0x2f00, 0x31a8, 0x311d, 0x2fea,
    0x3509, 0x332b, 0x2fb0, 0x32f7, 0x3159, 0x3086, 0x36ec, 0x35da, 0x3506, 0x37ef, 0x369d, 0x359c,
    0x34ac, 0x33d4, 0x32c1, 0x37ab, 0x3685, 0x35ba, 0x381d, 0x36a1, 0x3541, 0x372f, 0x35a1, 0x3403,
    0x35d2, 0x3420, 0x303a, 0x37c6, 0x362d, 0x34a1, 0x375b, 0x35f9, 0x349f, 0x363f, 0x34dc, 0x32cb,
    0x35f6, 0x34c4, 0x3324, 0x35e1, 0x347b, 0x3239, 0x3454, 0x32c4, 0x30af, 0x2ee4, 0x2cd9, 0x2969,
    0x35aa, 0x33aa, 0x2fed, 0x30a0, 0x2e20, 0x2abc, 0x2f94, 0x2dc7, 0x2a91, 0x2b2e, 0x29be, 0x281e,
    0x2e70, 0x2d72, 0x295d, 0x2acf, 0x2921, 0x2704, 0x3220, 0x3037, 0x2cbc, 0x2c05, 0x2bfc, 0x28ae,
    0x3418, 0x3166, 0x2dda, 0x2d08, 0x2d18, 0x2a82, 0x23f0, 0x2145, 0x1eff, 0x2137, 0x1f3f, 0x1bd5,
    0x2e24, 0x2c3f, 0x28d0, 0x2e77, 0x2c74, 0x28da, 0x2c9b, 0x2b04, 0x2913, 0x34c1, 0x3275, 0x2f37,
    0x2811, 0x28bf, 0x24fb, 0x2a59, 0x2947, 0x26b8, 0x2ef9, 0x2cee, 0x2893, 0x3169, 0x2f8a, 0x2be7,
    0x3650, 0x33e3, 0x2fa6, 0x2dcc, 0x2c13, 0x28a3, 0x2cf2, 0x2c32, 0x2992, 0x315e, 0x3026, 0x2ce7,
    0x351a, 0x3252, 0x2e5d, 0x3511, 0x324b, 0x2e52, 0x2b33, 0x296c, 0x2725, 0x2a24, 0x2975, 0x2806,
    0x300f, 0x2d2e, 0x2975, 0x2e6f, 0x2d84, 0x2c6d, 0x223a, 0x206f, 0x1e88, 0x2497, 0x2200, 0x200e,
    0x3455, 0x32af, 0x30c0, 0x2f02, 0x2d46, 0x2b70, 0x267c, 0x255b, 0x249a, 0x2d9e, 0x2ca6, 0x2af9,
    0x2c84, 0x2abc, 0x2902, 0x32b4, 0x320b, 0x316f, 0x3443, 0x3416, 0x3358, 0x336c, 0x3213, 0x30c0,
    0x34fa, 0x331c, 0x3039, 0x3694, 0x35a8, 0x34fd, 0x36e3, 0x35e6, 0x350b, 0x2e0f, 0x2cb5, 0x2b03,
    0x3813, 0x3676, 0x34ee, 0x37d2, 0x3665, 0x353b, 0x37ff, 0x3668, 0x34d2, 0x3691, 0x34ce, 0x3190,
    0x3651, 0x3476, 0x3096, 0x3032, 0x2e37, 0x2c20, 0x35f8, 0x3487, 0x3202, 0x3488, 0x32f0, 0x3068,
    0x2ca0, 0x29d7, 0x2636, 0x2d39, 0x2af0, 0x27a4, 0x2e38, 0x2c89, 0x2983, 0x2afa, 0x2982, 0x264a,
    0x35ce, 0x3439, 0x30ba, 0x2833, 0x26e4, 0x2388, 0x2d65, 0x2b75, 0x289c, 0x2e91, 0x2caf, 0x27df,
    0x2c9f, 0x2ae4, 0x2816, 0x2c12, 0x2a6d, 0x2733, 0x2b09, 0x2a80, 0x27cb, 0x2d91, 0x2c68, 0x2ae5,
    0x2fa1, 0x2db8, 0x2bd1, 0x2d71, 0x2bce, 0x2859, 0x32c4, 0x30c5, 0x2d6d, 0x2e84, 0x2c50, 0x29fb,
    0x27ad, 0x269b, 0x24c9, 0x2c34, 0x2b8e, 0x2a24, 0x32fd, 0x3081, 0x2b25, 0x26b8, 0x25ba, 0x2442,
    0x34a1, 0x325f, 0x2ea9, 0x2c92, 0x2dd1, 0x2792, 0x2449, 0x2223, 0x1fea, 0x2398, 0x2167, 0x1e47,
    0x2d48, 0x2b8e, 0x281f, 0x36b2, 0x34ba, 0x3164, 0x2c0b, 0x2b69, 0x295e, 0x331e, 0x30f1, 0x2e02,
    0x2aa0, 0x2966, 0x289c, 0x284c, 0x27ed, 0x2784, 0x3015, 0x2d6c, 0x2a5b, 0x3386, 0x313e, 0x2d4d,
    0x3590, 0x32c0, 0x2e5a, 0x2c1b, 0x2b0f, 0x2838, 0x2b48, 0x2acf, 0x2844, 0x2ca7, 0x2c48, 0x27c7,
    0x36c8, 0x3463, 0x309e, 0x3460, 0x31f0, 0x2e66, 0x2c8d, 0x2ac1, 0x286b, 0x2c26, 0x2a94, 0x290f,
    0x2da5, 0x2b37, 0x278a, 0x2a03, 0x28a6, 0x2645, 0x22fe, 0x20d6, 0x1e99, 0x250a, 0x234b, 0x2158,
    0x34de, 0x339d, 0x3176, 0x32c2, 0x3166, 0x2fe8, 0x32c1, 0x3177, 0x2f70, 0x3265, 0x3157, 0x2ff2,
    0x3617, 0x34d0, 0x32d3, 0x369f, 0x357e, 0x3433, 0x3544, 0x347a, 0x32ab, 0x333a, 0x3146, 0x2ea4,
    0x328a, 0x30f5, 0x2e7a, 0x31f1, 0x30a0, 0x2e7d, 0x306d, 0x2f43, 0x2d31, 0x2d5e, 0x2c0c, 0x28f8,
    0x2ed1, 0x2cd8, 0x295e, 0x2c7a, 0x2b59, 0x2787, 0x2a15, 0x28e8, 0x256d, 0x2890, 0x2939, 0x232e,
    0x35fd, 0x343c, 0x3070, 0x290d, 0x27cf, 0x2551, 0x2bec, 0x2a75, 0x2839, 0x29c7, 0x2870, 0x2588,
    0x3633, 0x33cb, 0x2f0d, 0x2e25, 0x2c57, 0x29e4, 0x2aa1, 0x270f, 0x2356, 0x2c7d, 0x29f9, 0x275d,
    0x2e40, 0x2c80, 0x2900, 0x2b55, 0x2a75, 0x27f7, 0x2f4f, 0x2cef, 0x2914, 0x29bb, 0x287a, 0x2567,
    0x2b3d, 0x2995, 0x27c1, 0x2a17, 0x28e8, 0x265c, 0x2c4c, 0x2a34, 0x272d, 0x29a2, 0x27df, 0x2479,
    0x3399, 0x3148, 0x2e12, 0x2d14, 0x2c05, 0x2887, 0x32cb, 0x30a3, 0x2d52, 0x2e56, 0x2cfc, 0x2a5e,
    0x2ab7, 0x29ce, 0x272a, 0x2996, 0x292f, 0x24e8, 0x3588, 0x331a, 0x2df8, 0x29ed, 0x298c, 0x2603,
    0x3588, 0x33a8, 0x303c, 0x294f, 0x2884, 0x25ef, 0x23da, 0x215b, 0x2073, 0x2483, 0x2251, 0x1f52,
    0x2e5b, 0x2ceb, 0x28ef, 0x36de, 0x34fe, 0x3192, 0x2a8b, 0x29cf, 0x274d, 0x3136, 0x2ff6, 0x2d2d,
    0x2ded, 0x2cb7, 0x2b5c, 0x2b78, 0x2a36, 0x282a, 0x2d1e, 0x2b5c, 0x2878, 0x343b, 0x320a, 0x2ffb,
    0x3394, 0x3110, 0x2d2f, 0x2b35, 0x2a13, 0x27c7, 0x3074, 0x2d5b, 0x2ac5, 0x2e6b, 0x2c44, 0x27ff,
    0x3801, 0x354c, 0x31b3, 0x308a, 0x2ef1, 0x2ca8, 0x2ef5, 0x2d0a, 0x2adc, 0x2c14, 0x2a8e, 0x29e9,
    0x2af2, 0x2e9a, 0x2345, 0x2e90, 0x313e, 0x2a6e, 0x2cc1, 0x306b, 0x192e, 0x3049, 0x3307, 0x1fec,
    0x3060, 0x333c, 0x249c, 0x341d, 0x35d8, 0x2e9c, 0x32bf, 0x34f0, 0x2a28, 0x3366, 0x3551, 0x30ba,
    0x302f, 0x3345, 0x2741, 0x3113, 0x31b6, 0x2ada, 0x31c1, 0x3215, 0x28f0, 0x332e, 0x34e5, 0x2afa,
    0x32ed, 0x3499, 0x2c4b, 0x321a, 0x3411, 0x26bb, 0x322f, 0x345f, 0x2824, 0x3396, 0x3535, 0x2fec,
    0x31ba, 0x3313, 0x2c61, 0x3262, 0x348d, 0x286d, 0x3398, 0x3551, 0x2afb, 0x348e, 0x35c9, 0x2abf,
    0x3228, 0x341e, 0x3089, 0x3404, 0x348a, 0x34f8, 0x3418, 0x34f9, 0x339b, 0x332a, 0x343d, 0x2faf,
    0x3187, 0x31fe, 0x2bee, 0x30bb, 0x32eb, 0x2b24, 0x3177, 0x33d4, 0x2faf, 0x3556, 0x3632, 0x3479,
    0x3214, 0x3418, 0x2d1c, 0x240c, 0x2262, 0x1a01, 0x3344, 0x34fb, 0x3522, 0x34ab, 0x36f3, 0x34f3,
    0x3197, 0x34d9, 0x347e, 0x325f, 0x3489, 0x3017, 0x3167, 0x3365, 0x2996, 0x364f, 0x3806, 0x35ac,
    0x364f, 0x382b, 0x3925, 0x395d, 0x3c40, 0x3ffa, 0x32e1, 0x34c6, 0x361e, 0x3411, 0x361d, 0x38d0,
    0x3090, 0x31b4, 0x313d, 0x3166, 0x3323, 0x3475, 0x3533, 0x3797, 0x39ad, 0x348b, 0x36a3, 0x398b,
    0x3211, 0x33f8, 0x2f4b, 0x352f, 0x366d, 0x364e, 0x2bad, 0x2c98, 0x24ea, 0x34df, 0x3683, 0x390a,
    0x2a62, 0x2b2b, 0x29cf, 0x3442, 0x3598, 0x35eb, 0x2e28, 0x2f3a, 0x2ddd, 0x2ebc, 0x3012, 0x260c,
    0x2e7a, 0x2fe9, 0x2370, 0x2d36, 0x2eac, 0x2404, 0x2d49, 0x2f08, 0x23d7, 0x2c69, 0x2db6, 0x21aa,
    0x2f05, 0x2fed, 0x2b89, 0x2c92, 0x2dde, 0x2153, 0x3190, 0x332a, 0x3330, 0x312a, 0x32d9, 0x34ad,
    0x3317, 0x341a, 0x3541, 0x2d7e, 0x2e1d, 0x2a2f, 0x289a, 0x29d0, 0x2202, 0x2d6d, 0x2ec9, 0x2c5c,
    0x30a0, 0x3342, 0x259d, 0x2f56, 0x320f, 0x220c, 0x3433, 0x3644, 0x2c11, 0x3199, 0x3427, 0x2551,
    0x342a, 0x3617, 0x2e13, 0x3371, 0x357e, 0x295e, 0x350f, 0x377e, 0x1dda, 0x32c2, 0x3497, 0x2a21,
    0x333e, 0x360a, 0x2089, 0x319e, 0x324f, 0x2b45, 0x324d, 0x334c, 0x2963, 0x34d8, 0x36b7, 0x2b76,
    0x3647, 0x385d, 0x382a, 0x3503, 0x36f8, 0x2967, 0x345b, 0x35ea, 0x28c4, 0x31fe, 0x3415, 0x29bd,
    0x31c7, 0x33e2, 0x25fd, 0x3190, 0x33bf, 0x269d, 0x341b, 0x35bd, 0x2c94, 0x33d1, 0x3598, 0x2811,
    0x324f, 0x3366, 0x2cb4, 0x3380, 0x34b0, 0x2f83, 0x3353, 0x3493, 0x2da1, 0x339c, 0x350f, 0x2d3c,
    0x31d4, 0x334b, 0x2cc2, 0x3206, 0x3471, 0x2cf1, 0x3330, 0x34c5, 0x2c58, 0x2f91, 0x31a2, 0x26bf,
    0x3277, 0x34c4, 0x328b, 0x24d0, 0x2479, 0x1f10, 0x35a3, 0x383f, 0x38aa, 0x2e44, 0x2f6a, 0x2823,
    0x37b8, 0x39d7, 0x3c67, 0x35e0, 0x3805, 0x3766, 0x3861, 0x39e8, 0x3acc, 0x3a55, 0x3be4, 0x3c03,
    0x36fe, 0x38db, 0x38d2, 0x3a20, 0x3d45, 0x41de, 0x330d, 0x3526, 0x3795, 0x2ef9, 0x30f4, 0x2d9c,
    0x2f96, 0x3169, 0x311f, 0x3133, 0x3282, 0x332b, 0x30a9, 0x3190, 0x3008, 0x3806, 0x39bd, 0x3d20,
    0x3108, 0x3323, 0x31a6, 0x326b, 0x34a5, 0x3436, 0x2c4f, 0x2cd6, 0x257d, 0x2f73, 0x306a, 0x2e28,
    0x2c06, 0x2c65, 0x2558, 0x2c49, 0x2e3a, 0x2a2f, 0x3025, 0x30fd, 0x25f7, 0x300c, 0x3130, 0x29db,
    0x2e54, 0x2f82, 0x2025, 0x2e77, 0x2fff, 0x2308, 0x3197, 0x3195, 0x2b31, 0x2ad9, 0x2d03, 0x2061,
    0x28e3, 0x2a7d, 0x212f, 0x2a12, 0x2b95, 0x2497, 0x2c48, 0x2d20, 0x2b1d, 0x343d, 0x3572, 0x385c,
    0x283e, 0x28c6, 0x24cb, 0x28ee, 0x290a, 0x233f, 0x2ef4, 0x3038, 0x2d21, 0x2b30, 0x2d0c, 0x2385,
    0x2bee, 0x2ff1, 0x1b76, 0x2e30, 0x3174, 0x1ce2, 0x3266, 0x34dd, 0x23b5, 0x3149, 0x3420, 0x260f,
    0x3328, 0x3559, 0x27fd, 0x346b, 0x3643, 0x33a1, 0x3476, 0x3594, 0x310e, 0x30f9, 0x341a, 0x21d2,
    0x342c, 0x35ae, 0x2b58, 0x3271, 0x3402, 0x2b98, 0x3458, 0x3260, 0x2d3d, 0x3653, 0x37e5, 0x3683,
    0x3473, 0x3634, 0x2efc, 0x33c2, 0x34c5, 0x2bd8, 0x3491, 0x35bc, 0x2b3d, 0x32b9, 0x345b, 0x29ca,
    0x3445, 0x35bf, 0x2cad, 0x34ef, 0x367b, 0x3174, 0x34b1, 0x369c, 0x2bfb, 0x330f, 0x3539, 0x2894,
    0x3289, 0x3406, 0x2a22, 0x3355, 0x34ec, 0x2be5, 0x33ba, 0x3504, 0x2f45, 0x31b3, 0x3455, 0x3157,
    0x32f7, 0x34f8, 0x2756, 0x318c, 0x33c7, 0x2d36, 0x3072, 0x31b2, 0x2e05, 0x2f94, 0x3168, 0x2f8d,
    0x3225, 0x349d, 0x2ac6, 0x2b1a, 0x2ced, 0x2e88, 0x3462, 0x3633, 0x2b74, 0x32fd, 0x3499, 0x322f,
    0x2cf6, 0x2e5a, 0x2a05, 0x30e7, 0x332d, 0x304a, 0x37a3, 0x39a0, 0x3b8e, 0x3bab, 0x3d84, 0x4151,
    0x3cdb, 0x3e7a, 0x413e, 0x3d10, 0x3f40, 0x42b2, 0x3126, 0x3314, 0x3279, 0x314f, 0x33c5, 0x34dd,
    0x2fc5, 0x3147, 0x3083, 0x3083, 0x3196, 0x3038, 0x2fce, 0x303e, 0x271f, 0x2db0, 0x2f9c, 0x25b9,
    0x3039, 0x31db, 0x2f6e, 0x309e, 0x31c0, 0x2edc, 0x2e9e, 0x3075, 0x2565, 0x2ba2, 0x2c55, 0x246d,
    0x2c8e, 0x2e4a, 0x22a6, 0x2ca9, 0x2d31, 0x25ac, 0x31b9, 0x32ec, 0x2e94, 0x2e88, 0x2f4a, 0x2746,
    0x30e1, 0x321b, 0x280c, 0x3007, 0x3056, 0x2506, 0x3208, 0x3251, 0x2825, 0x323d, 0x341d, 0x34d5,
    0x365f, 0x3867, 0x3b51, 0x29c1, 0x2be0, 0x221a, 0x29ad, 0x2a29, 0x23d8, 0x2976, 0x2ac4, 0x21a1,
    0x2bd1, 0x2bbb, 0x25c9, 0x2d0c, 0x2e3b, 0x2e91, 0x3515, 0x3613, 0x36e2, 0x351a, 0x3678, 0x377f,
    0x29ae, 0x2e8e, 0x1450, 0x2ea1, 0x31ec, 0x1dd9, 0x2e46, 0x3178, 0x1cc2, 0x2daa, 0x30e6, 0x230e,
    0x2e5f, 0x31c5, 0x24fc, 0x3777, 0x38b8, 0x3989, 0x3320, 0x34ba, 0x32ab, 0x3046, 0x3338, 0x2de7,
    0x303c, 0x31ba, 0x281f, 0x309f, 0x3396, 0x2e8d, 0x33e4, 0x321e, 0x2d88, 0x34f1, 0x365e, 0x31f0,
    0x3a5c, 0x3c37, 0x3e40, 0x35a8, 0x37c5, 0x36bd, 0x3519, 0x36d8, 0x274d, 0x355d, 0x36e5, 0x2608,
    0x342b, 0x3606, 0x26d0, 0x330b, 0x3517, 0x2835, 0x3406, 0x35bb, 0x28e0, 0x34ee, 0x36f6, 0x2c2d,
    0x3588, 0x3785, 0x24ec, 0x3405, 0x35cf, 0x257a, 0x3527, 0x3671, 0x2df9, 0x327f, 0x34a5, 0x30da,
    0x3136, 0x33e6, 0x2c21, 0x3253, 0x3426, 0x286e, 0x3220, 0x348e, 0x2f14, 0x340b, 0x3586, 0x35be,
    0x3536, 0x3775, 0x38ea, 0x2d2a, 0x2e9f, 0x2ade, 0x3558, 0x3642, 0x3591, 0x2fc5, 0x30e8, 0x2c1f,
    0x34c7, 0x3635, 0x3711, 0x3351, 0x342c, 0x33b3, 0x3899, 0x3b40, 0x3f38, 0x39ff, 0x3d28, 0x41a3,
    0x3cb1, 0x3e8b, 0x424c, 0x3a1a, 0x3bd5, 0x3e6e, 0x317d, 0x332f, 0x3360, 0x33d5, 0x3566, 0x386a,
    0x323c, 0x343f, 0x3566, 0x2ef1, 0x2f91, 0x2902, 0x2d1e, 0x2d93, 0x277b, 0x2e55, 0x2fad, 0x29d4,
    0x2cdc, 0x2d16, 0x256a, 0x3205, 0x3191, 0x2c4f, 0x3417, 0x3516, 0x2a31, 0x354f, 0x374d, 0x388c,
    0x283c, 0x2a1e, 0x1fbd, 0x2df6, 0x2ee0, 0x2450, 0x2c6c, 0x2d69, 0x2237, 0x2dc9, 0x2ec7, 0x26f7,
    0x33f5, 0x34bd, 0x32c0, 0x358d, 0x354f, 0x314f, 0x3749, 0x389c, 0x3b91, 0x315c, 0x3406, 0x35f9,
    0x358d, 0x379b, 0x3a4f, 0x2996, 0x2c4f, 0x249c, 0x2ac4, 0x2be9, 0x2520, 0x2556, 0x2600, 0x1e48,
    0x2cb5, 0x2df1, 0x2adf, 0x3008, 0x309e, 0x3197, 0x3234, 0x33e2, 0x356e, 0x2f9e, 0x30f1, 0x2d3e,
    0x2dba, 0x310e, 0x1d88, 0x2cab, 0x304b, 0x18c7, 0x2f2b, 0x31e3, 0x1e57, 0x3086, 0x3324, 0x218f,
    0x3396, 0x3554, 0x2d0e, 0x326d, 0x3460, 0x2ecb, 0x3552, 0x371f, 0x3426, 0x2d80, 0x3157, 0x1e0b,
    0x3113, 0x3463, 0x240e, 0x2cd4, 0x3086, 0x14dc, 0x33ba, 0x3516, 0x2ae7, 0x35b0, 0x378a, 0x3192,
    0x35fe, 0x3723, 0x3058, 0x3399, 0x3596, 0x23b8, 0x34a0, 0x3620, 0x283f, 0x33df, 0x3576, 0x2a3e,
    0x3593, 0x3722, 0x2e8d, 0x3594, 0x371a, 0x2b0d, 0x33ef, 0x357a, 0x2c93, 0x361a, 0x3801, 0x2b86,
    0x3480, 0x3629, 0x2c26, 0x34d4, 0x35a9, 0x2bf5, 0x343c, 0x3516, 0x306d, 0x3099, 0x32c7, 0x2f6b,
    0x3406, 0x3500, 0x2d44, 0x33d7, 0x3591, 0x3271, 0x329d, 0x34d4, 0x2bfe, 0x3186, 0x33a5, 0x2902,
    0x3542, 0x373d, 0x3560, 0x2a59, 0x2a76, 0x2414, 0x31be, 0x32e5, 0x2c8c, 0x347e, 0x35ad, 0x3681,
    0x382a, 0x39f6, 0x3c95, 0x3869, 0x3a5b, 0x3d37, 0x2f74, 0x3116, 0x3299, 0x3744, 0x39be, 0x3dc0,
    0x382d, 0x3abf, 0x3f48, 0x390a, 0x3bee, 0x400a, 0x3a08, 0x3bd7, 0x3e8f, 0x2dc9, 0x2f61, 0x2cb7,
    0x3210, 0x3491, 0x3704, 0x326f, 0x34a1, 0x3668, 0x2d5d, 0x2f69, 0x2996, 0x2bca, 0x2d2a, 0x24b1,
    0x2db6, 0x2cc1, 0x2816, 0x2cb0, 0x2d6c, 0x26ec, 0x3164, 0x32d7, 0x3039, 0x3096, 0x322e, 0x3213,
    0x30b5, 0x3181, 0x2e6e, 0x2d51, 0x2f62, 0x2cf2, 0x2e6b, 0x2feb, 0x27e6, 0x2e05, 0x2fa9, 0x233a,
    0x2fcb, 0x308c, 0x2b0d, 0x3552, 0x36e8, 0x3893, 0x33e8, 0x35bf, 0x37cd, 0x364c, 0x3808, 0x38f4,
    0x3248, 0x3434, 0x3441, 0x2cfa, 0x2e85, 0x282b, 0x2c60, 0x2d18, 0x2808, 0x2d39, 0x2e45, 0x2d64,
    0x3451, 0x35c9, 0x38ac, 0x33e0, 0x3526, 0x37bc, 0x33dd, 0x351b, 0x37e5, 0x2e92, 0x2e47, 0x29c9,
    0x2d07, 0x306b, 0x2434, 0x2e0e, 0x3103, 0x23c7, 0x2f50, 0x31f0, 0x214c, 0x2f94, 0x31cd, 0x2466,
    0x3294, 0x347d, 0x2b27, 0x2f19, 0x31dc, 0x242b, 0x2aa3, 0x2ddc, 0x229f, 0x2e1c, 0x309d, 0x2713,
    0x30fd, 0x33ab, 0x23b4, 0x2ef4, 0x323e, 0x1cf2, 0x2d31, 0x3093, 0x21fd, 0x2e6a, 0x328e, 0x1d1b,
    0x304a, 0x3386, 0x1f9c, 0x346f, 0x3607, 0x2962, 0x33ea, 0x353f, 0x2831, 0x345a, 0x35d5, 0x2d34,
    0x361b, 0x37c7, 0x3087, 0x344c, 0x35b0, 0x2cbc, 0x35dd, 0x3753, 0x3510, 0x34ba, 0x369a, 0x2ca8,
    0x3307, 0x34d2, 0x2ba6, 0x32e4, 0x352d, 0x2535, 0x33f2, 0x3566, 0x3173, 0x3230, 0x3351, 0x2a50,
    0x32f2, 0x34aa, 0x2d03, 0x3308, 0x3528, 0x2c31, 0x32b2, 0x349b, 0x2d7d, 0x3319, 0x34cf, 0x2952,
    0x3495, 0x3656, 0x2c87, 0x2749, 0x273c, 0x1f6a, 0x3362, 0x3467, 0x2a3c, 0x3503, 0x367e, 0x312c,
    0x3537, 0x36b5, 0x3236, 0x3844, 0x3935, 0x35d3, 0x382b, 0x3ab0, 0x3fa9, 0x39f4, 0x3ccf, 0x4169,
    0x33b1, 0x35c5, 0x38a8, 0x2f5a, 0x323c, 0x3456, 0x3551, 0x3773, 0x3b6a, 0x35ee, 0x3726, 0x38da,
    0x3590, 0x3676, 0x3876, 0x3171, 0x3343, 0x343e, 0x36ea, 0x3809, 0x3acc, 0x2c4f, 0x2d40, 0x235e,
    0x308c, 0x3150, 0x2d87, 0x2dcb, 0x2ed2, 0x285c, 0x31ab, 0x3469, 0x3537, 0x2b3b, 0x2d5d, 0x29b9,
    0x331b, 0x34e8, 0x3824, 0x372a, 0x3970, 0x3d12, 0x2ebb, 0x2fdd, 0x29e0, 0x2c80, 0x2d74, 0x2270,
    0x3476, 0x35af, 0x34e4, 0x31f7, 0x3330, 0x2a76, 0x341d, 0x3530, 0x2d1a, 0x3388, 0x3507, 0x342d,
    0x3487, 0x35eb, 0x3832, 0x2d46, 0x2ead, 0x2831, 0x30bd, 0x31a7, 0x3228, 0x30b2, 0x31c5, 0x2fa7,
    0x3372, 0x34a4, 0x34c6, 0x3a1f, 0x3c17, 0x3f05, 0x2cf5, 0x2e97, 0x2a78, 0x33ed, 0x3556, 0x3838,
    0x2de0, 0x3106, 0x2c0c, 0x2f11, 0x3164, 0x2f98, 0x2b27, 0x2e69, 0x2490, 0x31fb, 0x3456, 0x29a6,
    0x2e76, 0x3125, 0x2762, 0x3182, 0x33c4, 0x2cff, 0x30e0, 0x335e, 0x2aad, 0x2cd9, 0x3029, 0x1c82,
    0x3065, 0x3325, 0x210d, 0x2e66, 0x31c9, 0x1dc0, 0x2e23, 0x319f, 0x1963, 0x2faa, 0x3344, 0x11b9,
    0x31b4, 0x34b2, 0x2179, 0x322a, 0x34a7, 0x2091, 0x3486, 0x35ff, 0x28af, 0x322c, 0x3496, 0x272d,
    0x31c3, 0x34ca, 0x2637, 0x34de, 0x36e6, 0x27c0, 0x337e, 0x34eb, 0x3215, 0x301a, 0x32b0, 0x24da,
    0x33c5, 0x358d, 0x26e0, 0x326d, 0x3441, 0x2909, 0x34c9, 0x3651, 0x2e8b, 0x31f8, 0x3312, 0x2976,
    0x3406, 0x355e, 0x2978, 0x3356, 0x3586, 0x26d6, 0x32c5, 0x34d6, 0x297d, 0x3590, 0x371c, 0x2e43,
    0x328a, 0x3419, 0x2b89, 0x307c, 0x3069, 0x2ae3, 0x3449, 0x346e, 0x2e16, 0x37af, 0x389d, 0x2cd3,
    0x3827, 0x38e2, 0x2d77, 0x3883, 0x3a87, 0x3c74, 0x38bf, 0x3c45, 0x4114, 0x386e, 0x3b98, 0x4034,
    0x389f, 0x3b5a, 0x3fad, 0x358d, 0x381e, 0x3b88, 0x38bb, 0x3c1f, 0x406a, 0x35dd, 0x386a, 0x3c28,
    0x2dd1, 0x2ef8, 0x2bb6, 0x2e7d, 0x2fe6, 0x2d81, 0x30d5, 0x31dc, 0x2d3b, 0x2dea, 0x2df7, 0x275a,
    0x2c6e, 0x2cde, 0x2459, 0x335f, 0x3468, 0x3371, 0x3199, 0x32f9, 0x31ff, 0x2f69, 0x3157, 0x30de,
    0x2d65, 0x2f73, 0x2a76, 0x2bfe, 0x2daa, 0x21b8, 0x2e1e, 0x2eeb, 0x2495, 0x2bc4, 0x2d3b, 0x2294,
    0x2cf0, 0x2e93, 0x1d80, 0x30ea, 0x326e, 0x23bd, 0x314e, 0x32ad, 0x27f3, 0x339e, 0x3488, 0x2e1d,
    0x34d3, 0x363c, 0x3856, 0x2eac, 0x2fc1, 0x2be8, 0x33e1, 0x34e3, 0x3538, 0x304d, 0x3189, 0x2e49,
    0x395b, 0x3add, 0x3d83, 0x2d79, 0x2f20, 0x2d23, 0x276c, 0x284e, 0x20f6, 0x364a, 0x380c, 0x3953,
    0x348d, 0x362d, 0x360a, 0x293e, 0x2db3, 0x19cc, 0x2acc, 0x2e65, 0x22b7, 0x2e80, 0x3143, 0x2851,
    0x2aad, 0x2e6f, 0x181a, 0x2ea8, 0x30c5, 0x2204, 0x2ce6, 0x2fd6, 0x269e, 0x2417, 0x288b, 0x1784,
    0x2809, 0x2ca4, 0x1045, 0x2c0d, 0x2fcf, 0x20d2, 0x2d04, 0x30e6, 0x0b78, 0x2d74, 0x31c3, 0x01db,
    0x2fe0, 0x3383, 0x22e9, 0x31cf, 0x34a8, 0x17c4, 0x34f0, 0x36ea, 0x22cd, 0x32e6, 0x355d, 0x1dac,
    0x35c3, 0x3781, 0x266b, 0x3410, 0x356d, 0x23a1, 0x32f4, 0x34e7, 0x2c91, 0x32a0, 0x34ab, 0x2f79,
    0x3445, 0x3622, 0x27e6, 0x31c0, 0x3401, 0x28b5, 0x323b, 0x34fd, 0x232a, 0x35a8, 0x36ba, 0x2a3f,
    0x320e, 0x3381, 0x2954, 0x2e4c, 0x2f4c, 0x2402, 0x342b, 0x35de, 0x266c, 0x32e2, 0x3468, 0x28a9,
    0x342d, 0x34e4, 0x2b99, 0x341f, 0x35e0, 0x2790, 0x360a, 0x37e4, 0x2d88, 0x371b, 0x3830, 0x2ad4,
    0x3981, 0x3ae9, 0x351c, 0x3992, 0x3c80, 0x408e, 0x38c9, 0x3bb0, 0x4025, 0x3944, 0x3c87, 0x4104,
    0x38dc, 0x3b80, 0x3fc5, 0x331f, 0x3570, 0x37fa, 0x369c, 0x393c, 0x3d57, 0x2eef, 0x3111, 0x3312,
    0x2d01, 0x2e39, 0x2d22, 0x2dbb, 0x2ee9, 0x25fa, 0x2f14, 0x2fa0, 0x2997, 0x29f5, 0x2b6e, 0x2160,
    0x2d9c, 0x2e9f, 0x267d, 0x2d25, 0x2e59, 0x2503, 0x2cd7, 0x2e8b, 0x2241, 0x3186, 0x3326, 0x2e60,
    0x2e41, 0x2f81, 0x250d, 0x30d8, 0x3231, 0x2e2f, 0x2e92, 0x3028, 0x21ef, 0x339b, 0x34b1, 0x2d0c,
    0x2da9, 0x2f7f, 0x1e63, 0x3030, 0x30e0, 0x24ba, 0x340d, 0x3491, 0x29b3, 0x304a, 0x3194, 0x2a03,
    0x3341, 0x3468, 0x335a, 0x342d, 0x3540, 0x340d, 0x3014, 0x31a2, 0x2dbc, 0x3008, 0x3132, 0x2876,
    0x2c8b, 0x2d45, 0x2449, 0x2b53, 0x2c07, 0x26d9, 0x388f, 0x39c8, 0x3c8f, 0x372c, 0x384d, 0x3718,
    0x31f8, 0x341f, 0x30ae, 0x2837, 0x2c93, 0x1351, 0x295b, 0x2dae, 0x16fa, 0x2af1, 0x2f05, 0x10c5,
    0x27ab, 0x2c0e, 0x1b3e, 0x2aec, 0x2df4, 0x19c5, 0x2076, 0x25db, 0x0a85, 0x2230, 0x27e7, 0x00ff,
    0x2818, 0x2c53, 0x16bb, 0x2fac, 0x3225, 0x2ccf, 0x2d99, 0x3184, 0x1aee, 0x2fd0, 0x3305, 0x2443,
    0x309b, 0x3410, 0x2265, 0x3182, 0x3475, 0x2acb, 0x3364, 0x35f2, 0x2031, 0x35b7, 0x37f9, 0x236e,
    0x335c, 0x3573, 0x230b, 0x34f0, 0x368b, 0x2710, 0x371a, 0x3860, 0x2d9b, 0x34d4, 0x367e, 0x28fa,
    0x33ac, 0x3590, 0x25cd, 0x3319, 0x350d, 0x257d, 0x33f0, 0x355f, 0x2988, 0x35e8, 0x3782, 0x3071,
    0x361e, 0x373c, 0x3162, 0x32f9, 0x3409, 0x2c90, 0x393a, 0x3a3d, 0x2fd3, 0x3582, 0x3647, 0x3055,
    0x34e2, 0x369e, 0x2d1a, 0x3383, 0x34b9, 0x3042, 0x39bd, 0x3bf0, 0x3ddf, 0x382d, 0x394f, 0x3c7e,
    0x394d, 0x3c15, 0x3fff, 0x3775, 0x3a23, 0x3e69, 0x3441, 0x35a1, 0x3812, 0x3701, 0x399a, 0x3d51,
    0x380a, 0x39d2, 0x3d9d, 0x348c, 0x364a, 0x38c9, 0x2f3b, 0x309d, 0x300f, 0x2a4e, 0x2cb0, 0x2a4e,
    0x2c25, 0x2d23, 0x26df, 0x2ab8, 0x2c28, 0x244d, 0x2e32, 0x2f13, 0x2797, 0x2cbe, 0x2d5e, 0x27d2,
    0x2dc4, 0x2f40, 0x2463, 0x2cc5, 0x2e12, 0x2320, 0x2d6e, 0x2ea7, 0x22f7, 0x2f14, 0x30b0, 0x234b,
    0x2f60, 0x3030, 0x28a6, 0x2edc, 0x3077, 0x28e1, 0x33f7, 0x34bb, 0x2c98, 0x351a, 0x3618, 0x2f77,
    0x3006, 0x314b, 0x231c, 0x31a5, 0x32f0, 0x2423, 0x350e, 0x35db, 0x2d60, 0x32fb, 0x3474, 0x292a,
    0x34bb, 0x35d9, 0x300b, 0x3763, 0x38a6, 0x3ab4, 0x33f5, 0x34c4, 0x2fec, 0x23a1, 0x246b, 0x216c,
    0x32a7, 0x33b5, 0x2cb2, 0x356e, 0x36e7, 0x3695, 0x336c, 0x34bc, 0x33e3, 0x387d, 0x394c, 0x3a35,
    0x302e, 0x326e, 0x28d6, 0x2e9f, 0x316c, 0x2b58, 0x2b55, 0x2eff, 0x1d46, 0x2839, 0x2c5e, 0x1497,
    0x25ac, 0x2b3d, 0x02f9, 0x25c3, 0x2adb, 0x1c73, 0x23f2, 0x28c0, 0x0fb8, 0x2460, 0x28d4, 0x179c,
    0x2cb0, 0x300d, 0x26ab, 0x342e, 0x35c5, 0x317a, 0x3836, 0x393e, 0x3570, 0x2ebf, 0x3293, 0x1854,
    0x31d1, 0x3480, 0x2a74, 0x30b8, 0x341e, 0x2380, 0x30eb, 0x3409, 0x2848, 0x3476, 0x36b3, 0x284d,
    0x3695, 0x3861, 0x3239, 0x3299, 0x34e3, 0x25d8, 0x3489, 0x3635, 0x2774, 0x3331, 0x3567, 0x2063,
    0x35e5, 0x3803, 0x288a, 0x30fa, 0x33c3, 0x2568, 0x33c0, 0x3530, 0x2a4c, 0x3506, 0x3650, 0x2cbc,
    0x3658, 0x375f, 0x2f5c, 0x3845, 0x390e, 0x3457, 0x34fd, 0x368a, 0x3455, 0x3a32, 0x3c46, 0x3f22,
    0x351f, 0x36aa, 0x3274, 0x3598, 0x37eb, 0x357d, 0x2da3, 0x2c92, 0x2827, 0x39c1, 0x3c48, 0x3fd8,
    0x3757, 0x3950, 0x3c3a, 0x39cb, 0x3ca1, 0x40df, 0x361e, 0x3816, 0x3a1f, 0x343e, 0x35f1, 0x3840,
    0x348b, 0x35a2, 0x374b, 0x3462, 0x3619, 0x38d0, 0x34c1, 0x3762, 0x3a8f, 0x303b, 0x319a, 0x30ad,
    0x2c82, 0x2d90, 0x256f, 0x2cc6, 0x2d33, 0x22ff, 0x2dba, 0x2ed6, 0x2512, 0x2be8, 0x2c9b, 0x24a7,
    0x2c88, 0x2d6b, 0x237c, 0x2f83, 0x3038, 0x288a, 0x30d9, 0x31d2, 0x285a, 0x321c, 0x33a6, 0x2912,
    0x2ded, 0x2fa1, 0x26db, 0x33d5, 0x34de, 0x3327, 0x327f, 0x33e1, 0x2c51, 0x2fdf, 0x3187, 0x2228,
    0x3010, 0x31ca, 0x1de0, 0x3154, 0x3301, 0x2427, 0x3349, 0x3490, 0x2601, 0x3589, 0x371f, 0x284f,
    0x331f, 0x3469, 0x2920, 0x31dd, 0x33a4, 0x251e, 0x24fe, 0x253a, 0x22f6, 0x326f, 0x3405, 0x286c,
    0x37f6, 0x391d, 0x3961, 0x3466, 0x35d4, 0x3623, 0x3710, 0x38a2, 0x36f9, 0x392a, 0x3acf, 0x3d0c,
    0x3c42, 0x3d9c, 0x40b0, 0x2c2c, 0x3065, 0x1847, 0x2a14, 0x2e46, 0x1567, 0x299c, 0x2dd6, 0x142f,
    0x295f, 0x2deb, 0x16fc, 0x299d, 0x2e2d, 0x16a2, 0x2a63, 0x2f35, 0x1467, 0x33a6, 0x35bc, 0x3321,
    0x319f, 0x3452, 0x2c8c, 0x3677, 0x3815, 0x381b, 0x3141, 0x33be, 0x2dfd, 0x3241, 0x3478, 0x313e,
    0x3457, 0x35e4, 0x3132, 0x30ab, 0x33da, 0x230e, 0x347f, 0x35d7, 0x342e, 0x340a, 0x35f7, 0x2062,
    0x34b7, 0x368c, 0x2996, 0x3755, 0x38ff, 0x2f6d, 0x32e9, 0x3540, 0x2afa, 0x358c, 0x3772, 0x2fa5,
    0x36d0, 0x3896, 0x349f, 0x35ba, 0x37cb, 0x34e2, 0x3452, 0x34fc, 0x2fde, 0x369d, 0x37cb, 0x2eb5,
    0x3505, 0x354b, 0x2d49, 0x3572, 0x3709, 0x2d24, 0x3834, 0x3990, 0x389b, 0x38f0, 0x3a9d, 0x3c98,
    0x34a4, 0x35f9, 0x357d, 0x39b1, 0x3c14, 0x3f38, 0x36b5, 0x385e, 0x3c60, 0x3aa1, 0x3d17, 0x410f,
    0x39ac, 0x3c9f, 0x40a4, 0x380b, 0x3a0b, 0x3e01, 0x36ff, 0x3917, 0x3cb9, 0x365c, 0x385e, 0x3b6a,
    0x3559, 0x3710, 0x38c0, 0x36b1, 0x3934, 0x3d0b, 0x32ac, 0x34d5, 0x3759, 0x32ac, 0x3451, 0x3484,
    0x2fc1, 0x302e, 0x2913, 0x2d87, 0x2e4e, 0x2459, 0x2af9, 0x2c02, 0x220f, 0x2eab, 0x302b, 0x2c62,
    0x308a, 0x31b1, 0x2e4d, 0x2c92, 0x2de6, 0x228d, 0x3057, 0x31ab, 0x2b94, 0x33a1, 0x3464, 0x282b,
    0x2e2a, 0x2ff4, 0x21f2, 0x2f29, 0x3057, 0x29e9, 0x3218, 0x33d8, 0x3064, 0x33bf, 0x3544, 0x3511,
    0x3013, 0x31d2, 0x240e, 0x31b3, 0x3283, 0x290e, 0x33dd, 0x34f4, 0x2d4f, 0x32d9, 0x34c7, 0x2c47,
    0x353f, 0x3680, 0x242d, 0x2d5b, 0x2ddc, 0x28ae, 0x3151, 0x32fd, 0x3044, 0x32ed, 0x3486, 0x3297,
    0x364b, 0x3882, 0x37c2, 0x3198, 0x332c, 0x2939, 0x356f, 0x36ba, 0x2d62, 0x3428, 0x3497, 0x35d7,
    0x37f2, 0x393a, 0x3a76, 0x2d77, 0x315a, 0x24ca, 0x300a, 0x3249, 0x301e, 0x3171, 0x3443, 0x2f04,
    0x29c2, 0x2e23, 0x1aca, 0x30c4, 0x33f5, 0x2aa0, 0x31ad, 0x347f, 0x2d6b, 0x33d6, 0x35a1, 0x3332,
    0x3123, 0x33f8, 0x29c1, 0x3387, 0x3597, 0x30a3, 0x32e5, 0x34e2, 0x3206, 0x347e, 0x3656, 0x30d3,
    0x3185, 0x3418, 0x25df, 0x37ab, 0x3907, 0x3974, 0x332f, 0x3555, 0x3096, 0x3413, 0x35e7, 0x2964,
    0x3429, 0x36c5, 0x2e89, 0x3443, 0x3612, 0x2ad9, 0x35ac, 0x3769, 0x2eba, 0x3589, 0x3738, 0x2fd4,
    0x357e, 0x371a, 0x2eb6, 0x34cf, 0x3647, 0x3031, 0x3426, 0x351f, 0x2f60, 0x3535, 0x3680, 0x2e11,
    0x364b, 0x3788, 0x3129, 0x3641, 0x377c, 0x297f, 0x2915, 0x29e7, 0x207a, 0x3668, 0x383d, 0x33b9,
    0x3657, 0x380a, 0x38a7, 0x384b, 0x39d3, 0x3c04, 0x3ad2, 0x3d44, 0x40f6, 0x3677, 0x3895, 0x3b4c,
    0x3aa4, 0x3d0c, 0x40fa, 0x3a74, 0x3ce0, 0x40e5, 0x3723, 0x3905, 0x3cd5, 0x3764, 0x39bd, 0x3ccd,
    0x36e6, 0x38e9, 0x3b47, 0x3623, 0x3837, 0x3b8a, 0x3536, 0x376a, 0x3a13, 0x2f62, 0x3138, 0x3263,
    0x2f40, 0x301c, 0x2c47, 0x3077, 0x31b0, 0x322c, 0x30d8, 0x3220, 0x2925, 0x31f6, 0x32af, 0x2d64,
    0x342b, 0x35f0, 0x38a7, 0x2f54, 0x308f, 0x2a17, 0x2e13, 0x302c, 0x2217, 0x3094, 0x3227, 0x2619,
    0x2ecb, 0x3064, 0x24f6, 0x30bb, 0x3193, 0x26e6, 0x2e98, 0x303c, 0x256b, 0x2dbe, 0x304b, 0x2212,
    0x3228, 0x33c5, 0x25ce, 0x3128, 0x3279, 0x251c, 0x32c2, 0x3401, 0x313e, 0x2f9b, 0x30b2, 0x2827,
    0x2b64, 0x2c09, 0x2971, 0x3119, 0x30f7, 0x2a25, 0x3b9f, 0x3d9b, 0x410a, 0x3458, 0x3542, 0x3004,
    0x30cc, 0x32c6, 0x2e44, 0x2fb5, 0x313d, 0x282e, 0x2590, 0x26a7, 0x218b, 0x2d34, 0x2e55, 0x2d23,
    0x2d06, 0x309e, 0x2441, 0x2df3, 0x312a, 0x2218, 0x3011, 0x323a, 0x2d17, 0x3143, 0x3429, 0x315d,
    0x2d3d, 0x30fa, 0x2261, 0x2c1c, 0x2fca, 0x224b, 0x2fb9, 0x3289, 0x259b, 0x3bda, 0x3cdd, 0x3ef3,
    0x3d97, 0x3f01, 0x4143, 0x334b, 0x3590, 0x2b45, 0x33a0, 0x3568, 0x347a, 0x3303, 0x3517, 0x2d26,
    0x36e7, 0x387d, 0x30bc, 0x349b, 0x36a0, 0x2f78, 0x3475, 0x3686, 0x2b06, 0x3379, 0x35e6, 0x29a6,
    0x348a, 0x36c1, 0x2d40, 0x3743, 0x394b, 0x35ef, 0x35fa, 0x386c, 0x3549, 0x3784, 0x38f6, 0x34a1,
    0x36d8, 0x387f, 0x2cac, 0x3443, 0x359b, 0x2892, 0x362d, 0x3790, 0x2fc8, 0x377c, 0x3884, 0x2c46,
    0x375a, 0x389f, 0x2f38, 0x3abc, 0x3c52, 0x3d2f, 0x3987, 0x3b8b, 0x3c48, 0x3b3d, 0x3d2f, 0x408d,
    0x35eb, 0x37c6, 0x3160, 0x378e, 0x3902, 0x3b43, 0x3920, 0x3bcd, 0x3f9b, 0x34a8, 0x35d0, 0x3818,
    0x3626, 0x3839, 0x3b16, 0x3ac1, 0x3d0e, 0x40f8, 0x3962, 0x3c2b, 0x4039, 0x3986, 0x3c32, 0x4020,
    0x37f5, 0x39c7, 0x3c55, 0x3833, 0x3ac3, 0x3f07, 0x3789, 0x39f3, 0x3dd2, 0x35f2, 0x3878, 0x3c40,
    0x31bf, 0x336c, 0x32fe, 0x3039, 0x313c, 0x304f, 0x3242, 0x347a, 0x3709, 0x2dc0, 0x3038, 0x2a92,
    0x32a8, 0x3428, 0x2e7d, 0x31bd, 0x3401, 0x2e06, 0x2fb3, 0x317d, 0x2797, 0x3041, 0x3154, 0x2563,
    0x2d0c, 0x2edd, 0x201e, 0x32a0, 0x3387, 0x265a, 0x3023, 0x3115, 0x2589, 0x34a1, 0x35df, 0x28a7,
    0x3332, 0x3439, 0x2830, 0x303c, 0x30d1, 0x2507, 0x316e, 0x32ac, 0x24ca, 0x3023, 0x307e, 0x26e9,
    0x3478, 0x34d2, 0x2794, 0x3446, 0x3570, 0x2e87, 0x3bac, 0x3d9d, 0x4158, 0x3a37, 0x3ca1, 0x3f43,
    0x30ca, 0x31c1, 0x27c7, 0x2f5a, 0x3036, 0x2b50, 0x33b7, 0x34d4, 0x29f6, 0x387c, 0x3940, 0x3340,
    0x2f1b, 0x31fe, 0x2a1d, 0x2f79, 0x3140, 0x2a63, 0x2f78, 0x32a4, 0x2b9b, 0x2db8, 0x3129, 0x2ce5,
    0x2ab3, 0x2e24, 0x2347, 0x3486, 0x3686, 0x2e4b, 0x2af1, 0x2f47, 0x1243, 0x3803, 0x397a, 0x37e0,
    0x35de, 0x382e, 0x30ef, 0x3481, 0x360e, 0x358b, 0x2f71, 0x327a, 0x2993, 0x36a5, 0x383c, 0x32c3,
    0x399a, 0x3ac7, 0x3c27, 0x30ee, 0x33d4, 0x2e48, 0x2f57, 0x32c1, 0x2424, 0x353d, 0x3767, 0x3150,
    0x39cb, 0x3bab, 0x3d3e, 0x35ff, 0x383b, 0x324a, 0x3bf4, 0x3dae, 0x4145, 0x3c05, 0x3d70, 0x407d,
    0x3800, 0x38ab, 0x314b, 0x371c, 0x388c, 0x32bd, 0x3849, 0x3987, 0x3784, 0x3511, 0x36d9, 0x352d,
    0x356a, 0x374f, 0x3331, 0x3b25, 0x3d29, 0x40c8, 0x3859, 0x3a6d, 0x3c5e, 0x2fa6, 0x2f9d, 0x2d6a,
    0x3b1c, 0x3d3c, 0x40df, 0x3763, 0x38fa, 0x3985, 0x38ff, 0x3ab9, 0x3d67, 0x3a83, 0x3cd1, 0x4077,
    0x3913, 0x3aeb, 0x3dff, 0x3177, 0x336e, 0x35b1, 0x3830, 0x3a2b, 0x3e61, 0x3a0a, 0x3ca8, 0x4104,
    0x39a1, 0x3ca9, 0x40c8, 0x391a, 0x3c2c, 0x404a, 0x35b8, 0x37b1, 0x3a89, 0x338a, 0x3522, 0x36cc,
    0x3079, 0x31d4, 0x2da2, 0x2e32, 0x2ff6, 0x2950, 0x2e3f, 0x2fbb, 0x2888, 0x2d92, 0x2eb7, 0x2745,
    0x33cb, 0x352f, 0x3576, 0x3342, 0x34be, 0x2b13, 0x2d7e, 0x2f20, 0x2359, 0x2e9a, 0x3016, 0x2322,
    0x2d17, 0x2e60, 0x230d, 0x3137, 0x329c, 0x27cd, 0x34ac, 0x3604, 0x37c1, 0x300b, 0x3141, 0x2c2c,
    0x35a5, 0x3656, 0x2d9d, 0x30cb, 0x31c3, 0x2a34, 0x3440, 0x3447, 0x2db6, 0x32d3, 0x341a, 0x2c14,
    0x30a7, 0x321b, 0x24a8, 0x367f, 0x380b, 0x37dc, 0x35b1, 0x377a, 0x381a, 0x3466, 0x35b9, 0x3458,
    0x3873, 0x3998, 0x3be1, 0x349b, 0x355e, 0x3080, 0x36f4, 0x3840, 0x3592, 0x38b9, 0x3969, 0x3166,
    0x3041, 0x31a0, 0x2e0f, 0x3146, 0x338e, 0x3051, 0x307c, 0x32e0, 0x30d2, 0x2bc3, 0x2e4f, 0x265a,
    0x2863, 0x2c45, 0x1c95, 0x2ddc, 0x31a1, 0x241b, 0x2cae, 0x303a, 0x25f4, 0x30a3, 0x3351, 0x2b7c,
    0x3135, 0x341e, 0x2ee0, 0x33bd, 0x35b1, 0x307d, 0x32cf, 0x34ed, 0x346a, 0x3a9c, 0x3c54, 0x3e3d,
    0x3315, 0x354d, 0x2c26, 0x30d4, 0x343d, 0x2211, 0x315c, 0x347a, 0x2e62, 0x3686, 0x3874, 0x38e8,
    0x3a5d, 0x3c5f, 0x3f2d, 0x3b44, 0x3d33, 0x40f8, 0x3610, 0x389e, 0x37ea, 0x3b11, 0x3d02, 0x4057,
    0x38b4, 0x3a75, 0x3747, 0x376a, 0x38b6, 0x3492, 0x3824, 0x39d7, 0x3a44, 0x3873, 0x3a0d, 0x3a3a,
    0x382c, 0x398f, 0x38ac, 0x3988, 0x3c1e, 0x3fa1, 0x39ce, 0x3c88, 0x4078, 0x3857, 0x3a01, 0x3c58,
    0x384d, 0x39b8, 0x3ba1, 0x383a, 0x39db, 0x3a45, 0x3864, 0x39e4, 0x3c0e, 0x3096, 0x3212, 0x327a,
    0x3980, 0x3bf2, 0x3f35, 0x3770, 0x39b4, 0x3d6b, 0x3530, 0x3682, 0x3404, 0x3124, 0x32e5, 0x35e0,
    0x3845, 0x3a10, 0x3d54, 0x3800, 0x39f0, 0x3dec, 0x36da, 0x392d, 0x3b2d, 0x3280, 0x343d, 0x2bec,
    0x34ea, 0x373f, 0x38df, 0x353d, 0x36c1, 0x3896, 0x3151, 0x31af, 0x29ba, 0x33da, 0x3460, 0x2db5,
    0x2fbb, 0x3078, 0x2340, 0x306e, 0x3188, 0x29db, 0x2e65, 0x2fb9, 0x251a, 0x2df6, 0x2fc2, 0x2522,
    0x2dfc, 0x3013, 0x1ebd, 0x31d5, 0x335a, 0x2aec, 0x3235, 0x3242, 0x2ffd, 0x385f, 0x3a07, 0x3cd3,
    0x2d7c, 0x2e79, 0x2377, 0x2b93, 0x2d0c, 0x1b0a, 0x3506, 0x35e4, 0x20e0, 0x33f7, 0x3427, 0x2c4b,
    0x3216, 0x336a, 0x25d8, 0x33d9, 0x347d, 0x28d1, 0x339f, 0x3486, 0x28f8, 0x37b7, 0x3843, 0x3816,
    0x31a4, 0x330c, 0x3028, 0x351e, 0x360b, 0x2c67, 0x32b3, 0x33bf, 0x2d29, 0x343d, 0x3592, 0x2c71,
    0x2f62, 0x3210, 0x2dfd, 0x2e33, 0x30da, 0x2ffd, 0x3597, 0x3782, 0x38c9, 0x2a4b, 0x2df9, 0x2945,
    0x3014, 0x3226, 0x3109, 0x2d62, 0x30b9, 0x2aca, 0x2d50, 0x3117, 0x1986, 0x2d11, 0x30a5, 0x25e3,
    0x32cd, 0x352e, 0x32fd, 0x330d, 0x3554, 0x318b, 0x32d0, 0x34d5, 0x358f, 0x3002, 0x323c, 0x2df1,
    0x31c6, 0x345f, 0x2ff4, 0x3110, 0x3410, 0x2ee9, 0x380e, 0x3972, 0x361a, 0x34b6, 0x3679, 0x31cf,
    0x3995, 0x3b51, 0x389f, 0x39cb, 0x3c0b, 0x3dc0, 0x39ca, 0x3bf0, 0x3da4, 0x3717, 0x38ab, 0x3714,
    0x39aa, 0x3c0b, 0x3cf7, 0x3627, 0x3794, 0x2e6d, 0x34fa, 0x3780, 0x3496, 0x3826, 0x38ec, 0x364a,
    0x3a74, 0x3cec, 0x40bf, 0x3a24, 0x3c9f, 0x408f, 0x37cb, 0x397e, 0x3cb1, 0x38b1, 0x3a18, 0x3a90,
    0x344a, 0x3559, 0x3606, 0x35c1, 0x3795, 0x3441, 0x3712, 0x38c3, 0x38f5, 0x350c, 0x3688, 0x38aa,
    0x36ef, 0x38e8, 0x3b54, 0x3992, 0x3c1d, 0x3fd6, 0x3635, 0x381f, 0x35e9, 0x38cf, 0x3b9f, 0x3f6d,
    0x38c9, 0x3ab7, 0x3e07, 0x37cd, 0x39ae, 0x3d22, 0x39b0, 0x3c4e, 0x400f, 0x37e8, 0x3968, 0x3c6b,
    0x3860, 0x3aac, 0x3e4f, 0x34ad, 0x3692, 0x37dd, 0x3490, 0x35fa, 0x3277, 0x2c9e, 0x2de9, 0x252b,
    0x3293, 0x33f1, 0x2c92, 0x3343, 0x345f, 0x2f69, 0x3047, 0x30d5, 0x2612, 0x30e3, 0x3270, 0x26ac,
    0x31b8, 0x3359, 0x24d5, 0x32d6, 0x324d, 0x2b95, 0x3475, 0x354a, 0x3446, 0x280f, 0x2893, 0x21fe,
    0x3249, 0x33c2, 0x28aa, 0x3356, 0x349e, 0x2501, 0x34c4, 0x357c, 0x266d, 0x36cd, 0x37ee, 0x1d58,
    0x348e, 0x3553, 0x2d65, 0x343e, 0x3522, 0x25c8, 0x32ed, 0x33da, 0x24ed, 0x3703, 0x37c6, 0x3011,
    0x342c, 0x34d7, 0x266c, 0x3581, 0x365b, 0x2aae, 0x2d1f, 0x2e34, 0x249b, 0x3403, 0x34ce, 0x23a3,
    0x290c, 0x2ca5, 0x2510, 0x2c13, 0x2eba, 0x28c9, 0x353f, 0x379b, 0x38e3, 0x3685, 0x3873, 0x3a3a,
    0x2cf4, 0x30ba, 0x2851, 0x2f43, 0x3235, 0x2dd8, 0x3c11, 0x3d32, 0x3f46, 0x3bd2, 0x3ced, 0x3f63,
    0x361d, 0x37cb, 0x3830, 0x3600, 0x37f4, 0x3846, 0x3a64, 0x3bf4, 0x3e1d, 0x3743, 0x38d2, 0x3a3a,
    0x3684, 0x385f, 0x3960, 0x3290, 0x351b, 0x2c15, 0x37c2, 0x3913, 0x3706, 0x38cc, 0x3a56, 0x37d0,
    0x388f, 0x39ff, 0x356f, 0x345b, 0x36c3, 0x3813, 0x3b97, 0x3d94, 0x4152, 0x3231, 0x3495, 0x3309,
    0x3a52, 0x3c8e, 0x4002, 0x3a58, 0x3cd1, 0x40b4, 0x3564, 0x37c0, 0x3511, 0x3941, 0x3abb, 0x38d7,
    0x3a54, 0x3c94, 0x401b, 0x3978, 0x3c05, 0x3f12, 0x3818, 0x3916, 0x39d1, 0x3816, 0x3972, 0x324c,
    0x3692, 0x389e, 0x3b3a, 0x306b, 0x3089, 0x2df9, 0x381e, 0x3a3c, 0x3d19, 0x39fb, 0x3c98, 0x40c8,
    0x346d, 0x363a, 0x37bf, 0x3416, 0x34fe, 0x36ab, 0x3842, 0x3a78, 0x3e55, 0x38d1, 0x3b15, 0x3d75,
    0x33c1, 0x353c, 0x37d1, 0x326b, 0x342b, 0x335a, 0x39c3, 0x3c43, 0x403d, 0x3964, 0x3c25, 0x4033,
    0x36da, 0x389b, 0x3a4d, 0x32dc, 0x34e4, 0x357c, 0x3857, 0x3a91, 0x3dcd, 0x3613, 0x36c9, 0x2991,
    0x30e9, 0x31f0, 0x24f2, 0x3206, 0x333a, 0x2843, 0x3095, 0x31ca, 0x28b7, 0x2f37, 0x300e, 0x25b7,
    0x2eb1, 0x3080, 0x26f8, 0x3042, 0x30e0, 0x2617, 0x3188, 0x320d, 0x2d11, 0x3473, 0x35b2, 0x2c5f,
    0x3152, 0x31a6, 0x2911, 0x34ed, 0x35b5, 0x291e, 0x3602, 0x36df, 0x2199, 0x3331, 0x33fa, 0x28bb,
    0x3491, 0x34f6, 0x25a2, 0x302a, 0x2fe3, 0x27f3, 0x34a8, 0x3503, 0x2838, 0x3690, 0x3712, 0x2637,
    0x341e, 0x34cd, 0x295b, 0x3471, 0x355f, 0x242b, 0x354d, 0x3642, 0x29bf, 0x334d, 0x34dd, 0x3253,
    0x2af5, 0x2dcb, 0x28b6, 0x2781, 0x2c1c, 0x191e, 0x2ca4, 0x301a, 0x2e82, 0x2f04, 0x3188, 0x3029,
    0x2c35, 0x2e94, 0x2d73, 0x3830, 0x3972, 0x3c27, 0x34fe, 0x366e, 0x3815, 0x3130, 0x3327, 0x31f1,
    0x3682, 0x384d, 0x3998, 0x34ed, 0x36ec, 0x37b1, 0x3ae0, 0x3c5a, 0x3f35, 0x31e5, 0x3435, 0x3233,
    0x3018, 0x3379, 0x2975, 0x38a4, 0x39ea, 0x385d, 0x386e, 0x3a01, 0x381f, 0x3823, 0x39c0, 0x3c49,
    0x35a6, 0x3820, 0x39ed, 0x3734, 0x3921, 0x3bcd, 0x3228, 0x34ca, 0x3229, 0x305d, 0x3316, 0x2d57,
    0x3183, 0x3447, 0x318b, 0x3790, 0x39e6, 0x3cc5, 0x3a0e, 0x3c65, 0x406e, 0x38c4, 0x3ae9, 0x3d18,
    0x3773, 0x399d, 0x3d09, 0x38e1, 0x3c1e, 0x4074, 0x3900, 0x3c0e, 0x407c, 0x377e, 0x397e, 0x3bf2,
    0x37d3, 0x395d, 0x389a, 0x373e, 0x3884, 0x33a5, 0x38e7, 0x3b39, 0x3e01, 0x37b2, 0x3956, 0x3970,
    0x31de, 0x3365, 0x34cb, 0x3596, 0x364b, 0x3787, 0x37d1, 0x39eb, 0x3d89, 0x38c7, 0x3b17, 0x3f65,
    0x34d9, 0x3712, 0x3770, 0x3877, 0x3ae9, 0x3d9b, 0x3897, 0x3ae2, 0x3ca5, 0x39fd, 0x3cce, 0x40e4,
    0x36dd, 0x38b2, 0x3b48, 0x36c8, 0x3892, 0x397f, 0x359d, 0x37db, 0x3727, 0x34f1, 0x36a5, 0x359c,
    0x31b2, 0x3285, 0x276d, 0x30c5, 0x3229, 0x289a, 0x3497, 0x35c8, 0x2e46, 0x33de, 0x34a9, 0x27e4,
    0x3417, 0x34aa, 0x3070, 0x33d4, 0x3499, 0x2c35, 0x302a, 0x315d, 0x251c, 0x31f5, 0x32d9, 0x2776,
    0x34ba, 0x355d, 0x2c15, 0x2eeb, 0x3026, 0x27cc, 0x3476, 0x34cd, 0x2896, 0x35b5, 0x3698, 0x27d7,
    0x3564, 0x35ac, 0x25c0, 0x30f8, 0x3137, 0x2442, 0x37b4, 0x3832, 0x264c, 0x38bc, 0x3926, 0x242b,
    0x3412, 0x34f5, 0x2a44, 0x372b, 0x3878, 0x3971, 0x39c7, 0x3c12, 0x3ce5, 0x347a, 0x361f, 0x35b2,
    0x2a84, 0x2dc2, 0x29c7, 0x2d86, 0x3091, 0x2c4d, 0x290a, 0x2cf9, 0x2389, 0x2c6b, 0x2f25, 0x2d6b,
    0x34e9, 0x367a, 0x377e, 0x3627, 0x3811, 0x39ec, 0x2ef3, 0x314e, 0x301c, 0x352d, 0x36fc, 0x3843,
    0x3787, 0x38e7, 0x3abb, 0x315a, 0x342d, 0x3025, 0x31a0, 0x3462, 0x300e, 0x368c, 0x389c, 0x39a6,
    0x32b9, 0x352a, 0x327d, 0x3da3, 0x3f38, 0x417b, 0x3a4e, 0x3bee, 0x3e36, 0x330b, 0x3567, 0x3460,
    0x2f48, 0x3234, 0x2902, 0x3161, 0x3439, 0x3233, 0x3863, 0x3a23, 0x3d36, 0x2e5a, 0x3227, 0x29a0,
    0x3403, 0x3624, 0x36f3, 0x2eb5, 0x3170, 0x2e9b, 0x3339, 0x3577, 0x3026, 0x2ecd, 0x3256, 0x2f85,
    0x2f44, 0x32f7, 0x2ac6, 0x3907, 0x3c1e, 0x4077, 0x394f, 0x3c1b, 0x4042, 0x38e1, 0x3b84, 0x3f5a,
    0x3496, 0x35da, 0x31c4, 0x369a, 0x381a, 0x3558, 0x37b1, 0x3944, 0x39ba, 0x39aa, 0x3c71, 0x4090,
    0x3107, 0x31a1, 0x30ed, 0x3895, 0x3a7c, 0x3cc5, 0x3491, 0x3663, 0x34ae, 0x36cd, 0x38a6, 0x39b1,
    0x3953, 0x3bbe, 0x3f0c, 0x3464, 0x3629, 0x3978, 0x39ea, 0x3c96, 0x40c4, 0x3a00, 0x3ca9, 0x40c9,
    0x34e4, 0x36c2, 0x332c, 0x3912, 0x3b59, 0x3ebb, 0x3673, 0x37bf, 0x36b6, 0x3301, 0x343c, 0x3511,
    0x3375, 0x34b0, 0x2342, 0x3422, 0x34de, 0x2b40, 0x320c, 0x3381, 0x284c, 0x345e, 0x3551, 0x205e,
    0x32e1, 0x342a, 0x285f, 0x365c, 0x3742, 0x2a1d, 0x357f, 0x35a8, 0x2c18, 0x3433, 0x34ab, 0x27c1,
    0x2c4d, 0x2d3d, 0x2343, 0x319f, 0x32e2, 0x2784, 0x3482, 0x3551, 0x2890, 0x348d, 0x35b6, 0x2e87,
    0x3518, 0x356b, 0x285b, 0x3966, 0x3b69, 0x3d1a, 0x36e5, 0x380b, 0x254e, 0x2bd8, 0x2cf9, 0x23e9,
    0x344b, 0x3530, 0x2bb6, 0x3539, 0x362d, 0x2f5d, 0x3898, 0x3a24, 0x3cc3, 0x35a1, 0x3783, 0x3326,
    0x2c78, 0x3000, 0x2788, 0x2a1b, 0x2e2c, 0x2290, 0x2dcc, 0x3106, 0x2de4, 0x3ad5, 0x3c93, 0x400b,
    0x34e0, 0x3745, 0x382c, 0x3626, 0x384c, 0x392a, 0x3140, 0x3434, 0x3123, 0x3860, 0x399d, 0x3bfe,
    0x3323, 0x3555, 0x356d, 0x2d8a, 0x3125, 0x2335, 0x30f2, 0x3389, 0x2bbc, 0x3c0a, 0x3d28, 0x3fd2,
    0x380c, 0x3998, 0x3937, 0x300b, 0x32fb, 0x294d, 0x2ec5, 0x31ec, 0x29ae, 0x2faf, 0x3272, 0x28c3,
    0x3188, 0x346b, 0x2bb1, 0x31ad, 0x343f, 0x3545, 0x3167, 0x3466, 0x3045, 0x33d7, 0x35f7, 0x35c7,
    0x35e3, 0x3818, 0x3944, 0x2adb, 0x2f0b, 0x1d94, 0x340f, 0x3653, 0x36ef, 0x2fb0, 0x3233, 0x26a7,
    0x322b, 0x348e, 0x3348, 0x394f, 0x3c38, 0x4061, 0x3920, 0x3c22, 0x405a, 0x38fb, 0x3c2f, 0x4069,
    0x3682, 0x37c6, 0x340d, 0x3829, 0x38dd, 0x342e, 0x3878, 0x3a9a, 0x3c75, 0x34d6, 0x3670, 0x376d,
    0x3448, 0x34fe, 0x34c6, 0x37c8, 0x38ff, 0x3a05, 0x3802, 0x39d7, 0x3a8f, 0x3617, 0x388c, 0x39d5,
    0x3a0c, 0x3c89, 0x404b, 0x3a9f, 0x3ce7, 0x40c6, 0x366c, 0x38d7, 0x3c56, 0x3917, 0x3abf, 0x3de6,
    0x39f7, 0x3c6f, 0x404c, 0x383b, 0x39f2, 0x3ce0, 0x34be, 0x35ba, 0x29bb, 0x3333, 0x3451, 0x2ce1,
    0x36f5, 0x384a, 0x39aa, 0x3058, 0x308c, 0x2979, 0x309c, 0x313f, 0x2899, 0x2e96, 0x2f57, 0x24a0,
    0x3326, 0x348d, 0x24fa, 0x34e7, 0x3610, 0x2109, 0x3804, 0x3856, 0x2d8a, 0x357a, 0x368f, 0x28e6,
    0x305a, 0x30ff, 0x269f, 0x30d3, 0x31a0, 0x265e, 0x32fd, 0x3458, 0x2729, 0x3876, 0x39f1, 0x3c82,
    0x3511, 0x35f8, 0x34e4, 0x38a2, 0x3a2e, 0x3b23, 0x3931, 0x3ac9, 0x3c90, 0x3625, 0x3802, 0x2f3a,
    0x3614, 0x3783, 0x3580, 0x34d1, 0x35e6, 0x3082, 0x33f9, 0x3529, 0x3202, 0x3bc5, 0x3cb8, 0x3cb0,
    0x2c34, 0x3028, 0x27af, 0x2ebd, 0x323b, 0x2a26, 0x328f, 0x34d3, 0x3507, 0x3546, 0x3744, 0x3889,
    0x325b, 0x349e, 0x34a7, 0x2ff6, 0x3286, 0x2f07, 0x34ab, 0x365a, 0x36d8, 0x301f, 0x32c2, 0x2b56,
    0x2e74, 0x3196, 0x2a1c, 0x36b8, 0x383f, 0x3983, 0x3049, 0x32b3, 0x2b65, 0x3657, 0x3865, 0x37f5,
    0x39a9, 0x3b67, 0x3d58, 0x3267, 0x3521, 0x2f6e, 0x30eb, 0x3444, 0x2c84, 0x2f59, 0x329d, 0x1ed8,
    0x30b2, 0x3399, 0x2b5d, 0x2c2b, 0x301c, 0x17cf, 0x314c, 0x342a, 0x3128, 0x312d, 0x3418, 0x3121,
    0x2f62, 0x3304, 0x27e2, 0x3286, 0x3521, 0x3299, 0x30a2, 0x3335, 0x2f48, 0x3261, 0x34c0, 0x3415,
    0x342f, 0x36ab, 0x2d84, 0x3978, 0x3c4f, 0x405d, 0x395c, 0x3c34, 0x4063, 0x394a, 0x3c43, 0x407e,
    0x3959, 0x3bbf, 0x4002, 0x319b, 0x33b4, 0x3210, 0x30e3, 0x31b9, 0x339b, 0x3950, 0x3bb5, 0x3e71,
    0x34dc, 0x3663, 0x3408, 0x360e, 0x3856, 0x3b18, 0x3443, 0x35d3, 0x34aa, 0x35f5, 0x3833, 0x3921,
    0x3652, 0x38b5, 0x3937, 0x35bb, 0x387a, 0x39a0, 0x2e52, 0x2f3c, 0x2c6d, 0x33ef, 0x35cd, 0x3579,
    0x336c, 0x34d0, 0x2676, 0x38c1, 0x3a7f, 0x3def, 0x3261, 0x344d, 0x29e8, 0x2dbe, 0x2ee6, 0x29ae,
    0x30ff, 0x324c, 0x28a6, 0x3094, 0x317e, 0x2937, 0x2ef2, 0x3081, 0x249e, 0x3222, 0x344d, 0x2257,
    0x35b8, 0x3772, 0x36f6, 0x3156, 0x32b9, 0x242d, 0x3638, 0x374f, 0x2602, 0x347d, 0x34f5, 0x2d56,
    0x3420, 0x34ae, 0x2976, 0x35a7, 0x3623, 0x2677, 0x3496, 0x3576, 0x29ab, 0x3848, 0x38a5, 0x3236,
    0x3ba6, 0x3cec, 0x3dea, 0x35f5, 0x3762, 0x30b3, 0x3041, 0x3154, 0x2750, 0x34a2, 0x3574, 0x31c4,
    0x36b4, 0x3838, 0x3561, 0x36f2, 0x3847, 0x34e8, 0x3476, 0x3587, 0x2c39, 0x359d, 0x3725, 0x308f,
    0x2ca8, 0x30aa, 0x24b3, 0x2fb6, 0x32a9, 0x2e24, 0x366f, 0x38bb, 0x3aab, 0x391c, 0x3aa5, 0x3d13,
    0x35fe, 0x380b, 0x39a0, 0x2cd2, 0x30bd, 0x2551, 0x3180, 0x3461, 0x3108, 0x3062, 0x32d1, 0x2c57,
    0x2e88, 0x31fd, 0x289b, 0x334a, 0x3507, 0x3507, 0x2efc, 0x31d9, 0x2a96, 0x2e4d, 0x31fa, 0x24bf,
    0x2ec3, 0x31b3, 0x26b3, 0x30d7, 0x33ee, 0x3027, 0x2f24, 0x32f7, 0x230e, 0x310c, 0x348a, 0x20de,
    0x2e6e, 0x3224, 0x1e9c, 0x2e93, 0x31b2, 0x1f10, 0x2e41, 0x30d5, 0x26ea, 0x2d88, 0x309e, 0x2a92,
    0x2e53, 0x31ba, 0x2989, 0x327f, 0x356c, 0x2e05, 0x3822, 0x39e0, 0x3c86, 0x3412, 0x365c, 0x322f,
    0x3a30, 0x3c8c, 0x405d, 0x39cb, 0x3c71, 0x4069, 0x39f1, 0x3c82, 0x4088, 0x39f5, 0x3c88, 0x4097,
    0x3a21, 0x3c9e, 0x40ad, 0x3a98, 0x3cd6, 0x40f5, 0x3a86, 0x3cb7, 0x4087, 0x3a3c, 0x3c5b, 0x3f59,
    0x3883, 0x39eb, 0x39fd, 0x37b6, 0x38fd, 0x3a12, 0x3885, 0x3a75, 0x3e11, 0x3730, 0x387d, 0x356d,
    0x38d3, 0x3a3a, 0x38b3, 0x3564, 0x37af, 0x316b, 0x342a, 0x3586, 0x2bf9, 0x2f90, 0x3052, 0x2ac4,
    0x3651, 0x3817, 0x32aa, 0x31ee, 0x33fc, 0x29bd, 0x3319, 0x3490, 0x2cb2, 0x342e, 0x3536, 0x3028,
    0x352c, 0x35f8, 0x2a0d, 0x3421, 0x355d, 0x2949, 0x32f3, 0x3449, 0x3097, 0x2f38, 0x3030, 0x28ec,
    0x3720, 0x379f, 0x36fa, 0x3439, 0x353f, 0x28b3, 0x30d9, 0x3241, 0x2aad, 0x3885, 0x3874, 0x3060,
    0x3754, 0x37df, 0x294a, 0x31bd, 0x33eb, 0x243d, 0x325f, 0x339d, 0x3027, 0x395d, 0x3a2e, 0x3a89,
    0x3418, 0x34a8, 0x342f, 0x3882, 0x397a, 0x39e6, 0x3726, 0x385f, 0x281f, 0x371d, 0x37e8, 0x32ae,
    0x3113, 0x3222, 0x285b, 0x38e5, 0x3a20, 0x3b64, 0x39b0, 0x3b29, 0x3b57, 0x3586, 0x362b, 0x2aab,
    0x34a0, 0x36de, 0x38c6, 0x3487, 0x3689, 0x3776, 0x3838, 0x39de, 0x3c79, 0x3948, 0x3b11, 0x3d5d,
    0x39cc, 0x3bee, 0x3e76, 0x30bc, 0x3392, 0x30f8, 0x3842, 0x39fc, 0x3c43, 0x346e, 0x3664, 0x3747,
    0x3099, 0x33c8, 0x2b4f, 0x2f90, 0x32ed, 0x264a, 0x2ab3, 0x2f13, 0x1578, 0x31a8, 0x347f, 0x2d11,
    0x2fcc, 0x3363, 0x264e, 0x30b0, 0x33f1, 0x2ec1, 0x308f, 0x3308, 0x2515, 0x3626, 0x37a3, 0x38ef,
    0x32bf, 0x3548, 0x30c6, 0x31f6, 0x34da, 0x2bda, 0x3255, 0x34fe, 0x2d56, 0x3361, 0x3604, 0x2673,
    0x349b, 0x36cb, 0x33c7, 0x2fe8, 0x33f1, 0x2469, 0x2dfd, 0x3146, 0x24e5, 0x3b81, 0x3d6e, 0x4127,
    0x3c12, 0x3d99, 0x4125, 0x3ac4, 0x3ced, 0x40ca, 0x39c4, 0x3c67, 0x4082, 0x39ed, 0x3c86, 0x409d,
    0x3a1a, 0x3c91, 0x40a9, 0x3ab3, 0x3cd5, 0x40b6, 0x38f2, 0x3a77, 0x3dba, 0x32be, 0x3224, 0x2fe7,
    0x392c, 0x3a37, 0x3d61, 0x38df, 0x39eb, 0x3911, 0x38d8, 0x3a12, 0x3707, 0x38af, 0x39b0, 0x38f7,
    0x3a42, 0x3c2a, 0x3ec0, 0x38c3, 0x39d2, 0x3553, 0x3590, 0x3664, 0x2b5a, 0x3af3, 0x3ccc, 0x3ed0,
    0x32f4, 0x33b5, 0x2cf6, 0x3606, 0x37ba, 0x3638, 0x31ca, 0x340e, 0x2718, 0x2f21, 0x310a, 0x2b1a,
    0x34d7, 0x35af, 0x319b, 0x357d, 0x3646, 0x300b, 0x3571, 0x35eb, 0x301a, 0x35ee, 0x36c9, 0x2fbe,
    0x343d, 0x34e5, 0x2c6b, 0x3359, 0x34e4, 0x24ed, 0x3184, 0x322d, 0x24ef, 0x37c8, 0x3868, 0x2168,
    0x3537, 0x35ac, 0x2dbf, 0x35a4, 0x3625, 0x2dd8, 0x3409, 0x34ba, 0x2d83, 0x35d8, 0x368a, 0x2aeb,
    0x3796, 0x38bc, 0x3961, 0x350c, 0x3564, 0x2f37, 0x35a2, 0x36a4, 0x29d6, 0x365e, 0x3767, 0x2fcd,
    0x322f, 0x33a6, 0x23f0, 0x378e, 0x3847, 0x2fa7, 0x389b, 0x3968, 0x34ed, 0x3a8c, 0x3b9b, 0x33a5,
    0x31e6, 0x3492, 0x3463, 0x3361, 0x3550, 0x35ff, 0x3017, 0x3226, 0x3265, 0x3263, 0x34fa, 0x34df,
    0x3a70, 0x3c71, 0x3fe0, 0x32f8, 0x3544, 0x34c5, 0x31cf, 0x349f, 0x31bb, 0x3196, 0x3490, 0x2e2f,
    0x2e73, 0x31a5, 0x2acd, 0x305a, 0x3398, 0x2a94, 0x375a, 0x3943, 0x3aac, 0x34f7, 0x37aa, 0x3734,
    0x3405, 0x362b, 0x3402, 0x2fd0, 0x3204, 0x2dd0, 0x2fef, 0x3293, 0x2d75, 0x2cbd, 0x3051, 0x2aa8,
    0x2fbc, 0x32af, 0x24f4, 0x319b, 0x3433, 0x2c61, 0x2f00, 0x3271, 0x1f5d, 0x2e4f, 0x3191, 0x22b1,
    0x2e7e, 0x317c, 0x2958, 0x3717, 0x38bb, 0x398b, 0x308d, 0x33b5, 0x2c07, 0x3bd0, 0x3d71, 0x4128,
    0x3bf2, 0x3d84, 0x413d, 0x3be5, 0x3d7f, 0x411d, 0x3abd, 0x3ce5, 0x40b7, 0x3a1d, 0x3ca8, 0x40b5,
    0x39c6, 0x3c6c, 0x4094, 0x393d, 0x3b39, 0x3ea1, 0x3a97, 0x3cc8, 0x40a0, 0x3799, 0x37bb, 0x32f7,
    0x39b2, 0x3ab3, 0x3840, 0x391f, 0x3a1f, 0x352f, 0x384a, 0x3913, 0x345b, 0x37ad, 0x38b4, 0x34ec,
    0x341a, 0x345d, 0x2c7e, 0x38c9, 0x3a5a, 0x3798, 0x374a, 0x3876, 0x3557, 0x3937, 0x3a75, 0x3315,
    0x3751, 0x38a9, 0x37f7, 0x30a9, 0x312d, 0x2a61, 0x32e0, 0x347c, 0x28d3, 0x34ff, 0x362f, 0x3172,
    0x338f, 0x3448, 0x2c1d, 0x34db, 0x3593, 0x2a20, 0x37d6, 0x37ff, 0x2e43, 0x35df, 0x372e, 0x2921,
    0x3399, 0x34a3, 0x2dcf, 0x320b, 0x33c6, 0x2401, 0x3246, 0x3353, 0x27f5, 0x3606, 0x36cc, 0x2572,
    0x370e, 0x3801, 0x2429, 0x3661, 0x37a3, 0x29b8, 0x3aad, 0x3c59, 0x3e40, 0x35c5, 0x36e4, 0x3285,
    0x35d0, 0x36ab, 0x2fe4, 0x39fb, 0x3ae0, 0x3768, 0x3bc8, 0x3c4a, 0x332d, 0x3a2e, 0x3b8b, 0x38c9,
    0x3ac1, 0x3b84, 0x3002, 0x3802, 0x3878, 0x3206, 0x380c, 0x3890, 0x2ba2, 0x36f4, 0x385f, 0x3627,
    0x2f74, 0x32b7, 0x28cb, 0x2f46, 0x32b4, 0x293e, 0x3401, 0x35ca, 0x36d4, 0x3298, 0x3546, 0x3489,
    0x3d43, 0x3f1b, 0x428d, 0x3d21, 0x3f0a, 0x4275, 0x3847, 0x3a2a, 0x3b88, 0x38ca, 0x3ae7, 0x3c72,
    0x2e38, 0x316b, 0x28f2, 0x352d, 0x375e, 0x35c0, 0x35a8, 0x3801, 0x377b, 0x2f88, 0x30b6, 0x30c3,
    0x344c, 0x362f, 0x370d, 0x3002, 0x31a4, 0x3160, 0x326d, 0x34ee, 0x3362, 0x30ee, 0x3481, 0x1e4d,
    0x2eb5, 0x3265, 0x20ff, 0x3239, 0x3549, 0x2893, 0x30bf, 0x3418, 0x252c, 0x2de6, 0x309c, 0x2ef3,
    0x2eab, 0x3171, 0x2e03, 0x36a3, 0x3857, 0x3a28, 0x3856, 0x39c2, 0x3c06, 0x3054, 0x3320, 0x2c13,
    0x3c45, 0x3db0, 0x4104, 0x3c8e, 0x3e1d, 0x416e, 0x3cba, 0x3e1d, 0x4133, 0x3c6f, 0x3dfe, 0x412d,
    0x3a18, 0x3c0d, 0x3c43, 0x3bec, 0x3d48, 0x4100, 0x3aff, 0x3cff, 0x40fa, 0x37f9, 0x3926, 0x317f,
    0x3922, 0x3a38, 0x3823, 0x39a2, 0x3b2e, 0x3d10, 0x3c22, 0x3ccf, 0x38e7, 0x3839, 0x3927, 0x311c,
    0x3789, 0x3886, 0x383b, 0x3928, 0x3a7a, 0x3804, 0x3966, 0x3a3f, 0x2cf5, 0x3968, 0x3a6c, 0x3ae3,
    0x3a4f, 0x3c79, 0x3f05, 0x33e9, 0x34ac, 0x2b2e, 0x32bc, 0x3415, 0x2f72, 0x3b14, 0x3c74, 0x3d50,
    0x38c7, 0x398c, 0x34a6, 0x390d, 0x398a, 0x317f, 0x380b, 0x3859, 0x3147, 0x3d02, 0x3e3c, 0x40e4,
    0x39ad, 0x3b20, 0x3c37, 0x358f, 0x3799, 0x3016, 0x325b, 0x3419, 0x2560, 0x355f, 0x364e, 0x2893,
    0x3790, 0x3848, 0x33be, 0x3c82, 0x3d6f, 0x4008, 0x3d34, 0x3e79, 0x3f6f, 0x36dd, 0x3829, 0x38e2,
    0x3666, 0x37be, 0x2c35, 0x3998, 0x3a8d, 0x35ef, 0x3924, 0x39f7, 0x3317, 0x3f50, 0x401c, 0x3fa5,
    0x3c30, 0x3d2b, 0x3b1e, 0x3699, 0x37b1, 0x2fd0, 0x383d, 0x38c4, 0x2db7, 0x39eb, 0x3b04, 0x3c0b,
    0x2b85, 0x2fb5, 0x1c1f, 0x2cbe, 0x304c, 0x24fa, 0x3079, 0x32fc, 0x30c4, 0x310b, 0x3457, 0x2fa9,
    0x3d7c, 0x3f67, 0x428e, 0x3d01, 0x3eda, 0x420b, 0x3ca1, 0x3e63, 0x41b0, 0x3b3f, 0x3cc9, 0x4033,
    0x3826, 0x39ad, 0x3b09, 0x3038, 0x31a7, 0x2eb3, 0x3346, 0x34d7, 0x34aa, 0x344f, 0x35ed, 0x36c0,
    0x3566, 0x3816, 0x3879, 0x2f48, 0x322c, 0x2a03, 0x305f, 0x340a, 0x1cb8, 0x3287, 0x3550, 0x2863,
    0x30bb, 0x3435, 0x2833, 0x2d35, 0x310b, 0x23e3, 0x2fd9, 0x3236, 0x2eb0, 0x2d6d, 0x315a, 0x17a9,
    0x2e05, 0x3126, 0x263d, 0x34b3, 0x36d3, 0x3599, 0x3024, 0x331f, 0x2e2c, 0x3062, 0x334e, 0x2bad,
    0x3ca7, 0x3db0, 0x4053, 0x334c, 0x34f6, 0x3505, 0x32d4, 0x34f0, 0x3199, 0x3c4b, 0x3d1e, 0x3d8f,
    0x3b9f, 0x3cec, 0x4053, 0x3b56, 0x3cef, 0x3fc6, 0x3b9c, 0x3d08, 0x3fa9, 0x3b67, 0x3cde, 0x3fc7,
    0x3cab, 0x3e2d, 0x4114, 0x3c12, 0x3d19, 0x3df9, 0x39a7, 0x3ac7, 0x379d, 0x3988, 0x3a5a, 0x37c7,
    0x3886, 0x394d, 0x2e97, 0x39f3, 0x3bc4, 0x3aad, 0x3a65, 0x3b49, 0x38b1, 0x3aba, 0x3c35, 0x3b66,
    0x3a1c, 0x3bd1, 0x3daa, 0x3224, 0x33bc, 0x269f, 0x3329, 0x346e, 0x2a95, 0x3772, 0x383f, 0x2dca,
    0x33cf, 0x34c9, 0x285a, 0x309c, 0x30f6, 0x2cb6, 0x37f0, 0x3862, 0x3779, 0x3a25, 0x3b6a, 0x3d53,
    0x3cbc, 0x3dd0, 0x400d, 0x3471, 0x3550, 0x2e53, 0x3370, 0x34df, 0x25f4, 0x3771, 0x3839, 0x279f,
    0x3591, 0x364d, 0x3132, 0x3bf7, 0x3cfe, 0x3fde, 0x3a20, 0x3b99, 0x3b9a, 0x38e6, 0x39d5, 0x3724,
    0x385f, 0x3941, 0x293a, 0x3f63, 0x40bf, 0x4267, 0x4031, 0x4172, 0x446a, 0x426c, 0x43a7, 0x45a0,
    0x396e, 0x3a6c, 0x3958, 0x36fe, 0x3842, 0x2cdc, 0x3b89, 0x3c48, 0x3ab2, 0x3cad, 0x3d6c, 0x3bd8,
    0x2fce, 0x3292, 0x2a9a, 0x326a, 0x34d6, 0x3427, 0x34e1, 0x376e, 0x375e, 0x3cd6, 0x3ec6, 0x4205,
    0x3ce3, 0x3ec5, 0x4230, 0x3cb9, 0x3e83, 0x41ce, 0x3d10, 0x3ed2, 0x4222, 0x372c, 0x38e6, 0x3993,
    0x35e4, 0x384d, 0x38e9, 0x3665, 0x387c, 0x38f8, 0x3c70, 0x3df3, 0x4100, 0x3848, 0x39b0, 0x3bd9,
    0x3d32, 0x3ee4, 0x41e1, 0x34f9, 0x36f9, 0x355d, 0x3588, 0x37f2, 0x354b, 0x329f, 0x3523, 0x2fc6,
    0x2f16, 0x3288, 0x1ab5, 0x32ed, 0x3586, 0x2e58, 0x305a, 0x33ab, 0x2253, 0x3202, 0x34bd, 0x2cd6,
    0x2e74, 0x30ab, 0x2db8, 0x303e, 0x3396, 0x2ccf, 0x2f6a, 0x3285, 0x2908, 0x31f9, 0x34e5, 0x2c3d,
    0x383c, 0x393f, 0x3a25, 0x3457, 0x3680, 0x360e, 0x3877, 0x39cd, 0x3afa, 0x3668, 0x37ee, 0x31e2,
    0x3d57, 0x3e60, 0x3e81, 0x3ce5, 0x3e5b, 0x413b, 0x3a78, 0x3c30, 0x3e60, 0x3b92, 0x3cc1, 0x3da3,
    0x398e, 0x3af4, 0x3d6e, 0x39cf, 0x3ab9, 0x3d24, 0x3b53, 0x3c42, 0x2c03, 0x3a89, 0x3ba7, 0x39e7,
    0x3927, 0x39d4, 0x2dcc, 0x3a96, 0x3b72, 0x3977, 0x3c26, 0x3d4e, 0x3c82, 0x3a4b, 0x3bba, 0x397b,
    0x3a77, 0x3b92, 0x389d, 0x3abb, 0x3c51, 0x3dd1, 0x3706, 0x381f, 0x2b86, 0x37bd, 0x389e, 0x2cfc,
    0x38c4, 0x3956, 0x2da6, 0x369a, 0x3810, 0x28fd, 0x3539, 0x3628, 0x2903, 0x3428, 0x3507, 0x2c4d,
    0x3434, 0x3520, 0x2ab3, 0x3506, 0x35f1, 0x3551, 0x36bb, 0x3850, 0x1ca4, 0x34e6, 0x359f, 0x2c09,
    0x37d7, 0x381b, 0x311b, 0x3a14, 0x3a97, 0x3425, 0x36c3, 0x36fa, 0x308b, 0x3f1c, 0x408a, 0x43a8,
    0x3f72, 0x40ca, 0x43dc, 0x4005, 0x413c, 0x445c, 0x408a, 0x41af, 0x447b, 0x40c3, 0x41f4, 0x44c4,
    0x38e0, 0x39f2, 0x39a1, 0x3a75, 0x3b1e, 0x37da, 0x38a0, 0x398d, 0x37c2, 0x3f22, 0x401c, 0x4135,
    0x2886, 0x2d57, 0x188f, 0x2ddf, 0x312e, 0x2acd, 0x2e55, 0x321e, 0x2162, 0x2df3, 0x31b0, 0x2aaa,
    0x33b7, 0x3611, 0x360d, 0x3cfc, 0x3ec9, 0x4241, 0x3c6b, 0x3de8, 0x40eb, 0x3c12, 0x3d44, 0x4045,
    0x327a, 0x353d, 0x3053, 0x3a18, 0x3b7c, 0x3e0d, 0x31b8, 0x34d6, 0x3038, 0x307d, 0x331c, 0x30dc,
    0x3851, 0x39d5, 0x3af0, 0x3cf7, 0x3e72, 0x4178, 0x3b9c, 0x3cb5, 0x3f29, 0x3845, 0x39cb, 0x3b48,
    0x2f9f, 0x3369, 0x1d8c, 0x2cb5, 0x2fd4, 0x250b, 0x2b3f, 0x301d, 0x13ca, 0x30e7, 0x33fc, 0x29ea,
    0x2ef3, 0x3221, 0x2a80, 0x317a, 0x34b2, 0x294a, 0x3c23, 0x3d19, 0x3f6f, 0x30da, 0x33c6, 0x2e2f,
    0x3013, 0x32af, 0x2252, 0x38f1, 0x3a7d, 0x3c51, 0x317c, 0x3457, 0x2a58, 0x3a22, 0x3b4b, 0x3c23,
    0x3c39, 0x3d10, 0x3d89, 0x3c8e, 0x3dd9, 0x40e8, 0x3bfc, 0x3d1c, 0x400b, 0x38c4, 0x39ab, 0x3151,
    0x3c06, 0x3d0a, 0x3f5e, 0x3bd2, 0x3cb8, 0x3e11, 0x3af0, 0x3c22, 0x3a52, 0x389c, 0x393d, 0x3852,
    0x3832, 0x392a, 0x281a, 0x3d26, 0x3e7e, 0x40b9, 0x3e14, 0x3fb3, 0x41fb, 0x3c04, 0x3d0d, 0x3c3a,
    0x389b, 0x39f2, 0x3428, 0x3b4c, 0x3c82, 0x3d0c, 0x38d1, 0x39a1, 0x32fc, 0x37bd, 0x3895, 0x25e9,
    0x39b8, 0x3abd, 0x27d0, 0x39fb, 0x3b0e, 0x2808, 0x32ac, 0x3480, 0x24dc, 0x3954, 0x3a53, 0x204e,
    0x3829, 0x3918, 0x2322, 0x367a, 0x3879, 0x1c16, 0x31ea, 0x3429, 0x2182, 0x32fd, 0x34ab, 0x253d,
    0x35ac, 0x363b, 0x2d2e, 0x34f4, 0x350f, 0x302f, 0x3bde, 0x3ca2, 0x3ddb, 0x3cb9, 0x3dc4, 0x4014,
    0x400e, 0x4129, 0x442f, 0x401e, 0x4144, 0x445b, 0x404b, 0x4174, 0x446f, 0x3f74, 0x40a7, 0x42d9,
    0x38d9, 0x3a46, 0x3991, 0x36f4, 0x37a7, 0x32c5, 0x36bf, 0x3760, 0x31e9, 0x3582, 0x3631, 0x314a,
    0x2b0c, 0x2f33, 0x1feb, 0x2a07, 0x2e82, 0x0014, 0x2c0c, 0x303a, 0x17db, 0x2d01, 0x313e, 0x2258,
    0x3043, 0x32fb, 0x2b29, 0x3674, 0x38ae, 0x398c, 0x3316, 0x3594, 0x32a1, 0x3297, 0x3569, 0x31c5,
    0x3540, 0x37c4, 0x3536, 0x313b, 0x33bb, 0x2bef, 0x3104, 0x344a, 0x3092, 0x309e, 0x33bd, 0x2db3,
    0x327e, 0x3540, 0x306a, 0x3462, 0x36d2, 0x3364, 0x30c1, 0x342b, 0x2af9, 0x3323, 0x35d1, 0x2ce3,
    0x3303, 0x359f, 0x316f, 0x3197, 0x34d7, 0x2b2d, 0x2f6d, 0x32b6, 0x24de, 0x3472, 0x367f, 0x310d,
    0x340a, 0x361e, 0x3136, 0x2f82, 0x32ab, 0x294e, 0x3296, 0x3563, 0x2de8, 0x3509, 0x3713, 0x35d8,
    0x32aa, 0x35b2, 0x28be, 0x3963, 0x3b17, 0x3c93, 0x3dd2, 0x3f18, 0x41d7, 0x3863, 0x3937, 0x3991,
    0x36f2, 0x387b, 0x3860, 0x34f7, 0x365a, 0x3177, 0x3d2f, 0x3e64, 0x3ef1, 0x3ad9, 0x3c24, 0x3ab9,
    0x3a05, 0x3b5a, 0x36b7, 0x396a, 0x3a2c, 0x32b8, 0x3a9d, 0x3ba6, 0x3bd7, 0x3b1a, 0x3c50, 0x36f2,
    0x3ad5, 0x3b73, 0x3477, 0x3dbb, 0x3e7d, 0x389c, 0x3e25, 0x3fd2, 0x4262, 0x3c36, 0x3d31, 0x3eb1,
    0x3a7e, 0x3bc3, 0x3b4d, 0x38ac, 0x39db, 0x38e0, 0x388d, 0x3984, 0x2cfe, 0x3d3b, 0x3e99, 0x40c4,
    0x3dee, 0x3f83, 0x3f46, 0x315f, 0x3425, 0x25f8, 0x372e, 0x3874, 0x231f, 0x3acd, 0x3bde, 0x26c6,
    0x3b9b, 0x3c45, 0x3483, 0x36f7, 0x38c3, 0x2f94, 0x3cc2, 0x3d35, 0x2e9f, 0x3704, 0x3815, 0x29b0,
    0x3954, 0x39af, 0x2902, 0x3a77, 0x3acd, 0x3917, 0x3afc, 0x3bbf, 0x3b28, 0x3c5e, 0x3d29, 0x3d9c,
    0x4043, 0x414a, 0x4432, 0x4048, 0x4172, 0x4473, 0x407f, 0x41bb, 0x4492, 0x3bfc, 0x3cd7, 0x3dfe,
    0x3a91, 0x3c02, 0x3c3e, 0x39d0, 0x3a9a, 0x322b, 0x3e5c, 0x3f54, 0x3fed, 0x3c43, 0x3ce2, 0x36a7,
    0x2620, 0x2bc4, 0x12c2, 0x280b, 0x2cbc, 0x03dd, 0x25c3, 0x2b72, 0x0024, 0x2852, 0x2d24, 0x023a,
    0x2e0e, 0x3190, 0x2286, 0x3a2c, 0x3c44, 0x3eec, 0x3b08, 0x3cd4, 0x3f72, 0x2e0b, 0x3231, 0x1ed8,
    0x2de4, 0x2faf, 0x2a58, 0x3327, 0x35b4, 0x328b, 0x3a45, 0x3c48, 0x3ee3, 0x3815, 0x39f1, 0x3aea,
    0x34dd, 0x37ce, 0x3562, 0x333a, 0x35dd, 0x3137, 0x33ea, 0x363b, 0x30d0, 0x30cb, 0x33cf, 0x25e6,
    0x2f24, 0x3215, 0x2dad, 0x320a, 0x350a, 0x313b, 0x30be, 0x3411, 0x297f, 0x2e79, 0x31fd, 0x197c,
    0x3245, 0x34eb, 0x2c05, 0x365c, 0x381a, 0x3824, 0x3057, 0x33cd, 0x28f3, 0x3745, 0x3904, 0x38c5,
    0x2f26, 0x3246, 0x2645, 0x3c79, 0x3d8d, 0x408d, 0x3911, 0x3a72, 0x3c0c, 0x3a71, 0x3bff, 0x3d9b,
    0x2d90, 0x311e, 0x226a, 0x3834, 0x399d, 0x3886, 0x3ec4, 0x401f, 0x426e, 0x3d98, 0x3f26, 0x41e9,
    0x3e91, 0x4000, 0x4283, 0x3a61, 0x3bee, 0x3c50, 0x3d1b, 0x3e2f, 0x3e85, 0x3a2f, 0x3aeb, 0x3151,
    0x3c8d, 0x3ced, 0x32ea, 0x4023, 0x40cc, 0x438f, 0x401e, 0x40ea, 0x434c, 0x3e1b, 0x3fb8, 0x424c,
    0x3deb, 0x3f7c, 0x420f, 0x3e15, 0x3eee, 0x34fe, 0x3be1, 0x3ccb, 0x3e13, 0x3e67, 0x4002, 0x4295,
    0x3ebb, 0x4034, 0x42ef, 0x3ee5, 0x405a, 0x4325, 0x3ef7, 0x405b, 0x4340, 0x3ee8, 0x4060, 0x432c,
    0x3f15, 0x4067, 0x4370, 0x3fcd, 0x40dc, 0x43f0, 0x4002, 0x40f9, 0x43fc, 0x3e2e, 0x3f85, 0x406d,
    0x3b06, 0x3b93, 0x1ebe, 0x3b0e, 0x3bba, 0x2e8c, 0x383f, 0x38cf, 0x3110, 0x3c61, 0x3cd4, 0x374d,
    0x406b, 0x4176, 0x4400, 0x40c8, 0x41ef, 0x44bb, 0x40b8, 0x41e8, 0x44b6, 0x40a9, 0x41d5, 0x448a,
    0x3b2a, 0x3c77, 0x38d4, 0x3c1f, 0x3cf1, 0x3aa6, 0x40f0, 0x41d8, 0x445c, 0x42d8, 0x4408, 0x4603,
    0x29c2, 0x2de7, 0x227b, 0x27d2, 0x2cbc, 0x09c5, 0x28b8, 0x2d8d, 0x1ab7, 0x2ab1, 0x2f1b, 0x1c87,
    0x3260, 0x3503, 0x347c, 0x3348, 0x3593, 0x348d, 0x3621, 0x3825, 0x38af, 0x319f, 0x348a, 0x2436,
    0x34fc, 0x36eb, 0x2d81, 0x30c3, 0x3421, 0x2c1d, 0x34ae, 0x3747, 0x308b, 0x362e, 0x38a0, 0x37fb,
    0x36b2, 0x38df, 0x39d0, 0x3298, 0x35ff, 0x2e28, 0x2eec, 0x3253, 0x259e, 0x3319, 0x35ff, 0x261a,
    0x3571, 0x382d, 0x323a, 0x2b20, 0x2fce, 0x1951, 0x2d57, 0x3133, 0x1c18, 0x2d39, 0x30bc, 0x253e,
    0x2e27, 0x319d, 0x2622, 0x321d, 0x34f9, 0x2b05, 0x35e4, 0x37cd, 0x3861, 0x35fd, 0x384e, 0x392e,
    0x34dc, 0x36e9, 0x35b7, 0x350d, 0x3771, 0x3646, 0x33cd, 0x3556, 0x361a, 0x376b, 0x38cb, 0x38ec,
    0x39b6, 0x3a94, 0x3c3d, 0x406a, 0x411c, 0x43ab, 0x400e, 0x40b9, 0x430e, 0x3f8e, 0x4085, 0x42b6,
    0x3dce, 0x3f64, 0x41bd, 0x3eaf, 0x401b, 0x423c, 0x3e7b, 0x3fff, 0x425e, 0x3e19, 0x3f69, 0x419c,
    0x3f97, 0x4085, 0x430c, 0x4017, 0x40d0, 0x4354, 0x40a2, 0x412b, 0x43b9, 0x3f6b, 0x407c, 0x4308,
    0x3d18, 0x3e18, 0x408d, 0x3b0f, 0x3c8f, 0x3d31, 0x3cc0, 0x3deb, 0x4014, 0x3cb8, 0x3db0, 0x4015,
    0x4069, 0x4136, 0x43ed, 0x4024, 0x410d, 0x43ef, 0x3f5b, 0x4091, 0x4365, 0x3f35, 0x407e, 0x435a,
    0x3f97, 0x40bb, 0x43b5, 0x3fc7, 0x40d0, 0x43e2, 0x3fba, 0x40da, 0x43e7, 0x3fdc, 0x40d6, 0x438f,
    0x3eda, 0x400d, 0x404f, 0x3c1a, 0x3d0d, 0x3608, 0x3c82, 0x3d7b, 0x392b, 0x4077, 0x411d, 0x42d8,
    0x408e, 0x41b7, 0x448f, 0x40ca, 0x41eb, 0x44ab, 0x40e4, 0x4219, 0x44d3, 0x4117, 0x4249, 0x4500,
    0x40e7, 0x423f, 0x450f, 0x40dd, 0x4234, 0x44e5, 0x4126, 0x4277, 0x452d, 0x41a4, 0x4304, 0x458f,
    0x2b02, 0x2f9e, 0x1aa7, 0x352c, 0x3753, 0x384d, 0x3640, 0x3838, 0x3a4d, 0x2d90, 0x30ef, 0x2b44,
    0x2a26, 0x2f35, 0x1447, 0x2996, 0x2ea1, 0x0117, 0x30bb, 0x343d, 0x101d, 0x3472, 0x373b, 0x2129,
    0x2dc1, 0x3069, 0x2a43, 0x3207, 0x3574, 0x2968, 0x30e6, 0x3466, 0x2e20, 0x33e2, 0x362e, 0x321e,
    0x3251, 0x3517, 0x3146, 0x3293, 0x35ab, 0x2fc3, 0x2dfd, 0x31b3, 0x243b, 0x3502, 0x3793, 0x362b,
    0x3639, 0x3895, 0x3878, 0x34aa, 0x3710, 0x3435, 0x30bc, 0x340d, 0x2bac, 0x300f, 0x342d, 0x1a81,
    0x304a, 0x3404, 0x1c19, 0x331b, 0x35a1, 0x307b, 0x2f1f, 0x3236, 0x1998, 0x3157, 0x34a6, 0x1816,
    0x3565, 0x378f, 0x3869, 0x3753, 0x38dc, 0x39de, 0x32ae, 0x34a5, 0x32b2, 0x3d2e, 0x3e9e, 0x416c,
    0x3b0e, 0x3c81, 0x3e39, 0x3f62, 0x4063, 0x42d6, 0x3f4c, 0x4063, 0x428d, 0x3f9f, 0x4086, 0x427c,
    0x402f, 0x40f6, 0x430c, 0x402e, 0x40fa, 0x434d, 0x3f87, 0x407b, 0x42f7, 0x3ec0, 0x4027, 0x429b,
    0x3f6d, 0x4066, 0x42dd, 0x40de, 0x4198, 0x4416, 0x40d0, 0x4183, 0x4416, 0x405c, 0x4119, 0x43eb,
    0x3fde, 0x40b6, 0x43bc, 0x3e0a, 0x3f0d, 0x4158, 0x382d, 0x394d, 0x38a4, 0x3b54, 0x3c57, 0x3cf6,
    0x37b8, 0x391d, 0x378c, 0x4099, 0x4177, 0x443a, 0x401e, 0x4101, 0x43e1, 0x3ff4, 0x40db, 0x43c8,
    0x3f3b, 0x409b, 0x4391, 0x3fdc, 0x40d8, 0x43f0, 0x3fd5, 0x40eb, 0x4402, 0x401d, 0x4129, 0x442c,
    0x4043, 0x414e, 0x443d, 0x4080, 0x4181, 0x4465, 0x40a5, 0x41b3, 0x448a, 0x40bd, 0x41d9, 0x44a2,
    0x40c5, 0x41e9, 0x44b1, 0x40d6, 0x41fc, 0x44bf, 0x4142, 0x427a, 0x4510, 0x412d, 0x4277, 0x451d,
    0x4151, 0x42a0, 0x453a, 0x4199, 0x42f6, 0x4576, 0x41d5, 0x4336, 0x45a1, 0x424a, 0x43bf, 0x4601,
    0x355e, 0x3793, 0x3727, 0x354b, 0x3749, 0x38b0, 0x317a, 0x3437, 0x3349, 0x33d6, 0x362c, 0x318a,
    0x2d06, 0x312a, 0x16f4, 0x2a6a, 0x2ec7, 0x0379, 0x3046, 0x335b, 0x26ca, 0x3070, 0x3423, 0x1974,
    0x381b, 0x39a4, 0x38ca, 0x3240, 0x3564, 0x2e9f, 0x32ef, 0x35d3, 0x30de, 0x38eb, 0x3ab7, 0x3cac,
    0x2f5a, 0x32cf, 0x21b3, 0x3335, 0x3573, 0x317f, 0x309c, 0x3420, 0x2914, 0x3667, 0x38aa, 0x3875,
    0x3683, 0x3887, 0x38a4, 0x360b, 0x3868, 0x371c, 0x3792, 0x3949, 0x39fb, 0x30a0, 0x344c, 0x1c93,
    0x31e2, 0x3550, 0x1910, 0x346e, 0x3676, 0x312e, 0x3142, 0x33f9, 0x2bce, 0x2d95, 0x3133, 0x0e1b,
    0x3361, 0x3629, 0x27b8, 0x34d9, 0x36de, 0x34a7, 0x39f3, 0x3b9d, 0x3cc6, 0x3436, 0x35fd, 0x3273,
    0x3ca2, 0x3db2, 0x4029, 0x3012, 0x32ee, 0x2c4b, 0x3eb2, 0x4010, 0x4234, 0x3e49, 0x3fbc, 0x41ca,
    0x38e3, 0x3a30, 0x3993, 0x3c69, 0x3d39, 0x3ed0, 0x3f80, 0x4077, 0x42e7, 0x3f58, 0x4077, 0x42f1,
    0x404a, 0x410c, 0x4394, 0x3ef5, 0x3fbf, 0x41a4, 0x3e96, 0x3f4a, 0x4140, 0x40a7, 0x414f, 0x4406,
    0x3f2a, 0x4049, 0x41f4, 0x352f, 0x36c0, 0x3360, 0x394f, 0x3a67, 0x3a02, 0x3be6, 0x3cad, 0x3da4,
    0x40f1, 0x41c8, 0x4459, 0x409b, 0x4199, 0x4449, 0x40d7, 0x41c1, 0x4464, 0x40a6, 0x4178, 0x442d,
    0x40b2, 0x419c, 0x4455, 0x4083, 0x4173, 0x4449, 0x4053, 0x4151, 0x443d, 0x4064, 0x4167, 0x444e,
    0x4076, 0x417d, 0x4460, 0x4054, 0x417e, 0x4464, 0x4089, 0x41a2, 0x4488, 0x40e9, 0x41ff, 0x44be,
    0x4122, 0x423f, 0x44e9, 0x4161, 0x428c, 0x451d, 0x414b, 0x427a, 0x4522, 0x4140, 0x428f, 0x452e,
    0x4162, 0x42bd, 0x454f, 0x41ae, 0x430b, 0x4580, 0x42a3, 0x4402, 0x4618, 0x4382, 0x4470, 0x467e,
    0x2d36, 0x30c0, 0x2488, 0x3032, 0x32e8, 0x2c84, 0x30ac, 0x33cf, 0x2e15, 0x2a86, 0x2eca, 0x1aa9,
    0x35f0, 0x3847, 0x3761, 0x2e7d, 0x30b9, 0x26ef, 0x3276, 0x351e, 0x307b, 0x305a, 0x33c4, 0x24db,
    0x39a8, 0x3b62, 0x3ccc, 0x3bbf, 0x3cf1, 0x3ff0, 0x3074, 0x32d4, 0x2dec, 0x328e, 0x34d1, 0x3299,
    0x3272, 0x357f, 0x2ea8, 0x3242, 0x34f4, 0x338c, 0x3211, 0x34f2, 0x33c3, 0x3169, 0x3412, 0x3172,
    0x347b, 0x36ab, 0x33bc, 0x3378, 0x35ca, 0x32ed, 0x365f, 0x3882, 0x3899, 0x32d4, 0x35ca, 0x2eb0,
    0x3431, 0x3670, 0x3036, 0x3407, 0x369c, 0x2751, 0x3afd, 0x3c93, 0x3f44, 0x3bee, 0x3d85, 0x40f3,
    0x3b57, 0x3d2b, 0x40e2, 0x3426, 0x3674, 0x3490, 0x37db, 0x3939, 0x3a3b, 0x38e3, 0x3a7d, 0x3b31,
    0x2cf9, 0x307d, 0x1ad3, 0x32cc, 0x3491, 0x348a, 0x3832, 0x3949, 0x392d, 0x3f4e, 0x4061, 0x4286,
    0x37c9, 0x38da, 0x38b5, 0x3984, 0x3a9e, 0x3c96, 0x3add, 0x3c41, 0x3ee1, 0x401f, 0x40bc, 0x4323,
    0x40cb, 0x416a, 0x440d, 0x4172, 0x4220, 0x4470, 0x4128, 0x41d1, 0x443c, 0x4023, 0x40c5, 0x430c,
    0x3dbe, 0x3ee2, 0x407e, 0x3956, 0x3a58, 0x3a0f, 0x3c68, 0x3d34, 0x3eba, 0x40ef, 0x41bc, 0x4454,
    0x41e6, 0x42c6, 0x4503, 0x415e, 0x4253, 0x44bf, 0x4141, 0x4237, 0x449c, 0x40e9, 0x41c9, 0x4469,
    0x4132, 0x4211, 0x44a1, 0x4169, 0x4253, 0x44c8, 0x409a, 0x4194, 0x445e, 0x40ce, 0x41c7, 0x4484,
    0x4098, 0x418f, 0x4468, 0x410e, 0x4225, 0x44d0, 0x4073, 0x4193, 0x447b, 0x40d2, 0x41ec, 0x44b8,
    0x40f7, 0x421a, 0x44d7, 0x4136, 0x4266, 0x4513, 0x411d, 0x4267, 0x4511, 0x4151, 0x42a0, 0x453c,
    0x417f, 0x42d4, 0x455c, 0x41c0, 0x431d, 0x4591, 0x4266, 0x43d5, 0x4604, 0x4314, 0x4443, 0x4653,
    0x2e01, 0x30e9, 0x28a6, 0x3304, 0x3576, 0x34cb, 0x3084, 0x3329, 0x2f28, 0x3059, 0x334f, 0x309d,
    0x313d, 0x345a, 0x19d2, 0x390c, 0x3adf, 0x3b77, 0x3814, 0x389f, 0x3a1e, 0x3c3a, 0x3d56, 0x4041,
    0x3d5b, 0x3ef8, 0x422d, 0x3cd4, 0x3e1c, 0x413e, 0x3d86, 0x3f36, 0x4233, 0x34a3, 0x371f, 0x35e6,
    0x394b, 0x3b45, 0x3cbd, 0x3213, 0x346a, 0x32e4, 0x3a2e, 0x3c3d, 0x3eee, 0x3714, 0x3901, 0x38f4,
    0x3955, 0x3b12, 0x3cb4, 0x2f3e, 0x310d, 0x2940, 0x33f8, 0x3651, 0x3088, 0x3488, 0x36fb, 0x34db,
    0x37bd, 0x3958, 0x37ce, 0x365a, 0x3852, 0x33de, 0x3556, 0x3821, 0x2d88, 0x3b5c, 0x3d48, 0x40f6,
    0x3b13, 0x3d1d, 0x40d0, 0x3b15, 0x3d1a, 0x40de, 0x34c8, 0x377b, 0x33fd, 0x3091, 0x33c2, 0x29e1,
    0x3129, 0x3476, 0x293e, 0x33c6, 0x366a, 0x2b42, 0x3062, 0x30e2, 0x2ec4, 0x3de9, 0x3f8c, 0x4236,
    0x3f7a, 0x4077, 0x42fb, 0x3c7c, 0x3d2a, 0x3e6a, 0x3f43, 0x405e, 0x42e7, 0x4093, 0x4140, 0x43e2,
    0x40a1, 0x4154, 0x4401, 0x40ac, 0x416c, 0x440e, 0x4040, 0x40fd, 0x43ae, 0x40a2, 0x4161, 0x4414,
    0x4104, 0x41c2, 0x43fe, 0x38ae, 0x39e6, 0x381a, 0x407f, 0x4136, 0x43a5, 0x417b, 0x425f, 0x4434,
    0x4271, 0x436c, 0x455f, 0x415b, 0x4260, 0x44c5, 0x4183, 0x4276, 0x44bc, 0x426d, 0x433e, 0x453f,
    0x433d, 0x4402, 0x4586, 0x41c1, 0x42aa, 0x44f2, 0x40a8, 0x41a3, 0x446a, 0x412a, 0x4222, 0x44c2,
    0x4145, 0x423f, 0x44d4, 0x4118, 0x4221, 0x44d5, 0x40ac, 0x41ce, 0x44aa, 0x40be, 0x41ee, 0x44bf,
    0x411e, 0x4244, 0x44f9, 0x4133, 0x4278, 0x4517, 0x4156, 0x42a9, 0x4544, 0x41e2, 0x433b, 0x4596,
    0x4179, 0x42ed, 0x4567, 0x4193, 0x42f5, 0x458e, 0x424b, 0x43d4, 0x45f4, 0x4280, 0x43e3, 0x461b,
    0x31ea, 0x3473, 0x30f7, 0x3847, 0x39b9, 0x39f4, 0x2f1b, 0x323d, 0x2c49, 0x31ff, 0x34a7, 0x31c9,
    0x30f8, 0x32c0, 0x2ff8, 0x3e03, 0x3f97, 0x41f2, 0x38c4, 0x3a2c, 0x3cf3, 0x3b01, 0x3cb5, 0x3f88,
    0x3b74, 0x3cb2, 0x3f57, 0x2ce3, 0x2f17, 0x2829, 0x303e, 0x323c, 0x30d8, 0x361f, 0x3845, 0x3808,
    0x3420, 0x3683, 0x34de, 0x39a5, 0x3bba, 0x3d1c, 0x378b, 0x3956, 0x3a32, 0x34eb, 0x3701, 0x33e1,
    0x345e, 0x36f8, 0x325e, 0x3700, 0x38e3, 0x39b6, 0x3585, 0x3807, 0x3718, 0x3503, 0x3788, 0x3551,
    0x3a00, 0x3b91, 0x3ce1, 0x3743, 0x38f3, 0x3c61, 0x3c52, 0x3de8, 0x4154, 0x3c15, 0x3db0, 0x4145,
    0x3b2e, 0x3d32, 0x40f7, 0x3b2e, 0x3d28, 0x40f8, 0x3bdc, 0x3da7, 0x414a, 0x3738, 0x391d, 0x36a8,
    0x3978, 0x3ba6, 0x3cef, 0x3ca1, 0x3e2d, 0x4146, 0x3ce6, 0x3e2f, 0x40dc, 0x3d6d, 0x3f12, 0x4204,
    0x3e80, 0x4007, 0x428a, 0x3f9c, 0x4086, 0x4324, 0x3fa2, 0x408b, 0x431e, 0x4063, 0x412a, 0x43c2,
    0x4074, 0x4131, 0x43d8, 0x4035, 0x40f4, 0x43a3, 0x4092, 0x4156, 0x440f, 0x4132, 0x41f3, 0x446a,
    0x4123, 0x41e2, 0x445d, 0x3d00, 0x3dcf, 0x3ea5, 0x4197, 0x4260, 0x44a9, 0x41b1, 0x4289, 0x44c9,
    0x4224, 0x4313, 0x4536, 0x41fe, 0x430c, 0x4522, 0x41b6, 0x4297, 0x44cd, 0x41f2, 0x42c4, 0x44e9,
    0x4221, 0x42fb, 0x4510, 0x4183, 0x426b, 0x44cc, 0x40b8, 0x41b2, 0x4471, 0x4100, 0x41ec, 0x4496,
    0x4177, 0x427d, 0x44fa, 0x41ae, 0x42aa, 0x4515, 0x418f, 0x42b5, 0x4530, 0x41c5, 0x42e8, 0x4533,
    0x417a, 0x4293, 0x44e8, 0x420a, 0x4351, 0x4597, 0x4286, 0x43d1, 0x45ee, 0x424b, 0x439c, 0x45c7,
    0x4234, 0x4394, 0x45dd, 0x4229, 0x438b, 0x45c2, 0x3e4e, 0x3f66, 0x406d, 0x4158, 0x42af, 0x44fc,
    0x378c, 0x3902, 0x3847, 0x3a4a, 0x3be4, 0x3d7f, 0x3114, 0x33d5, 0x3092, 0x3017, 0x3317, 0x2864,
    0x33ed, 0x3656, 0x30ca, 0x3acc, 0x3c52, 0x3d79, 0x35b3, 0x37e4, 0x3714, 0x33f6, 0x35e1, 0x3467,
    0x321f, 0x3487, 0x31a5, 0x35f3, 0x3811, 0x3813, 0x3278, 0x3500, 0x30a3, 0x3349, 0x35af, 0x3268,
    0x37b0, 0x3927, 0x3aa3, 0x312b, 0x32c3, 0x316d, 0x3832, 0x39b1, 0x3c0d, 0x368b, 0x38e2, 0x382d,
    0x367d, 0x38ba, 0x385d, 0x3321, 0x35de, 0x2c44, 0x34ad, 0x36d7, 0x313b, 0x33b3, 0x35ca, 0x31b6,
    0x2d48, 0x2fc4, 0x2849, 0x3cd6, 0x3e6d, 0x417f, 0x3c91, 0x3e21, 0x4178, 0x3c8e, 0x3e20, 0x4191,
    0x3c25, 0x3dd4, 0x4147, 0x3bd5, 0x3d92, 0x411a, 0x3c14, 0x3dcb, 0x4153, 0x35c8, 0x381b, 0x3ad2,
    0x3cc2, 0x3e5f, 0x41a7, 0x3d15, 0x3ec5, 0x4201, 0x3dba, 0x3f5b, 0x423f, 0x3e5d, 0x3ffe, 0x427e,
    0x3db7, 0x3f57, 0x4239, 0x3e56, 0x3ff0, 0x428a, 0x3f63, 0x4077, 0x431f, 0x3f95, 0x4096, 0x4340,
    0x405e, 0x4127, 0x43d8, 0x403c, 0x4108, 0x43ba, 0x4152, 0x4210, 0x447b, 0x41b6, 0x4295, 0x44c2,
    0x417a, 0x4256, 0x44ac, 0x4265, 0x4346, 0x452e, 0x41de, 0x42aa, 0x44e3, 0x41c7, 0x42a7, 0x44e9,
    0x4218, 0x4320, 0x453d, 0x4290, 0x4381, 0x454d, 0x41e2, 0x42af, 0x44d1, 0x4202, 0x42bc, 0x44eb,
    0x4285, 0x4351, 0x454a, 0x421a, 0x4319, 0x452d, 0x414b, 0x4243, 0x44cb, 0x416f, 0x4275, 0x44e9,
    0x4143, 0x424c, 0x44b4, 0x399a, 0x3a88, 0x3857, 0x4093, 0x4141, 0x432e, 0x3e31, 0x3f29, 0x4064,
    0x3d57, 0x3e2e, 0x3f60, 0x3d7d, 0x3e74, 0x3f72, 0x4296, 0x43df, 0x45d4, 0x4168, 0x4274, 0x449f,
    0x408a, 0x4140, 0x41cc, 0x3af3, 0x3bf1, 0x379f, 0x3a74, 0x3b9f, 0x3bbe, 0x37d7, 0x38f8, 0x34e7,
    0x2a80, 0x2e05, 0x201b, 0x2f5b, 0x31fe, 0x2b4f, 0x3834, 0x395d, 0x3b1e, 0x3818, 0x394d, 0x381a,
    0x3cce, 0x3dee, 0x3fd3, 0x35f6, 0x385e, 0x3813, 0x32e2, 0x3519, 0x3121, 0x32bf, 0x34ec, 0x333c,
    0x3010, 0x3335, 0x2b53, 0x317c, 0x3425, 0x3145, 0x31de, 0x34f8, 0x2f1d, 0x32ba, 0x3539, 0x32ff,
    0x33d5, 0x363b, 0x2d4e, 0x3730, 0x392d, 0x391a, 0x396d, 0x3b34, 0x3dc9, 0x34a1, 0x364d, 0x3470,
    0x3843, 0x3a09, 0x3aa9, 0x34cc, 0x36b9, 0x351b, 0x3400, 0x3619, 0x32a6, 0x37c4, 0x3938, 0x3bbc,
    0x320c, 0x34b0, 0x2c01, 0x3691, 0x3896, 0x2db7, 0x3cc3, 0x3e67, 0x418f, 0x3cd9, 0x3e78, 0x41c0,
    0x3cac, 0x3e3e, 0x4163, 0x3c17, 0x3d69, 0x40aa, 0x2ba0, 0x2e5f, 0x2471, 0x3815, 0x3999, 0x388c,
    0x3cfe, 0x3ead, 0x41d6, 0x3d5c, 0x3f05, 0x420c, 0x3d8b, 0x3f2f, 0x4212, 0x3d7a, 0x3f28, 0x4227,
    0x3e0f, 0x3fc4, 0x4272, 0x3e45, 0x3fee, 0x4293, 0x3eec, 0x4053, 0x42ec, 0x3f23, 0x4069, 0x4313,
    0x4004, 0x40d2, 0x437f, 0x4126, 0x41ee, 0x4463, 0x413e, 0x4206, 0x4476, 0x417f, 0x424c, 0x449f,
    0x423b, 0x431e, 0x4521, 0x41f4, 0x42d8, 0x44f5, 0x420e, 0x42f4, 0x450d, 0x41e4, 0x42e2, 0x4515,
    0x424c, 0x435d, 0x4559, 0x42dd, 0x43ba, 0x4563, 0x42ad, 0x435f, 0x452c, 0x42c0, 0x438e, 0x4570,
    0x42c8, 0x43a4, 0x4576, 0x4287, 0x4376, 0x4570, 0x41b4, 0x42bb, 0x450d, 0x3fac, 0x406b, 0x41bd,
    0x3893, 0x39ac, 0x378e, 0x3894, 0x3965, 0x38af, 0x39f2, 0x3acc, 0x3a7d, 0x3c70, 0x3d1b, 0x3c97,
    0x3aa3, 0x3ba9, 0x3b38, 0x410c, 0x418a, 0x437b, 0x3d33, 0x3dd9, 0x3f09, 0x370f, 0x3860, 0x3340,
    0x35b4, 0x3750, 0x2e46, 0x38e0, 0x3998, 0x33bf, 0x3632, 0x3786, 0x308d, 0x3ab6, 0x3c0d, 0x3a62,
    0x36d2, 0x3878, 0x38a7, 0x351f, 0x36ef, 0x359f, 0x3455, 0x3690, 0x3005, 0x3ce3, 0x3e15, 0x406b,
    0x37ad, 0x393c, 0x3930, 0x2f8f, 0x32ba, 0x2d79, 0x2c5e, 0x3033, 0x1e71, 0x3008, 0x32fe, 0x27ac,
    0x2d9e, 0x312f, 0x28b3, 0x29d9, 0x2daa, 0x2757, 0x2e85, 0x3209, 0x22a5, 0x2e63, 0x31f9, 0x2041,
    0x29f9, 0x2e8f, 0x188e, 0x3163, 0x3471, 0x2da5, 0x2dd0, 0x312d, 0x28d2, 0x37ad, 0x39be, 0x3964,
    0x373c, 0x3906, 0x38da, 0x3602, 0x3850, 0x3694, 0x25c5, 0x2747, 0x20c5, 0x336f, 0x35a0, 0x2a84,
    0x3602, 0x37d8, 0x32b2, 0x350e, 0x368e, 0x3054, 0x2c3e, 0x2d77, 0x2f0e, 0x33a0, 0x34a3, 0x3559,
    0x354b, 0x3751, 0x3886, 0x3bd2, 0x3d39, 0x4078, 0x3947, 0x3b4b, 0x3c38, 0x32a2, 0x34e3, 0x3035,
    0x32e3, 0x3534, 0x3219, 0x3d24, 0x3ecc, 0x41de, 0x3ddc, 0x3f72, 0x4238, 0x3e8c, 0x401a, 0x42c1,
    0x3df3, 0x3f9a, 0x426e, 0x3e94, 0x401e, 0x42af, 0x3f49, 0x4076, 0x4322, 0x3ecd, 0x403d, 0x42e6,
    0x408a, 0x4157, 0x4413, 0x4142, 0x4205, 0x447c, 0x4073, 0x4145, 0x4402, 0x41a9, 0x4283, 0x44ca,
    0x41cf, 0x42b2, 0x44d9, 0x4179, 0x4254, 0x44b9, 0x419f, 0x4294, 0x44ea, 0x41e9, 0x42e7, 0x451b,
    0x4287, 0x4378, 0x4541, 0x42fb, 0x43a3, 0x454d, 0x4313, 0x43d7, 0x4588, 0x42e3, 0x43bc, 0x4576,
    0x4321, 0x43f1, 0x45a7, 0x425e, 0x4356, 0x455d, 0x41ff, 0x42fb, 0x453a, 0x3d9d, 0x3ea0, 0x3f01,
    0x3883, 0x3991, 0x37bf, 0x3622, 0x37a2, 0x31f0, 0x3535, 0x369b, 0x2dc3, 0x340e, 0x3531, 0x2fc6,
    0x3c58, 0x3cd7, 0x3d7e, 0x3ba1, 0x3c4f, 0x3ced, 0x3beb, 0x3c77, 0x3cb2, 0x4045, 0x40f6, 0x429f,
    0x351a, 0x368c, 0x2e13, 0x3b9c, 0x3c4c, 0x3c57, 0x3d56, 0x3e06, 0x3ed0, 0x401c, 0x40a9, 0x41e8,
    0x2cca, 0x30ac, 0x23b7, 0x34c2, 0x36b8, 0x3118, 0x35a7, 0x37fb, 0x2c80, 0x344a, 0x3610, 0x331d,
    0x3235, 0x34b6, 0x31d8, 0x2e41, 0x3221, 0x254b, 0x2e9b, 0x3223, 0x25c3, 0x3081, 0x340a, 0x2622,
    0x348b, 0x364f, 0x3485, 0x2fd0, 0x33d9, 0x154c, 0x3039, 0x32be, 0x2d2c, 0x2bd5, 0x2f4b, 0x239b,
    0x309b, 0x3425, 0x245c, 0x31f8, 0x34f6, 0x2db1, 0x3007, 0x32ac, 0x259e, 0x24fe, 0x257a, 0x21d9,
    0x3b81, 0x3ca8, 0x4005, 0x3439, 0x36d8, 0x328b, 0x3350, 0x3609, 0x2892, 0x3aa5, 0x3c7b, 0x3e7a,
    0x3466, 0x36bd, 0x2e1a, 0x354c, 0x3731, 0x2c98, 0x349f, 0x36c9, 0x2e0e, 0x3c2f, 0x3e45, 0x4159,
    0x33f8, 0x3663, 0x347c, 0x37db, 0x3937, 0x3a9f, 0x3536, 0x36c3, 0x34f5, 0x3839, 0x399b, 0x3819,
    0x3cb3, 0x3e10, 0x40c8, 0x3dec, 0x3f6f, 0x4230, 0x3e72, 0x4002, 0x4291, 0x3e14, 0x3fd1, 0x4278,
    0x3ec8, 0x4033, 0x42d2, 0x3e9e, 0x4024, 0x42c2, 0x3f0f, 0x405d, 0x4304, 0x401e, 0x40e7, 0x43ab,
    0x4142, 0x4206, 0x447a, 0x40af, 0x4181, 0x442c, 0x408f, 0x416d, 0x4426, 0x41fd, 0x42d8, 0x44f8,
    0x4222, 0x431e, 0x4522, 0x4149, 0x422b, 0x44a7, 0x417e, 0x4271, 0x44d0, 0x4372, 0x443b, 0x45ef,
    0x4347, 0x4407, 0x457b, 0x432e, 0x43ea, 0x4583, 0x431a, 0x43ed, 0x4595, 0x42e4, 0x43c9, 0x4598,
    0x4324, 0x4406, 0x45b8, 0x42b4, 0x43a2, 0x458f, 0x40ff, 0x41b5, 0x442f, 0x378b, 0x3893, 0x34ae,
    0x3911, 0x39e9, 0x38d5, 0x3395, 0x352e, 0x2dce, 0x34e1, 0x3621, 0x3251, 0x3474, 0x3584, 0x31fe,
    0x3891, 0x3967, 0x36c3, 0x3f1c, 0x3fdf, 0x40f7, 0x4162, 0x4208, 0x4401, 0x4093, 0x4132, 0x4341,
    0x363b, 0x376c, 0x3116, 0x4185, 0x4247, 0x4453, 0x3d3f, 0x3e0d, 0x3ef3, 0x38ec, 0x39a0, 0x384b,
    0x3458, 0x3633, 0x32fd, 0x37a0, 0x3951, 0x367f, 0x38eb, 0x39f3, 0x39dd, 0x36a0, 0x3818, 0x367a,
    0x3723, 0x3862, 0x38ce, 0x3237, 0x347b, 0x3309, 0x300e, 0x3318, 0x28ef, 0x33d9, 0x35ea, 0x3185,
    0x329d, 0x35d8, 0x27c8, 0x3416, 0x36c8, 0x21bc, 0x2f90, 0x3284, 0x29e7, 0x3044, 0x3399, 0x28c2,
    0x302a, 0x332e, 0x2a62, 0x286e, 0x2944, 0x2297, 0x2d93, 0x3139, 0x1edc, 0x348c, 0x3721, 0x241c,
    0x388a, 0x3a02, 0x3a4f, 0x34df, 0x379e, 0x2fdf, 0x3530, 0x381e, 0x294e, 0x3604, 0x3847, 0x34ad,
    0x3544, 0x37a9, 0x31c2, 0x32d2, 0x3530, 0x2c1e, 0x2fd5, 0x32c3, 0x2956, 0x33d0, 0x35a3, 0x3461,
    0x3678, 0x3876, 0x38d5, 0x3462, 0x36f8, 0x2d8a, 0x3522, 0x3739, 0x3753, 0x31a2, 0x3415, 0x2998,
    0x33c4, 0x3618, 0x3107, 0x3ed2, 0x403b, 0x42cd, 0x3ee3, 0x4045, 0x42e1, 0x3edf, 0x4049, 0x42f6,
    0x3ef2, 0x4048, 0x42f6, 0x4002, 0x40d2, 0x438f, 0x4003, 0x40db, 0x43a6, 0x40e0, 0x41a7, 0x4442,
    0x410a, 0x41e4, 0x4465, 0x403f, 0x411c, 0x4402, 0x40d1, 0x41ab, 0x4444, 0x41a7, 0x428d, 0x44d2,
    0x4163, 0x4242, 0x44b0, 0x418a, 0x428d, 0x44d8, 0x41fc, 0x42f6, 0x4517, 0x42b4, 0x43a9, 0x4551,
    0x43bc, 0x4440, 0x45ab, 0x43d6, 0x4449, 0x45df, 0x43dd, 0x4459, 0x45fe, 0x434f, 0x4420, 0x45d4,
    0x435f, 0x442c, 0x45dc, 0x4375, 0x4435, 0x45e7, 0x439f, 0x444b, 0x45fe, 0x3660, 0x383b, 0x2fc5,
    0x3677, 0x380d, 0x33c1, 0x3918, 0x39c8, 0x38df, 0x35b9, 0x36c8, 0x3409, 0x3bd6, 0x3c3a, 0x3d18,
    0x406f, 0x40fc, 0x423e, 0x440a, 0x4489, 0x466d, 0x4139, 0x41f9, 0x441d, 0x3b02, 0x3c0c, 0x3c2d,
    0x35b3, 0x36d2, 0x306e, 0x3dfa, 0x3ec8, 0x4042, 0x3beb, 0x3c5d, 0x3c16, 0x3642, 0x3774, 0x3167,
    0x3d0c, 0x3e45, 0x402b, 0x39a9, 0x3b36, 0x3b44, 0x3d59, 0x3e53, 0x4055, 0x403e, 0x4109, 0x43af,
    0x4065, 0x4121, 0x4370, 0x3544, 0x37ac, 0x3369, 0x38fd, 0x3a4d, 0x3a44, 0x342c, 0x36ba, 0x2a3a,
    0x300d, 0x32ea, 0x28aa, 0x30d7, 0x3404, 0x29d2, 0x3ea2, 0x3fc9, 0x4105, 0x3633, 0x37fb, 0x3777,
    0x3438, 0x351b, 0x345b, 0x30d7, 0x3377, 0x2b30, 0x30b3, 0x341b, 0x26be, 0x35fa, 0x3835, 0x2e6f,
    0x37b2, 0x394d, 0x354a, 0x3ded, 0x3f74, 0x426b, 0x343e, 0x3687, 0x3146, 0x3663, 0x3880, 0x32a8,
    0x360d, 0x385d, 0x343d, 0x355e, 0x37f9, 0x3448, 0x337a, 0x357e, 0x3207, 0x2d2d, 0x311d, 0x2239,
    0x38e1, 0x3a74, 0x38bc, 0x3708, 0x38de, 0x3999, 0x3528, 0x378b, 0x34e3, 0x3429, 0x35a2, 0x31a4,
    0x3609, 0x383c, 0x3433, 0x3db6, 0x3f19, 0x41a4, 0x3ee6, 0x403c, 0x42d9, 0x3f5b, 0x407f, 0x4329,
    0x3fb2, 0x4096, 0x4351, 0x4047, 0x4103, 0x43c4, 0x40c2, 0x4191, 0x4437, 0x4104, 0x41cd, 0x445c,
    0x404a, 0x4121, 0x4408, 0x4031, 0x411d, 0x4406, 0x40ec, 0x41d9, 0x446e, 0x40be, 0x41a4, 0x4459,
    0x40c7, 0x41bb, 0x4477, 0x4158, 0x4264, 0x44d9, 0x42ad, 0x43b8, 0x4575, 0x42cb, 0x4393, 0x4550,
    0x43e9, 0x4447, 0x45e1, 0x4284, 0x435d, 0x454d, 0x42e6, 0x43bf, 0x45a1, 0x433c, 0x4419, 0x45c0,
    0x441c, 0x4490, 0x4642, 0x4429, 0x4498, 0x4651, 0x404f, 0x40c8, 0x41ed, 0x43e9, 0x4451, 0x45bf,
    0x3ca5, 0x3d31, 0x3d06, 0x36be, 0x3824, 0x3242, 0x3a64, 0x3b13, 0x3979, 0x410f, 0x41a0, 0x436f,
    0x3ef3, 0x3fc5, 0x4105, 0x395d, 0x3a4c, 0x38b4, 0x3669, 0x37a0, 0x3316, 0x3409, 0x3550, 0x2d26,
    0x3445, 0x35b3, 0x2ca1, 0x3a7e, 0x3b72, 0x3b14, 0x39ab, 0x3a91, 0x3978, 0x36f5, 0x381f, 0x3525,
    0x3e14, 0x3fb2, 0x424d, 0x3f60, 0x4083, 0x431b, 0x3ed6, 0x4013, 0x425b, 0x3fa0, 0x4085, 0x42dc,
    0x4006, 0x40c5, 0x4356, 0x3ab8, 0x3be6, 0x3ce7, 0x325e, 0x34c7, 0x2ede, 0x35bb, 0x37ae, 0x3462,
    0x32ef, 0x3588, 0x2d14, 0x2b94, 0x2c31, 0x26b5, 0x3e59, 0x3f5a, 0x4135, 0x3770, 0x3892, 0x3812,
    0x3c27, 0x3d02, 0x3cc9, 0x339a, 0x35c3, 0x2d7f, 0x3436, 0x36f5, 0x1c1a, 0x3f26, 0x4027, 0x422c,
    0x3d3b, 0x3e36, 0x40cd, 0x3e51, 0x3fa2, 0x41d1, 0x379c, 0x3934, 0x3517, 0x37f9, 0x3947, 0x342d,
    0x3d08, 0x3e69, 0x410d, 0x3cb8, 0x3e09, 0x40f3, 0x3920, 0x3b09, 0x3c64, 0x33ff, 0x361f, 0x346c,
    0x37e9, 0x3994, 0x39de, 0x3dc0, 0x3f6b, 0x4225, 0x3d8b, 0x3efa, 0x41e3, 0x38a6, 0x3a40, 0x3aff,
    0x3853, 0x3993, 0x3a90, 0x3e50, 0x3fef, 0x42ae, 0x3e71, 0x4015, 0x42b6, 0x3f20, 0x4068, 0x4303,
    0x4009, 0x40da, 0x4380, 0x4048, 0x4125, 0x4403, 0x408a, 0x4169, 0x4421, 0x4023, 0x4104, 0x43d5,
    0x3fa3, 0x40c0, 0x439b, 0x404d, 0x413a, 0x441e, 0x4025, 0x4112, 0x440a, 0x4098, 0x418e, 0x4450,
    0x405a, 0x4160, 0x443c, 0x4222, 0x4320, 0x452f, 0x422f, 0x4312, 0x450d, 0x431e, 0x43f0, 0x4591,
    0x4322, 0x43e5, 0x459c, 0x428d, 0x435c, 0x4563, 0x428e, 0x4372, 0x456e, 0x422a, 0x42fd, 0x44ab,
    0x3fa4, 0x4046, 0x4146, 0x4337, 0x43d6, 0x453a, 0x4468, 0x44dc, 0x4683, 0x3fd7, 0x401a, 0x4038,
    0x404f, 0x40bc, 0x41aa, 0x41d6, 0x4243, 0x4311, 0x3a10, 0x3a96, 0x3454, 0x3ff5, 0x4066, 0x40ff,
    0x38ae, 0x395d, 0x3953, 0x35ac, 0x36b4, 0x357f, 0x3471, 0x358c, 0x30a8, 0x344a, 0x35c1, 0x2d5f,
    0x396a, 0x3a29, 0x38e2, 0x38eb, 0x39a8, 0x3818, 0x344c, 0x3567, 0x2fb1, 0x3405, 0x3532, 0x2fc5,
    0x2baa, 0x2cb9, 0x2e65, 0x2c13, 0x2d9e, 0x2826, 0x30de, 0x3213, 0x327b, 0x2e44, 0x3012, 0x2d29,
    0x2cd0, 0x2d48, 0x2e95, 0x26c7, 0x28f7, 0x234b, 0x2d99, 0x3052, 0x29d1, 0x3827, 0x3922, 0x3801,
    0x2e7e, 0x3152, 0x23fc, 0x331d, 0x358e, 0x2bf8, 0x3e09, 0x3ee6, 0x4076, 0x4055, 0x4107, 0x4378,
    0x3787, 0x38e1, 0x36cd, 0x3b95, 0x3c92, 0x3b1f, 0x41b9, 0x426e, 0x4480, 0x4066, 0x4126, 0x438d,
    0x404b, 0x40fd, 0x4379, 0x3f89, 0x4071, 0x4317, 0x3fd4, 0x409d, 0x434a, 0x3ac0, 0x3c1e, 0x3e6a,
    0x3d7b, 0x3ee2, 0x419b, 0x3d14, 0x3ec0, 0x41e6, 0x38a7, 0x3aaf, 0x3c7a, 0x3269, 0x34f7, 0x285f,
    0x34dd, 0x3735, 0x33b5, 0x3aea, 0x3c93, 0x3d21, 0x3d24, 0x3e7f, 0x4127, 0x3d60, 0x3ec9, 0x41cc,
    0x3424, 0x3614, 0x307c, 0x3df9, 0x3fc3, 0x42ac, 0x3e85, 0x4028, 0x42ce, 0x3f5e, 0x4086, 0x433e,
    0x3fb6, 0x40b8, 0x4374, 0x4010, 0x40eb, 0x43b2, 0x4047, 0x411f, 0x43f2, 0x3ffc, 0x40ef, 0x43db,
    0x4014, 0x4103, 0x43f0, 0x401a, 0x4116, 0x4401, 0x4096, 0x4187, 0x4451, 0x4077, 0x4172, 0x4447,
    0x414b, 0x424f, 0x44a6, 0x424d, 0x4333, 0x452e, 0x4237, 0x431b, 0x4518, 0x42a1, 0x4367, 0x454d,
    0x4299, 0x438d, 0x456e, 0x4257, 0x4344, 0x454d, 0x42bb, 0x43c7, 0x4591, 0x42e5, 0x43d4, 0x45b6,
    0x3811, 0x38e3, 0x35a9, 0x4127, 0x4195, 0x42bd, 0x3986, 0x3a5a, 0x38c8, 0x34c0, 0x35b3, 0x2d4e,
    0x3be5, 0x3c42, 0x3b13, 0x3d7c, 0x3dc8, 0x3d70, 0x42e9, 0x434e, 0x44d2, 0x41b9, 0x4209, 0x430e,
    0x3c18, 0x3c73, 0x3c5f, 0x3a7e, 0x3b46, 0x38f6, 0x3218, 0x33a0, 0x2d29, 0x3d89, 0x3dd3, 0x3d73,
    0x4273, 0x42d2, 0x433a, 0x3d77, 0x3e03, 0x3eb0, 0x391d, 0x39ca, 0x381f, 0x345b, 0x3565, 0x2fed,
    0x345b, 0x3634, 0x341e, 0x3517, 0x371a, 0x349c, 0x36ce, 0x3895, 0x3893, 0x3308, 0x3522, 0x3122,
    0x3b83, 0x3c9c, 0x3e26, 0x33f7, 0x356d, 0x3481, 0x2ea3, 0x31e7, 0x2160, 0x2f0f, 0x322f, 0x2668,
    0x3020, 0x338d, 0x19f2, 0x31df, 0x34b1, 0x2125, 0x3254, 0x3490, 0x3175, 0x3b87, 0x3c84, 0x3d1e,
    0x3ec2, 0x3fe5, 0x40d2, 0x4187, 0x423c, 0x445b, 0x417b, 0x4214, 0x4460, 0x421e, 0x42db, 0x44bf,
    0x413b, 0x41e8, 0x443f, 0x40e1, 0x419d, 0x4417, 0x404f, 0x4104, 0x4377, 0x3fe7, 0x40b0, 0x433f,
    0x3f71, 0x4082, 0x42df, 0x3de2, 0x3f76, 0x4237, 0x3d45, 0x3eea, 0x41e4, 0x37f6, 0x3960, 0x38cb,
    0x3654, 0x38b3, 0x3446, 0x3a0c, 0x3bf0, 0x3d7c, 0x38bb, 0x3a6b, 0x3b06, 0x345c, 0x364e, 0x311a,
    0x3871, 0x3998, 0x3928, 0x3f13, 0x4067, 0x432e, 0x3ed3, 0x4048, 0x4302, 0x3ec1, 0x404b, 0x4307,
    0x401d, 0x40fa, 0x43c4, 0x3f68, 0x409d, 0x4364, 0x3f9f, 0x40b6, 0x439a, 0x3fe6, 0x40da, 0x43c7,
    0x4013, 0x4108, 0x43f0, 0x3ffe, 0x40f2, 0x43f3, 0x40a3, 0x41a0, 0x4454, 0x40bd, 0x41a9, 0x4455,
    0x423e, 0x4333, 0x4533, 0x4201, 0x42ed, 0x44fe, 0x426c, 0x4355, 0x4549, 0x423f, 0x4327, 0x4531,
    0x41e3, 0x42d1, 0x44bb, 0x4221, 0x432a, 0x4545, 0x4207, 0x42fe, 0x4519, 0x395b, 0x3a40, 0x3960,
    0x38d3, 0x39a3, 0x3852, 0x41f9, 0x4251, 0x4429, 0x36ef, 0x382d, 0x329d, 0x3dc8, 0x3e32, 0x3f9e,
    0x3d8e, 0x3e09, 0x3e22, 0x3e0a, 0x3e6e, 0x3ea6, 0x436f, 0x43c8, 0x44f7, 0x4455, 0x44a5, 0x45dd,
    0x43d4, 0x4423, 0x44ea, 0x428f, 0x42ee, 0x43e6, 0x35b4, 0x36b5, 0x3227, 0x3a08, 0x3a86, 0x3a0e,
    0x3c63, 0x3ca2, 0x3c57, 0x3783, 0x3849, 0x3599, 0x334a, 0x34a0, 0x2e18, 0x335d, 0x34cd, 0x2995,
    0x3468, 0x363c, 0x3408, 0x33bc, 0x3579, 0x3406, 0x35af, 0x3802, 0x3611, 0x392c, 0x3ab5, 0x3c1d,
    0x3e53, 0x3fec, 0x4252, 0x386f, 0x39bc, 0x3a5a, 0x319d, 0x343d, 0x2f61, 0x3404, 0x3608, 0x2a19,
    0x34a1, 0x36f3, 0x2411, 0x34b2, 0x36c6, 0x2e07, 0x333a, 0x356e, 0x2ecf, 0x387f, 0x39ed, 0x3624,
    0x3da9, 0x3ec2, 0x402a, 0x40a8, 0x415f, 0x43f2, 0x4275, 0x432d, 0x44f0, 0x41c4, 0x426a, 0x448b,
    0x4255, 0x4317, 0x44f0, 0x4252, 0x430c, 0x44e0, 0x4130, 0x41dc, 0x4442, 0x40ca, 0x417c, 0x4406,
    0x40a7, 0x4162, 0x43de, 0x3fb6, 0x40a3, 0x432b, 0x3ec1, 0x4031, 0x42e1, 0x3e85, 0x4024, 0x4261,
    0x3d93, 0x3f3c, 0x4220, 0x3d8c, 0x3f4e, 0x4217, 0x3e15, 0x3fca, 0x42a1, 0x34e1, 0x3728, 0x3228,
    0x3f44, 0x4087, 0x4341, 0x3ef3, 0x4058, 0x430f, 0x3e60, 0x4017, 0x42d4, 0x3efa, 0x405a, 0x431e,
    0x3f8c, 0x40bc, 0x438b, 0x3f04, 0x4074, 0x433e, 0x3f1b, 0x407f, 0x435a, 0x3f6b, 0x40a2, 0x437b,
    0x3ff9, 0x40f0, 0x43da, 0x4062, 0x414f, 0x442b, 0x40c5, 0x41af, 0x445b, 0x41e0, 0x42c3, 0x44f8,
    0x41db, 0x42bc, 0x44e9, 0x422c, 0x4315, 0x452b, 0x41e7, 0x42e1, 0x4512, 0x41a0, 0x427d, 0x44ec,
    0x3874, 0x3932, 0x3602, 0x37c9, 0x3889, 0x357e, 0x3796, 0x3895, 0x3675, 0x38fd, 0x39c0, 0x3890,
    0x3737, 0x3878, 0x35a9, 0x34f9, 0x3632, 0x301f, 0x370c, 0x3801, 0x342b, 0x43c8, 0x4435, 0x455d,
    0x4105, 0x4117, 0x42a2, 0x3a05, 0x3aa4, 0x3954, 0x3b26, 0x3bc9, 0x3acc, 0x3c6d, 0x3ccf, 0x3bde,
    0x3cd9, 0x3d47, 0x3c88, 0x3bb3, 0x3c28, 0x3af1, 0x3757, 0x3825, 0x357e, 0x3962, 0x39e3, 0x392e,
    0x3902, 0x39a5, 0x390e, 0x347b, 0x35a6, 0x2f7f, 0x31e5, 0x3400, 0x2937, 0x3235, 0x3444, 0x28ba,
    0x30f6, 0x341a, 0x2ecd, 0x36d2, 0x38bc, 0x38ff, 0x3115, 0x343d, 0x2c90, 0x3103, 0x3383, 0x2ffd,
    0x37e0, 0x3946, 0x3a6c, 0x2c84, 0x307c, 0x1f4e, 0x2e0a, 0x3182, 0x1fd0, 0x30d0, 0x33fb, 0x25c0,
    0x32f6, 0x3585, 0x27ed, 0x313c, 0x3470, 0x2306, 0x3b25, 0x3c7d, 0x3ddd, 0x3574, 0x37a1, 0x34a0,
    0x38ad, 0x3a1f, 0x392a, 0x3b1c, 0x3c53, 0x3c84, 0x41dc, 0x4291, 0x447f, 0x41c2, 0x4269, 0x447e,
    0x4401, 0x445c, 0x45d4, 0x430d, 0x43ac, 0x4535, 0x4202, 0x42c6, 0x44b9, 0x416f, 0x4220, 0x4465,
    0x41ed, 0x42a1, 0x44aa, 0x40eb, 0x41a3, 0x4419, 0x4021, 0x40e4, 0x436c, 0x3f97, 0x4090, 0x4313,
    0x4008, 0x40d8, 0x4372, 0x3f77, 0x408c, 0x432a, 0x3f6b, 0x4087, 0x4339, 0x3f7c, 0x409b, 0x4340,
    0x3f69, 0x4090, 0x4340, 0x3ed5, 0x404c, 0x4303, 0x3ee4, 0x404f, 0x430c, 0x3f72, 0x40a6, 0x4373,
    0x4028, 0x4114, 0x43ed, 0x3fae, 0x40c7, 0x43a7, 0x3f8a, 0x40bb, 0x4391, 0x4006, 0x40eb, 0x43e2,
    0x3fff, 0x40eb, 0x43dd, 0x40bf, 0x41ab, 0x445e, 0x411b, 0x4203, 0x44a0, 0x414d, 0x423a, 0x44ae,
    0x4196, 0x427a, 0x44d6, 0x419a, 0x4285, 0x44ec, 0x41b2, 0x42a3, 0x44f7, 0x4202, 0x42ea, 0x452a,
    0x37ee, 0x38c6, 0x35a0, 0x3620, 0x37f6, 0x3004, 0x348a, 0x35cf, 0x2e3f, 0x4165, 0x41c5, 0x4456,
    0x344f, 0x357f, 0x2bdc, 0x3cfe, 0x3d81, 0x3e80, 0x3672, 0x3750, 0x34cb, 0x383c, 0x38e6, 0x3486,
    0x3e41, 0x3ec1, 0x3fd9, 0x3c3c, 0x3c74, 0x3c3c, 0x32b5, 0x3457, 0x2ec2, 0x3307, 0x34bd, 0x2c13,
    0x312f, 0x3250, 0x2b77, 0x3294, 0x34b4, 0x2ac6, 0x3c06, 0x3c70, 0x3c4b, 0x340f, 0x3575, 0x2e0e,
    0x34d1, 0x35e5, 0x3048, 0x39d1, 0x3a39, 0x396f, 0x393d, 0x3a05, 0x386a, 0x3311, 0x34c7, 0x276c,
    0x3464, 0x36ca, 0x3209, 0x31d6, 0x34d3, 0x2dc3, 0x3157, 0x344c, 0x2ffa, 0x2ede, 0x31b0, 0x2d79,
    0x2c6c, 0x2ff8, 0x271f, 0x2e7b, 0x31f4, 0x2656, 0x2de6, 0x3170, 0x1433, 0x3151, 0x34aa, 0x1729,
    0x3462, 0x362a, 0x2c97, 0x3232, 0x34ff, 0x21a8, 0x3769, 0x38ed, 0x3704, 0x3d56, 0x3e7a, 0x40aa,
    0x3894, 0x39c8, 0x3874, 0x3cb7, 0x3de0, 0x3f13, 0x3f29, 0x4042, 0x4255, 0x405f, 0x4115, 0x439c,
    0x4221, 0x42d1, 0x44c9, 0x4421, 0x447c, 0x45f4, 0x42eb, 0x43a7, 0x452b, 0x432b, 0x43ed, 0x4561,
    0x4274, 0x4310, 0x44e0, 0x42d3, 0x4385, 0x4516, 0x4181, 0x422d, 0x446f, 0x40bd, 0x417b, 0x4404,
    0x4084, 0x413b, 0x43da, 0x41ca, 0x4283, 0x44a2, 0x4159, 0x4225, 0x447b, 0x40a9, 0x4174, 0x441d,
    0x3fc6, 0x40bf, 0x436e, 0x3f9f, 0x40ac, 0x435e, 0x3fc8, 0x40c9, 0x438c, 0x3ff7, 0x40dd, 0x43ac,
    0x4052, 0x413b, 0x4408, 0x402c, 0x4112, 0x43ee, 0x4023, 0x4110, 0x43f4, 0x4056, 0x413e, 0x441c,
    0x4074, 0x4162, 0x4432, 0x410a, 0x4202, 0x4489, 0x41a4, 0x429e, 0x44db, 0x41ee, 0x42d0, 0x4509,
    0x41ae, 0x4291, 0x44d7, 0x41bd, 0x42b7, 0x44ff, 0x420a, 0x42ef, 0x4536, 0x4246, 0x433a, 0x456b,
    0x3b24, 0x3c52, 0x3ad1, 0x3629, 0x37b1, 0x2c44, 0x3858, 0x3926, 0x36a2, 0x3646, 0x37d7, 0x2f9f,
    0x3924, 0x39c4, 0x3918, 0x3720, 0x380c, 0x3692, 0x37dd, 0x38a3, 0x3678, 0x34ac, 0x35eb, 0x3029,
    0x3432, 0x3530, 0x302d, 0x3292, 0x34b8, 0x2630, 0x2ff8, 0x31ea, 0x2a34, 0x2d9a, 0x300e, 0x26d4,
    0x3321, 0x34bd, 0x2b19, 0x3465, 0x3574, 0x2d80, 0x351b, 0x364d, 0x2f30, 0x304f, 0x31a5, 0x2692,
    0x3849, 0x38e4, 0x365c, 0x31c0, 0x3383, 0x2b02, 0x312f, 0x3408, 0x2297, 0x31d3, 0x3401, 0x27b3,
    0x391a, 0x3abe, 0x3bfb, 0x34ab, 0x3708, 0x34cb, 0x3230, 0x350c, 0x30e5, 0x2fa7, 0x32df, 0x2a20,
    0x2f68, 0x3229, 0x2b8a, 0x2d75, 0x314a, 0x2044, 0x3499, 0x371e, 0x29da, 0x3622, 0x3869, 0x3610,
    0x3174, 0x33fc, 0x2cba, 0x3162, 0x347c, 0x1e10, 0x3782, 0x3924, 0x31a5, 0x3f6a, 0x4061, 0x42be,
    0x3f1a, 0x4038, 0x424f, 0x3f20, 0x404a, 0x42e2, 0x3ec1, 0x4022, 0x42b0, 0x3ef7, 0x4039, 0x42c7,
    0x3f76, 0x407a, 0x431b, 0x411d, 0x41bc, 0x4421, 0x43c8, 0x4430, 0x459c, 0x4412, 0x446e, 0x45e6,
    0x434a, 0x4408, 0x4574, 0x4395, 0x441b, 0x4583, 0x4326, 0x43dc, 0x4556, 0x42b6, 0x4366, 0x4515,
    0x4201, 0x42b8, 0x44bb, 0x41a2, 0x424d, 0x448b, 0x426f, 0x4345, 0x44fc, 0x41ae, 0x427a, 0x449d,
    0x40a5, 0x416d, 0x4414, 0x40c9, 0x418b, 0x4424, 0x408c, 0x4158, 0x440f, 0x4061, 0x4135, 0x4401,
    0x4087, 0x4170, 0x4424, 0x4041, 0x412a, 0x440d, 0x4032, 0x4110, 0x4406, 0x407d, 0x4175, 0x443f,
    0x40e0, 0x41cd, 0x4472, 0x4103, 0x41ee, 0x4484, 0x4199, 0x428d, 0x44e3, 0x4288, 0x4368, 0x454b,
    0x4230, 0x430b, 0x4531, 0x4217, 0x42f2, 0x451f, 0x423d, 0x432d, 0x4553, 0x42a5, 0x43ae, 0x4579,
    0x3f47, 0x3ff5, 0x3dc7, 0x35f7, 0x37db, 0x2f97, 0x3482, 0x35f3, 0x2c66, 0x3dea, 0x3e7e, 0x3f7a,
    0x36f8, 0x37d0, 0x32ea, 0x3655, 0x3778, 0x34e2, 0x33b7, 0x352d, 0x2a65, 0x341e, 0x3557, 0x2cac,
    0x30de, 0x3219, 0x2da0, 0x3222, 0x339c, 0x2ead, 0x30e2, 0x32cd, 0x2ae2, 0x30ee, 0x337f, 0x284f,
    0x3405, 0x3487, 0x315c, 0x31b4, 0x33b6, 0x27e0, 0x3442, 0x3553, 0x2892, 0x351a, 0x3686, 0x2c09,
    0x34c1, 0x35b1, 0x314e, 0x3199, 0x335d, 0x2a94, 0x2ce0, 0x2e62, 0x284a, 0x3005, 0x3190, 0x24e1,
    0x399d, 0x3b68, 0x3c0b, 0x39c8, 0x3b8c, 0x3c8c, 0x3016, 0x32f4, 0x2c82, 0x2e9e, 0x319e, 0x2aa7,
    0x3196, 0x3460, 0x2e61, 0x2e45, 0x31a2, 0x22ca, 0x3160, 0x3474, 0x2d4f, 0x3231, 0x3493, 0x31d4,
    0x323c, 0x3473, 0x2f6d, 0x310b, 0x3457, 0x1946, 0x3a3a, 0x3bc3, 0x3b44, 0x3977, 0x3b0a, 0x382a,
    0x3e40, 0x3f90, 0x40c2, 0x3fd3, 0x40be, 0x434e, 0x3f81, 0x4080, 0x4313, 0x3f1f, 0x4052, 0x42df,
    0x3e7f, 0x4003, 0x428d, 0x3ec2, 0x4029, 0x42bf, 0x3f14, 0x4042, 0x42c7, 0x417f, 0x4242, 0x4489,
    0x4453, 0x44ab, 0x462e, 0x43ec, 0x4454, 0x45b2, 0x4402, 0x4452, 0x45b5, 0x43dd, 0x4443, 0x45a2,
    0x4365, 0x4407, 0x4577, 0x4278, 0x4332, 0x44f9, 0x42e0, 0x439a, 0x453c, 0x435a, 0x43fe, 0x4572,
    0x41de, 0x42aa, 0x44b9, 0x41dd, 0x42a8, 0x44b9, 0x415a, 0x4224, 0x4483, 0x4158, 0x422b, 0x4490,
    0x40eb, 0x41d2, 0x4459, 0x40d5, 0x41ac, 0x4456, 0x4061, 0x4148, 0x441c, 0x40a3, 0x418e, 0x444a,
    0x40d5, 0x41cf, 0x446f, 0x4120, 0x4219, 0x44a8, 0x41b1, 0x42a8, 0x44ed, 0x4284, 0x4366, 0x4562,
    0x42af, 0x438f, 0x4582, 0x426a, 0x4369, 0x4567, 0x42ae, 0x43b5, 0x45a0, 0x42d5, 0x43cc, 0x45a7,
    0x4017, 0x40a7, 0x413e, 0x3983, 0x3a1e, 0x3665, 0x3608, 0x378a, 0x2c1f, 0x36cc, 0x3827, 0x30e9,
    0x34c9, 0x3610, 0x2e4a, 0x3382, 0x34f9, 0x2b50, 0x39e2, 0x3a97, 0x396e, 0x3646, 0x37a7, 0x3227,
    0x3345, 0x34f6, 0x2ab0, 0x34ef, 0x362c, 0x3114, 0x3407, 0x3529, 0x2e5c, 0x39b0, 0x3a3f, 0x38fd,
    0x347b, 0x3582, 0x2c35, 0x30bd, 0x31b9, 0x2869, 0x30f5, 0x327e, 0x2566, 0x3487, 0x3556, 0x2d93,
    0x3323, 0x3462, 0x2973, 0x3481, 0x35a4, 0x2d12, 0x381c, 0x387f, 0x3589, 0x3119, 0x331c, 0x24e0,
    0x3b59, 0x3ca7, 0x3da9, 0x3bd7, 0x3d15, 0x3f02, 0x3671, 0x386b, 0x387f, 0x3a66, 0x3c0d, 0x3d48,
    0x3428, 0x35d4, 0x336e, 0x32d1, 0x3561, 0x30ef, 0x32ce, 0x355d, 0x30fa, 0x34dd, 0x36fe, 0x3628,
    0x319d, 0x344a, 0x2ec0, 0x3308, 0x350e, 0x2491, 0x3b08, 0x3c88, 0x3dce, 0x3e51, 0x3ff8, 0x4246,
    0x3f52, 0x4074, 0x4301, 0x3fd2, 0x40a9, 0x434b, 0x3ff4, 0x40bc, 0x4362, 0x3fe6, 0x40bb, 0x435c,
    0x3fcf, 0x40b0, 0x4355, 0x3f44, 0x4072, 0x4310, 0x3eb9, 0x4028, 0x42c4, 0x3f00, 0x403d, 0x42d4,
    0x4150, 0x420e, 0x4469, 0x4407, 0x4460, 0x45c3, 0x44a8, 0x4504, 0x467d, 0x4465, 0x44ae, 0x4619,
    0x44a4, 0x44fc, 0x465d, 0x42b2, 0x434f, 0x4515, 0x434f, 0x43f4, 0x457b, 0x440d, 0x4478, 0x45e6,
    0x41db, 0x429e, 0x44af, 0x433d, 0x43ed, 0x4575, 0x43bb, 0x4436, 0x45a5, 0x4281, 0x4342, 0x451d,
    0x41f8, 0x42a5, 0x44ca, 0x416d, 0x423b, 0x44a2, 0x4149, 0x4223, 0x4498, 0x40f1, 0x41d8, 0x4475,
    0x4133, 0x4232, 0x44b3, 0x414f, 0x423f, 0x44b1, 0x4190, 0x427f, 0x44df, 0x4236, 0x4329, 0x4544,
    0x4229, 0x4325, 0x4543, 0x4253, 0x4343, 0x455c, 0x42b6, 0x43b0, 0x45a7, 0x430d, 0x4405, 0x45da,
    0x41d1, 0x42be, 0x44a6, 0x3f56, 0x401f, 0x4093, 0x3682, 0x380b, 0x31a1, 0x34e9, 0x3643, 0x2dcc,
    0x3796, 0x3875, 0x365c, 0x37a4, 0x388a, 0x3159, 0x3681, 0x37b5, 0x3344, 0x3955, 0x39ea, 0x378e,
    0x3a0a, 0x3a61, 0x3880, 0x3930, 0x39f2, 0x387f, 0x322e, 0x339c, 0x2e05, 0x3496, 0x35c0, 0x2e19,
    0x3494, 0x359e, 0x2d46, 0x3813, 0x3880, 0x3510, 0x33fa, 0x351b, 0x2298, 0x32eb, 0x3469, 0x27f7,
    0x3674, 0x36c6, 0x3495, 0x3fd8, 0x3fba, 0x3e98, 0x4482, 0x4451, 0x4429, 0x33f1, 0x3497, 0x2d71,
    0x3538, 0x3711, 0x3245, 0x3a4c, 0x3bbb, 0x3c48, 0x3d71, 0x3eea, 0x4172, 0x3d85, 0x3ee5, 0x411f,
    0x306b, 0x3310, 0x3058, 0x3375, 0x357a, 0x33dc, 0x364d, 0x3844, 0x3872, 0x338e, 0x35b0, 0x318f,
    0x35a3, 0x380e, 0x3489, 0x3134, 0x341e, 0x2ac5, 0x35e7, 0x3831, 0x2958, 0x3ee7, 0x4049, 0x42c4,
    0x3f46, 0x4075, 0x430c, 0x3f95, 0x4095, 0x433e, 0x3f9f, 0x4097, 0x4341, 0x3fbb, 0x40a8, 0x434a,
    0x3fb3, 0x40a0, 0x433e, 0x3f9f, 0x409b, 0x4347, 0x3fd1, 0x40b7, 0x4359, 0x3f8a, 0x4089, 0x4329,
    0x3f4a, 0x4074, 0x431b, 0x3ef6, 0x404b, 0x42d0, 0x40c7, 0x4191, 0x4422, 0x4408, 0x4456, 0x45bc,
    0x44dd, 0x4533, 0x46a3, 0x445a, 0x44ad, 0x4612, 0x43d7, 0x4444, 0x45ca, 0x444a, 0x44a9, 0x4621,
    0x42e6, 0x43b0, 0x4546, 0x4318, 0x43c8, 0x455f, 0x4406, 0x445c, 0x45e0, 0x4406, 0x4466, 0x45e3,
    0x4423, 0x4477, 0x45fe, 0x432b, 0x43f4, 0x458d, 0x42a6, 0x4386, 0x4560, 0x4242, 0x4322, 0x4527,
    0x41e0, 0x42cd, 0x44fe, 0x4252, 0x4348, 0x454f, 0x420b, 0x4309, 0x451d, 0x42c4, 0x43a7, 0x458e,
    0x422d, 0x4327, 0x454a, 0x4295, 0x4396, 0x458c, 0x42c5, 0x43c1, 0x45b2, 0x4302, 0x43e8, 0x45d4,
    0x4344, 0x441c, 0x45fe, 0x4430, 0x449e, 0x4643, 0x4492, 0x44f1, 0x4678, 0x3c76, 0x3d0c, 0x3cda,
    0x366f, 0x3816, 0x2e1c, 0x3284, 0x3476, 0x2766, 0x3222, 0x3445, 0x244b, 0x3885, 0x3906, 0x34be,
    0x3856, 0x38b6, 0x3232, 0x33f9, 0x34ff, 0x2ce3, 0x33f7, 0x3503, 0x2e89, 0x3b5f, 0x3bb6, 0x3a7b,
    0x399d, 0x3a17, 0x38b5, 0x3902, 0x3985, 0x37e2, 0x3161, 0x337c, 0x23d9, 0x35ff, 0x36bb, 0x322d,
    0x340f, 0x34ab, 0x2f16, 0x353e, 0x357a, 0x3106, 0x39e7, 0x39f4, 0x368a, 0x401c, 0x3fdb, 0x3f42,
    0x3eb3, 0x4021, 0x41f9, 0x3ffb, 0x40ef, 0x43dc, 0x3fce, 0x40e3, 0x43b0, 0x3f63, 0x409f, 0x43ac,
    0x3a9a, 0x3c41, 0x3d5c, 0x328e, 0x34d4, 0x3385, 0x2f35, 0x31e9, 0x2e36, 0x3308, 0x350e, 0x3331,
    0x3334, 0x3558, 0x3053, 0x3496, 0x370a, 0x20e1, 0x35c6, 0x381f, 0x3157, 0x3ebd, 0x4033, 0x428e,
    0x3f4e, 0x407d, 0x4328, 0x3fae, 0x40a0, 0x4351, 0x3fa9, 0x40a0, 0x4363, 0x3f81, 0x4096, 0x433b,
    0x3f9d, 0x4096, 0x4348, 0x3f96, 0x409c, 0x4345, 0x3fe4, 0x40c0, 0x4361, 0x4029, 0x40f1, 0x4397,
    0x4046, 0x4110, 0x43bd, 0x4031, 0x40f0, 0x438f, 0x400c, 0x40dd, 0x4383, 0x4011, 0x40de, 0x438e,
    0x4193, 0x425d, 0x448f, 0x4493, 0x44e2, 0x4657, 0x44d3, 0x4526, 0x46a6, 0x43e0, 0x4449, 0x45bf,
    0x431f, 0x43ce, 0x455a, 0x4407, 0x445f, 0x45d4, 0x4449, 0x449c, 0x4618, 0x4429, 0x447b, 0x45f0,
    0x44ba, 0x4501, 0x4675, 0x445a, 0x44b6, 0x463f, 0x43ae, 0x443b, 0x45ce, 0x42e9, 0x43c9, 0x4574,
    0x4261, 0x4340, 0x453f, 0x42d0, 0x43c2, 0x4586, 0x42db, 0x43b4, 0x4587, 0x4358, 0x441b, 0x45d5,
    0x42d7, 0x43c6, 0x45ad, 0x42e6, 0x43e7, 0x45b8, 0x431f, 0x440c, 0x45dd, 0x4362, 0x4427, 0x4607,
    0x43d4, 0x4460, 0x465f, 0x445e, 0x44d9, 0x46a9, 0x4421, 0x44a0, 0x462a, 0x3be3, 0x3c28, 0x3ae8,
    0x3e0b, 0x3ec9, 0x3d87, 0x357b, 0x3702, 0x2c79, 0x35cc, 0x377b, 0x2ec3, 0x3957, 0x3a06, 0x380e,
    0x3dd8, 0x3e19, 0x3e0f, 0x39c4, 0x3a3c, 0x38ac, 0x3ef3, 0x3f0c, 0x3e93, 0x3d5e, 0x3d81, 0x3db3,
    0x3a82, 0x3aab, 0x394e, 0x37b1, 0x3845, 0x34a6, 0x3db0, 0x3dfe, 0x3d33, 0x341d, 0x34d4, 0x2df4,
    0x3d0d, 0x3d1c, 0x3b9b, 0x35b1, 0x3676, 0x3008, 0x3544, 0x3615, 0x3131, 0x39ff, 0x3a1a, 0x38f2,
    0x405d, 0x415d, 0x43f9, 0x402f, 0x412c, 0x4413, 0x4024, 0x411c, 0x43d0, 0x4004, 0x40f3, 0x43d3,
    0x3a8b, 0x3c16, 0x3d41, 0x2e64, 0x3141, 0x2b70, 0x3250, 0x34a0, 0x32d8, 0x3667, 0x3844, 0x360d,
    0x308f, 0x337b, 0x2aba, 0x37a5, 0x38c0, 0x37db, 0x39c9, 0x3b98, 0x3a11, 0x3f93, 0x409e, 0x4336,
    0x3fd3, 0x40c8, 0x4366, 0x4005, 0x40e0, 0x4395, 0x4017, 0x40f4, 0x43b1, 0x4020, 0x40fa, 0x43c2,
    0x4027, 0x40fa, 0x43b1, 0x402a, 0x40fc, 0x43c4, 0x408e, 0x4167, 0x441e, 0x40a3, 0x416f, 0x4421,
    0x4088, 0x415b, 0x440d, 0x4072, 0x4146, 0x4401, 0x4050, 0x4119, 0x43de, 0x4014, 0x40dc, 0x4389,
    0x3fb5, 0x40b1, 0x4366, 0x4034, 0x4110, 0x43e5, 0x41b4, 0x4294, 0x44c0, 0x44dd, 0x452f, 0x46bf,
    0x448c, 0x44da, 0x464c, 0x445d, 0x44bd, 0x462d, 0x445a, 0x44a9, 0x461f, 0x4431, 0x4483, 0x4601,
    0x44da, 0x452c, 0x46bf, 0x44d4, 0x4530, 0x46a6, 0x4436, 0x449d, 0x462a, 0x438b, 0x442a, 0x45c6,
    0x42f8, 0x43d8, 0x458f, 0x42f3, 0x43d4, 0x4598, 0x43b8, 0x443d, 0x45e3, 0x4424, 0x4488, 0x4636,
    0x4358, 0x4430, 0x45f5, 0x4374, 0x4436, 0x45fb, 0x4426, 0x448d, 0x4651, 0x440d, 0x4482, 0x465e,
    0x4402, 0x4473, 0x4650, 0x4426, 0x4491, 0x4658, 0x3a8c, 0x3ae0, 0x372a, 0x397e, 0x39fa, 0x37b9,
    0x3a11, 0x3a9b, 0x37e5, 0x443e, 0x4478, 0x4513, 0x3f3a, 0x3fd2, 0x4017, 0x322d, 0x3395, 0x2d26,
    0x3a9e, 0x3b09, 0x3a19, 0x450c, 0x452e, 0x460b, 0x42e0, 0x42fd, 0x43a4, 0x438c, 0x439d, 0x4423,
    0x42e1, 0x42d3, 0x4292, 0x41a9, 0x41a1, 0x41a4, 0x30af, 0x31cb, 0x2cee, 0x3ad6, 0x3b41, 0x3971,
    0x3304, 0x346b, 0x2873, 0x3599, 0x3685, 0x2db5, 0x3277, 0x3456, 0x25cc, 0x3498, 0x3565, 0x2eb6,
    0x4077, 0x4176, 0x442c, 0x4050, 0x4157, 0x442f, 0x4067, 0x415c, 0x442f, 0x4045, 0x4139, 0x440e,
    0x36e2, 0x38a4, 0x38a0, 0x386c, 0x39a2, 0x3a6d, 0x3483, 0x3681, 0x31c5, 0x35f7, 0x37f0, 0x3560,
    0x38e2, 0x3a2e, 0x3ac1, 0x361b, 0x383c, 0x3283, 0x4001, 0x40fd, 0x4390, 0x3ff8, 0x40e3, 0x4395,
    0x400c, 0x40e8, 0x43bc, 0x4012, 0x40f9, 0x43c3, 0x400b, 0x40e5, 0x43ab, 0x4013, 0x40e9, 0x43ba,
    0x4030, 0x4110, 0x43ec, 0x4028, 0x40fe, 0x43bd, 0x4032, 0x410d, 0x43cf, 0x404a, 0x4121, 0x43e6,
    0x4072, 0x4141, 0x4404, 0x4083, 0x4162, 0x441c, 0x4073, 0x4148, 0x440f, 0x404c, 0x411f, 0x43f0,
    0x4011, 0x40e4, 0x43b6, 0x3fb5, 0x40af, 0x4372, 0x3fdb, 0x40d2, 0x43a7, 0x4008, 0x40e4, 0x439d,
    0x4278, 0x4369, 0x4549, 0x44a4, 0x4501, 0x4690, 0x4447, 0x4497, 0x4609, 0x43d8, 0x444a, 0x45ca,
    0x440a, 0x446c, 0x45f9, 0x44d3, 0x4524, 0x46ae, 0x4495, 0x44f1, 0x4674, 0x448e, 0x44ef, 0x468a,
    0x441b, 0x447d, 0x4619, 0x444a, 0x44a5, 0x4641, 0x4457, 0x44be, 0x465e, 0x43ec, 0x4462, 0x460b,
    0x4347, 0x4419, 0x45df, 0x440a, 0x4479, 0x4639, 0x442e, 0x4493, 0x464a, 0x446f, 0x44d9, 0x469c,
    0x449e, 0x4512, 0x46f6, 0x3d36, 0x3d9a, 0x3d06, 0x3693, 0x37ea, 0x3057, 0x399e, 0x3a15, 0x3852,
    0x39a1, 0x3a07, 0x385c, 0x4431, 0x444f, 0x4591, 0x40f2, 0x418c, 0x4238, 0x3e08, 0x3e85, 0x3f10,
    0x4064, 0x4067, 0x40d4, 0x409f, 0x40b9, 0x416c, 0x3880, 0x38ee, 0x3682, 0x3b04, 0x3b4f, 0x3a67,
    0x3adf, 0x3b1d, 0x3907, 0x418a, 0x418f, 0x413b, 0x38af, 0x3918, 0x36e6, 0x3426, 0x353f, 0x2e4e,
    0x31d8, 0x32b2, 0x2da1, 0x3cda, 0x3cc6, 0x3c32, 0x3905, 0x394c, 0x3525, 0x3e7c, 0x3ebe, 0x3d80,
    0x40ee, 0x41eb, 0x4475, 0x409b, 0x41a2, 0x4448, 0x4011, 0x40ee, 0x43a8, 0x4045, 0x4125, 0x43cf,
    0x3297, 0x3502, 0x31a3, 0x3845, 0x398b, 0x39d8, 0x36a1, 0x386c, 0x354b, 0x372e, 0x38c0, 0x37b6,
    0x35ba, 0x37e5, 0x32d1, 0x3cf2, 0x3e4f, 0x3f4a, 0x4036, 0x4115, 0x4411, 0x4035, 0x4127, 0x4404,
    0x4043, 0x4130, 0x4406, 0x4032, 0x4118, 0x43f2, 0x402e, 0x4115, 0x43f3, 0x4026, 0x40fc, 0x43d5,
    0x4028, 0x4100, 0x43d8, 0x4027, 0x4106, 0x43e0, 0x4028, 0x4107, 0x43d7, 0x4032, 0x4118, 0x43ea,
    0x403e, 0x4115, 0x43e5, 0x4031, 0x410b, 0x43db, 0x4041, 0x411f, 0x43ed, 0x401a, 0x40fa, 0x43c0,
    0x3fcc, 0x40cb, 0x43a7, 0x3f6c, 0x4093, 0x435f, 0x3faf, 0x40b6, 0x4396, 0x3f93, 0x40a0, 0x4366,
    0x3fa3, 0x40bb, 0x43a4, 0x400b, 0x40f4, 0x43e4, 0x419d, 0x4275, 0x44b3, 0x4446, 0x44a7, 0x463f,
    0x442c, 0x4487, 0x4607, 0x4475, 0x44d5, 0x4662, 0x44a1, 0x44f9, 0x4667, 0x452e, 0x457b, 0x46f4,
    0x44ab, 0x4501, 0x4684, 0x445b, 0x44be, 0x4653, 0x447f, 0x44e7, 0x467d, 0x4459, 0x44b7, 0x4662,
    0x42bd, 0x43a0, 0x458c, 0x43d8, 0x4467, 0x4631, 0x436a, 0x442b, 0x45d9, 0x4429, 0x449f, 0x4663,
    0x4487, 0x44f8, 0x46da, 0x438f, 0x440a, 0x4503, 0x39ad, 0x3a7f, 0x3846, 0x3bfd, 0x3c27, 0x3975,
    0x4019, 0x403c, 0x4022, 0x445f, 0x4486, 0x458c, 0x44a8, 0x44db, 0x45f4, 0x3d17, 0x3d69, 0x3c05,
    0x3dbb, 0x3e02, 0x3da0, 0x399e, 0x3a45, 0x3831, 0x3a91, 0x3ad3, 0x38ef, 0x3d1d, 0x3d43, 0x3cd5,
    0x35e3, 0x36c9, 0x3366, 0x32af, 0x345c, 0x2496, 0x3418, 0x350b, 0x2dee, 0x31db, 0x33c2, 0x2883,
    0x386d, 0x38cc, 0x3476, 0x348e, 0x34bd, 0x315b, 0x2f54, 0x2fa4, 0x2c18, 0x3764, 0x37fa, 0x3186,
    0x4118, 0x4217, 0x4492, 0x4110, 0x4205, 0x447f, 0x3c47, 0x3d31, 0x3e75, 0x35a1, 0x3761, 0x3622,
    0x372e, 0x38c5, 0x379d, 0x3c3b, 0x3d2b, 0x3dc9, 0x378c, 0x392a, 0x353a, 0x3fe8, 0x40cc, 0x4321,
    0x3ff6, 0x40ea, 0x4314, 0x4034, 0x412e, 0x43ee, 0x4057, 0x4143, 0x4412, 0x405a, 0x4145, 0x4417,
    0x4083, 0x4170, 0x4433, 0x405c, 0x4146, 0x4414, 0x4033, 0x411a, 0x43f6, 0x404b, 0x4133, 0x440e,
    0x4050, 0x412e, 0x4408, 0x404f, 0x412c, 0x4402, 0x403f, 0x4120, 0x43ee, 0x4045, 0x4125, 0x43fe,
    0x4048, 0x4126, 0x440a, 0x4063, 0x4148, 0x4410, 0x4042, 0x4129, 0x4400, 0x4031, 0x4111, 0x43f5,
    0x3ffe, 0x40d9, 0x43b6, 0x3fa9, 0x40bf, 0x439a, 0x3fd0, 0x40d3, 0x43bb, 0x3fa3, 0x40bf, 0x439e,
    0x3f80, 0x40b1, 0x43a2, 0x3f9f, 0x40bf, 0x43ab, 0x3fd9, 0x40db, 0x43cc, 0x4019, 0x4103, 0x43e8,
    0x40fa, 0x41de, 0x446a, 0x42e6, 0x43d6, 0x458a, 0x44de, 0x4541, 0x46c3, 0x4559, 0x45a3, 0x4709,
    0x451c, 0x456d, 0x46d5, 0x4571, 0x45ad, 0x4723, 0x4580, 0x45cc, 0x473f, 0x44f1, 0x453b, 0x46d5,
    0x43fd, 0x4464, 0x4628, 0x42bf, 0x43bc, 0x45a5, 0x43b0, 0x444c, 0x460b, 0x4412, 0x4496, 0x465f,
    0x44af, 0x4523, 0x46f4, 0x44b2, 0x4511, 0x46e1, 0x382a, 0x38e0, 0x33f0, 0x39d6, 0x3a2c, 0x35f2,
    0x3f9a, 0x3f6e, 0x3dd9, 0x4523, 0x454a, 0x46a4, 0x3e22, 0x3eaf, 0x3e6f, 0x3775, 0x38a2, 0x2f8d,
    0x3587, 0x3754, 0x2ac6, 0x30f0, 0x33b5, 0x2473, 0x307d, 0x322f, 0x2790, 0x33ed, 0x34cf, 0x2c44,
    0x3709, 0x37a5, 0x3274, 0x316f, 0x32b6, 0x2a9b, 0x3df1, 0x3df0, 0x3c75, 0x35bb, 0x36b3, 0x2bc9,
    0x36a8, 0x37a7, 0x2f19, 0x3697, 0x372c, 0x31d1, 0x35ca, 0x3615, 0x3350, 0x34cc, 0x34cc, 0x3401,
    0x412f, 0x422c, 0x449f, 0x412f, 0x4232, 0x449c, 0x40ab, 0x4192, 0x4400, 0x3d47, 0x3e67, 0x3f98,
    0x3e7d, 0x3fc7, 0x40dc, 0x3dff, 0x3f2c, 0x401c, 0x40dd, 0x41d3, 0x445f, 0x40ab, 0x41a8, 0x4442,
    0x40e8, 0x41e6, 0x446e, 0x4096, 0x4189, 0x443f, 0x40a4, 0x4194, 0x4449, 0x408b, 0x417c, 0x443c,
    0x409b, 0x418b, 0x443c, 0x4098, 0x4183, 0x4444, 0x407c, 0x416d, 0x442c, 0x4071, 0x415b, 0x4428,
    0x405d, 0x4150, 0x441f, 0x4079, 0x4152, 0x4425, 0x4070, 0x4153, 0x4422, 0x4063, 0x414e, 0x441a,
    0x4055, 0x4144, 0x4414, 0x408a, 0x4166, 0x4430, 0x4055, 0x4140, 0x4413, 0x4033, 0x4128, 0x4405,
    0x403c, 0x4125, 0x440b, 0x4006, 0x4103, 0x43f0, 0x400f, 0x40fa, 0x43f8, 0x4002, 0x40f1, 0x43f6,
    0x3fde, 0x40e4, 0x43da, 0x3fb6, 0x40d0, 0x43d3, 0x3fb2, 0x40d4, 0x43d2, 0x3fb1, 0x40d4, 0x43de,
    0x400c, 0x4108, 0x4410, 0x4059, 0x414d, 0x4441, 0x40d5, 0x41dc, 0x447f, 0x4353, 0x4425, 0x45b8,
    0x45b7, 0x45fe, 0x4781, 0x4640, 0x4671, 0x47d6, 0x45eb, 0x4621, 0x4788, 0x458c, 0x45cc, 0x4757,
    0x44bd, 0x451a, 0x46da, 0x4397, 0x4445, 0x460d, 0x44c9, 0x4535, 0x46e0, 0x4460, 0x44e1, 0x46b2,
    0x4486, 0x4503, 0x46d3, 0x44d2, 0x454f, 0x472e, 0x44d4, 0x4544, 0x4700, 0x4477, 0x44d1, 0x464a,
    0x3ade, 0x3b2d, 0x366b, 0x4164, 0x41ae, 0x4235, 0x3f3f, 0x3faf, 0x4008, 0x3afc, 0x3ba6, 0x3a29,
    0x3498, 0x3601, 0x2cc1, 0x334c, 0x350f, 0x298a, 0x3598, 0x36b7, 0x3016, 0x37fa, 0x3803, 0x375b,
    0x3716, 0x3805, 0x3443, 0x3466, 0x3500, 0x2e41, 0x3aa1, 0x3ace, 0x394b, 0x423d, 0x4215, 0x427d,
    0x4740, 0x4724, 0x477b, 0x3d73, 0x3d88, 0x3c0c, 0x3632, 0x362b, 0x34d5, 0x38a7, 0x389d, 0x372b,
    0x412b, 0x4237, 0x44a3, 0x4143, 0x424e, 0x44b2, 0x413e, 0x4243, 0x44a8, 0x413b, 0x4231, 0x44b5,
    0x40d1, 0x41b9, 0x440a, 0x414a, 0x4232, 0x4490, 0x415a, 0x4248, 0x44a4, 0x413d, 0x4237, 0x449e,
    0x411e, 0x4219, 0x448d, 0x4106, 0x4203, 0x4487, 0x40f1, 0x41e5, 0x4479, 0x40da, 0x41c8, 0x446b,
    0x40ff, 0x41f1, 0x4480, 0x410e, 0x41ff, 0x4486, 0x40e2, 0x41da, 0x4475, 0x40a8, 0x4192, 0x4449,
    0x4074, 0x4166, 0x4431, 0x4058, 0x4144, 0x441b, 0x4055, 0x4143, 0x4421, 0x407f, 0x4178, 0x443b,
    0x406c, 0x4166, 0x442d, 0x406e, 0x4155, 0x4427, 0x4099, 0x4187, 0x4442, 0x406b, 0x4165, 0x4434,
    0x4060, 0x414f, 0x4428, 0x404a, 0x4149, 0x4422, 0x4051, 0x413b, 0x4420, 0x4042, 0x4133, 0x441d,
    0x4020, 0x411e, 0x4415, 0x4007, 0x4106, 0x440a, 0x4003, 0x4106, 0x440b, 0x3ff8, 0x4100, 0x440f,
    0x4004, 0x410c, 0x4412, 0x404c, 0x414c, 0x4433, 0x4078, 0x4184, 0x445f, 0x40ae, 0x41b5, 0x4473,
    0x4221, 0x433c, 0x454b, 0x4456, 0x44ba, 0x4644, 0x45da, 0x4622, 0x47ab, 0x4677, 0x46a8, 0x4809,
    0x4615, 0x464e, 0x47be, 0x45a6, 0x45f3, 0x4793, 0x45c5, 0x4610, 0x47a7, 0x45b1, 0x45ff, 0x47b3,
    0x44cd, 0x4543, 0x4718, 0x44ec, 0x456c, 0x4731, 0x45b0, 0x4625, 0x47d7, 0x4590, 0x4601, 0x47c4,
    0x401c, 0x404e, 0x3ef5, 0x3e44, 0x3ec0, 0x3e6b, 0x38e3, 0x396c, 0x36f1, 0x36ef, 0x37a9, 0x347f,
    0x4517, 0x451e, 0x45cd, 0x43f0, 0x440f, 0x4454, 0x3563, 0x35a5, 0x3290, 0x4015, 0x400e, 0x3fbe,
    0x38d8, 0x3920, 0x3612, 0x33c4, 0x3447, 0x2e64, 0x40c6, 0x40bb, 0x40c8, 0x4241, 0x4225, 0x4239,
    0x40b8, 0x40c3, 0x40ac, 0x3ad6, 0x3b17, 0x388b, 0x4435, 0x4418, 0x43b5, 0x45a0, 0x4579, 0x44d5,
    0x4137, 0x4248, 0x44b4, 0x413f, 0x424a, 0x44b2, 0x417f, 0x4285, 0x44d5, 0x417b, 0x427b, 0x44c8,
    0x41a8, 0x42aa, 0x44dd, 0x41b4, 0x42af, 0x44e2, 0x41c5, 0x42be, 0x44e8, 0x41b9, 0x42af, 0x44e5,
    0x419c, 0x428d, 0x44d5, 0x419a, 0x427d, 0x44cf, 0x4156, 0x424e, 0x44b7, 0x4164, 0x425d, 0x44b2,
    0x415d, 0x424b, 0x44b3, 0x4170, 0x4261, 0x44c5, 0x4158, 0x423d, 0x44ac, 0x4102, 0x41fc, 0x448b,
    0x40b3, 0x41b4, 0x4460, 0x40a2, 0x4198, 0x444a, 0x4079, 0x4170, 0x443c, 0x407b, 0x417c, 0x443f,
    0x4092, 0x4181, 0x4445, 0x407f, 0x4173, 0x443f, 0x4096, 0x418d, 0x4450, 0x4096, 0x418c, 0x4445,
    0x4077, 0x4177, 0x444b, 0x407b, 0x417e, 0x4448, 0x4089, 0x418b, 0x4451, 0x4085, 0x417e, 0x444c,
    0x4087, 0x418c, 0x4452, 0x40b5, 0x41b6, 0x4468, 0x40cd, 0x41d9, 0x4486, 0x40fe, 0x420a, 0x44a7,
    0x40e9, 0x41e7, 0x449b, 0x40c9, 0x41dd, 0x4491, 0x40e8, 0x41fc, 0x44a8, 0x40d9, 0x41eb, 0x44ac,
    0x4137, 0x4241, 0x44cf, 0x41c9, 0x42c6, 0x4514, 0x440e, 0x4476, 0x4625, 0x44eb, 0x4541, 0x46dc,
    0x465d, 0x4695, 0x4807, 0x46ab, 0x46e0, 0x4834, 0x470f, 0x4747, 0x485b, 0x46ea, 0x4726, 0x4855,
    0x46ac, 0x4703, 0x4842, 0x464b, 0x46ae, 0x4827, 0x45d0, 0x4632, 0x47c4, 0x4626, 0x4692, 0x481b,
    0x4610, 0x466e, 0x4818, 0x4440, 0x44ae, 0x4588, 0x36f2, 0x37ee, 0x2d45, 0x4513, 0x4532, 0x4615,
    0x3f5b, 0x3f8d, 0x405f, 0x44f1, 0x44fb, 0x4585, 0x3c68, 0x3c8b, 0x3ad6, 0x30c2, 0x3110, 0x2d61,
    0x3283, 0x339d, 0x2985, 0x3b12, 0x3b41, 0x3966, 0x435d, 0x433e, 0x4395, 0x3dd6, 0x3de9, 0x3cd2,
    0x3ddc, 0x3df3, 0x3c94, 0x3b00, 0x3b28, 0x3832, 0x44ba, 0x448c, 0x4402, 0x3a51, 0x3a54, 0x37d0,
    0x4135, 0x4245, 0x44b3, 0x414e, 0x425a, 0x44c1, 0x4149, 0x424b, 0x44b0, 0x4185, 0x4286, 0x44d0,
    0x41a8, 0x42a1, 0x44d8, 0x41df, 0x42f2, 0x4506, 0x420b, 0x4308, 0x4516, 0x423a, 0x432c, 0x452f,
    0x4231, 0x431a, 0x4528, 0x420f, 0x42fe, 0x451b, 0x4200, 0x42eb, 0x4511, 0x41cb, 0x42c3, 0x44f5,
    0x41c0, 0x42aa, 0x44f3, 0x41c8, 0x42b3, 0x44f1, 0x4186, 0x427f, 0x44d3, 0x413b, 0x4235, 0x44ad,
    0x4113, 0x41fb, 0x448c, 0x40e5, 0x41dd, 0x447b, 0x40c4, 0x41bb, 0x445e, 0x409c, 0x41a6, 0x4454,
    0x409a, 0x419e, 0x4451, 0x4083, 0x4188, 0x444b, 0x4085, 0x4192, 0x4450, 0x4087, 0x418f, 0x444b,
    0x4088, 0x4191, 0x445a, 0x409d, 0x41a3, 0x4465, 0x409f, 0x41a3, 0x4464, 0x40ca, 0x41c9, 0x447d,
    0x40ed, 0x41f7, 0x449d, 0x4110, 0x420d, 0x44a6, 0x4136, 0x4248, 0x44cf, 0x4191, 0x4292, 0x44f0,
    0x418e, 0x4299, 0x44e9, 0x41d5, 0x42e0, 0x4524, 0x41d6, 0x42e0, 0x4522, 0x41c7, 0x42de, 0x4524,
    0x41be, 0x42db, 0x4533, 0x4241, 0x4350, 0x4577, 0x4276, 0x438f, 0x458f, 0x4455, 0x44bf, 0x467e,
    0x4566, 0x45c5, 0x4770, 0x45f1, 0x4632, 0x47b1, 0x46ff, 0x4744, 0x4858, 0x46db, 0x4719, 0x4851,
    0x475e, 0x4796, 0x487e, 0x47c7, 0x47e9, 0x48a5, 0x47b2, 0x47db, 0x489f, 0x4823, 0x483b, 0x48e2,
    0x4827, 0x484a, 0x4907, 0x3d9f, 0x3e1b, 0x3dfd, 0x3b43, 0x3b6e, 0x38f1, 0x3cec, 0x3d20, 0x3b6e,
    0x4007, 0x4034, 0x3e62, 0x4636, 0x466e, 0x47c8, 0x393d, 0x39c6, 0x369e, 0x38f9, 0x3948, 0x38fd,
    0x2f73, 0x2f6b, 0x2cfc, 0x3821, 0x388f, 0x2f6d, 0x38dd, 0x3926, 0x3392, 0x3c4b, 0x3c35, 0x3bbd,
    0x4529, 0x44f5, 0x44de, 0x3e99, 0x3e86, 0x3c75, 0x4313, 0x42ed, 0x4229, 0x3b70, 0x3b73, 0x3a86,
    0x412c, 0x423c, 0x44bd, 0x4148, 0x4255, 0x44c3, 0x4161, 0x4271, 0x44cf, 0x417e, 0x4281, 0x44d4,
    0x4195, 0x428e, 0x44da, 0x4208, 0x42fb, 0x4514, 0x4250, 0x4350, 0x4542, 0x4270, 0x435e, 0x454c,
    0x4261, 0x435f, 0x4550, 0x4258, 0x4353, 0x4542, 0x424d, 0x4340, 0x4544, 0x41ff, 0x42f0, 0x4510,
    0x41fd, 0x42e9, 0x451b, 0x41fb, 0x42eb, 0x4508, 0x41c1, 0x42b8, 0x44e5, 0x4197, 0x4291, 0x44d6,
    0x4174, 0x4265, 0x44c4, 0x4146, 0x423d, 0x44b4, 0x4130, 0x4237, 0x44aa, 0x410d, 0x4204, 0x4490,
    0x40dd, 0x41e6, 0x448a, 0x40af, 0x41b1, 0x446b, 0x40b1, 0x41b6, 0x4470, 0x40be, 0x41ca, 0x447b,
    0x40c0, 0x41cf, 0x4480, 0x40bc, 0x41d5, 0x4481, 0x40d9, 0x41f2, 0x4499, 0x411b, 0x421d, 0x44b2,
    0x412d, 0x4249, 0x44ce, 0x4178, 0x4289, 0x44fa, 0x41c3, 0x42c7, 0x451a, 0x421b, 0x432a, 0x454d,
    0x4226, 0x4344, 0x455b, 0x427c, 0x4396, 0x4590, 0x4283, 0x438c, 0x4589, 0x4294, 0x4392, 0x4596,
    0x42d3, 0x43da, 0x45af, 0x434e, 0x4427, 0x45f4, 0x437b, 0x443d, 0x4620, 0x43a5, 0x4454, 0x4620,
    0x440a, 0x448f, 0x463f, 0x44ef, 0x4569, 0x472e, 0x458a, 0x4600, 0x47bf, 0x45f7, 0x4653, 0x47ee,
    0x467f, 0x46d0, 0x482f, 0x4784, 0x47b5, 0x4898, 0x47d9, 0x4801, 0x48b7, 0x484c, 0x4856, 0x490a,
    0x485e, 0x4865, 0x490b, 0x4702, 0x472d, 0x481f, 0x399a, 0x39ad, 0x35cb, 0x3df3, 0x3e2a, 0x3c8b,
    0x3ed8, 0x3efe, 0x3e5d, 0x3fbb, 0x3fe9, 0x3d97, 0x39d6, 0x3a49, 0x37b0, 0x35d0, 0x36cf, 0x3150,
    0x328b, 0x33da, 0x28c4, 0x3073, 0x30bd, 0x2c11, 0x40bb, 0x40b7, 0x4028, 0x3ce1, 0x3cf5, 0x3a2e,
    0x4072, 0x4049, 0x4063, 0x45ab, 0x4576, 0x4562, 0x44d1, 0x44ce, 0x4493, 0x347c, 0x3542, 0x2cfa,
    0x40be, 0x41cf, 0x4480, 0x4115, 0x4229, 0x44b2, 0x416e, 0x4280, 0x44db, 0x416c, 0x4263, 0x44cb,
    0x417c, 0x4275, 0x44d5, 0x41df, 0x42d5, 0x4500, 0x426e, 0x4375, 0x4551, 0x4274, 0x436d, 0x4556,
    0x426d, 0x4378, 0x455a, 0x429b, 0x4386, 0x456d, 0x428c, 0x437e, 0x4561, 0x4250, 0x4350, 0x4542,
    0x424d, 0x433c, 0x4540, 0x4258, 0x4355, 0x453a, 0x4250, 0x434c, 0x4540, 0x4237, 0x433e, 0x453c,
    0x4218, 0x4311, 0x4521, 0x41f8, 0x42f1, 0x4515, 0x41b7, 0x42c9, 0x44fa, 0x4188, 0x429c, 0x44e7,
    0x4140, 0x424d, 0x44bd, 0x4108, 0x4215, 0x44a1, 0x40db, 0x41e9, 0x448f, 0x40e0, 0x41ed, 0x4492,
    0x4100, 0x4212, 0x44ab, 0x4102, 0x421b, 0x44b1, 0x411e, 0x4233, 0x44b5, 0x416e, 0x4280, 0x44f0,
    0x4178, 0x4298, 0x44ff, 0x41b6, 0x42d5, 0x451d, 0x423e, 0x435b, 0x456f, 0x429b, 0x43b6, 0x45a5,
    0x428d, 0x43ac, 0x459a, 0x42e3, 0x43f2, 0x45bf, 0x4366, 0x4438, 0x4622, 0x42e9, 0x4405, 0x45bb,
    0x436a, 0x4446, 0x460a, 0x434c, 0x4433, 0x45f5, 0x4386, 0x4444, 0x4611, 0x439a, 0x444d, 0x4633,
    0x4227, 0x42e0, 0x4475, 0x4380, 0x4453, 0x463c, 0x4450, 0x44e3, 0x46d0, 0x44b2, 0x453b, 0x4748,
    0x45fd, 0x467b, 0x4816, 0x471c, 0x476c, 0x4887, 0x479e, 0x47dd, 0x48b4, 0x4856, 0x4867, 0x491d,
    0x48d8, 0x48dc, 0x4998, 0x44eb, 0x44da, 0x44db, 0x419b, 0x4194, 0x4070, 0x42cb, 0x42b8, 0x4234,
    0x4007, 0x3fe6, 0x3f5f, 0x3d04, 0x3d27, 0x3b31, 0x3f7d, 0x3fcc, 0x3e4b, 0x3d40, 0x3d95, 0x3c2c,
    0x350c, 0x359d, 0x2e89, 0x3c38, 0x3c49, 0x3b91, 0x2dd3, 0x2d83, 0x2b2f, 0x4203, 0x4210, 0x4130,
    0x3899, 0x38f1, 0x35d7, 0x337f, 0x3385, 0x30e9, 0x3c11, 0x3c2f, 0x3825, 0x387c, 0x38bb, 0x3260,
    0x40c4, 0x41cf, 0x447b, 0x40fe, 0x4207, 0x44a0, 0x416d, 0x426c, 0x44d9, 0x4193, 0x428e, 0x44ef,
    0x4180, 0x4285, 0x44e1, 0x41bb, 0x42c7, 0x44f8, 0x421f, 0x432d, 0x4530, 0x427c, 0x437d, 0x4560,
    0x42a7, 0x4392, 0x4570, 0x42c3, 0x43b5, 0x457e, 0x42e9, 0x43dd, 0x4588, 0x42d4, 0x43c5, 0x457f,
    0x42a0, 0x4392, 0x456b, 0x42b9, 0x43ae, 0x4575, 0x42d7, 0x43d5, 0x4591, 0x42b7, 0x43b5, 0x4572,
    0x4284, 0x4392, 0x4564, 0x4293, 0x4395, 0x4561, 0x4285, 0x4390, 0x456b, 0x4244, 0x435d, 0x4549,
    0x4204, 0x430d, 0x4522, 0x41b6, 0x42c6, 0x4504, 0x417c, 0x4286, 0x44e6, 0x4178, 0x428d, 0x44ee,
    0x4168, 0x4278, 0x44e4, 0x4198, 0x42aa, 0x44f5, 0x41d1, 0x42eb, 0x452a, 0x41cc, 0x42ea, 0x452d,
    0x41ee, 0x431b, 0x4546, 0x4220, 0x4357, 0x456a, 0x42b2, 0x43de, 0x45ba, 0x42fa, 0x4410, 0x45dd,
    0x42f0, 0x4406, 0x45d4, 0x434b, 0x4432, 0x4601, 0x407c, 0x40de, 0x4244, 0x3ba6, 0x3b46, 0x3afb,
    0x3ca8, 0x3c5e, 0x3c40, 0x3a5b, 0x39da, 0x392b, 0x3ee2, 0x3f48, 0x406d, 0x41cd, 0x427c, 0x4490,
    0x3756, 0x36f8, 0x3503, 0x3e18, 0x3dde, 0x3d61, 0x4461, 0x44e8, 0x46e4, 0x4481, 0x4520, 0x46f5,
    0x445b, 0x4509, 0x46f7, 0x44dd, 0x456b, 0x4748, 0x4611, 0x467c, 0x4814, 0x482d, 0x484e, 0x4918,
    0x4898, 0x48a3, 0x494b, 0x3f6d, 0x3f68, 0x3d87, 0x45fa, 0x45e0, 0x459a, 0x4857, 0x4838, 0x4868,
    0x4818, 0x4802, 0x482e, 0x46cf, 0x46a4, 0x473a, 0x455a, 0x453b, 0x45fb, 0x45a1, 0x45af, 0x4627,
    0x3d4d, 0x3d6c, 0x3a3a, 0x443c, 0x443f, 0x4410, 0x4832, 0x4811, 0x47ea, 0x3bea, 0x3b94, 0x3b30,
    0x3977, 0x39c2, 0x37b4, 0x3f4e, 0x3f3a, 0x3d81, 0x3bb1, 0x3b8d, 0x38d6, 0x4745, 0x46f5, 0x46c6,
    0x2e98, 0x2d66, 0x2c39, 0x2c0e, 0x2a8c, 0x2997, 0x2da7, 0x2c94, 0x2c4c, 0x2e8f, 0x2dc3, 0x2c86,
    0x3066, 0x303b, 0x3005, 0x2ef8, 0x2dd1, 0x2ccd, 0x3083, 0x2f69, 0x2e19, 0x2f0e, 0x2e87, 0x2e67,
    0x319e, 0x3094, 0x2f26, 0x316a, 0x303c, 0x2e6c, 0x342b, 0x3302, 0x2fc0, 0x33ec, 0x3187, 0x2e87,
    0x32ab, 0x316d, 0x2efe, 0x344a, 0x3306, 0x315b, 0x31eb, 0x3132, 0x30f0, 0x33db, 0x3185, 0x2f52,
    0x30e7, 0x2fa7, 0x2d48, 0x2c7e, 0x2a8b, 0x2980, 0x2f0a, 0x2cec, 0x2b74, 0x2e51, 0x2c35, 0x2a2f,
    0x335c, 0x31ba, 0x3053, 0x3450, 0x3379, 0x3213, 0x3382, 0x319d, 0x2f9d, 0x3049, 0x2ee1, 0x2dda,
    0x3455, 0x3205, 0x2ecb, 0x3593, 0x3377, 0x3023, 0x309a, 0x2e92, 0x2c8f, 0x3153, 0x3057, 0x2c96,
    0x326d, 0x32ac, 0x2c0e, 0x3099, 0x2e10, 0x2b2d, 0x3120, 0x2df5, 0x2a10, 0x360e, 0x3406, 0x3048,
    0x3428, 0x326e, 0x3049, 0x31cb, 0x2fcf, 0x2ccb, 0x3002, 0x2e65, 0x2c72, 0x3425, 0x3215, 0x2fca,
    0x2970, 0x280a, 0x24cb, 0x2916, 0x2878, 0x26df, 0x21d5, 0x207b, 0x1eec, 0x2c07, 0x286e, 0x24fa,
    0x2521, 0x2274, 0x201d, 0x28f8, 0x280e, 0x2594, 0x2b9a, 0x2999, 0x2780, 0x31d5, 0x3115, 0x2e67,
    0x30fa, 0x303a, 0x2ca1, 0x33b7, 0x3275, 0x2e2a, 0x3155, 0x304e, 0x2c5b, 0x34ff, 0x3386, 0x2fcc,
    0x2cbd, 0x2b4a, 0x291d, 0x3029, 0x2df0, 0x2bf0, 0x2ef5, 0x2d27, 0x2c4d, 0x30a1, 0x2e74, 0x2c96,
    0x354c, 0x336d, 0x310f, 0x3110, 0x2ea9, 0x2ba5, 0x2e3a, 0x2c79, 0x299f, 0x27ec, 0x25d1, 0x222c,
    0x2e74, 0x2d4c, 0x2b8e, 0x2af9, 0x2cdf, 0x243b, 0x2b3d, 0x2d92, 0x1f49, 0x307a, 0x2ffb, 0x299d,
    0x3520, 0x3252, 0x2f9e, 0x2dd2, 0x2c52, 0x2910, 0x2ac3, 0x2963, 0x2613, 0x2d74, 0x2c51, 0x2aaf,
    0x2e79, 0x2d6d, 0x2c58, 0x2ecc, 0x2cd1, 0x2b71, 0x2f1e, 0x2ddf, 0x2cd5, 0x3155, 0x303d, 0x2ed8,
    0x2ecf, 0x2e47, 0x2d9f, 0x2edc, 0x2db9, 0x2c5a, 0x2fca, 0x2da1, 0x2c20, 0x3060, 0x2f70, 0x2d37,
    0x312e, 0x2f5c, 0x2cfa, 0x302d, 0x2f67, 0x2e3d, 0x35b9, 0x33f5, 0x30ff, 0x3433, 0x3292, 0x316a,
    0x33a4, 0x31ad, 0x2fd5, 0x30c8, 0x2fac, 0x2e40, 0x32bc, 0x30ea, 0x2f49, 0x34d8, 0x334c, 0x305a,
    0x30fc, 0x2e90, 0x2c0b, 0x2ec5, 0x2cf0, 0x2bf8, 0x3090, 0x2fe3, 0x2f00, 0x2ffd, 0x2e9f, 0x2d3a,
    0x35fd, 0x3477, 0x318d, 0x345d, 0x32f1, 0x3176, 0x33ce, 0x320e, 0x303f, 0x2fab, 0x2d57, 0x2b84,
    0x2f99, 0x2e2d, 0x2dd4, 0x2f77, 0x2e33, 0x2d7e, 0x2e80, 0x2d03, 0x2bfa, 0x32da, 0x3299, 0x312d,
    0x2d34, 0x2ca7, 0x2c1b, 0x344d, 0x31e6, 0x2f73, 0x3601, 0x32a3, 0x2e09, 0x3460, 0x330a, 0x30e6,
    0x32a6, 0x313a, 0x2f55, 0x30c6, 0x2e7d, 0x2c58, 0x31d0, 0x3002, 0x2d45, 0x2ec8, 0x2cc2, 0x2a72,
    0x2c8b, 0x2a18, 0x2596, 0x26d6, 0x2549, 0x2444, 0x242d, 0x2232, 0x206f, 0x2996, 0x251a, 0x1e26,
    0x2cc5, 0x2b61, 0x2920, 0x2c32, 0x2afa, 0x2825, 0x2a83, 0x289c, 0x25b7, 0x2a20, 0x293d, 0x2675,
    0x2d98, 0x2c87, 0x2719, 0x31e3, 0x30da, 0x2c46, 0x3224, 0x30b2, 0x2cfa, 0x31a5, 0x2faf, 0x2cb0,
    0x2dfb, 0x2cc6, 0x2a31, 0x2f6f, 0x2c9e, 0x29dc, 0x31f2, 0x303f, 0x2df0, 0x2fe4, 0x2dd9, 0x2c17,
    0x315a, 0x2dfc, 0x2a44, 0x2c9d, 0x2a65, 0x26aa, 0x2cbc, 0x2a0f, 0x26f9, 0x2a58, 0x2726, 0x2453,
    0x297b, 0x29ee, 0x240a, 0x2bb2, 0x2c03, 0x26fd, 0x2bfe, 0x2a0a, 0x2645, 0x2c0d, 0x29a6, 0x209a,
    0x2d02, 0x2b7d, 0x27b1, 0x280f, 0x26fa, 0x2390, 0x2c3f, 0x2ae2, 0x28dc, 0x2cc5, 0x2b9a, 0x29b2,
    0x2e0d, 0x2c9a, 0x2a60, 0x303a, 0x2d54, 0x2b90, 0x2c33, 0x2b21, 0x299f, 0x2edb, 0x2d7e, 0x2c03,
    0x2d87, 0x2d18, 0x2cb6, 0x3199, 0x3108, 0x3031, 0x2e2a, 0x2d55, 0x2c1a, 0x301d, 0x2f06, 0x2da3,
    0x2fcd, 0x2e3b, 0x2d44, 0x3399, 0x321e, 0x3089, 0x347f, 0x31ad, 0x2edb, 0x32eb, 0x3127, 0x2f95,
    0x310e, 0x302c, 0x2f1d, 0x32c0, 0x31a6, 0x30a4, 0x348c, 0x3448, 0x305b, 0x3182, 0x30a6, 0x2f7a,
    0x30ce, 0x2f1c, 0x2cfe, 0x3057, 0x2e8d, 0x2cef, 0x302f, 0x3026, 0x301d, 0x33eb, 0x3160, 0x2dec,
    0x34d8, 0x3407, 0x3244, 0x3293, 0x3110, 0x2f8d, 0x32ae, 0x310b, 0x2fbb, 0x300a, 0x2e7b, 0x2db5,
    0x3083, 0x2f35, 0x2dea, 0x3194, 0x304a, 0x2e1c, 0x2de0, 0x2cb9, 0x2c27, 0x2e1e, 0x2d72, 0x2c90,
    0x2e63, 0x2d50, 0x2b9c, 0x331d, 0x3138, 0x2f08, 0x3054, 0x2f53, 0x2d77, 0x31a6, 0x3009, 0x2d5d,
    0x3024, 0x2e71, 0x2cb4, 0x32f0, 0x30e7, 0x2e57, 0x33a7, 0x3103, 0x2f0d, 0x307b, 0x2f62, 0x2dd1,
    0x29af, 0x2734, 0x22b5, 0x2519, 0x2480, 0x228d, 0x22a3, 0x20b9, 0x1e20, 0x30cb, 0x2ce9, 0x2882,
    0x2dd9, 0x2ccc, 0x2b06, 0x32c0, 0x3061, 0x2d96, 0x2ff1, 0x2dac, 0x2aa9, 0x2952, 0x2896, 0x2613,
    0x3360, 0x3201, 0x2f01, 0x32ad, 0x30ce, 0x2dc8, 0x325e, 0x3065, 0x2dc2, 0x2d5a, 0x2c01, 0x292b,
    0x31ab, 0x2fa8, 0x2cd8, 0x339d, 0x319b, 0x2f8b, 0x2ff5, 0x2d7b, 0x2b06, 0x3048, 0x2d44, 0x2b51,
    0x2d82, 0x2b67, 0x271c, 0x2d0d, 0x2adb, 0x2825, 0x314e, 0x2f51, 0x290a, 0x2ab8, 0x28b5, 0x256f,
    0x25bd, 0x27e0, 0x1d2e, 0x2669, 0x2453, 0x1f57, 0x2a9f, 0x283c, 0x2495, 0x2d04, 0x2ba8, 0x28b7,
    0x2684, 0x2730, 0x20c4, 0x267e, 0x253e, 0x1fdd, 0x2c44, 0x2a23, 0x28a2, 0x2d35, 0x2b61, 0x290a,
    0x314b, 0x2ede, 0x2b72, 0x2edd, 0x2c52, 0x2a42, 0x3264, 0x3101, 0x301d, 0x385c, 0x3609, 0x344f,
    0x3083, 0x2f2b, 0x2cd6, 0x3002, 0x2de1, 0x2c21, 0x303b, 0x2ea4, 0x2d2d, 0x2e29, 0x2d9c, 0x2ce7,
    0x2c9c, 0x2b2c, 0x2a5a, 0x2cdb, 0x2afa, 0x28fc, 0x3064, 0x2e45, 0x2c60, 0x34f4, 0x328b, 0x2f97,
    0x2f41, 0x2e3e, 0x2df7, 0x324d, 0x316f, 0x3006, 0x312f, 0x30a9, 0x300b, 0x2fbe, 0x2f50, 0x2e89,
    0x331f, 0x316b, 0x3043, 0x2f56, 0x2f27, 0x2f11, 0x2f51, 0x2e0f, 0x2db1, 0x346e, 0x32cc, 0x3130,
    0x31ff, 0x30e6, 0x2fdb, 0x323d, 0x3110, 0x2fa2, 0x2d9b, 0x2e25, 0x2e9e, 0x2f1e, 0x2f1a, 0x2f64,
    0x33a2, 0x3214, 0x3065, 0x31ab, 0x2fd3, 0x2c8e, 0x3137, 0x2fa7, 0x2d1e, 0x312c, 0x306d, 0x2fc8,
    0x348e, 0x3277, 0x300f, 0x37a3, 0x3484, 0x3087, 0x2c44, 0x2bb1, 0x2b03, 0x2cf1, 0x2c36, 0x2aef,
    0x2f54, 0x2d73, 0x2b09, 0x2e0d, 0x2cbd, 0x2b48, 0x29c0, 0x2880, 0x26eb, 0x309b, 0x2f94, 0x2dc8,
    0x2ac3, 0x2917, 0x26d6, 0x26a8, 0x2552, 0x23a6, 0x2a11, 0x26cb, 0x2017, 0x3029, 0x2d40, 0x298b,
    0x2f53, 0x2ddb, 0x2b8b, 0x2eea, 0x2c6a, 0x2912, 0x35a4, 0x3284, 0x2e57, 0x3185, 0x2f14, 0x2c1c,
    0x2e97, 0x2ce2, 0x2b00, 0x2f01, 0x2cd3, 0x2b80, 0x3067, 0x2e2a, 0x2c1b, 0x303d, 0x2eac, 0x2cae,
    0x316a, 0x2f95, 0x2d55, 0x2e21, 0x2c7b, 0x299f, 0x2db7, 0x2bdf, 0x2946, 0x2fb3, 0x2d42, 0x2a72,
    0x2a84, 0x288f, 0x2530, 0x2ec2, 0x2cd6, 0x292a, 0x2f44, 0x2d05, 0x2993, 0x2813, 0x25c1, 0x1e72,
    0x26a5, 0x241f, 0x213f, 0x298a, 0x2865, 0x2629, 0x2ccb, 0x2b84, 0x2936, 0x2c88, 0x2b6e, 0x25c2,
    0x2860, 0x26c5, 0x23e0, 0x2991, 0x2768, 0x252d, 0x2d77, 0x2b4b, 0x2843, 0x2a64, 0x28d1, 0x270b,
    0x2e12, 0x2cb5, 0x2885, 0x2d8a, 0x2c0e, 0x2aaf, 0x316f, 0x2f9d, 0x2d89, 0x38e8, 0x372a, 0x3544,
    0x305d, 0x2e56, 0x2c9c, 0x35df, 0x3438, 0x325b, 0x2ef5, 0x2e38, 0x2d89, 0x300d, 0x3010, 0x302c,
    0x2d0e, 0x2cc8, 0x2cd8, 0x2c70, 0x2b3e, 0x2a67, 0x3217, 0x30bd, 0x2f01, 0x2f1a, 0x2eb7, 0x2e4d,
    0x323e, 0x30c0, 0x2eb7, 0x32ef, 0x3220, 0x306e, 0x3150, 0x305a, 0x2ea3, 0x3154, 0x2f1b, 0x2c46,
    0x342b, 0x32cf, 0x3164, 0x3101, 0x2f9c, 0x2e17, 0x2f14, 0x2f08, 0x2f90, 0x31e4, 0x30a9, 0x2f4e,
    0x2ea7, 0x2e35, 0x2d9f, 0x2d3c, 0x2c12, 0x2aba, 0x34f9, 0x2ed4, 0x2b50, 0x30b0, 0x2f8c, 0x2d7b,
    0x2eea, 0x2d8b, 0x2cbf, 0x319e, 0x3145, 0x305f, 0x33e6, 0x3270, 0x30ce, 0x3271, 0x308f, 0x2d6f,
    0x326e, 0x31c9, 0x316c, 0x2e49, 0x2c5b, 0x29f3, 0x30af, 0x3016, 0x2e8f, 0x2ded, 0x2d30, 0x2ca1,
    0x2c65, 0x2c1d, 0x2c1d, 0x2a73, 0x28ea, 0x278d, 0x2d1b, 0x2bee, 0x29ec, 0x2ecd, 0x2d71, 0x2bdb,
    0x27ba, 0x257c, 0x231b, 0x2296, 0x20bc, 0x1e0a, 0x3102, 0x2e18, 0x29bc, 0x2f61, 0x2def, 0x2c54,
    0x2886, 0x2717, 0x25e0, 0x3336, 0x30d5, 0x2cfb, 0x2c29, 0x29ae, 0x2621, 0x2fc8, 0x2d85, 0x2b2a,
    0x322c, 0x30bc, 0x2f3b, 0x29c8, 0x28dc, 0x2843, 0x2c2b, 0x2a2d, 0x2794, 0x2a75, 0x2818, 0x2522,
    0x2c10, 0x294d, 0x2725, 0x2bc8, 0x2a1d, 0x27a3, 0x2d07, 0x2b24, 0x28dd, 0x2ace, 0x28f3, 0x25ea,
    0x2ec9, 0x2d21, 0x2b6e, 0x2a7f, 0x2878, 0x25d5, 0x2f9f, 0x2cb5, 0x2a1a, 0x2d1e, 0x2b25, 0x291e,
    0x24de, 0x2370, 0x20d3, 0x2a86, 0x2920, 0x2784, 0x293f, 0x25a4, 0x225a, 0x305f, 0x2dfa, 0x2af9,
    0x2c54, 0x2a60, 0x2590, 0x2703, 0x25cb, 0x2251, 0x2c0c, 0x2b1b, 0x2835, 0x2933, 0x2905, 0x28a7,
    0x2ca8, 0x290e, 0x250b, 0x2c1e, 0x2a82, 0x2842, 0x2fe8, 0x2d87, 0x2c2c, 0x2fe8, 0x2ed2, 0x2c8a,
    0x2e0b, 0x2d16, 0x2c80, 0x360a, 0x2ea5, 0x2d3e, 0x2e97, 0x2dba, 0x2cef, 0x2f92, 0x2e0e, 0x2d19,
    0x2eda, 0x2dc8, 0x2cf8, 0x321a, 0x30a4, 0x2dee, 0x2fdb, 0x2fe6, 0x2fdc, 0x2fd4, 0x2e7f, 0x2cf3,
    0x2feb, 0x2efe, 0x2de5, 0x3174, 0x3087, 0x2e70, 0x3247, 0x312f, 0x301e, 0x34f9, 0x3403, 0x3188,
    0x32d3, 0x3183, 0x2f3a, 0x30f1, 0x30e2, 0x308d, 0x2cd4, 0x2c5b, 0x2ca7, 0x30a6, 0x2f9c, 0x2e89,
    0x30ab, 0x305e, 0x3046, 0x33e7, 0x3272, 0x320e, 0x30a5, 0x301d, 0x3064, 0x30a5, 0x3056, 0x3059,
    0x306c, 0x2eaa, 0x2d6a, 0x321c, 0x3076, 0x2e5a, 0x3015, 0x2e8a, 0x2df6, 0x3340, 0x31ed, 0x3078,
    0x300c, 0x2ebe, 0x2d46, 0x2c64, 0x2b2f, 0x2b1f, 0x2e50, 0x2df4, 0x2e3d, 0x2e98, 0x2e3f, 0x2d5a,
    0x2ba2, 0x2a40, 0x2890, 0x2c96, 0x2bbb, 0x2aa8, 0x2dee, 0x2cd2, 0x2b22, 0x2c89, 0x2b71, 0x2953,
    0x284a, 0x26c9, 0x248c, 0x2589, 0x2382, 0x201f, 0x308b, 0x2d9b, 0x29d2, 0x2da4, 0x2ca7, 0x2b03,
    0x2b30, 0x2978, 0x27a3, 0x2a20, 0x285a, 0x2532, 0x2d4d, 0x2b8f, 0x29a8, 0x304e, 0x2ee0, 0x2d01,
    0x3215, 0x30ff, 0x2ef8, 0x2cb4, 0x2aca, 0x28d6, 0x2f33, 0x2d1a, 0x2b06, 0x2bc2, 0x2962, 0x2786,
    0x2c92, 0x29cf, 0x2784, 0x2cde, 0x2c04, 0x2a5f, 0x2948, 0x272b, 0x2481, 0x2cce, 0x2a1f, 0x270b,
    0x29a6, 0x2817, 0x251a, 0x2cb5, 0x2ac6, 0x2837, 0x2ad9, 0x28d7, 0x2687, 0x25e8, 0x2554, 0x24ae,
    0x280a, 0x2693, 0x2409, 0x294b, 0x2834, 0x264f, 0x2b0d, 0x2806, 0x24ed, 0x2ce8, 0x2aff, 0x2835,
    0x2988, 0x2954, 0x23ab, 0x2a8b, 0x2913, 0x260e, 0x2840, 0x2641, 0x2479, 0x281d, 0x2433, 0x211f,
    0x306d, 0x2e17, 0x2b87, 0x2da7, 0x2ce8, 0x2a8d, 0x2f89, 0x2e18, 0x2ca8, 0x3103, 0x2ef8, 0x2c6e,
    0x30e8, 0x2fa0, 0x2d96, 0x2e9f, 0x2dad, 0x2ce0, 0x2cd9, 0x2bb6, 0x2ae7, 0x328e, 0x300a, 0x2c51,
    0x2fa9, 0x2e56, 0x2d02, 0x2f1d, 0x2e30, 0x2d37, 0x2f5c, 0x2f1e, 0x2f57, 0x30b0, 0x2ec3, 0x2ac9,
    0x32a2, 0x3195, 0x2f61, 0x3329, 0x3164, 0x2f41, 0x30ac, 0x2ff8, 0x2ea5, 0x31eb, 0x30c8, 0x2f09,
    0x324d, 0x311c, 0x2fd1, 0x3003, 0x2ef5, 0x2e8f, 0x2f25, 0x2ea5, 0x2de6, 0x311f, 0x3076, 0x2f6c,
    0x2e40, 0x2d90, 0x2d13, 0x2cf0, 0x2d02, 0x2ce0, 0x2e2f, 0x2d24, 0x2bda, 0x2eee, 0x2ee9, 0x2f19,
    0x3240, 0x3108, 0x3001, 0x2e92, 0x2df8, 0x2db5, 0x30a6, 0x2fbc, 0x2dc5, 0x325e, 0x3192, 0x30a9,
    0x3085, 0x2e62, 0x2cc1, 0x2c6d, 0x2b61, 0x2a1f, 0x2f23, 0x2e29, 0x2d09, 0x30c2, 0x2fc1, 0x2e09,
    0x2f7a, 0x2e36, 0x2d6d, 0x2a0b, 0x298e, 0x29a0, 0x2eee, 0x2dda, 0x2c77, 0x276f, 0x2653, 0x24cf,
    0x27ba, 0x27e1, 0x22ce, 0x2628, 0x25a1, 0x24dd, 0x2909, 0x276a, 0x24b0, 0x2d5f, 0x2c37, 0x29c5,
    0x2ae0, 0x28f7, 0x2662, 0x293a, 0x27b0, 0x25ad, 0x2cdb, 0x2ac3, 0x2954, 0x2de9, 0x2c8d, 0x2b9b,
    0x25ad, 0x2350, 0x1f59, 0x2755, 0x24d3, 0x215b, 0x2985, 0x2837, 0x2624, 0x2e81, 0x2e3d, 0x2cae,
    0x2c89, 0x2c20, 0x2b2e, 0x2e21, 0x2b9e, 0x28cc, 0x2eba, 0x2d00, 0x298d, 0x28b4, 0x26c0, 0x24d3,
    0x2b8e, 0x2919, 0x261e, 0x29f6, 0x284a, 0x2502, 0x33ef, 0x329d, 0x2f0e, 0x2b8d, 0x2a1e, 0x26dd,
    0x2ff9, 0x2f09, 0x2c99, 0x3013, 0x2f82, 0x2e77, 0x2e1e, 0x2c0d, 0x28ab, 0x30d2, 0x2e73, 0x2b43,
    0x2980, 0x285b, 0x2525, 0x2999, 0x284c, 0x267c, 0x2961, 0x288f, 0x26e7, 0x2884, 0x267a, 0x24a7,
    0x29f8, 0x2864, 0x2663, 0x2c93, 0x2baf, 0x29da, 0x2ec9, 0x2d55, 0x28f8, 0x326d, 0x3018, 0x2c9a,
    0x2b3f, 0x29ec, 0x2877, 0x338e, 0x308f, 0x2f33, 0x2dfa, 0x2d42, 0x2cb0, 0x2dde, 0x2d3c, 0x2cdc,
    0x2e2f, 0x2dd9, 0x2d9e, 0x3097, 0x3009, 0x2ee1, 0x33c6, 0x32b6, 0x310d, 0x3464, 0x30fe, 0x2de5,
    0x2cc5, 0x2c24, 0x2b4b, 0x2ecd, 0x2d58, 0x2c1d, 0x3498, 0x3334, 0x314b, 0x3085, 0x3009, 0x3003,
    0x2fa3, 0x2e5c, 0x2d95, 0x309c, 0x3009, 0x2ec1, 0x2f69, 0x2f13, 0x2edc, 0x3058, 0x2f85, 0x2e48,
    0x30ae, 0x2f63, 0x2dca, 0x2e68, 0x2d49, 0x2c44, 0x2ae6, 0x2a08, 0x28de, 0x2ef0, 0x2d52, 0x2bfb,
    0x2c47, 0x2ac5, 0x28d0, 0x3226, 0x313d, 0x3031, 0x33f2, 0x3262, 0x30f7, 0x2d12, 0x2cd0, 0x2c53,
    0x3004, 0x2f03, 0x2da4, 0x3184, 0x2fdb, 0x2d33, 0x2fd2, 0x2e52, 0x2cd3, 0x2de1, 0x2d52, 0x2d08,
    0x2bbc, 0x2ac6, 0x2a81, 0x2e4b, 0x2cda, 0x2a79, 0x2697, 0x25a2, 0x2438, 0x2a94, 0x2a80, 0x2a81,
    0x25fe, 0x2634, 0x25df, 0x2841, 0x28b3, 0x267c, 0x292b, 0x28c8, 0x2233, 0x2b7d, 0x2a85, 0x2979,
    0x2772, 0x25c8, 0x2428, 0x2866, 0x27b3, 0x268c, 0x2884, 0x2765, 0x25f7, 0x2a75, 0x2855, 0x2600,
    0x2a24, 0x289b, 0x26f1, 0x28fe, 0x2824, 0x2723, 0x2c3c, 0x2b89, 0x2a1f, 0x286b, 0x2690, 0x248a,
    0x26a9, 0x2559, 0x2541, 0x2d99, 0x2a27, 0x272b, 0x2eda, 0x2da4, 0x2cc4, 0x29ba, 0x2881, 0x263f,
    0x2c0a, 0x29d5, 0x2865, 0x2925, 0x27b3, 0x259c, 0x2ac0, 0x28f2, 0x26c5, 0x281f, 0x25a7, 0x242a,
    0x2a66, 0x2708, 0x24d2, 0x2a20, 0x2a3b, 0x29fb, 0x2cb9, 0x2b55, 0x2910, 0x299b, 0x2801, 0x250c,
    0x2ba0, 0x29a6, 0x2838, 0x2acb, 0x2911, 0x26fa, 0x2951, 0x2786, 0x24d8, 0x294e, 0x27be, 0x2570,
    0x2872, 0x288a, 0x26c5, 0x2d5e, 0x2c46, 0x2a39, 0x3549, 0x3365, 0x317c, 0x374e, 0x3552, 0x33e2,
    0x33ab, 0x31e5, 0x305c, 0x3094, 0x3032, 0x2d3b, 0x2d7d, 0x2c69, 0x2b3b, 0x2f03, 0x2e4a, 0x2de8,
    0x3086, 0x2faf, 0x2e59, 0x30e0, 0x311a, 0x30c1, 0x2d65, 0x2ca0, 0x2bb4, 0x32ba, 0x30ab, 0x2d72,
    0x321d, 0x310a, 0x2f9f, 0x365a, 0x34c7, 0x31bd, 0x2e7b, 0x2d7a, 0x2bc7, 0x2fe5, 0x2e9b, 0x2d53,
    0x30a0, 0x2ecd, 0x2cdf, 0x2f6c, 0x2f11, 0x2e9a, 0x3025, 0x2f3d, 0x2e03, 0x2f5c, 0x2eaf, 0x2e1e,
    0x2ca8, 0x2b89, 0x2a69, 0x282d, 0x2721, 0x25e3, 0x2e57, 0x2db9, 0x2cbd, 0x2f9f, 0x2df6, 0x2d03,
    0x2f42, 0x2e50, 0x2da3, 0x2f7d, 0x2eae, 0x2e0a, 0x2e8c, 0x2d06, 0x2c4c, 0x30c0, 0x2f4e, 0x2d4e,
    0x3341, 0x310d, 0x2e6d, 0x2e59, 0x2e2b, 0x2e5f, 0x3327, 0x324c, 0x312d, 0x2cd8, 0x2ca1, 0x2cd2,
    0x2c6d, 0x2b54, 0x29f1, 0x308a, 0x2fda, 0x2db5, 0x27cc, 0x26b4, 0x2658, 0x2a14, 0x291b, 0x28a9,
    0x2a9e, 0x2977, 0x286a, 0x283d, 0x283a, 0x28b9, 0x29fe, 0x28c6, 0x2781, 0x2667, 0x2578, 0x246a,
    0x2868, 0x28db, 0x28e6, 0x2929, 0x28b0, 0x2893, 0x2e00, 0x2c50, 0x28f0, 0x286b, 0x2811, 0x26f6,
    0x2691, 0x2483, 0x21aa, 0x327b, 0x3162, 0x2f83, 0x2ace, 0x2912, 0x277a, 0x2b7b, 0x2988, 0x27a1,
    0x288d, 0x26d9, 0x2523, 0x2c7f, 0x29d7, 0x281f, 0x288b, 0x258b, 0x2321, 0x28fb, 0x27cd, 0x25ec,
    0x2bea, 0x2b20, 0x293e, 0x2c9f, 0x2c09, 0x2aff, 0x2b25, 0x29d2, 0x28f5, 0x2a82, 0x28d8, 0x2682,
    0x2a9e, 0x29bf, 0x28ac, 0x2a2c, 0x2897, 0x26e5, 0x2953, 0x27d6, 0x2546, 0x2ad1, 0x2952, 0x2874,
    0x2a9e, 0x28bd, 0x278c, 0x2990, 0x2881, 0x2707, 0x294f, 0x27ae, 0x25f3, 0x2aae, 0x28fc, 0x2781,
    0x30ef, 0x2dfa, 0x2ad6, 0x2c71, 0x2b37, 0x297b, 0x2d72, 0x2c67, 0x29f3, 0x317d, 0x3022, 0x2e50,
    0x3160, 0x3046, 0x2d7c, 0x2d86, 0x2cdb, 0x2bd6, 0x2ceb, 0x2c6a, 0x2c44, 0x2ddd, 0x2d98, 0x2c16,
    0x2caa, 0x2c8b, 0x2d27, 0x2fc1, 0x2f13, 0x2e01, 0x301a, 0x2e98, 0x2cd1, 0x3089, 0x3024, 0x2edb,
    0x31fa, 0x3124, 0x3022, 0x2d74, 0x2c53, 0x2b2d, 0x2e28, 0x2da9, 0x2d4b, 0x31f7, 0x307c, 0x2df9,
    0x30ee, 0x3053, 0x2eb4, 0x2c59, 0x2d2f, 0x2da3, 0x2ef8, 0x2e4b, 0x2d56, 0x3089, 0x2fdd, 0x2eec,
    0x3163, 0x309b, 0x2f72, 0x2da5, 0x2d46, 0x2d27, 0x2e01, 0x2d43, 0x2c91, 0x2e58, 0x2d04, 0x2a93,
    0x32cf, 0x31e0, 0x30d4, 0x3001, 0x2e6b, 0x2cef, 0x2f63, 0x2f49, 0x2f4b, 0x2cc9, 0x2b3d, 0x2973,
    0x313e, 0x2fbc, 0x2d76, 0x2db5, 0x2cf9, 0x2c58, 0x2c85, 0x2b0a, 0x2a2f, 0x2ceb, 0x2c27, 0x2c30,
    0x2e41, 0x2d3b, 0x2c80, 0x2eca, 0x2da7, 0x2c55, 0x2a56, 0x28d8, 0x26f7, 0x2c6c, 0x2c27, 0x2bb8,
    0x2cae, 0x2bb5, 0x2a5c, 0x2b75, 0x2a37, 0x291b, 0x291b, 0x2882, 0x27d0, 0x3009, 0x2f27, 0x2de3,
    0x2bc7, 0x2b82, 0x2b17, 0x2c6b, 0x2a50, 0x27b5, 0x300a, 0x2cf7, 0x2833, 0x2b8b, 0x2a36, 0x292f,
    0x31a3, 0x2f30, 0x2d8e, 0x2c89, 0x2a39, 0x286a, 0x29b3, 0x28bc, 0x2758, 0x2ed5, 0x2d5d, 0x2ba7,
    0x2a86, 0x2ae6, 0x2af5, 0x2e86, 0x2dab, 0x2cd4, 0x2c77, 0x2b06, 0x2942, 0x2963, 0x285a, 0x26cd,
    0x2a44, 0x29b2, 0x289a, 0x2bc7, 0x2aec, 0x2a3a, 0x2aa7, 0x2a60, 0x2a06, 0x2b02, 0x2919, 0x26e3,
    0x2af6, 0x29d3, 0x28b2, 0x2999, 0x288a, 0x27a3, 0x2a93, 0x29ae, 0x2874, 0x2c03, 0x2c31, 0x2c5e,
    0x2af8, 0x29f3, 0x291b, 0x2897, 0x2822, 0x2765, 0x2b4d, 0x2aa1, 0x2a03, 0x2a23, 0x2a10, 0x2a77,
    0x29c1, 0x2931, 0x28ed, 0x295d, 0x28c4, 0x24d4, 0x2e81, 0x2e4f, 0x2d2c, 0x2ce8, 0x2bd3, 0x2996,
    0x2e6c, 0x2d8a, 0x2b2e, 0x2e91, 0x2e37, 0x2e31, 0x2c5b, 0x2c52, 0x2b52, 0x30ae, 0x3018, 0x2eab,
    0x304a, 0x2f9e, 0x2e13, 0x3082, 0x2f7d, 0x2e9f, 0x2e69, 0x2e1d, 0x2d8f, 0x2e9a, 0x2dd7, 0x2cf4,
    0x2e2d, 0x2d55, 0x2c9e, 0x3087, 0x2efb, 0x2d2f, 0x2b0f, 0x2a30, 0x2864, 0x2ef2, 0x2fa5, 0x2f92,
    0x2d28, 0x2cf7, 0x2d05, 0x2db8, 0x2d5e, 0x2c54, 0x2fc3, 0x2e21, 0x2cb6, 0x3119, 0x2f75, 0x2d31,
    0x2fac, 0x2f38, 0x2ef8, 0x3017, 0x2e0e, 0x2c78, 0x2e8b, 0x2cd7, 0x2ae4, 0x2d3c, 0x2ccd, 0x2c82,
    0x30e1, 0x3034, 0x2edb, 0x2e83, 0x2ead, 0x2f1e, 0x2e8b, 0x2e15, 0x2dd2, 0x2f82, 0x2e23, 0x2d34,
    0x2a3a, 0x29f2, 0x299a, 0x2c1f, 0x2bbe, 0x2c20, 0x2d12, 0x2da3, 0x2ed8, 0x2d10, 0x2d7c, 0x2e70,
    0x2f7a, 0x2eee, 0x2f1c, 0x2d1e, 0x2cf7, 0x2ccd, 0x2a88, 0x29de, 0x27cf, 0x2bf1, 0x2ba8, 0x2b24,
    0x2c5d, 0x2b7f, 0x2a62, 0x2e13, 0x2c96, 0x2a47, 0x2c47, 0x2b96, 0x2a98, 0x2bfa, 0x29fc, 0x2842,
    0x2be8, 0x2b6a, 0x2ad0, 0x32c9, 0x30e6, 0x2e22, 0x2ee4, 0x2a0f, 0x28c7, 0x2c6c, 0x2a6f, 0x28f7,
    0x2c27, 0x2bb1, 0x2b45, 0x2b3c, 0x297b, 0x27ab, 0x2ab1, 0x29d8, 0x2947, 0x2980, 0x28cf, 0x2892,
    0x2783, 0x2772, 0x26dc, 0x28fd, 0x28ec, 0x2880, 0x2a3e, 0x2944, 0x281b, 0x2b87, 0x2a08, 0x2880,
    0x2c5d, 0x2c0b, 0x2b1b, 0x2aeb, 0x2aa7, 0x2a28, 0x30bc, 0x2e3e, 0x2c0b, 0x2eb5, 0x2c6e, 0x2a98,
    0x2876, 0x283a, 0x285d, 0x2862, 0x28fe, 0x2967, 0x292c, 0x28f5, 0x293b, 0x287b, 0x282a, 0x277d,
    0x28c2, 0x2849, 0x2785, 0x2a11, 0x29bd, 0x2950, 0x2b9c, 0x2b44, 0x2afd, 0x295c, 0x29d5, 0x2a5b,
    0x2cf5, 0x2c58, 0x2ad8, 0x31ae, 0x303f, 0x2e0c, 0x304a, 0x2dd4, 0x2c1f, 0x2e4b, 0x2d7d, 0x2bcb,
    0x3193, 0x2f7e, 0x2c86, 0x2ca6, 0x2b33, 0x28af, 0x2ccb, 0x2bab, 0x2a00, 0x2c76, 0x2c08, 0x2b9f,
    0x2f15, 0x2e1c, 0x2d39, 0x2b90, 0x2aa3, 0x2a2e, 0x2f49, 0x2ec0, 0x2e42, 0x2f64, 0x2ed9, 0x2e36,
    0x3147, 0x2f62, 0x2c8f, 0x3035, 0x2f25, 0x2da2, 0x2dec, 0x2cd4, 0x2c57, 0x2e2d, 0x2db8, 0x2d11,
    0x2e1b, 0x2dce, 0x2cf9, 0x29d8, 0x29c2, 0x2993, 0x2dd3, 0x2d75, 0x2d49, 0x30d6, 0x302d, 0x2f05,
    0x3037, 0x2f34, 0x2d9d, 0x2db3, 0x2d56, 0x2d2c, 0x30c9, 0x2f36, 0x2d53, 0x30e3, 0x3038, 0x2e87,
    0x3002, 0x2f4f, 0x2eb5, 0x2e82, 0x2d6c, 0x2c9e, 0x333a, 0x321f, 0x2f70, 0x2d71, 0x2d90, 0x2cf7,
    0x2dac, 0x2d35, 0x2d7e, 0x2b8d, 0x2b05, 0x2a63, 0x2ed1, 0x2e1d, 0x2d49, 0x2c32, 0x2c3e, 0x2c63,
    0x2a66, 0x2997, 0x2903, 0x2de9, 0x2d3d, 0x2cca, 0x2b3e, 0x2a3b, 0x291b, 0x273c, 0x280c, 0x2876,
    0x2845, 0x26c7, 0x262a, 0x2961, 0x27a0, 0x250c, 0x2c96, 0x2b9c, 0x29e0, 0x2c57, 0x2a70, 0x28b8,
    0x2983, 0x285b, 0x26d4, 0x2ce8, 0x2c33, 0x2b79, 0x2c2b, 0x2b12, 0x29c1, 0x29ca, 0x298c, 0x2956,
    0x2dcc, 0x2d33, 0x2c88, 0x2c2d, 0x2b58, 0x2a51, 0x2934, 0x2917, 0x269c, 0x2c4b, 0x2c38, 0x2b66,
    0x2d73, 0x2c3d, 0x29df, 0x2d5e, 0x2c34, 0x2a9a, 0x2905, 0x287a, 0x2830, 0x2694, 0x262c, 0x2556,
    0x29fe, 0x296b, 0x290e, 0x2b07, 0x2aa0, 0x2b44, 0x2a6c, 0x2985, 0x288c, 0x2f24, 0x2cd1, 0x2b64,
    0x285a, 0x282f, 0x27f5, 0x285e, 0x2898, 0x2915, 0x2a89, 0x2ae5, 0x2b2b, 0x2a2b, 0x29ee, 0x29f7,
    0x28d9, 0x290d, 0x2983, 0x2daf, 0x2d7a, 0x2cae, 0x2f60, 0x2f93, 0x302f, 0x2c55, 0x2c40, 0x2c49,
    0x30de, 0x2f3c, 0x2d7a, 0x2ec5, 0x2a9a, 0x252b, 0x2f7a, 0x2de6, 0x2cfd, 0x30ff, 0x314e, 0x2bb1,
    0x2c2f, 0x29d5, 0x26a3, 0x3047, 0x2ff6, 0x2ed2, 0x2cd7, 0x2cc8, 0x2ca4, 0x2bc0, 0x2b6e, 0x2b28,
    0x2ded, 0x2d54, 0x2c79, 0x2ded, 0x2d27, 0x2cc3, 0x2de9, 0x2e34, 0x2da1, 0x2be7, 0x2bcd, 0x2be5,
    0x2edc, 0x2ce0, 0x2a95, 0x2ce1, 0x2cdf, 0x2d04, 0x2efa, 0x2d8c, 0x2c63, 0x2ef4, 0x2e2f, 0x2d95,
    0x3015, 0x2eda, 0x2cef, 0x30ad, 0x3009, 0x2e8e, 0x2eff, 0x2dc0, 0x2ce2, 0x2ea1, 0x2dd7, 0x2d80,
    0x3063, 0x2def, 0x2c2e, 0x3472, 0x31b8, 0x2f26, 0x30d2, 0x301f, 0x2f15, 0x2eb2, 0x2c25, 0x2876,
    0x2d42, 0x2ccb, 0x2cde, 0x2f56, 0x2f50, 0x2f24, 0x2cf1, 0x2c4b, 0x2abd, 0x2ee2, 0x2e33, 0x2cb3,
    0x2e61, 0x2cfe, 0x2ba2, 0x3179, 0x306a, 0x2e63, 0x2d23, 0x2d0f, 0x2e48, 0x2cf3, 0x2c39, 0x2a25,
    0x2dc9, 0x2ce7, 0x2c26, 0x2ce8, 0x2c09, 0x2afc, 0x29e5, 0x2975, 0x295f, 0x2f95, 0x2fa4, 0x2fa7,
    0x2a71, 0x2a06, 0x2a5c, 0x2934, 0x2984, 0x2ae3, 0x2915, 0x2834, 0x27be, 0x2d04, 0x2b37, 0x2940,
    0x2c53, 0x2ac9, 0x28b9, 0x2cb7, 0x2ba1, 0x2a66, 0x2c26, 0x2bae, 0x2bb7, 0x2eae, 0x2e21, 0x2ddb,
    0x2c17, 0x2b3e, 0x2a51, 0x2951, 0x2851, 0x26c7, 0x2e34, 0x2d2f, 0x2c06, 0x2b55, 0x2a4f, 0x29af,
    0x2a64, 0x2a14, 0x29bc, 0x2c6c, 0x2b78, 0x2a55, 0x2a0c, 0x2922, 0x288d, 0x293e, 0x28e5, 0x297d,
    0x2da5, 0x2cac, 0x292b, 0x2a19, 0x29ca, 0x291a, 0x29d7, 0x291f, 0x2833, 0x2a48, 0x2933, 0x2858,
    0x295f, 0x2804, 0x2653, 0x2c71, 0x2c33, 0x2bbd, 0x2ac3, 0x2a71, 0x2964, 0x28c6, 0x28b6, 0x28b9,
    0x29d9, 0x2962, 0x290e, 0x2b1c, 0x2a7e, 0x295f, 0x2ce8, 0x2ca5, 0x2cb0, 0x2a75, 0x2a7a, 0x2ab9,
    0x2d02, 0x2adb, 0x25fa, 0x2d82, 0x2ecc, 0x2188, 0x3021, 0x2d29, 0x2a29, 0x2d41, 0x2ba3, 0x28f5,
    0x2ad8, 0x2982, 0x27c9, 0x2d78, 0x2c66, 0x2b19, 0x2d1b, 0x2c50, 0x2af6, 0x2e73, 0x2d05, 0x2b1e,
    0x30bd, 0x2d0b, 0x2be5, 0x3158, 0x2f03, 0x2c95, 0x3100, 0x2e88, 0x2b59, 0x2ef0, 0x2e5a, 0x2d15,
    0x2e72, 0x2d3c, 0x2b93, 0x2d8b, 0x2dfd, 0x2e3c, 0x2894, 0x2835, 0x27be, 0x2df8, 0x2dbc, 0x2e1f,
    0x315b, 0x310e, 0x308a, 0x2e04, 0x2d50, 0x2d44, 0x2ded, 0x2dad, 0x2dcc, 0x3001, 0x2fe4, 0x304b,
    0x2d93, 0x2cc6, 0x2b1e, 0x3206, 0x3084, 0x2e60, 0x31b0, 0x308e, 0x2e88, 0x2c6c, 0x2c5e, 0x2c5a,
    0x2b6a, 0x2afd, 0x29b4, 0x2d34, 0x2de7, 0x2edd, 0x2fce, 0x2e44, 0x2cdd, 0x3039, 0x2ed1, 0x2d40,
    0x3025, 0x3019, 0x2eed, 0x3016, 0x2e95, 0x2d16, 0x3025, 0x2ef4, 0x2ce9, 0x2f19, 0x2df1, 0x2cc1,
    0x2ea2, 0x2d5b, 0x2a59, 0x281a, 0x2799, 0x267f, 0x2d2c, 0x2c85, 0x2b58, 0x294b, 0x2a3f, 0x2b34,
    0x272c, 0x25ff, 0x24c2, 0x28ca, 0x2801, 0x2659, 0x2b0c, 0x2968, 0x281c, 0x2e67, 0x2d0b, 0x2b91,
    0x33a8, 0x30e8, 0x2d7c, 0x2cdb, 0x2c19, 0x2ad9, 0x2c72, 0x2b54, 0x29f5, 0x2e84, 0x2e05, 0x2ced,
    0x2d02, 0x2c54, 0x2aa0, 0x28d3, 0x2936, 0x29d9, 0x2bbb, 0x2a78, 0x2918, 0x2a69, 0x2967, 0x2841,
    0x2b50, 0x29e5, 0x286d, 0x2b10, 0x2999, 0x287d, 0x29d3, 0x29b8, 0x2a67, 0x2977, 0x28bd, 0x286b,
    0x29d7, 0x2ad6, 0x2bd9, 0x2ab9, 0x2a82, 0x29f7, 0x2a6a, 0x2a70, 0x299b, 0x2b4f, 0x2a75, 0x2a7a,
    0x2bd0, 0x2a1e, 0x2875, 0x2aaa, 0x2a47, 0x2a50, 0x2a01, 0x2a22, 0x2a09, 0x2919, 0x2902, 0x28c0,
    0x2a0e, 0x29d6, 0x295b, 0x2c4f, 0x2b80, 0x29f9, 0x2c6e, 0x2b8e, 0x2abd, 0x2cc2, 0x2cb3, 0x2cc9,
    0x3555, 0x339c, 0x2ff9, 0x2845, 0x2803, 0x2473, 0x2cd2, 0x2b53, 0x2883, 0x2df0, 0x2cd7, 0x2bc9,
    0x2fbc, 0x2e6a, 0x2d73, 0x2e33, 0x2d34, 0x2c77, 0x2ff1, 0x2e87, 0x2d22, 0x2d63, 0x2c80, 0x2b2b,
    0x2f7f, 0x2e4f, 0x2e27, 0x30e3, 0x2fa8, 0x2c9f, 0x2dd8, 0x2cda, 0x2a88, 0x314e, 0x3038, 0x2d90,
    0x2cf2, 0x2ccf, 0x2ca7, 0x2fa4, 0x2e40, 0x2ca7, 0x2fda, 0x2e69, 0x2bf0, 0x304d, 0x3048, 0x3058,
    0x2e8b, 0x2e88, 0x2ee4, 0x2d15, 0x2d1d, 0x2d44, 0x2db8, 0x2cba, 0x2c64, 0x3077, 0x2e71, 0x2ca9,
    0x2de6, 0x2c85, 0x2b2b, 0x30b7, 0x3016, 0x2e8e, 0x2b6e, 0x2b4e, 0x2b94, 0x2e9a, 0x2dbe, 0x2c55,
    0x2da7, 0x2c7e, 0x2a40, 0x2ec6, 0x2e34, 0x2dc7, 0x2c20, 0x2c0d, 0x2c30, 0x2d75, 0x2d19, 0x2d18,
    0x2e88, 0x2d8b, 0x2bcc, 0x2c90, 0x2c9d, 0x2ced, 0x2de9, 0x2d2a, 0x2d1a, 0x2afc, 0x2a18, 0x2a4c,
    0x2c50, 0x2b62, 0x2ae5, 0x2d1c, 0x2c29, 0x2a78, 0x2b09, 0x2bf6, 0x2d05, 0x2d70, 0x2c37, 0x2a2a,
    0x29a2, 0x2950, 0x28e0, 0x2c61, 0x2c02, 0x2a81, 0x2be5, 0x29e9, 0x27ec, 0x2c7b, 0x2ba3, 0x29d3,
    0x2cbd, 0x2c66, 0x2c90, 0x2beb, 0x2b52, 0x2bb1, 0x2f45, 0x2dc9, 0x2cb9, 0x2d19, 0x2ca0, 0x2bfd,
    0x2cda, 0x2bd4, 0x29be, 0x2de4, 0x2da4, 0x2d7a, 0x2d95, 0x2d09, 0x2c46, 0x29af, 0x2920, 0x28da,
    0x2b62, 0x2a1f, 0x28e0, 0x2b08, 0x2982, 0x2796, 0x28a6, 0x291b, 0x2928, 0x2a98, 0x2c1c, 0x2c67,
    0x2f5f, 0x2e21, 0x2c72, 0x28ef, 0x2771, 0x2694, 0x2b2f, 0x29f8, 0x2807, 0x2d21, 0x2bb9, 0x28f5,
    0x2d86, 0x2ccb, 0x2c42, 0x2ad3, 0x2a09, 0x2979, 0x2b4f, 0x29e8, 0x28b8, 0x2f78, 0x2f45, 0x2e6f,
    0x2c6e, 0x2bd8, 0x2b03, 0x2fb9, 0x2eca, 0x2e0c, 0x2b98, 0x2b15, 0x2a7c, 0x2d5b, 0x2c58, 0x2af1,
    0x2fa9, 0x2da3, 0x29cc, 0x3683, 0x347c, 0x30f6, 0x2eba, 0x2cfd, 0x2aa4, 0x3045, 0x307c, 0x2d55,
    0x2f9f, 0x2c6b, 0x2894, 0x312b, 0x2f85, 0x2cf5, 0x329f, 0x30ed, 0x2f15, 0x3021, 0x2e86, 0x2cfb,
    0x2d00, 0x2c4c, 0x2af5, 0x2e5b, 0x2d6a, 0x29f0, 0x2f96, 0x2f29, 0x2eba, 0x2ec4, 0x2d8d, 0x2c55,
    0x2a11, 0x2944, 0x284e, 0x2e67, 0x2d32, 0x2bff, 0x2fc8, 0x2ec3, 0x2dc1, 0x3035, 0x2f2f, 0x2dc1,
    0x2e3a, 0x2d46, 0x2be6, 0x2f61, 0x2d89, 0x2ba0, 0x2ca2, 0x2ba3, 0x2aa3, 0x2c25, 0x2c05, 0x2bd4,
    0x30aa, 0x2ee0, 0x2c36, 0x3063, 0x2e6e, 0x2d05, 0x305e, 0x2e90, 0x2cb0, 0x2e61, 0x2e7a, 0x2df4,
    0x2b14, 0x2afc, 0x2b39, 0x2e3e, 0x2ddd, 0x2d62, 0x2d88, 0x2c9a, 0x2b64, 0x2d20, 0x2d41, 0x2dfc,
    0x2e3f, 0x2e2f, 0x2e96, 0x2cc4, 0x2d17, 0x2d3e, 0x2d04, 0x2c5e, 0x2c19, 0x2f13, 0x2ddc, 0x2cb4,
    0x2bc1, 0x2bfb, 0x2c8f, 0x2d56, 0x2d5d, 0x2d7d, 0x2f85, 0x2f22, 0x2e41, 0x2b78, 0x2b09, 0x2afa,
    0x2a48, 0x2a22, 0x29dc, 0x2a2f, 0x2a3a, 0x2ac7, 0x2a46, 0x290b, 0x2825, 0x2e1c, 0x2c8e, 0x2b7c,
    0x2c67, 0x2b72, 0x2b55, 0x2c8a, 0x2c05, 0x2b24, 0x2cbf, 0x2cca, 0x2d25, 0x2efd, 0x2e89, 0x2d83,
    0x2ddc, 0x2d8c, 0x2ccf, 0x2c0e, 0x2b7e, 0x2af5, 0x2c4d, 0x2b9f, 0x2a5c, 0x2a8e, 0x2990, 0x28f5,
    0x2c9a, 0x2c73, 0x2c92, 0x2b1b, 0x2b1d, 0x2ae2, 0x3433, 0x2f40, 0x2de0, 0x28e3, 0x2825, 0x260f,
    0x293d, 0x2816, 0x269a, 0x2cd1, 0x2b5f, 0x2a04, 0x2be7, 0x2b01, 0x2a86, 0x2c2a, 0x2a99, 0x2938,
    0x2d7d, 0x2d59, 0x2cfc, 0x2a29, 0x2abc, 0x2b11, 0x2b34, 0x2aef, 0x2ac8, 0x2c50, 0x2c49, 0x2c7f,
    0x2c0c, 0x2c05, 0x2bfd, 0x2b30, 0x2b70, 0x2bf5, 0x2c73, 0x2c19, 0x2bdf, 0x2e89, 0x2e64, 0x2e22,
    0x2432, 0x2078, 0x1d3f, 0x27e1, 0x244a, 0x1e89, 0x3010, 0x2db3, 0x2a54, 0x2aed, 0x29d1, 0x27f6,
    0x2e68, 0x2da9, 0x2af6, 0x3150, 0x3010, 0x2d77, 0x307c, 0x2ea9, 0x2c5f, 0x2c17, 0x2b23, 0x2a4e,
    0x2db2, 0x2d34, 0x2cc0, 0x2a18, 0x29e3, 0x2a10, 0x303e, 0x2f9b, 0x2e23, 0x2da8, 0x2c70, 0x2a6b,
    0x2eec, 0x2d98, 0x2c82, 0x321a, 0x3074, 0x2e42, 0x2b02, 0x2a7c, 0x2a2e, 0x2d23, 0x2c79, 0x2b66,
    0x2d6d, 0x2cf0, 0x2c32, 0x310d, 0x2f97, 0x2cf1, 0x2eb6, 0x2d4e, 0x2c11, 0x2f1e, 0x2d99, 0x2c46,
    0x3028, 0x2e90, 0x2d04, 0x2f3a, 0x2d8a, 0x2c07, 0x2f89, 0x2ded, 0x2c7c, 0x2d8c, 0x2c8e, 0x2a81,
    0x2cfa, 0x2c19, 0x29f5, 0x2e64, 0x2f6f, 0x307a, 0x2e17, 0x2dfc, 0x2dc7, 0x2d05, 0x2d13, 0x2d6f,
    0x2d4a, 0x2c68, 0x2b9d, 0x2b5d, 0x2b2d, 0x2a25, 0x2f22, 0x2e8d, 0x2d5b, 0x31bc, 0x30ee, 0x2f8e,
    0x2ddc, 0x2d96, 0x2cbc, 0x2cb9, 0x2b1f, 0x2a0d, 0x2cb4, 0x2cca, 0x2ce5, 0x2c15, 0x2ba3, 0x2b82,
    0x2c8f, 0x2d2b, 0x2dc6, 0x2cf4, 0x2be5, 0x2a64, 0x2f0d, 0x2f36, 0x2f5b, 0x3032, 0x309d, 0x2cae,
    0x2b65, 0x2aff, 0x2b1f, 0x2ce8, 0x2c8a, 0x2c16, 0x2ce9, 0x2c46, 0x2b5c, 0x2ced, 0x2cbd, 0x2cff,
    0x2b51, 0x2aca, 0x2a0b, 0x2e1e, 0x2de4, 0x2dc0, 0x348b, 0x318f, 0x2e9a, 0x2d30, 0x2d1b, 0x2cad,
    0x2cdd, 0x2c3f, 0x2b31, 0x2c34, 0x2c6e, 0x2c6b, 0x2bb7, 0x2be0, 0x2bd1, 0x2bae, 0x2c16, 0x2c54,
    0x2c08, 0x2af9, 0x29ba, 0x2bcf, 0x2bfa, 0x2c49, 0x2c8b, 0x2be6, 0x2b12, 0x2d89, 0x2cdb, 0x2c60,
    0x2d75, 0x2d5e, 0x2d60, 0x2956, 0x293e, 0x2a50, 0x2d51, 0x2c4d, 0x2b2a, 0x2bb4, 0x29eb, 0x28e3,
    0x2f32, 0x2e6a, 0x2db7, 0x2e15, 0x2dcb, 0x2d8d, 0x2d02, 0x2cd4, 0x2ca5, 0x2f21, 0x2eca, 0x2ee8,
    0x1f6e, 0x1d1c, 0x19be, 0x25ed, 0x233e, 0x1ffa, 0x2ce3, 0x29f5, 0x264a, 0x299b, 0x2913, 0x288a,
    0x2cc7, 0x2c07, 0x2a7e, 0x2ed3, 0x2e5a, 0x2c13, 0x2c8a, 0x2bff, 0x2b75, 0x29e1, 0x28d5, 0x2749,
    0x28c7, 0x285b, 0x280b, 0x2c0a, 0x2b21, 0x2a7e, 0x2ccf, 0x2ab6, 0x2800, 0x2fb7, 0x2d3c, 0x2a29,
    0x2a56, 0x29d7, 0x297d, 0x2c8e, 0x2c73, 0x2c8a, 0x3330, 0x2e50, 0x2a31, 0x30a1, 0x303c, 0x2f95,
    0x30eb, 0x2ee7, 0x2c49, 0x3175, 0x2fc7, 0x2d18, 0x2ed1, 0x2cff, 0x2b78, 0x303e, 0x2eb0, 0x2cc0,
    0x2fe9, 0x2e67, 0x2cef, 0x2f5d, 0x2fcf, 0x300f, 0x2ee2, 0x2d7e, 0x2b91, 0x2bec, 0x2b03, 0x2aaa,
    0x294d, 0x29a2, 0x2a6f, 0x2de6, 0x2cbe, 0x2bb1, 0x2c7c, 0x2c92, 0x2cf5, 0x29fd, 0x2a5a, 0x2abc,
    0x2be9, 0x29f0, 0x2883, 0x2b13, 0x2a49, 0x29b9, 0x2db4, 0x2eb7, 0x3050, 0x2fcf, 0x2efe, 0x2e44,
    0x26c3, 0x26ec, 0x27b0, 0x2bed, 0x2aab, 0x2a25, 0x2bfa, 0x2b52, 0x2a6d, 0x2b46, 0x2b47, 0x2c65,
    0x2df1, 0x2c9f, 0x28a5, 0x2d39, 0x2c49, 0x2ad0, 0x3012, 0x3010, 0x3034, 0x2bda, 0x2b42, 0x2a9a,
    0x2adb, 0x29bd, 0x289a, 0x2c7d, 0x2b4f, 0x2a05, 0x2c25, 0x2b78, 0x2b34, 0x2d2b, 0x2d14, 0x2db3,
    0x2a99, 0x2a61, 0x2a33, 0x2c23, 0x2c45, 0x2c8a, 0x2c28, 0x2af9, 0x2997, 0x2cbc, 0x2c26, 0x2b54,
    0x2c28, 0x2c46, 0x2c9f, 0x2c0a, 0x2bfb, 0x2bb7, 0x2df4, 0x2d88, 0x2d25, 0x2d82, 0x2d2d, 0x2cf4,
    0x2cd7, 0x2b77, 0x296f, 0x2c34, 0x2c1e, 0x2c08, 0x2d0a, 0x2ca3, 0x2c1a, 0x2e52, 0x2dfa, 0x2dc3,
    0x2edd, 0x2e96, 0x2e7d, 0x2e77, 0x2daa, 0x2cd1, 0x30a4, 0x30b4, 0x3092, 0x3094, 0x304d, 0x2fe6,
    0x2d74, 0x2d0b, 0x2cd7, 0x3021, 0x2f88, 0x2eea, 0x2e79, 0x2e29, 0x2dbc, 0x2a37, 0x298b, 0x2911,
    0x2995, 0x2854, 0x2606, 0x29c0, 0x28cb, 0x2622, 0x2bbd, 0x292b, 0x26d2, 0x2bbe, 0x2b0f, 0x29a5,
    0x2e29, 0x2e27, 0x28f2, 0x2c4b, 0x2a2f, 0x28b3, 0x3036, 0x2fc4, 0x2ecb, 0x2c96, 0x2c65, 0x2bc0,
    0x2c91, 0x2c7f, 0x2cc7, 0x2ce0, 0x2b69, 0x2920, 0x3016, 0x2f36, 0x2c9c, 0x29c8, 0x2979, 0x29f7,
    0x2cf0, 0x2ca6, 0x2c57, 0x2cc9, 0x2d45, 0x2da1, 0x2d09, 0x2acc, 0x2877, 0x31fb, 0x3008, 0x2d3f,
    0x2e39, 0x2d5b, 0x2c52, 0x29fc, 0x29fb, 0x2a0e, 0x328a, 0x3076, 0x2d3e, 0x3075, 0x2f3b, 0x2d0e,
    0x2bec, 0x2c15, 0x2c30, 0x2c9e, 0x2c11, 0x2b6a, 0x2eb2, 0x2f1d, 0x2f7a, 0x2958, 0x28a7, 0x2864,
    0x2d51, 0x2d2d, 0x2c03, 0x2ed9, 0x2dfc, 0x2c6e, 0x2e0b, 0x2e4c, 0x2e13, 0x2ca9, 0x2d00, 0x2d36,
    0x2ce0, 0x2dee, 0x2f48, 0x2bf1, 0x2b64, 0x2b2b, 0x2b7d, 0x2b82, 0x2bab, 0x2a8b, 0x2af0, 0x2b4b,
    0x2b2b, 0x2b7f, 0x2bcc, 0x2b74, 0x2aad, 0x2a32, 0x2ce0, 0x2df3, 0x2f30, 0x29af, 0x2961, 0x2923,
    0x2c4f, 0x2a23, 0x282f, 0x2d5e, 0x2db4, 0x2ec7, 0x2e6b, 0x2ef0, 0x2f69, 0x2a49, 0x29cb, 0x2943,
    0x29c5, 0x2920, 0x27b9, 0x2cb1, 0x2bdb, 0x2a72, 0x2c6a, 0x2c51, 0x2c28, 0x2dc0, 0x2d66, 0x2d2a,
    0x2dc0, 0x2cfa, 0x2c06, 0x2f42, 0x2e11, 0x2c9b, 0x2b53, 0x2a4c, 0x292c, 0x2cc8, 0x2cd6, 0x2d25,
    0x29af, 0x29f5, 0x2a8f, 0x2e64, 0x2d86, 0x2ce8, 0x2db7, 0x2ce8, 0x2b92, 0x2a46, 0x29c1, 0x2942,
    0x2d12, 0x2d1f, 0x2cf7, 0x2d6d, 0x2ca3, 0x2b75, 0x2dea, 0x2d62, 0x2d1c, 0x2eb1, 0x2dbe, 0x2c90,
    0x3069, 0x3000, 0x2f08, 0x2fde, 0x2ee9, 0x2e4c, 0x2e12, 0x2d62, 0x2d07, 0x2d4a, 0x2b85, 0x2845,
    0x3076, 0x3025, 0x2ef7, 0x2e07, 0x2c5f, 0x29fa, 0x2c41, 0x2bc8, 0x2b76, 0x2c99, 0x2be6, 0x2ac6,
    0x33f5, 0x31e2, 0x2ed2, 0x2691, 0x25db, 0x2558, 0x2cbc, 0x2b0b, 0x2871, 0x2a07, 0x280a, 0x24c5,
    0x2fee, 0x2e73, 0x29f7, 0x2efa, 0x2dc4, 0x2b0b, 0x2d08, 0x2c7d, 0x2a95, 0x2944, 0x28b3, 0x27eb,
    0x2d89, 0x2c3a, 0x2aba, 0x2d3a, 0x2a70, 0x276f, 0x2ea0, 0x2c41, 0x290d, 0x2e7f, 0x2d10, 0x2c49,
    0x2a2b, 0x290c, 0x288a, 0x3018, 0x2ec1, 0x2d41, 0x2e9c, 0x2d86, 0x2ce3, 0x2f41, 0x2dc0, 0x2c80,
    0x2fce, 0x2dca, 0x2c02, 0x2d6e, 0x2b6b, 0x28f5, 0x3057, 0x2d69, 0x2b1b, 0x2d60, 0x2c53, 0x2b45,
    0x2df2, 0x2d1f, 0x2c27, 0x2cd4, 0x2bdb, 0x29b7, 0x2aac, 0x2b49, 0x2af6, 0x2d4d, 0x2da7, 0x2e13,
    0x3115, 0x301c, 0x2eb5, 0x2d99, 0x2d39, 0x2c6b, 0x2d20, 0x2d01, 0x2d8f, 0x2da3, 0x2e8f, 0x2f70,
    0x2d83, 0x2d0a, 0x2d55, 0x2add, 0x2ada, 0x2a1b, 0x2d19, 0x2d05, 0x2d67, 0x2ab6, 0x2aa4, 0x2afd,
    0x2e9d, 0x2ecc, 0x2ea3, 0x2d1d, 0x2dff, 0x2f54, 0x33f6, 0x32c2, 0x317b, 0x2dfd, 0x2dcc, 0x2d53,
    0x2c51, 0x2c5b, 0x2c30, 0x2b14, 0x2b71, 0x2c4c, 0x2971, 0x29de, 0x2ab3, 0x2b8c, 0x2ab3, 0x2a07,
    0x2be7, 0x2a5e, 0x28fd, 0x2c12, 0x2a18, 0x2860, 0x2c3c, 0x2a8e, 0x2943, 0x2dcc, 0x2e9b, 0x2f8e,
    0x2de1, 0x2dbf, 0x2da4, 0x2dc9, 0x2ed1, 0x3002, 0x2d5d, 0x2db6, 0x2db6, 0x2c33, 0x2c4d, 0x2c74,
    0x2aea, 0x2b47, 0x2bc0, 0x2e40, 0x2d67, 0x2c9c, 0x2cf0, 0x2c71, 0x2c0c, 0x2c29, 0x2c3e, 0x2c2a,
    0x2d7d, 0x2d5b, 0x2ceb, 0x2d56, 0x2d10, 0x2c96, 0x2e39, 0x2e3f, 0x2e52, 0x2c8c, 0x2c6b, 0x2c33,
    0x2d79, 0x2c37, 0x2ab8, 0x2e06, 0x2e17, 0x2d96, 0x2b55, 0x2b8d, 0x2b82, 0x2f6a, 0x2fb7, 0x3034,
    0x3593, 0x3393, 0x3081, 0x2e0d, 0x2ccd, 0x2b69, 0x2d5a, 0x2c54, 0x2ab1, 0x2e18, 0x2d05, 0x2c21,
    0x2919, 0x2792, 0x256b, 0x2c06, 0x2a0e, 0x271b, 0x289d, 0x26fe, 0x24bc, 0x2c2c, 0x2bbc, 0x2a9d,
    0x2b2d, 0x2a0b, 0x28ce, 0x2ec8, 0x2d5e, 0x2b6e, 0x2c8f, 0x2ba5, 0x2989, 0x2767, 0x2742, 0x2581,
    0x2cf7, 0x2c9a, 0x2c4d, 0x2cae, 0x2b04, 0x28ef, 0x2d51, 0x2b1d, 0x28e9, 0x2e32, 0x2d94, 0x2d4a,
    0x2a79, 0x29eb, 0x29fd, 0x2c31, 0x2b35, 0x2970, 0x2fcc, 0x2eab, 0x2e0b, 0x2c6e, 0x2ac5, 0x2910,
    0x3109, 0x30dd, 0x30fc, 0x2f75, 0x2dac, 0x2c89, 0x2ddb, 0x2d34, 0x2ce9, 0x2c39, 0x2c38, 0x2c3a,
    0x2c81, 0x2c5f, 0x2c35, 0x2ca7, 0x2c60, 0x2c24, 0x2cd6, 0x2cd8, 0x2cae, 0x26ad, 0x2579, 0x2452,
    0x2deb, 0x2e12, 0x2ea5, 0x2e55, 0x2d56, 0x2bed, 0x2ba1, 0x2b19, 0x2a33, 0x2b2c, 0x2a54, 0x2a06,
    0x2c4e, 0x2cef, 0x2d6c, 0x2aa6, 0x29f6, 0x294a, 0x2d7c, 0x2c23, 0x2a37, 0x2d6e, 0x2d29, 0x2d65,
    0x2b44, 0x2944, 0x274a, 0x2c4b, 0x2c66, 0x2ca5, 0x2a8d, 0x2b7e, 0x2ca2, 0x2c27, 0x2b78, 0x2b62,
    0x2d4a, 0x2d58, 0x2d4a, 0x2c4b, 0x2bec, 0x2c33, 0x2a93, 0x2afb, 0x2bff, 0x2c5f, 0x2be8, 0x2b4f,
    0x2dae, 0x2d17, 0x2cbf, 0x2c3a, 0x2be0, 0x2b28, 0x2d21, 0x2d0a, 0x2ca7, 0x2bb4, 0x2b3b, 0x2b27,
    0x2e92, 0x2f9a, 0x2fbb, 0x2cd7, 0x2c5d, 0x2c03, 0x2c6c, 0x2c60, 0x2c54, 0x2d22, 0x2c85, 0x2c04,
    0x2d29, 0x2d10, 0x2cf4, 0x2cbe, 0x2c52, 0x2c0c, 0x2e49, 0x2dc5, 0x2de3, 0x2e7f, 0x2e01, 0x2dae,
    0x2c20, 0x2c49, 0x2c79, 0x2dc7, 0x2dfe, 0x2e79, 0x2e57, 0x2da6, 0x2d0d, 0x2d88, 0x2cd9, 0x2c51,
    0x2c96, 0x2c5c, 0x2bcc, 0x2cfa, 0x2c6f, 0x2cac, 0x2a2b, 0x2a6d, 0x2a48, 0x2def, 0x2d46, 0x2c7d,
    0x2e2c, 0x2d84, 0x2c87, 0x2e06, 0x2cd6, 0x2bee, 0x2e52, 0x2d3d, 0x2c51, 0x2f68, 0x2ef5, 0x2e82,
    0x33b2, 0x315c, 0x2d8c, 0x2f43, 0x2d7b, 0x2c68, 0x2a1e, 0x28a1, 0x26d8, 0x2a00, 0x289e, 0x26fb,
    0x2c92, 0x2ae6, 0x28e7, 0x3221, 0x3131, 0x2fd5, 0x2eee, 0x2d62, 0x2bb0, 0x2dd8, 0x2c54, 0x2a8a,
    0x2ce7, 0x2bfd, 0x2a0c, 0x2e00, 0x2bcc, 0x27e5, 0x32ae, 0x308e, 0x2d8c, 0x2c4a, 0x2b1b, 0x29ce,
    0x28fd, 0x2941, 0x29c3, 0x2d25, 0x2cf7, 0x2d48, 0x2e9d, 0x2cc7, 0x29e8, 0x2c73, 0x2bb1, 0x2a4a,
    0x2bf1, 0x2a57, 0x28e6, 0x2da7, 0x2d73, 0x2d2d, 0x2fd7, 0x3025, 0x300d, 0x2d8a, 0x2c75, 0x2b9e,
    0x2dcc, 0x2d0b, 0x2b28, 0x2d99, 0x2cbf, 0x2c57, 0x2f52, 0x2db3, 0x2b83, 0x2a7a, 0x292a, 0x280c,
    0x2d44, 0x2dbe, 0x2eaf, 0x2eaa, 0x2dba, 0x2cb6, 0x2b1a, 0x2aea, 0x2a7c, 0x2df8, 0x2ecf, 0x2fc3,
    0x36a6, 0x3574, 0x3449, 0x2d45, 0x2d15, 0x2d34, 0x2f4b, 0x2e02, 0x2c94, 0x2c90, 0x2ca9, 0x2c7e,
    0x2ce9, 0x2ce6, 0x2ce1, 0x2ae9, 0x2b9d, 0x2be4, 0x2b6d, 0x2caa, 0x2d52, 0x2abb, 0x2b31, 0x2c12,
    0x2e60, 0x2d03, 0x2c29, 0x2cd5, 0x2b3d, 0x29a6, 0x2d5d, 0x2d2e, 0x2d03, 0x2bec, 0x2a73, 0x28d5,
    0x2e69, 0x2cd7, 0x2ab4, 0x3041, 0x3042, 0x3051, 0x2a4d, 0x28d9, 0x27ea, 0x2c9f, 0x2c77, 0x2c5d,
    0x294a, 0x295f, 0x29d0, 0x2e52, 0x2ec3, 0x2f14, 0x2de1, 0x2dda, 0x2ddb, 0x2dea, 0x2e17, 0x2e86,
    0x2dcf, 0x2e0d, 0x2e5f, 0x2e12, 0x2daf, 0x2d59, 0x2e11, 0x2e7a, 0x2edd, 0x2ea0, 0x2eb3, 0x2f52,
    0x2cf4, 0x2cc0, 0x2c66, 0x2d5c, 0x2d44, 0x2d64, 0x2fad, 0x2f64, 0x2f06, 0x2fa7, 0x2ef1, 0x2eb8,
    0x2e04, 0x2e1c, 0x2e3b, 0x2eb5, 0x2e5b, 0x2dff, 0x2d88, 0x2cda, 0x2c72, 0x2e3d, 0x2d9f, 0x2d25,
    0x2f5d, 0x2f2d, 0x2efc, 0x2c12, 0x2b01, 0x29bd, 0x2d15, 0x2c44, 0x2b13, 0x2e35, 0x2d5a, 0x2c7d,
    0x2d03, 0x2ac9, 0x26d0, 0x3324, 0x306a, 0x2b80, 0x34cb, 0x322d, 0x2d5e, 0x2cd4, 0x2b30, 0x286a,
    0x2d1d, 0x2c22, 0x2ae6, 0x2c05, 0x2b40, 0x2a82, 0x2f02, 0x2de1, 0x2c18, 0x2ed8, 0x2dea, 0x2c16,
    0x2ea4, 0x2d71, 0x2a58, 0x2bbc, 0x2a18, 0x288c, 0x2a48, 0x29d5, 0x2944, 0x3053, 0x2e18, 0x2c07,
    0x2e62, 0x2ebc, 0x2e42, 0x2c49, 0x2bb8, 0x2b04, 0x2e75, 0x2cb4, 0x2a3d, 0x2814, 0x28be, 0x29c3,
    0x2f8a, 0x2fe6, 0x301c, 0x2c5c, 0x29fc, 0x2808, 0x2def, 0x2caf, 0x2b9e, 0x2a9f, 0x2acb, 0x2abe,
    0x2ed4, 0x2cdc, 0x2a2e, 0x300c, 0x2de1, 0x2b55, 0x307b, 0x2f03, 0x2d13, 0x3037, 0x2eb5, 0x2ca6,
    0x2dc3, 0x2ef3, 0x2fa7, 0x2fca, 0x2e17, 0x2c68, 0x2fa1, 0x2cf8, 0x29fb, 0x2c3f, 0x2c7b, 0x2c8f,
    0x30b8, 0x30a4, 0x3089, 0x2c92, 0x2bd0, 0x2a7d, 0x366a, 0x3530, 0x33e4, 0x2fe1, 0x2f67, 0x2df4,
    0x2cd0, 0x2d9d, 0x2e97, 0x2bcf, 0x2c47, 0x2c70, 0x2ca0, 0x2b83, 0x296a, 0x2f49, 0x2ecd, 0x2e71,
    0x2ad9, 0x29bb, 0x2979, 0x2d20, 0x2d6a, 0x2dbd, 0x2e2f, 0x2e84, 0x2f48, 0x2c35, 0x2b95, 0x2ae5,
    0x2d0a, 0x2c3f, 0x2a1e, 0x3033, 0x2ebe, 0x2d0c, 0x2ceb, 0x2bf1, 0x2996, 0x2bca, 0x2a1d, 0x2879,
    0x2ce3, 0x2c61, 0x2bd0, 0x2fe7, 0x3024, 0x305b, 0x2dae, 0x2daf, 0x2dd1, 0x2e62, 0x2e75, 0x2e92,
    0x2d84, 0x2d5a, 0x2d25, 0x347c, 0x31f6, 0x2fcf, 0x30cf, 0x3004, 0x2e91, 0x2e89, 0x2e31, 0x2dc1,
    0x2de9, 0x2d7e, 0x2d20, 0x2dbe, 0x2cbe, 0x2c61, 0x367d, 0x345e, 0x3095, 0x2e47, 0x2d26, 0x2c16,
    0x306a, 0x2fdb, 0x2edb, 0x2d4c, 0x2bf7, 0x29df, 0x2f5d, 0x2f10, 0x2eda, 0x2deb, 0x2d91, 0x2d30,
    0x2d1c, 0x2d33, 0x2e07, 0x2e10, 0x2d3d, 0x2c63, 0x2dcf, 0x2da2, 0x2d9c, 0x2d02, 0x2c8e, 0x2c3f,
    0x2c78, 0x2aae, 0x2822, 0x2de1, 0x2cf3, 0x2c10, 0x29aa, 0x285c, 0x25f1, 0x2de4, 0x2b38, 0x26a3,
    0x304b, 0x2d88, 0x2af4, 0x3469, 0x3199, 0x2efe, 0x3024, 0x2eb6, 0x2b59, 0x2f3e, 0x2d10, 0x2a8e,
    0x2d39, 0x2cac, 0x2a92, 0x29dc, 0x2944, 0x28ba, 0x2c93, 0x2b17, 0x2989, 0x30d7, 0x2fae, 0x2d45,
    0x2c1b, 0x2ccc, 0x2bef, 0x30e8, 0x2fc4, 0x2d88, 0x3070, 0x2f69, 0x2d0d, 0x2c19, 0x2c07, 0x2aa7,
    0x2ad7, 0x2aa1, 0x29d5, 0x2f5d, 0x2e3f, 0x2d23, 0x30a4, 0x2f08, 0x2cfc, 0x32a8, 0x3184, 0x304e,
    0x305d, 0x2e6a, 0x2c62, 0x31ff, 0x30f8, 0x2f2e, 0x310c, 0x2fe1, 0x2db1, 0x316c, 0x303a, 0x2dd8,
    0x2f63, 0x2c73, 0x2947, 0x2fd4, 0x2de3, 0x2ce9, 0x2bec, 0x2c3c, 0x2ca3, 0x2ea7, 0x2e5a, 0x2eca,
    0x2c99, 0x2b64, 0x2a66, 0x2d7b, 0x2e17, 0x2ef7, 0x2df6, 0x2cd7, 0x2b0f, 0x266a, 0x26df, 0x265e,
    0x2fc6, 0x2e85, 0x2cc0, 0x2d55, 0x2c6f, 0x2b7f, 0x2a0a, 0x2aa4, 0x2b17, 0x28f7, 0x28e9, 0x2944,
    0x2cee, 0x2d2b, 0x2d91, 0x2c8a, 0x2d09, 0x2d05, 0x2b57, 0x2ba6, 0x2afd, 0x2b34, 0x2a9d, 0x2a59,
    0x2d33, 0x2d47, 0x2d3e, 0x2e8b, 0x2f10, 0x2fb6, 0x2c53, 0x2a78, 0x28ec, 0x2d74, 0x2bf8, 0x296f,
    0x2d5f, 0x2d0e, 0x2d24, 0x2dd0, 0x2daa, 0x2daa, 0x2ccf, 0x2d3f, 0x2dcc, 0x2dfb, 0x2e10, 0x2e40,
    0x2ef8, 0x2f12, 0x2ed8, 0x2f5e, 0x2f23, 0x2ef0, 0x2ea4, 0x2d2c, 0x2c09, 0x2e12, 0x2e56, 0x2e05,
    0x2f10, 0x2ef4, 0x2ec2, 0x2fb9, 0x2f14, 0x2e5e, 0x2ed1, 0x2ded, 0x2d28, 0x2f87, 0x2da8, 0x2c99,
    0x2ff2, 0x2eb2, 0x2d99, 0x2f5f, 0x2f92, 0x2fab, 0x2f73, 0x2fc0, 0x2ff8, 0x28c5, 0x2815, 0x2731,
    0x2d2d, 0x2c6f, 0x2b6a, 0x2cac, 0x2c72, 0x2c42, 0x2dfa, 0x2d4b, 0x2cc7, 0x2f0e, 0x2e69, 0x2dce,
    0x2c25, 0x2a40, 0x258a, 0x294d, 0x274d, 0x248d, 0x2aa9, 0x29ee, 0x2930, 0x2ab7, 0x2a51, 0x2938,
    0x2959, 0x29b3, 0x2631, 0x3148, 0x2fcf, 0x2b00, 0x2b61, 0x29c5, 0x28ab, 0x2e18, 0x2c09, 0x28b3,
    0x2cb7, 0x2bef, 0x2a15, 0x2c8e, 0x2a85, 0x277d, 0x2c5c, 0x2b19, 0x29de, 0x2b78, 0x2ba3, 0x2b39,
    0x2df9, 0x2d77, 0x2c82, 0x2d3d, 0x2c1f, 0x2a7c, 0x2c1e, 0x2c1e, 0x2c1d, 0x2e6a, 0x2efe, 0x2f4f,
    0x2d57, 0x2c40, 0x2a5c, 0x3005, 0x2e74, 0x2c8c, 0x2c78, 0x2c01, 0x2a7d, 0x2efa, 0x2da7, 0x2aff,
    0x2ea1, 0x2cfb, 0x2af1, 0x2d5b, 0x2c4f, 0x2abe, 0x2e71, 0x2d31, 0x2c0e, 0x3446, 0x326c, 0x3065,
    0x309d, 0x32f6, 0x2c56, 0x2bc7, 0x2b6d, 0x2ad3, 0x29e3, 0x2a20, 0x2a77, 0x2abb, 0x28bf, 0x26bc,
    0x2aca, 0x2b01, 0x2b1c, 0x2ce3, 0x2b6a, 0x2a21, 0x2c93, 0x2c03, 0x2b42, 0x2a60, 0x29b8, 0x28da,
    0x2c0c, 0x2c5e, 0x2c99, 0x2d31, 0x2c51, 0x2b4c, 0x290e, 0x28c3, 0x286d, 0x2c36, 0x2ba0, 0x2abf,
    0x28dd, 0x2857, 0x2871, 0x27b7, 0x2779, 0x2798, 0x2bfb, 0x2ad8, 0x2a15, 0x2a67, 0x2a14, 0x2a04,
    0x2847, 0x26ce, 0x2607, 0x2db3, 0x2e6d, 0x2eaf, 0x2ca0, 0x2c88, 0x2ca8, 0x2b85, 0x29f9, 0x28b3,
    0x2cc1, 0x2c28, 0x2a95, 0x2dd7, 0x2dd4, 0x2dc3, 0x2b21, 0x2ac7, 0x2a7c, 0x307a, 0x2f55, 0x2d93,
    0x2c93, 0x2caa, 0x2c95, 0x2f0f, 0x2f58, 0x2eed, 0x2c9f, 0x2c35, 0x2c15, 0x2f06, 0x2e5b, 0x2d94,
    0x2dc2, 0x2d57, 0x2d06, 0x3038, 0x2e67, 0x2ca0, 0x30b0, 0x2fa9, 0x2e91, 0x2eac, 0x2e3b, 0x2dd1,
    0x36f3, 0x3586, 0x34e3, 0x366f, 0x3544, 0x3449, 0x2dec, 0x2d12, 0x2c99, 0x2ea7, 0x2d8e, 0x2c8e,
    0x2fcb, 0x2fc4, 0x2f67, 0x2cc2, 0x2c0f, 0x2ab5, 0x2e1e, 0x2ceb, 0x2b2b, 0x3043, 0x2fe2, 0x2ef1,
    0x2ec8, 0x2d06, 0x29c2, 0x2b1f, 0x287c, 0x24e4, 0x2c95, 0x2cdc, 0x2a6d, 0x2cc3, 0x2c82, 0x2802,
    0x2eb9, 0x2f68, 0x28fb, 0x2c1d, 0x2ba1, 0x2968, 0x2be1, 0x2a87, 0x28f6, 0x2f83, 0x2d7b, 0x2b52,
    0x2bbb, 0x2be0, 0x2871, 0x2cf2, 0x2b51, 0x28c7, 0x2ba0, 0x2a06, 0x27e5, 0x2d03, 0x2c19, 0x2aae,
    0x2e1d, 0x2ca9, 0x2aba, 0x2db6, 0x2d22, 0x2c91, 0x2d11, 0x2c74, 0x2c29, 0x2b50, 0x2b38, 0x2b0f,
    0x2ff7, 0x2eab, 0x2dac, 0x2f73, 0x2f89, 0x2f47, 0x2e5d, 0x2cd5, 0x2b53, 0x2f89, 0x2e0f, 0x2cbd,
    0x2aba, 0x2b57, 0x2c25, 0x2f70, 0x2d97, 0x2c46, 0x3008, 0x2e1d, 0x2be9, 0x2904, 0x28ae, 0x29af,
    0x2d50, 0x2d8d, 0x2dcc, 0x2a81, 0x29bc, 0x29ad, 0x2cd6, 0x2ca0, 0x2c82, 0x2901, 0x2957, 0x2a03,
    0x2c66, 0x2bfa, 0x2ba1, 0x26ad, 0x27aa, 0x2894, 0x2de3, 0x2dfd, 0x2d75, 0x2eb6, 0x2e8d, 0x2e97,
    0x29f8, 0x2a7e, 0x2ba7, 0x2fd7, 0x2e8f, 0x2cf7, 0x2eec, 0x2d97, 0x2c73, 0x2ac2, 0x2ae6, 0x2b48,
    0x25b8, 0x262d, 0x2761, 0x2dab, 0x2cf1, 0x2c9a, 0x2b82, 0x2abc, 0x2a44, 0x2852, 0x2839, 0x28cc,
    0x2c09, 0x2c11, 0x2c68, 0x27d8, 0x27e1, 0x2846, 0x2ce8, 0x2c7b, 0x2c53, 0x2c6b, 0x2c53, 0x2ca0,
    0x2cbc, 0x2c97, 0x2ca7, 0x2c10, 0x2c12, 0x2c06, 0x2ef6, 0x2e93, 0x2e29, 0x2f72, 0x2ef2, 0x2edc,
    0x2cf2, 0x2c93, 0x2c2d, 0x2ccb, 0x2c8e, 0x2c3f, 0x2beb, 0x2b60, 0x2a82, 0x3053, 0x3025, 0x2fc9,
    0x3056, 0x2eb1, 0x2cc4, 0x3179, 0x317a, 0x311a, 0x2c52, 0x2ae1, 0x297b, 0x34a7, 0x31d0, 0x2e42,
    0x2d7c, 0x2c86, 0x2c31, 0x3014, 0x2e33, 0x2c54, 0x2fc5, 0x2f7f, 0x2f4f, 0x2dd3, 0x2d33, 0x2cd0,
    0x2eaa, 0x2dc8, 0x2ce9, 0x30f2, 0x3089, 0x3018, 0x2f28, 0x2e18, 0x2cbd, 0x2d0f, 0x2d14, 0x2cf6,
    0x2c77, 0x2aaf, 0x26a4, 0x2fbf, 0x2d5b, 0x29e2, 0x3057, 0x2e6f, 0x2b41, 0x2c5c, 0x2b00, 0x2999,
    0x2ec9, 0x2cfb, 0x2944, 0x30dc, 0x3004, 0x2e81, 0x2b3a, 0x2b0b, 0x2a06, 0x2d2c, 0x2c86, 0x2a0c,
    0x2e08, 0x2c9c, 0x2b15, 0x2c5d, 0x2a69, 0x2897, 0x2d52, 0x2cc8, 0x2c63, 0x2fd8, 0x2de1, 0x2c4f,
    0x306f, 0x2ebd, 0x2c9b, 0x2d64, 0x2c8f, 0x2b3f, 0x2cf5, 0x2c70, 0x2bd5, 0x2cd3, 0x2c36, 0x2ad7,
    0x2d08, 0x2c8d, 0x2c8b, 0x2a2a, 0x29eb, 0x2a4d, 0x302f, 0x2e3b, 0x2c60, 0x2c22, 0x2b0d, 0x2a2e,
    0x2f1e, 0x2d6a, 0x2bc9, 0x2fc9, 0x2d58, 0x2aad, 0x2eed, 0x2f01, 0x2ee9, 0x345e, 0x31e4, 0x2ff2,
    0x2f77, 0x2f9e, 0x2fa2, 0x2b8e, 0x2c12, 0x2c30, 0x2fb0, 0x2d2b, 0x28f3, 0x2aa0, 0x2c23, 0x2cf9,
    0x2bf9, 0x2c0b, 0x2c03, 0x271a, 0x285a, 0x28eb, 0x2cc3, 0x2c39, 0x2b4f, 0x26dc, 0x282a, 0x28cf,
    0x2c72, 0x2c37, 0x2bfa, 0x2ca5, 0x2d03, 0x2cfd, 0x2d56, 0x2c17, 0x2a77, 0x2db6, 0x2ca7, 0x2a92,
    0x2816, 0x2861, 0x28a5, 0x2799, 0x279d, 0x2826, 0x28c6, 0x295c, 0x2a2a, 0x2d39, 0x2c2e, 0x2a72,
    0x2b9f, 0x2b74, 0x2abb, 0x2b29, 0x2c2d, 0x2cca, 0x2ae2, 0x2afb, 0x2b5c, 0x2829, 0x2830, 0x28d7,
    0x307e, 0x3067, 0x302a, 0x2b30, 0x2a9d, 0x2a4f, 0x2cda, 0x2c63, 0x2bbe, 0x2be6, 0x2b1c, 0x29fe,
    0x2b63, 0x2a6e, 0x29af, 0x2b61, 0x2bfa, 0x2c0e, 0x2c43, 0x2c2a, 0x2c0e, 0x3042, 0x2f69, 0x2e2c,
    0x2d95, 0x2d62, 0x2ce5, 0x312d, 0x2e91, 0x2b24, 0x341b, 0x30da, 0x2cb0, 0x304e, 0x2f98, 0x2eb7,
    0x2da9, 0x2cfb, 0x2ca2, 0x2f50, 0x2ea8, 0x2e08, 0x2d76, 0x2d33, 0x2cd3, 0x2c9d, 0x2c47, 0x2c32,
    0x2e28, 0x2e1b, 0x2e13, 0x2e21, 0x2d5d, 0x2c4f, 0x2e72, 0x2d58, 0x2c20, 0x30bb, 0x3007, 0x2ebe,
    0x3567, 0x3373, 0x304a, 0x34c5, 0x32b8, 0x302f, 0x3024, 0x2e44, 0x2bca, 0x2a16, 0x28bb, 0x27ab,
    0x31eb, 0x2ebe, 0x2baa, 0x2e43, 0x2c8b, 0x27a5, 0x2d61, 0x2c71, 0x2b14, 0x2ece, 0x2dfd, 0x2d0a,
    0x2d4d, 0x2bb2, 0x28d8, 0x2e06, 0x2d6f, 0x2c5d, 0x2d68, 0x2c38, 0x2aaa, 0x3010, 0x2d04, 0x2a3f,
    0x3140, 0x2f14, 0x2d18, 0x2dcf, 0x2d2f, 0x2cc9, 0x2c87, 0x2b89, 0x2a09, 0x2da4, 0x2c3d, 0x2a32,
    0x2e5c, 0x2e57, 0x2e82, 0x2e24, 0x2ca9, 0x2acc, 0x2ed6, 0x2c9c, 0x29f4, 0x2b39, 0x2b0c, 0x2b57,
    0x2e0c, 0x2c7e, 0x2a41, 0x320a, 0x30c8, 0x2e7b, 0x3171, 0x3014, 0x2da2, 0x3234, 0x303a, 0x2cd7,
    0x2ebd, 0x2ea4, 0x2e4e, 0x2f38, 0x2f3e, 0x2ec2, 0x2d6e, 0x2dc4, 0x2db2, 0x2d0f, 0x2cb0, 0x2bce,
    0x2e17, 0x2c82, 0x2a29, 0x2e15, 0x2d93, 0x2d1d, 0x2b12, 0x2be6, 0x2bbd, 0x2cc2, 0x2cf3, 0x2918,
    0x2922, 0x2984, 0x299d, 0x2c7e, 0x2d54, 0x2e15, 0x2f3e, 0x2ec7, 0x2e72, 0x2c04, 0x2b84, 0x2a73,
    0x2d19, 0x2c8a, 0x2c26, 0x2851, 0x28f9, 0x28d1, 0x28ea, 0x29af, 0x2a67, 0x28f1, 0x283e, 0x2745,
    0x2dad, 0x2cb1, 0x2b31, 0x2b40, 0x2b6b, 0x2c33, 0x2942, 0x298b, 0x2a68, 0x2826, 0x2838, 0x2879,
    0x2ca3, 0x2c3b, 0x2cb8, 0x2bb5, 0x2c1e, 0x2c9e, 0x2e54, 0x2ef6, 0x300b, 0x2f48, 0x2fa2, 0x2a65,
    0x2c25, 0x2ba4, 0x2a97, 0x2d4c, 0x2cfc, 0x2c54, 0x30dc, 0x3007, 0x2e66, 0x2d61, 0x2d2b, 0x2d23,
    0x2c8b, 0x2bd1, 0x2b4d, 0x2a58, 0x2a1c, 0x2ab8, 0x2fdc, 0x2f4e, 0x2e74, 0x300b, 0x2f9f, 0x2ebf,
    0x2e81, 0x2d5f, 0x2c5e, 0x2d52, 0x2c79, 0x2b7d, 0x30b6, 0x306d, 0x3038, 0x2ef2, 0x2ed4, 0x2e4b,
    0x3101, 0x3081, 0x2f9e, 0x308f, 0x2f5a, 0x2de1, 0x31e3, 0x30e2, 0x2f8a, 0x303d, 0x2fc0, 0x2ee9,
    0x2c23, 0x2a68, 0x27f5, 0x2b74, 0x294a, 0x2615, 0x2b97, 0x28ea, 0x2446, 0x2ce8, 0x2aa3, 0x267f,
    0x2dff, 0x2c85, 0x29e4, 0x2c60, 0x2ba5, 0x2944, 0x2bec, 0x2a0c, 0x283a, 0x2b77, 0x2a3f, 0x2853,
    0x2d8d, 0x2d00, 0x2c83, 0x2e8e, 0x2ecd, 0x2c40, 0x2de4, 0x2d1f, 0x2a75, 0x2b85, 0x2a1f, 0x295a,
    0x2f4d, 0x2e9f, 0x2de6, 0x2e11, 0x2cef, 0x2c10, 0x2b10, 0x2ad6, 0x2a6e, 0x2df2, 0x2c62, 0x29b5,
    0x2ef4, 0x2d88, 0x2b9d, 0x2ceb, 0x2cab, 0x2c65, 0x2e3a, 0x2d28, 0x2ca2, 0x2c51, 0x2c8b, 0x2d59,
    0x2f65, 0x2d91, 0x2c1f, 0x2e26, 0x2c56, 0x29e3, 0x2dd0, 0x2ca2, 0x2b82, 0x2c82, 0x2b8b, 0x2aa1,
    0x2c5c, 0x2c0b, 0x2bbf, 0x2ae2, 0x2b78, 0x2c06, 0x2c2c, 0x2c1b, 0x2bea, 0x3109, 0x2f02, 0x2c83,
    0x2a8d, 0x2a9b, 0x2a9e, 0x2fe5, 0x3022, 0x2f78, 0x2a28, 0x2945, 0x2810, 0x2bae, 0x2c0f, 0x2b4c,
    0x2c5b, 0x2cf2, 0x2ce7, 0x2894, 0x29fc, 0x2ac5, 0x267e, 0x259e, 0x2584, 0x2cd2, 0x2dd4, 0x2e9c,
    0x2a78, 0x28b8, 0x271d, 0x2d69, 0x2ca0, 0x2b1f, 0x2dbb, 0x2b23, 0x2935, 0x2b1c, 0x2a00, 0x284f,
    0x2a5b, 0x2b0c, 0x2b85, 0x2c59, 0x2c43, 0x2c4d, 0x2cbc, 0x2d6b, 0x2d51, 0x2c80, 0x2c46, 0x2b60,
    0x2de0, 0x2d36, 0x2d23, 0x2d17, 0x2d84, 0x2e04, 0x2eba, 0x2e8b, 0x2e95, 0x2d18, 0x2d9d, 0x2dfc,
    0x2e29, 0x2d84, 0x2d15, 0x2e59, 0x2dbd, 0x2d1e, 0x2e2d, 0x2dc9, 0x2d35, 0x2e72, 0x2da5, 0x2d28,
    0x2b2b, 0x2bdf, 0x2c9f, 0x3188, 0x3120, 0x305b, 0x3123, 0x30cc, 0x304e, 0x2daa, 0x2dce, 0x2e04,
    0x300c, 0x2f5d, 0x2eae, 0x2ace, 0x2a32, 0x295f, 0x30d6, 0x2fec, 0x2ec8, 0x30cd, 0x2fa4, 0x2e3a,
    0x2f68, 0x2daa, 0x2c2e, 0x311e, 0x30a5, 0x300d, 0x309c, 0x3000, 0x2f29, 0x3167, 0x3090, 0x2f79,
    0x2c72, 0x2a78, 0x27eb, 0x29ad, 0x286e, 0x25ed, 0x2b25, 0x296d, 0x2725, 0x2bac, 0x29cf, 0x2742,
    0x2c53, 0x2a4f, 0x27df, 0x2d12, 0x2b1a, 0x289c, 0x2e45, 0x2c41, 0x2993, 0x2ae0, 0x295f, 0x2848,
    0x2d3e, 0x2ca7, 0x2b91, 0x2cc7, 0x2c8d, 0x2b46, 0x2e65, 0x2cbf, 0x2b4a, 0x2fc9, 0x2dcf, 0x2c16,
    0x2f68, 0x2e6d, 0x2d0a, 0x30a2, 0x2eb1, 0x2c13, 0x2d44, 0x2d6f, 0x2d48, 0x2bcd, 0x296d, 0x27c0,
    0x2b63, 0x2b63, 0x299e, 0x3000, 0x2dd3, 0x2c12, 0x2be4, 0x2bf7, 0x2bfa, 0x2cb6, 0x2c70, 0x2cae,
    0x3099, 0x2edc, 0x2ca9, 0x2cd3, 0x2cb5, 0x2c50, 0x2e08, 0x2c5a, 0x29bc, 0x2d2e, 0x2dc8, 0x2e68,
    0x2c78, 0x2c5b, 0x2c64, 0x2ca5, 0x2ba2, 0x2a31, 0x2aaa, 0x2b59, 0x2bd8, 0x29e6, 0x29e5, 0x29ab,
    0x2f8c, 0x2e3a, 0x2d51, 0x294d, 0x2a21, 0x2abf, 0x2e26, 0x2e25, 0x2dae, 0x2d33, 0x2d22, 0x2d24,
    0x2d81, 0x2dd0, 0x2d7b, 0x2d3a, 0x2e3a, 0x2e6f, 0x3380, 0x330c, 0x2e1f, 0x32aa, 0x2ff2, 0x2cd6,
    0x35f1, 0x346a, 0x2ea8, 0x2eeb, 0x2d50, 0x2ab6, 0x2dbe, 0x2cd1, 0x2b8c, 0x2b3b, 0x2b92, 0x2ba6,
    0x2fb0, 0x2fb6, 0x2dc0, 0x26c7, 0x2643, 0x2584, 0x2cb9, 0x2d6d, 0x2dff, 0x2c26, 0x2a4c, 0x29c6,
    0x2c04, 0x2cf0, 0x2de7, 0x2b27, 0x2baa, 0x2c05, 0x29e6, 0x29c2, 0x28d2, 0x30d6, 0x3036, 0x2f63,
    0x3257, 0x31d1, 0x310d, 0x30c9, 0x2fe9, 0x2e09, 0x2dd2, 0x2d49, 0x2ceb, 0x2f12, 0x2f44, 0x2f6e,
    0x290d, 0x298d, 0x29c8, 0x2e71, 0x2dd9, 0x2db2, 0x2dba, 0x2dd1, 0x2dc9, 0x2c7a, 0x2b9c, 0x2ab3,
    0x3009, 0x2e19, 0x2cba, 0x2ed3, 0x2d97, 0x2c3c, 0x3028, 0x2ee9, 0x2e47, 0x3085, 0x304b, 0x2fe3,
    0x322e, 0x31e0, 0x311a, 0x3015, 0x2f0d, 0x2e57, 0x315e, 0x309d, 0x2fb1, 0x3219, 0x30f4, 0x2fde,
    0x2932, 0x287b, 0x25fa, 0x2c2e, 0x2b12, 0x298d, 0x2aa0, 0x2ab6, 0x28d8, 0x2b61, 0x2a4c, 0x28e8,
    0x2c76, 0x2c26, 0x29de, 0x2b3d, 0x2a31, 0x28bc, 0x2c74, 0x2a45, 0x27d5, 0x2e5b, 0x2d10, 0x2bad,
    0x2db4, 0x2c5d, 0x2a39, 0x2cac, 0x2b31, 0x28c7, 0x2e79, 0x2cd6, 0x2ae6, 0x2f67, 0x2d17, 0x2a70,
    0x3041, 0x2dd3, 0x2b21, 0x2dc1, 0x2d1a, 0x2bf1, 0x2ce6, 0x2bb2, 0x2a17, 0x2f78, 0x2dd7, 0x2bcf,
    0x2ccf, 0x2d43, 0x2da6, 0x2f2a, 0x2e5b, 0x2cfc, 0x2b8f, 0x2bc9, 0x2b71, 0x2ce3, 0x2cc0, 0x2c86,
    0x3183, 0x306c, 0x2de6, 0x2ba9, 0x2c56, 0x2ce3, 0x2d58, 0x2d4c, 0x2cb7, 0x2c1b, 0x2bea, 0x2b07,
    0x2d6c, 0x2c1d, 0x2b2d, 0x2d4e, 0x2c66, 0x2b27, 0x2b19, 0x2ad9, 0x2b31, 0x31d1, 0x30f5, 0x2fab,
    0x2a5b, 0x2a7a, 0x2b75, 0x2eed, 0x2d0a, 0x2baf, 0x2b20, 0x29c5, 0x28ba, 0x28b3, 0x28e5, 0x2985,
    0x2a3b, 0x2941, 0x286a, 0x2ee3, 0x2e23, 0x2cbd, 0x2e5a, 0x2e60, 0x2d24, 0x2d9c, 0x2c74, 0x2a85,
    0x2b41, 0x2c1d, 0x2c8d, 0x2d86, 0x2cfb, 0x2c5c, 0x3048, 0x30e3, 0x30ca, 0x260e, 0x2635, 0x2613,
    0x2d21, 0x2c7f, 0x2b4f, 0x2b2f, 0x2bc0, 0x2bd4, 0x2ae1, 0x2c22, 0x2ccf, 0x2ebf, 0x2f0b, 0x2f12,
    0x2d65, 0x2b87, 0x28b2, 0x2d35, 0x2c57, 0x2c04, 0x2ecb, 0x2e51, 0x2e44, 0x3164, 0x30d4, 0x304a,
    0x2883, 0x28ca, 0x2948, 0x2c88, 0x2beb, 0x2a80, 0x2c42, 0x2c06, 0x2b63, 0x3215, 0x31f1, 0x31b1,
    0x30d3, 0x3085, 0x303f, 0x2e11, 0x2d5d, 0x2cb7, 0x2d64, 0x2da7, 0x2ddf, 0x3201, 0x3271, 0x3215,
    0x30f8, 0x2f86, 0x2d86, 0x3182, 0x3114, 0x3039, 0x2ee6, 0x2e0d, 0x2da4, 0x3176, 0x3045, 0x2d45,
    0x342f, 0x3288, 0x308c, 0x318e, 0x3085, 0x2e48, 0x31d3, 0x31b0, 0x3143, 0x35ed, 0x3500, 0x3107,
    0x293f, 0x2870, 0x25b6, 0x280c, 0x2811, 0x22d0, 0x28c4, 0x28a4, 0x261d, 0x2ff9, 0x2e3d, 0x2c93,
    0x2bf4, 0x29cc, 0x2769, 0x2ed4, 0x2e6b, 0x2a11, 0x2d85, 0x2c04, 0x2941, 0x2db4, 0x2cbe, 0x2ae6,
    0x3089, 0x2f02, 0x2ce0, 0x3024, 0x2e6e, 0x2ce1, 0x3153, 0x2fee, 0x2cc8, 0x3411, 0x31b5, 0x2ef4,
    0x31d0, 0x300f, 0x2d1e, 0x2b6a, 0x29da, 0x288f, 0x2e27, 0x2d4c, 0x2cc2, 0x2ca7, 0x2bfc, 0x2b72,
    0x2afd, 0x2a9f, 0x2b2d, 0x363d, 0x3318, 0x2fb5, 0x3180, 0x3153, 0x2ed5, 0x3082, 0x2ea9, 0x2aeb,
    0x2e92, 0x2d35, 0x2c3a, 0x2e51, 0x2da8, 0x2cf2, 0x30e2, 0x2f0c, 0x2ccf, 0x2e24, 0x2d42, 0x2c7f,
    0x3131, 0x31a6, 0x2cdb, 0x2ef7, 0x2d8b, 0x2c58, 0x3047, 0x2e13, 0x2c2e, 0x2ea1, 0x2c8f, 0x2a27,
    0x2e38, 0x2dbf, 0x2d61, 0x2a05, 0x28ec, 0x28b2, 0x2f28, 0x303a, 0x3028, 0x2e26, 0x2e57, 0x2e83,
    0x2a19, 0x2a33, 0x2979, 0x2db8, 0x2d08, 0x2ca1, 0x2c8d, 0x2d02, 0x2d3c, 0x2d73, 0x2c97, 0x2c0c,
    0x2df6, 0x2e4c, 0x2ee1, 0x2c38, 0x2cef, 0x2d67, 0x3016, 0x2f90, 0x2f37, 0x2e66, 0x2ea7, 0x2ef5,
    0x2e3f, 0x2c92, 0x2a64, 0x3462, 0x2e3d, 0x2c9f, 0x2c72, 0x2a91, 0x293a, 0x31a4, 0x2ec3, 0x2bec,
    0x3102, 0x30ca, 0x303b, 0x2a2c, 0x2a25, 0x2a1a, 0x3234, 0x32ab, 0x3265, 0x2a2f, 0x2a89, 0x2b15,
    0x2f70, 0x2e07, 0x2c62, 0x2e7c, 0x2e2a, 0x2da7, 0x2bc8, 0x2ba4, 0x2bd8, 0x2d8e, 0x2ca1, 0x2bd9,
    0x2e02, 0x2d5c, 0x2cc2, 0x2b81, 0x2b68, 0x2b99, 0x3810, 0x3431, 0x2ff7, 0x305c, 0x2f41, 0x2dc0,
    0x2fa5, 0x2f77, 0x2f83, 0x2d9b, 0x2d6b, 0x2d5b, 0x2efb, 0x2e94, 0x2e2c, 0x3234, 0x31e0, 0x313a,
    0x31ae, 0x3153, 0x30f9, 0x2d6f, 0x2c57, 0x2b07, 0x3334, 0x32a1, 0x31a9, 0x33c7, 0x328c, 0x3139,
    0x28e7, 0x2865, 0x253f, 0x2905, 0x2835, 0x2647, 0x2b70, 0x2b0b, 0x29b6, 0x2804, 0x259e, 0x22fc,
    0x3085, 0x3189, 0x2abb, 0x2f34, 0x2d03, 0x2a25, 0x2fba, 0x2dd9, 0x2c17, 0x2d1e, 0x2c20, 0x2ab9,
    0x2fea, 0x2dc8, 0x2c31, 0x3327, 0x3102, 0x2e07, 0x313b, 0x2f6a, 0x2ce1, 0x2e47, 0x2c24, 0x28d3,
    0x2aba, 0x29a4, 0x27f6, 0x3129, 0x3172, 0x318e, 0x2f00, 0x2db0, 0x2c9c, 0x3461, 0x3273, 0x2ff0,
    0x2dd6, 0x2c76, 0x2af2, 0x317d, 0x30f2, 0x302a, 0x2b6f, 0x2a4e, 0x2979, 0x2cda, 0x2d1a, 0x2d2a,
    0x2c78, 0x2cc0, 0x2d59, 0x2e30, 0x2da7, 0x2d17, 0x2ad3, 0x2947, 0x28c1, 0x2d2d, 0x2c18, 0x2ac6,
    0x2a72, 0x2a12, 0x2974, 0x2ba1, 0x2b37, 0x2a1b, 0x2c74, 0x2c5b, 0x2c91, 0x324d, 0x2d1c, 0x281d,
    0x2ad7, 0x2a33, 0x296c, 0x2dba, 0x2c77, 0x2a9a, 0x3545, 0x32ae, 0x2fa9, 0x2a69, 0x2bbf, 0x2cb9,
    0x2b86, 0x2cc1, 0x2d00, 0x26e8, 0x277a, 0x2896, 0x2d4b, 0x2ad7, 0x289f, 0x2d0f, 0x2cb7, 0x2a77,
    0x34ae, 0x318c, 0x2d8c, 0x2db2, 0x2ca6, 0x2bf5, 0x2c9e, 0x2c28, 0x2b43, 0x2d4d, 0x2c7c, 0x2b3e,
    0x2c8e, 0x2c7e, 0x2bbe, 0x2a78, 0x2ae1, 0x2b6e, 0x2cb8, 0x2cd8, 0x2d54, 0x2e6c, 0x2f67, 0x2f58,
    0x2edc, 0x2ec4, 0x2e36, 0x2d48, 0x2c08, 0x2a4c, 0x26c5, 0x276c, 0x278f, 0x2812, 0x2847, 0x28aa,
    0x2b7e, 0x2b36, 0x2b4d, 0x3143, 0x316e, 0x311b, 0x2ea6, 0x2ce9, 0x2ba5, 0x2bed, 0x2b59, 0x2ab9,
    0x2df0, 0x2d76, 0x2d22, 0x2fe4, 0x2f23, 0x2e62, 0x3044, 0x2f85, 0x2e64, 0x2dbf, 0x2cc2, 0x2be5,
    0x2c4a, 0x2cfc, 0x2e29, 0x34b1, 0x3474, 0x33ba, 0x3219, 0x3173, 0x305d, 0x34e4, 0x3432, 0x32ec,
    0x3585, 0x3556, 0x3482, 0x30de, 0x3068, 0x2f6e, 0x344d, 0x32cb, 0x30e7, 0x31b7, 0x302e, 0x2d9b,
    0x3463, 0x3193, 0x2d8e, 0x355b, 0x3339, 0x2ef7, 0x3250, 0x3111, 0x2afb, 0x30ee, 0x310d, 0x28cf,
    0x3003, 0x2dfe, 0x2b12, 0x3584, 0x3425, 0x29a0, 0x2e5a, 0x2d07, 0x2931, 0x306d, 0x2f30, 0x2c6f,
    0x31b5, 0x3023, 0x2d4a, 0x3453, 0x3234, 0x2fe6, 0x2e7d, 0x2cb9, 0x2a07, 0x30e0, 0x2e7d, 0x2b67,
    0x3040, 0x2e2a, 0x2c11, 0x3083, 0x2ed8, 0x2c6b, 0x30d4, 0x3101, 0x2c4f, 0x3062, 0x2e03, 0x2bfd,
    0x2f19, 0x2deb, 0x2c60, 0x2dc0, 0x2e9b, 0x29cf, 0x2c02, 0x2bb8, 0x2b06, 0x29db, 0x28ff, 0x27e3,
    0x2a8d, 0x2ac5, 0x2ab6, 0x2c43, 0x2acb, 0x28eb, 0x2aa3, 0x29ec, 0x2936, 0x2afb, 0x2af9, 0x29dd,
    0x2fee, 0x2eac, 0x2d7e, 0x2ac9, 0x2b95, 0x2ac1, 0x2dbe, 0x2e9e, 0x2f20, 0x2db8, 0x2d0e, 0x2c28,
    0x2eaf, 0x2da1, 0x2cdc, 0x2c16, 0x2c73, 0x2ca0, 0x2dd2, 0x2e08, 0x2dec, 0x2c3c, 0x2d7d, 0x2e4b,
    0x2aa8, 0x2afb, 0x2b68, 0x2924, 0x296a, 0x2973, 0x2dcf, 0x2c1f, 0x297c, 0x2f17, 0x2e67, 0x2d57,
    0x2fd8, 0x2e60, 0x2c59, 0x2ce8, 0x2d06, 0x2cf3, 0x2931, 0x28b6, 0x27b2, 0x3013, 0x2ebe, 0x2d61,
    0x301d, 0x2da3, 0x2afa, 0x310f, 0x30d8, 0x308f, 0x2a68, 0x2aaf, 0x2ae0, 0x2d8e, 0x2d8b, 0x2d3b,
    0x2cc8, 0x2c50, 0x2be3, 0x2bf0, 0x2a3f, 0x297a, 0x2cba, 0x2c46, 0x2b0f, 0x2f08, 0x301c, 0x3012,
    0x2b13, 0x2ab1, 0x2a0a, 0x2ca0, 0x2ccc, 0x2d40, 0x2b04, 0x2b18, 0x2af8, 0x2b24, 0x2ad2, 0x29b5,
    0x2e07, 0x2d72, 0x2cd4, 0x2e05, 0x2d4a, 0x2d12, 0x2dfe, 0x2e4f, 0x2e70, 0x30cf, 0x3056, 0x303c,
    0x2d54, 0x2c6a, 0x2aa2, 0x3045, 0x2ffe, 0x2f46, 0x3052, 0x2f3f, 0x2ddb, 0x2dea, 0x2cb4, 0x2b7c,
    0x3258, 0x31c7, 0x30a5, 0x34bd, 0x345b, 0x32c7, 0x31be, 0x30d7, 0x2f63, 0x3593, 0x3453, 0x3193,
    0x278a, 0x2646, 0x246d, 0x2a7d, 0x290a, 0x285a, 0x2bfa, 0x2aa6, 0x292b, 0x29f7, 0x2941, 0x2463,
    0x28f6, 0x2735, 0x257d, 0x2d93, 0x2c2b, 0x2855, 0x30a7, 0x2f61, 0x2d87, 0x2d38, 0x2c8d, 0x2b29,
    0x2ff7, 0x2dca, 0x2b5c, 0x2e9b, 0x2d58, 0x2c35, 0x2f8e, 0x2dd9, 0x2c45, 0x30bc, 0x2e8d, 0x2c17,
    0x3050, 0x2eac, 0x2c28, 0x2e6c, 0x2cbd, 0x2a66, 0x28c1, 0x28e3, 0x2948, 0x300f, 0x2f6f, 0x2e32,
    0x2df1, 0x2c57, 0x29dd, 0x2fb7, 0x2d77, 0x2b74, 0x2d3a, 0x2c6e, 0x2bfe, 0x3053, 0x2ea2, 0x2cba,
    0x3144, 0x2f97, 0x2d34, 0x2ee2, 0x2d1b, 0x2b59, 0x2f32, 0x2d8a, 0x2c70, 0x2e5d, 0x2f45, 0x2f9b,
    0x286d, 0x28df, 0x298f, 0x2ef6, 0x2e11, 0x2ceb, 0x2ea8, 0x2f18, 0x2fa0, 0x2c6f, 0x2ba5, 0x2b34,
    0x2e03, 0x2a2c, 0x268e, 0x2c57, 0x2d94, 0x2ddb, 0x2be7, 0x2c19, 0x2c54, 0x29cb, 0x2a28, 0x2b4c,
    0x2849, 0x2801, 0x2664, 0x3050, 0x2e1e, 0x2bf8, 0x3050, 0x3030, 0x2fb8, 0x2d64, 0x2cbf, 0x2bb3,
    0x2cb2, 0x2cfb, 0x2d4b, 0x2ef5, 0x2d26, 0x2b52, 0x2e36, 0x2e50, 0x2dae, 0x32fa, 0x3065, 0x2d33,
    0x2d69, 0x2aeb, 0x2839, 0x3050, 0x301a, 0x2f20, 0x2b7b, 0x2b69, 0x2abe, 0x2e32, 0x2d74, 0x2c7e,
    0x307b, 0x2e96, 0x2d57, 0x2ec4, 0x2f4d, 0x2f76, 0x2ed8, 0x2ece, 0x2ee9, 0x2a02, 0x2979, 0x2909,
    0x2b5b, 0x2ac1, 0x2987, 0x2969, 0x29b5, 0x2aba, 0x2a74, 0x2a55, 0x2a23, 0x2e5e, 0x2d4f, 0x2c6a,
    0x2bb6, 0x2c19, 0x2cb8, 0x329f, 0x3188, 0x3036, 0x2a65, 0x2a59, 0x2a77, 0x3194, 0x3141, 0x3032,
    0x3046, 0x303d, 0x300d, 0x3304, 0x327c, 0x3109, 0x2d0e, 0x2cac, 0x2c16, 0x32f0, 0x3235, 0x313f,
    0x3516, 0x343b, 0x3243, 0x36bb, 0x34fe, 0x325a, 0x3616, 0x34cf, 0x329f, 0x373c, 0x35af, 0x33ec,
    0x34bd, 0x3270, 0x2e5b, 0x3536, 0x3307, 0x2ef3, 0x3420, 0x31a2, 0x2dbd, 0x314f, 0x2ed3, 0x2ab2,
    0x2bc2, 0x29d7, 0x2448, 0x2d33, 0x2c3f, 0x2a74, 0x2ca7, 0x2ab3, 0x28ed, 0x2f49, 0x2de7, 0x2c02,
    0x2e44, 0x2d3b, 0x2c3f, 0x2cfb, 0x2c33, 0x2acc, 0x2e9c, 0x2d3c, 0x2c0a, 0x2f51, 0x2d18, 0x2a5c,
    0x3050, 0x2e64, 0x2ca9, 0x30d9, 0x305d, 0x2faa, 0x3016, 0x2e3a, 0x2c62, 0x2e03, 0x2c38, 0x28d1,
    0x2f32, 0x2ddb, 0x2a64, 0x2b1c, 0x2b3a, 0x2ba2, 0x2ce6, 0x2c0a, 0x2b2c, 0x2e99, 0x2e55, 0x2dc8,
    0x28f0, 0x28be, 0x2900, 0x2c37, 0x2c9f, 0x2cc5, 0x309a, 0x305a, 0x2fd7, 0x2e0e, 0x2c5d, 0x2bc4,
    0x3526, 0x316e, 0x2d11, 0x310c, 0x3039, 0x2de4, 0x2b71, 0x2a66, 0x2aa5, 0x2ca6, 0x2d73, 0x2e1e,
    0x3205, 0x2efd, 0x2a84, 0x2a7e, 0x2bb5, 0x2c29, 0x2d8c, 0x2ddd, 0x2e1a, 0x2f04, 0x2f6b, 0x2f6b,
    0x2e8c, 0x2e73, 0x2e63, 0x3077, 0x2fb4, 0x2dd9, 0x2dd3, 0x2d67, 0x2d10, 0x2fab, 0x2d19, 0x29f7,
    0x2d8c, 0x2b7e, 0x2954, 0x2a93, 0x2a37, 0x2998, 0x2bf4, 0x2a3f, 0x296d, 0x30f8, 0x3155, 0x3135,
    0x2c3a, 0x2a65, 0x2925, 0x2a73, 0x29de, 0x28e3, 0x2dd1, 0x2e88, 0x2e64, 0x2d25, 0x2b29, 0x286e,
    0x2cf2, 0x2ced, 0x2c3c, 0x2cc5, 0x2c26, 0x2bc4, 0x2d79, 0x2e0d, 0x2e30, 0x2912, 0x28da, 0x2950,
    0x2d30, 0x2d36, 0x2d32, 0x2ddc, 0x2eb5, 0x2e98, 0x2a07, 0x29a9, 0x2862, 0x300f, 0x2fc9, 0x2f18,
    0x304b, 0x2fdd, 0x2f05, 0x2dc4, 0x2db5, 0x2da4, 0x2f4f, 0x2efa, 0x2eb9, 0x2f04, 0x2e4d, 0x2d9d,
    0x326b, 0x30c1, 0x2f5a, 0x3336, 0x31ba, 0x3036, 0x307f, 0x3041, 0x2fee, 0x35c9, 0x343a, 0x31bf,
    0x35ab, 0x344c, 0x31e0, 0x3488, 0x337d, 0x3128, 0x35ce, 0x34d6, 0x334f, 0x380b, 0x35f3, 0x3384,
    0x2dba, 0x2ca4, 0x2b51, 0x2c77, 0x2b0b, 0x28c7, 0x2a5b, 0x2a50, 0x28ec, 0x3538, 0x3425, 0x3117,
    0x2b94, 0x2a94, 0x2884, 0x2ff1, 0x2de1, 0x2c0b, 0x2d45, 0x2b46, 0x2848, 0x30e1, 0x2f39, 0x2cc0,
    0x3060, 0x2eea, 0x2d7b, 0x30eb, 0x2f9e, 0x2d55, 0x2f01, 0x2d45, 0x2b6b, 0x2e14, 0x2c0f, 0x2915,
    0x2e0d, 0x2c93, 0x29f1, 0x2baa, 0x2b4d, 0x277c, 0x3017, 0x2dc0, 0x2b47, 0x2c37, 0x2b96, 0x2703,
    0x2eb0, 0x2e30, 0x2a3c, 0x2f99, 0x2e0a, 0x2b11, 0x2d7d, 0x2dd0, 0x2e8b, 0x2c89, 0x2b20, 0x29a7,
    0x3096, 0x2f12, 0x2d98, 0x2921, 0x2904, 0x2888, 0x2b35, 0x2b74, 0x2b3d, 0x2f4e, 0x2d90, 0x2cf1,
    0x284d, 0x274e, 0x26b0, 0x306c, 0x2fc7, 0x2ef8, 0x3023, 0x304a, 0x2fec, 0x2ccb, 0x2cd0, 0x2c55,
    0x2d7d, 0x2db8, 0x2df8, 0x2d2e, 0x2cae, 0x2c82, 0x2e4a, 0x2d90, 0x2cb2, 0x2b82, 0x2c49, 0x2d11,
    0x2b9c, 0x2bd5, 0x2c09, 0x294d, 0x2952, 0x2985, 0x2f97, 0x2fea, 0x2fb7, 0x2b45, 0x2aa0, 0x2ada,
    0x362d, 0x3651, 0x335f, 0x3234, 0x307e, 0x2e42, 0x391d, 0x3852, 0x366d, 0x3011, 0x30a5, 0x309f,
    0x2f75, 0x2f5a, 0x2f24, 0x2d6f, 0x2ca9, 0x2c25, 0x2af4, 0x2b3d, 0x2b75, 0x2e17, 0x2dac, 0x2ce9,
    0x2da8, 0x2ca2, 0x2b43, 0x2b56, 0x2b5b, 0x2bab, 0x2e04, 0x2dcc, 0x2d85, 0x2d65, 0x2d41, 0x2d0b,
    0x2f80, 0x2e9d, 0x2dd6, 0x30d7, 0x3000, 0x2b80, 0x2d81, 0x2d4e, 0x2d10, 0x30b3, 0x3057, 0x2fc4,
    0x2cd6, 0x2c74, 0x2bc6, 0x308c, 0x3059, 0x300b, 0x319f, 0x3179, 0x30e3, 0x330c, 0x31b9, 0x3073,
    0x316b, 0x3176, 0x30cd, 0x3522, 0x322d, 0x2f94, 0x3467, 0x33b7, 0x3265, 0x346b, 0x3375, 0x31a5,
    0x38a8, 0x36fe, 0x3455, 0x364d, 0x3509, 0x3312, 0x36e5, 0x3589, 0x33c7, 0x3685, 0x3525, 0x32fb,
    0x2ce6, 0x2a6f, 0x27c6, 0x28d9, 0x2760, 0x265c, 0x2d98, 0x2d76, 0x2835, 0x2f4e, 0x2d68, 0x29cd,
    0x2f2a, 0x2db8, 0x2c06, 0x300e, 0x2e36, 0x2c7c, 0x2c9f, 0x2c25, 0x2c21, 0x3078, 0x2ee5, 0x2c0b,
    0x3286, 0x30f0, 0x2f26, 0x3310, 0x3189, 0x300e, 0x3159, 0x3003, 0x2d85, 0x2f3d, 0x2cfb, 0x2a05,
    0x2f8d, 0x2dab, 0x2c06, 0x3000, 0x2e1e, 0x2c3d, 0x2cb2, 0x2a70, 0x2810, 0x2d85, 0x2d2a, 0x285a,
    0x2c2c, 0x2c68, 0x29b1, 0x2cfc, 0x2d2d, 0x2d1d, 0x2de3, 0x2d17, 0x2b44, 0x2bb5, 0x287c, 0x26ed,
    0x2e7e, 0x2cf1, 0x2af5, 0x2e9d, 0x2f31, 0x2f8a, 0x2d71, 0x2d31, 0x2d12, 0x2f04, 0x2da2, 0x2c39,
    0x32b3, 0x3037, 0x2d92, 0x2f8d, 0x2ead, 0x2d27, 0x2da0, 0x2e1a, 0x2e96, 0x2d1c, 0x2ac7, 0x2920,
    0x2d07, 0x2d98, 0x2de1, 0x2a85, 0x298a, 0x28f3, 0x2ec8, 0x2e95, 0x2ee7, 0x2ed5, 0x2d46, 0x2b2e,
    0x2e22, 0x2e3a, 0x2d92, 0x2c06, 0x29c5, 0x286a, 0x28a9, 0x2832, 0x2840, 0x2f9d, 0x2cf8, 0x2b57,
    0x30ee, 0x2f61, 0x2d01, 0x314d, 0x30ce, 0x3000, 0x2ad7, 0x2b41, 0x2b76, 0x2dc0, 0x2d2b, 0x2cae,
    0x2d6e, 0x2d36, 0x2cd9, 0x2b1c, 0x2b89, 0x2c17, 0x2add, 0x2b1e, 0x2afb, 0x2b7f, 0x2b81, 0x2ae8,
    0x2d49, 0x2d45, 0x2e24, 0x31d3, 0x3185, 0x30c2, 0x2fb7, 0x3023, 0x3049, 0x2bbc, 0x2bdf, 0x2bf5,
    0x2e9d, 0x2ead, 0x2ea1, 0x2d46, 0x2bcf, 0x2a7d, 0x2fe7, 0x301e, 0x3019, 0x2c0c, 0x2c36, 0x2c6e,
    0x2e1e, 0x2ee7, 0x2f39, 0x2dbc, 0x2d89, 0x2ceb, 0x30dd, 0x30a9, 0x2fef, 0x2f3a, 0x2f3d, 0x2e38,
    0x3436, 0x3342, 0x3276, 0x3cda, 0x3ab4, 0x3764, 0x329c, 0x3182, 0x301d, 0x3554, 0x33ed, 0x30cb,
    0x3508, 0x3315, 0x3062, 0x36eb, 0x352e, 0x321e, 0x36db, 0x3521, 0x3211, 0x379e, 0x3596, 0x32c0,
    0x2bf5, 0x2a73, 0x28de, 0x2844, 0x2780, 0x2444, 0x2939, 0x2855, 0x23ee, 0x327b, 0x304b, 0x2c63,
    0x2e03, 0x2c09, 0x295f, 0x2e63, 0x2cce, 0x2b18, 0x2d8f, 0x2bd3, 0x2a16, 0x3039, 0x2eae, 0x2d20,
    0x3179, 0x3046, 0x2e48, 0x309b, 0x2ee3, 0x2cb6, 0x2fb5, 0x2e26, 0x2cb8, 0x2f59, 0x2dd8, 0x2c7b,
    0x2da3, 0x2c59, 0x2a95, 0x2d1e, 0x2b7f, 0x29e7, 0x2d70, 0x2b91, 0x2906, 0x2d45, 0x2b4e, 0x28b6,
    0x2dab, 0x2bf4, 0x2963, 0x2d9f, 0x2d32, 0x2a66, 0x2d10, 0x2c15, 0x2a48, 0x300c, 0x2e2a, 0x2ca7,
    0x2fd8, 0x2d90, 0x2b80, 0x2fe0, 0x2dc7, 0x2b36, 0x2fe6, 0x2cd0, 0x2aed, 0x31c5, 0x2f51, 0x2d76,
    0x2e21, 0x2ca7, 0x2bd6, 0x2fbb, 0x2d52, 0x2b03, 0x2eb1, 0x2d65, 0x2c75, 0x2e7b, 0x2dff, 0x2d72,
    0x2cfd, 0x294e, 0x2783, 0x2d4c, 0x2d26, 0x2c99, 0x29c6, 0x28eb, 0x28a0, 0x300c, 0x2f9d, 0x2e74,
    0x3052, 0x2e5b, 0x2c43, 0x3072, 0x304d, 0x2f98, 0x281a, 0x27d2, 0x2758, 0x31cb, 0x3155, 0x3075,
    0x314b, 0x2ff8, 0x2d51, 0x2c9b, 0x29f5, 0x26c8, 0x2ef1, 0x2cfc, 0x2a16, 0x2b47, 0x2aff, 0x2ab2,
    0x2c31, 0x2c68, 0x2cd2, 0x2dfd, 0x2ef0, 0x2f8b, 0x2f8f, 0x2f1e, 0x2ecd, 0x2c76, 0x2ae3, 0x2965,
    0x2f34, 0x2f65, 0x2f2d, 0x2d35, 0x2c03, 0x2a45, 0x2dde, 0x2a1d, 0x2878, 0x2c74, 0x28d7, 0x255b,
    0x2d72, 0x2df7, 0x2de8, 0x2f44, 0x2fdd, 0x301b, 0x3108, 0x3114, 0x30bb, 0x3297, 0x31db, 0x3097,
    0x31d5, 0x305a, 0x2eb4, 0x3227, 0x30f8, 0x2fac, 0x2e75, 0x2cd1, 0x2b3a, 0x317e, 0x309a, 0x2e25,
    0x311c, 0x3018, 0x2e8d, 0x3481, 0x330e, 0x30ca, 0x34f0, 0x331a, 0x308c, 0x37be, 0x3600, 0x3393,
    0x35b6, 0x340c, 0x30bd, 0x35ff, 0x345c, 0x313b, 0x3752, 0x3569, 0x329c, 0x36ea, 0x355a, 0x3290,
    0x356e, 0x331c, 0x2ec2, 0x315b, 0x2f3c, 0x2b40, 0x287a, 0x276e, 0x2484, 0x2a73, 0x2912, 0x26b4,
    0x2ac6, 0x292d, 0x279e, 0x2f9e, 0x2e08, 0x2cc6, 0x2f34, 0x2d80, 0x2be2, 0x3068, 0x2e93, 0x2c3c,
    0x35d0, 0x340a, 0x317e, 0x30ae, 0x2eeb, 0x2c8b, 0x2f37, 0x2df1, 0x2cab, 0x2c55, 0x2b6c, 0x2a2b,
    0x311e, 0x2f90, 0x2ce9, 0x2efc, 0x2cf7, 0x2ac3, 0x2d73, 0x2c49, 0x295f, 0x2ed5, 0x2cf2, 0x2ac2,
    0x2d99, 0x2c58, 0x2a46, 0x2b9b, 0x2a4c, 0x2920, 0x2d51, 0x2d77, 0x2dd9, 0x31cc, 0x3121, 0x2fe4,
    0x2efc, 0x2dd0, 0x2b92, 0x304f, 0x303a, 0x2b81, 0x2b8b, 0x2a7f, 0x292c, 0x25b1, 0x2493, 0x251c,
    0x2e8b, 0x2f4d, 0x3023, 0x2ea2, 0x2c70, 0x2a92, 0x2df6, 0x2cf2, 0x2a84, 0x2c68, 0x2c1a, 0x2abb,
    0x2c42, 0x2caa, 0x2a8c, 0x2a3a, 0x295e, 0x291f, 0x285b, 0x27c1, 0x280a, 0x2635, 0x269b, 0x2673,
    0x2d58, 0x2df5, 0x2e3a, 0x2b34, 0x2b63, 0x2a93, 0x2b0e, 0x2a4a, 0x28f1, 0x2f8d, 0x2f87, 0x2eef,
    0x2d7b, 0x2cf0, 0x2c71, 0x2cb0, 0x2b72, 0x2a02, 0x31ca, 0x31ee, 0x3167, 0x3152, 0x315b, 0x310f,
    0x2db3, 0x2c2f, 0x2a34, 0x2d81, 0x2dc6, 0x2d8d, 0x309a, 0x3035, 0x2fa6, 0x3001, 0x2e2b, 0x2c70,
    0x3453, 0x3326, 0x316b, 0x32b4, 0x3272, 0x31b0, 0x2fb7, 0x2ead, 0x2d93, 0x2e68, 0x2cdb, 0x2ab6,
    0x2ebd, 0x2ed2, 0x2e5f, 0x3042, 0x2e43, 0x2c71, 0x2fef, 0x2ee5, 0x2dd6, 0x3248, 0x323d, 0x319b,
    0x30af, 0x2e6f, 0x2c34, 0x2c3c, 0x2b73, 0x2abc, 0x37ea, 0x3590, 0x31d1, 0x39db, 0x38c1, 0x3626,
    0x35a7, 0x3411, 0x3126, 0x34a1, 0x33af, 0x3195, 0x3462, 0x326f, 0x300e, 0x3608, 0x3451, 0x3150,
    0x34ff, 0x32e7, 0x2f8f, 0x37c7, 0x35a5, 0x32d7, 0x3655, 0x34c1, 0x31e9, 0x36f0, 0x352d, 0x3271,
    0x2b5b, 0x2a15, 0x2733, 0x2852, 0x2848, 0x2609, 0x2a03, 0x288c, 0x2546, 0x2a8b, 0x29d2, 0x2509,
    0x2c2c, 0x2a5f, 0x2832, 0x2c5a, 0x2aa6, 0x2722, 0x2d50, 0x2c02, 0x291a, 0x304e, 0x2e59, 0x2ba6,
    0x2eed, 0x2db2, 0x2af3, 0x3007, 0x2e3f, 0x2c8c, 0x2fd8, 0x2e8d, 0x2d18, 0x2efb, 0x2e5f, 0x2dd0,
    0x2c39, 0x2a6d, 0x2872, 0x2f1f, 0x2e0d, 0x2d12, 0x2dd0, 0x2c64, 0x289a, 0x2e22, 0x2c37, 0x2967,
    0x2cc9, 0x2c24, 0x2acb, 0x3019, 0x2e9d, 0x2a97, 0x32e0, 0x2e90, 0x2aca, 0x336c, 0x30b1, 0x2d78,
    0x313d, 0x2fc1, 0x2d59, 0x2f5b, 0x2dcb, 0x2bdb, 0x2b39, 0x2bea, 0x2c12, 0x307a, 0x2e96, 0x2cab,
    0x2f95, 0x2fb7, 0x2f17, 0x2c7a, 0x2cd8, 0x2cac, 0x2be4, 0x2c0e, 0x2b21, 0x3118, 0x2f08, 0x2cbd,
    0x2d3e, 0x2b67, 0x289e, 0x3098, 0x3001, 0x2e17, 0x2ccc, 0x2dc9, 0x2e17, 0x3169, 0x3172, 0x30f8,
    0x29da, 0x2955, 0x299d, 0x3072, 0x30a4, 0x3052, 0x3123, 0x3095, 0x2f55, 0x2a4c, 0x29b9, 0x295c,
    0x2f59, 0x2e43, 0x2d92, 0x2a1a, 0x28dd, 0x274c, 0x3258, 0x32b1, 0x3255, 0x2c72, 0x2ca0, 0x2d09,
    0x2cad, 0x2d29, 0x2dac, 0x2e96, 0x2dbb, 0x2d03, 0x2f27, 0x2e6c, 0x2d46, 0x2c1b, 0x2db0, 0x2de0,
    0x2bca, 0x2b85, 0x2a8f, 0x30fa, 0x301d, 0x2df8, 0x2ea8, 0x2ddb, 0x2cae, 0x2d10, 0x2ccc, 0x2c78,
    0x2b11, 0x2a65, 0x2967, 0x2d99, 0x2d1a, 0x2c52, 0x2c6b, 0x2ca7, 0x2c99, 0x3117, 0x3062, 0x2f2c,
    0x2f15, 0x2f2d, 0x2fbe, 0x31b3, 0x3188, 0x30fa, 0x322d, 0x30e7, 0x2dd5, 0x3390, 0x32d5, 0x317e,
    0x31a4, 0x30c1, 0x2f47, 0x34aa, 0x33da, 0x317c, 0x34d7, 0x3404, 0x31ce, 0x34b2, 0x333c, 0x30d9,
    0x3117, 0x3086, 0x2f99, 0x36a9, 0x34c5, 0x3177, 0x35bc, 0x3445, 0x314c, 0x350e, 0x331c, 0x3055,
    0x2a34, 0x29ba, 0x2815, 0x2958, 0x289f, 0x24bf, 0x2b00, 0x2a14, 0x273d, 0x2a49, 0x29bc, 0x27d2,
    0x2dd3, 0x2c26, 0x288f, 0x2e98, 0x2c46, 0x2908, 0x2d81, 0x2cc2, 0x2aa3, 0x3025, 0x2e45, 0x2c75,
    0x2f1c, 0x2d0a, 0x2b3d, 0x2fdd, 0x2db5, 0x2b58, 0x3068, 0x2f14, 0x2d2d, 0x2f41, 0x2deb, 0x2c90,
    0x3177, 0x3046, 0x2e1f, 0x2fdd, 0x2e06, 0x2c73, 0x2d98, 0x2cdc, 0x2acd, 0x2d7d, 0x2bde, 0x292e,
    0x31f2, 0x3123, 0x2fd6, 0x2dd2, 0x2c1d, 0x2926, 0x2e85, 0x2d8a, 0x2ce0, 0x2b41, 0x2a00, 0x27ec,
    0x30db, 0x2fd8, 0x2ce8, 0x2c16, 0x2be5, 0x2baa, 0x3245, 0x30d3, 0x2f0b, 0x2ed4, 0x2ef6, 0x2e82,
    0x2e72, 0x2d3d, 0x2c56, 0x2e93, 0x2db7, 0x2d0b, 0x2969, 0x28ee, 0x28e2, 0x306f, 0x2e99, 0x2caf,
    0x3092, 0x2e4b, 0x2b67, 0x2db5, 0x2ecb, 0x2ef6, 0x2ca2, 0x2df8, 0x2a1f, 0x2cb6, 0x2c73, 0x2c1e,
    0x2c0d, 0x2c37, 0x2c2d, 0x3301, 0x311a, 0x2f2e, 0x3135, 0x3176, 0x30bc, 0x3075, 0x3096, 0x307c,
    0x2994, 0x29cf, 0x2a40, 0x2ff5, 0x2ee9, 0x2d8f, 0x2de5, 0x2dfb, 0x2dbf, 0x30ea, 0x3156, 0x3148,
    0x297c, 0x29b3, 0x29c5, 0x31c3, 0x31d4, 0x3160, 0x2dad, 0x2d65, 0x2cfd, 0x2d94, 0x2d87, 0x2cea,
    0x2f61, 0x2e04, 0x2c4c, 0x3003, 0x300c, 0x2f86, 0x307b, 0x3022, 0x2f54, 0x2d71, 0x2db8, 0x2dba,
    0x2cfe, 0x2c72, 0x2c08, 0x2e20, 0x2dc6, 0x2d9e, 0x314a, 0x31a9, 0x3132, 0x2c63, 0x2ac5, 0x296f,
    0x2c5d, 0x2b86, 0x2a34, 0x2f5b, 0x2e3f, 0x2d37, 0x320e, 0x3102, 0x2fe4, 0x35fd, 0x3583, 0x3485,
    0x2e19, 0x2dc4, 0x2d52, 0x343a, 0x3371, 0x31c9, 0x3380, 0x3123, 0x2dea, 0x3700, 0x352e, 0x3205,
    0x35cd, 0x3455, 0x3172, 0x3506, 0x3363, 0x3086, 0x350e, 0x336a, 0x3080, 0x353e, 0x33dd, 0x311a,
    0x2462, 0x235c, 0x2207, 0x2edd, 0x2c88, 0x2800, 0x354e, 0x3341, 0x2f36, 0x35d3, 0x33d5, 0x302d,
    0x344b, 0x3220, 0x2e8d, 0x2d06, 0x2b1f, 0x2707, 0x2dcb, 0x2cda, 0x2bee, 0x3175, 0x2ecc, 0x2bde,
    0x2d60, 0x2b9b, 0x2986, 0x2d62, 0x2ba6, 0x29d4, 0x2e75, 0x2d35, 0x2beb, 0x2ca4, 0x2c7d, 0x2c7d,
    0x326f, 0x30c3, 0x2d4d, 0x30c2, 0x2f46, 0x2d04, 0x30ff, 0x2fff, 0x2d5f, 0x2d99, 0x2d38, 0x2cee,
    0x3072, 0x2f3d, 0x2d5e, 0x2cc0, 0x2c21, 0x2aea, 0x2e1e, 0x2cdb, 0x2b50, 0x2da5, 0x2cdf, 0x2c4e,
    0x3154, 0x3013, 0x2d66, 0x2e4b, 0x2d9c, 0x2d3f, 0x304d, 0x301d, 0x2d69, 0x2d90, 0x2e2e, 0x2eaa,
    0x31b4, 0x2fd0, 0x2cb7, 0x2ad9, 0x2acc, 0x2b47, 0x2cbd, 0x2d24, 0x2d4e, 0x2b59, 0x2987, 0x2731,
    0x2e5b, 0x2cfd, 0x2a6a, 0x2f02, 0x2ce0, 0x29d6, 0x2c93, 0x2c35, 0x2c3e, 0x3004, 0x2e28, 0x2c6c,
    0x2cb7, 0x2cc3, 0x2c17, 0x2bbf, 0x2adb, 0x29a1, 0x3091, 0x3098, 0x300d, 0x2b69, 0x2bc5, 0x2b2c,
    0x2ab8, 0x29a7, 0x28ed, 0x2f95, 0x2e93, 0x2d43, 0x2e8a, 0x2d46, 0x2c79, 0x2dc3, 0x2d91, 0x2d1f,
    0x2ccb, 0x2c9e, 0x2cc1, 0x31ac, 0x2eae, 0x2c78, 0x2e4e, 0x2e11, 0x2d57, 0x2e38, 0x2dbc, 0x2d75,
    0x2f36, 0x2e55, 0x2cc0, 0x34bc, 0x33f6, 0x31fb, 0x2f56, 0x2e14, 0x2cc7, 0x34fd, 0x349f, 0x3352,
    0x2e7b, 0x2e12, 0x2d5e, 0x2f4e, 0x2ed8, 0x2ddd, 0x3152, 0x3108, 0x3075, 0x2c79, 0x2be2, 0x2bba,
    0x2f4a, 0x2f1f, 0x2d26, 0x3793, 0x36ea, 0x3569, 0x2f9b, 0x2e6c, 0x2d63, 0x291d, 0x285c, 0x272f,
    0x34d3, 0x34a3, 0x33ea, 0x3390, 0x32a1, 0x3103, 0x34ce, 0x3376, 0x310f, 0x34e9, 0x342d, 0x3266,
    0x3615, 0x3481, 0x315d, 0x3513, 0x339c, 0x30d3, 0x31c2, 0x30b2, 0x2ecd, 0x34ce, 0x3365, 0x30f6,
    0x2c08, 0x29dd, 0x2847, 0x31e9, 0x3081, 0x2cee, 0x2a18, 0x28c8, 0x24be, 0x2a42, 0x29c8, 0x260b,
    0x2c08, 0x2a80, 0x2798, 0x2ebe, 0x2d0c, 0x2a68, 0x2d19, 0x2bae, 0x2952, 0x2c03, 0x2b99, 0x2a08,
    0x2aa0, 0x29ee, 0x2991, 0x2d0a, 0x2c4b, 0x2ab5, 0x2ef8, 0x2da3, 0x2c54, 0x2c0b, 0x2a9f, 0x295d,
    0x2ca8, 0x2c3f, 0x2bd3, 0x2c0b, 0x2a4f, 0x28ae, 0x2fd9, 0x2e17, 0x2beb, 0x2d83, 0x2c64, 0x2abe,
    0x2fd1, 0x2dca, 0x2bb6, 0x31e5, 0x30b2, 0x2e86, 0x32ea, 0x331c, 0x32f0, 0x2d05, 0x2c3d, 0x2a99,
    0x2d0f, 0x2c93, 0x2b92, 0x2dec, 0x2ca4, 0x2a7d, 0x3108, 0x2ff2, 0x2d3b, 0x2bc1, 0x2cb0, 0x2d72,
    0x2c20, 0x2c65, 0x2cb0, 0x2f55, 0x2de4, 0x2bee, 0x2f0c, 0x2d2a, 0x2afa, 0x2dc6, 0x2d2d, 0x2c1d,
    0x2ca3, 0x2b4c, 0x29a1, 0x2ba6, 0x2c5d, 0x2c35, 0x2e7b, 0x2e71, 0x2dce, 0x2d6a, 0x2d49, 0x2d5b,
    0x2e4f, 0x2c37, 0x2a08, 0x2dfb, 0x2dea, 0x2d41, 0x2d0e, 0x2c10, 0x2a85, 0x2dff, 0x2cbc, 0x2a63,
    0x2d70, 0x2c47, 0x2a83, 0x2d88, 0x2ca4, 0x2bba, 0x2e92, 0x2e39, 0x2d96, 0x2ea7, 0x2f43, 0x2f0f,
    0x2d7c, 0x2d99, 0x2ce6, 0x2d75, 0x2cdb, 0x2bde, 0x2e51, 0x2e6f, 0x2e12, 0x3250, 0x318e, 0x3050,
    0x30cf, 0x2ed7, 0x2c14, 0x31cb, 0x31a8, 0x30d6, 0x2f7b, 0x2def, 0x2d9b, 0x356e, 0x354a, 0x3466,
    0x2e8a, 0x2f1d, 0x2ee2, 0x30e8, 0x3050, 0x2f25, 0x3211, 0x30e7, 0x2f63, 0x2acd, 0x2b76, 0x29b9,
    0x3000, 0x3010, 0x2c55, 0x3148, 0x3128, 0x306a, 0x3535, 0x3424, 0x31e1, 0x2e6c, 0x2dbf, 0x2cd2,
    0x3447, 0x33ae, 0x324a, 0x31d2, 0x30e4, 0x2ef4, 0x31a5, 0x3102, 0x2fc8, 0x3443, 0x3342, 0x317d,
    0x351c, 0x3451, 0x320b, 0x3499, 0x32fc, 0x307b, 0x3518, 0x340c, 0x31ad, 0x345a, 0x32de, 0x30cf,
    0x29c9, 0x29d6, 0x2475, 0x2804, 0x2771, 0x2465, 0x2b0f, 0x29cc, 0x274f, 0x28d3, 0x2807, 0x24eb,
    0x2b3e, 0x2976, 0x265d, 0x2a56, 0x2888, 0x2560, 0x2b18, 0x296c, 0x2617, 0x2d94, 0x2c47, 0x296b,
    0x2d64, 0x2c5f, 0x2ae5, 0x297e, 0x290a, 0x2891, 0x2d0e, 0x2bfb, 0x2a04, 0x2fd0, 0x2ea3, 0x2d4a,
    0x2bbd, 0x2a81, 0x2a18, 0x2ca3, 0x2b8f, 0x29a7, 0x2eb7, 0x2cde, 0x29f4, 0x2ec3, 0x2d4e, 0x2b61,
    0x305e, 0x2e86, 0x2c76, 0x3073, 0x2e5f, 0x2c58, 0x3158, 0x3017, 0x2e07, 0x2cee, 0x2c5c, 0x2b39,
    0x2c9f, 0x2a61, 0x2877, 0x2cf3, 0x2c9e, 0x2c5b, 0x3253, 0x30c9, 0x2e90, 0x2c69, 0x2c89, 0x2c5d,
    0x2f86, 0x2e0e, 0x2cd4, 0x2e0e, 0x2d4e, 0x2c44, 0x32dc, 0x3126, 0x2f30, 0x2d9e, 0x2df5, 0x2e0a,
    0x2e56, 0x2e3b, 0x2e41, 0x2866, 0x288b, 0x2900, 0x2955, 0x290f, 0x2904, 0x28dd, 0x28b2, 0x28da,
    0x2fdc, 0x2e52, 0x2c81, 0x2a1d, 0x297b, 0x28ef, 0x30bb, 0x2e0d, 0x2c82, 0x2f14, 0x2ff2, 0x2ffa,
    0x309d, 0x2ec8, 0x2d5a, 0x2ef7, 0x2cda, 0x2a35, 0x281c, 0x28a4, 0x2979, 0x2ea8, 0x2e44, 0x2cfd,
    0x3112, 0x302e, 0x2d87, 0x30c0, 0x300f, 0x2df1, 0x2d08, 0x2d89, 0x2de8, 0x2d1a, 0x2df8, 0x2c51,
    0x3173, 0x311a, 0x3000, 0x3529, 0x33e0, 0x30f0, 0x3424, 0x32dd, 0x3115, 0x3259, 0x3192, 0x304c,
    0x3065, 0x2f00, 0x2d10, 0x2c8d, 0x2d1d, 0x2dbe, 0x3001, 0x2e52, 0x2d0d, 0x3428, 0x336f, 0x31d0,
    0x2de7, 0x2d0a, 0x2c13, 0x304d, 0x2f44, 0x2d6f, 0x32e8, 0x3168, 0x2f7b, 0x33fa, 0x3372, 0x3206,
    0x3120, 0x3104, 0x305a, 0x344d, 0x33e8, 0x3265, 0x354b, 0x3472, 0x32c4, 0x3467, 0x32c7, 0x308c,
    0x344e, 0x332f, 0x312a, 0x34d5, 0x33a9, 0x3151, 0x343c, 0x328e, 0x307b, 0x3436, 0x326c, 0x3041,
    0x28e7, 0x2880, 0x256f, 0x27fb, 0x274c, 0x24b1, 0x2aee, 0x297a, 0x26ac, 0x27af, 0x25fb, 0x23d4,
    0x2f48, 0x2e16, 0x2c6e, 0x2d65, 0x2b8e, 0x28e1, 0x2c57, 0x2a85, 0x2858, 0x2d15, 0x2c2f, 0x2aaa,
    0x2caa, 0x2bde, 0x29e7, 0x2bb2, 0x2a99, 0x28c7, 0x2ec2, 0x2e16, 0x2bc1, 0x2ab7, 0x29eb, 0x2937,
    0x2c39, 0x2ba0, 0x2b5c, 0x30ce, 0x2f98, 0x2dbc, 0x2db9, 0x2d7f, 0x2d53, 0x3079, 0x2ecc, 0x2c9e,
    0x3155, 0x2f96, 0x2c55, 0x2dfa, 0x2def, 0x2db8, 0x3042, 0x2ea3, 0x2cc6, 0x30ef, 0x2f8a, 0x2d56,
    0x2e8d, 0x2dde, 0x2cfe, 0x2d71, 0x2db1, 0x2e5e, 0x2ef1, 0x2e6a, 0x2d88, 0x2d3c, 0x2cb8, 0x2bb8,
    0x2d46, 0x2c87, 0x2b38, 0x28d7, 0x2a90, 0x2c38, 0x3285, 0x3260, 0x316d, 0x330a, 0x351c, 0x2bd3,
    0x3135, 0x2f9a, 0x2d4c, 0x29a7, 0x27ce, 0x2664, 0x2e52, 0x2e63, 0x2e1c, 0x2e3a, 0x2e2f, 0x2ddf,
    0x2c85, 0x2c71, 0x2c0f, 0x3039, 0x2de4, 0x2b4a, 0x3059, 0x2df7, 0x2bca, 0x2b8d, 0x2b86, 0x2b91,
    0x2dc7, 0x2daa, 0x2d73, 0x293e, 0x2850, 0x277d, 0x2919, 0x2931, 0x2947, 0x318e, 0x31b2, 0x3121,
    0x2e7a, 0x2eb5, 0x2ed2, 0x31e6, 0x3011, 0x2d17, 0x33e1, 0x32d4, 0x31ac, 0x34f0, 0x3442, 0x329c,
    0x2b2f, 0x2b1f, 0x2b10, 0x29d6, 0x2993, 0x299b, 0x343f, 0x341c, 0x32c4, 0x3048, 0x301d, 0x2f73,
    0x3267, 0x31b1, 0x3072, 0x3212, 0x325b, 0x31ab, 0x3115, 0x2f01, 0x2c43, 0x2edc, 0x2f0f, 0x2ef6,
    0x2ee2, 0x2e22, 0x2cf0, 0x341c, 0x32da, 0x30dc, 0x3521, 0x340f, 0x315a, 0x340d, 0x3296, 0x3137,
    0x3342, 0x31af, 0x2fca, 0x31f2, 0x311c, 0x3047, 0x30a8, 0x3027, 0x2f6e, 0x33b8, 0x3238, 0x3095,
    0x330a, 0x31a1, 0x3032, 0x32e8, 0x318b, 0x3003, 0x339a, 0x325c, 0x30e3, 0x34d2, 0x3375, 0x30f1,
    0x2a07, 0x2910, 0x2600, 0x2c61, 0x2c94, 0x2a3b, 0x2f9a, 0x2e9d, 0x2d23, 0x300b, 0x2d9a, 0x2b2d,
    0x2ed1, 0x2d4f, 0x2955, 0x3266, 0x30a8, 0x2e27, 0x2e5f, 0x2daa, 0x2999, 0x2f21, 0x2d68, 0x2bbc,
    0x2df5, 0x2cd2, 0x2bd6, 0x2d7b, 0x2c6b, 0x2b06, 0x2daa, 0x2cab, 0x2b8e, 0x2afd, 0x2ae5, 0x2af1,
    0x30e8, 0x300c, 0x2e53, 0x30c2, 0x302b, 0x2ed4, 0x30ac, 0x2fb8, 0x2dd0, 0x2e55, 0x2cf1, 0x2aae,
    0x30d9, 0x2f83, 0x2d77, 0x30a0, 0x2f33, 0x2d1b, 0x2ed0, 0x2cd5, 0x2ad4, 0x30dd, 0x2f36, 0x2cbb,
    0x311a, 0x2fa7, 0x2d1f, 0x3145, 0x301a, 0x2d86, 0x32a9, 0x3205, 0x30fa, 0x2e6a, 0x2d4f, 0x2c58,
    0x2f5e, 0x2f2b, 0x2e64, 0x2804, 0x26f0, 0x26e4, 0x2ad6, 0x2b11, 0x29b9, 0x30b7, 0x30c4, 0x3071,
    0x3028, 0x2ff0, 0x2ec4, 0x277a, 0x2829, 0x2843, 0x2f48, 0x2f25, 0x2f01, 0x2f89, 0x3070, 0x3021,
    0x2d83, 0x2cc8, 0x2c0c, 0x3049, 0x2e50, 0x2bdd, 0x2e29, 0x2e90, 0x2e6b, 0x262a, 0x267b, 0x2673,
    0x2e8c, 0x2f88, 0x2ede, 0x3060, 0x2f2c, 0x2d56, 0x2df7, 0x2ec6, 0x2d66, 0x29b4, 0x2a41, 0x2b06,
    0x2e89, 0x2e2a, 0x2d44, 0x3063, 0x3087, 0x2f82, 0x2da3, 0x2da3, 0x2ca2, 0x3222, 0x31b2, 0x3075,
    0x3044, 0x2fc8, 0x2ea7, 0x334b, 0x32aa, 0x3147, 0x3109, 0x3047, 0x2e51, 0x2b0c, 0x2a25, 0x2895,
    0x330f, 0x332f, 0x3260, 0x31e4, 0x3221, 0x314c, 0x3977, 0x37fb, 0x350c, 0x2fa2, 0x2ec4, 0x2dea,
    0x3270, 0x3132, 0x2fa2, 0x31c5, 0x317f, 0x30bd, 0x358f, 0x34c0, 0x33b1, 0x32d1, 0x321e, 0x30ec,
    0x3130, 0x30aa, 0x3027, 0x318d, 0x30eb, 0x2fc6, 0x32e3, 0x31b0, 0x3046, 0x3340, 0x3257, 0x30bd,
    0x3254, 0x3167, 0x3059, 0x32c8, 0x3200, 0x30e3, 0x307a, 0x304d, 0x2fbb, 0x3270, 0x3193, 0x305f,
    0x3107, 0x3014, 0x2d88, 0x32fd, 0x30f8, 0x2d76, 0x30be, 0x2eae, 0x2c37, 0x2dc8, 0x2c37, 0x2945,
    0x2b04, 0x2a2b, 0x27cb, 0x2c29, 0x2b32, 0x2961, 0x2dc9, 0x2ce9, 0x2ba1, 0x2fb9, 0x2dd4, 0x2ba5,
    0x2c3f, 0x2b0d, 0x287f, 0x2fc1, 0x2d9a, 0x2c55, 0x2c74, 0x2cf4, 0x2d12, 0x2c5d, 0x2b8a, 0x2aa8,
    0x2c97, 0x2b7e, 0x2946, 0x3040, 0x2ee0, 0x2d65, 0x2f81, 0x2d79, 0x2b83, 0x2bde, 0x2c19, 0x2c34,
    0x2f44, 0x2d55, 0x2b2b, 0x2d4d, 0x2c6a, 0x292a, 0x2fd7, 0x2e1b, 0x2c48, 0x30ae, 0x2fa6, 0x2e05,
    0x31ad, 0x3053, 0x2d7b, 0x3286, 0x30d4, 0x2e6f, 0x3073, 0x304b, 0x2ef7, 0x2b72, 0x2c4c, 0x2a8c,
    0x308c, 0x2ff6, 0x2e33, 0x2ecf, 0x2ead, 0x2e1d, 0x2c29, 0x2c81, 0x2cca, 0x256e, 0x25e5, 0x25c4,
    0x2cc4, 0x2baa, 0x2ad7, 0x2e3a, 0x2de3, 0x2e1e, 0x2531, 0x2458, 0x2445, 0x2df0, 0x2dbe, 0x2d16,
    0x300d, 0x2df8, 0x2c63, 0x2d55, 0x2ae1, 0x2826, 0x2b23, 0x298e, 0x2882, 0x2e98, 0x2dbe, 0x2d11,
    0x2e0f, 0x2d19, 0x2c3a, 0x3437, 0x3249, 0x30b3, 0x2e3b, 0x2e49, 0x2e6c, 0x288c, 0x2830, 0x278f,
    0x2bd9, 0x2c12, 0x2c18, 0x3150, 0x29cd, 0x28c1, 0x345b, 0x33ec, 0x3226, 0x2ed3, 0x2ee2, 0x2ed3,
    0x35b0, 0x34bd, 0x3286, 0x3161, 0x30ff, 0x3006, 0x31e9, 0x3163, 0x30e3, 0x2dc6, 0x2d89, 0x2cdb,
    0x2e36, 0x2d69, 0x2c70, 0x31dd, 0x31f0, 0x308c, 0x366d, 0x34f0, 0x32ca, 0x32c6, 0x3251, 0x31a5,
    0x306b, 0x2fb1, 0x2e51, 0x30aa, 0x3047, 0x2f8a, 0x32d1, 0x3187, 0x2ff6, 0x34d3, 0x33e4, 0x3179,
    0x324b, 0x318f, 0x307c, 0x31bb, 0x30fb, 0x2fc8, 0x323b, 0x3199, 0x3110, 0x3389, 0x32bc, 0x3176,
    0x32d7, 0x31ed, 0x30bd, 0x32f2, 0x31c0, 0x3055, 0x33c6, 0x32c5, 0x314e, 0x3185, 0x30e4, 0x301f,
    0x2ded, 0x2cb7, 0x2966, 0x2cc5, 0x2a2b, 0x26f3, 0x2940, 0x27c8, 0x236a, 0x2d10, 0x2c04, 0x2928,
    0x2d10, 0x2be4, 0x29a1, 0x2e99, 0x2d22, 0x2b4f, 0x30d7, 0x2e72, 0x2b72, 0x3034, 0x2e8e, 0x2c22,
    0x2ec5, 0x2ca6, 0x2a08, 0x2cea, 0x2c6c, 0x2afe, 0x30bf, 0x2fa9, 0x2d96, 0x307b, 0x2f46, 0x2d61,
    0x2c67, 0x2c71, 0x2ced, 0x2dae, 0x2c5c, 0x2a87, 0x2c00, 0x2bad, 0x2b36, 0x2dd7, 0x2cac, 0x2b1c,
    0x2ba3, 0x2b38, 0x2acf, 0x2e02, 0x2c8a, 0x2a5f, 0x2e94, 0x2dd6, 0x2cc5, 0x2d42, 0x2cb5, 0x2bb6,
    0x3156, 0x2ec7, 0x2c01, 0x321b, 0x30ba, 0x2e21, 0x3042, 0x2ebd, 0x2caa, 0x2f26, 0x2d9e, 0x2b7f,
    0x2e37, 0x2e53, 0x2e12, 0x3126, 0x31bd, 0x317f, 0x2e26, 0x2dd0, 0x2d88, 0x2e7c, 0x2e49, 0x2d38,
    0x30f4, 0x3104, 0x3064, 0x2d7b, 0x2d6a, 0x2e3c, 0x2fbe, 0x3008, 0x2d49, 0x2d04, 0x2a79, 0x280d,
    0x3473, 0x32b2, 0x304f, 0x341b, 0x319c, 0x2f60, 0x2cc4, 0x2a9f, 0x280a, 0x32e6, 0x31e6, 0x3019,
    0x2d46, 0x2ca2, 0x2c5e, 0x2ce4, 0x2cd7, 0x2cca, 0x33bc, 0x3231, 0x3019, 0x3472, 0x32c8, 0x3068,
    0x3026, 0x2f8d, 0x2e07, 0x35de, 0x3013, 0x2db9, 0x3471, 0x3253, 0x302a, 0x3414, 0x32e0, 0x3165,
    0x32f4, 0x3205, 0x30ae, 0x342d, 0x33e5, 0x323a, 0x31e0, 0x3145, 0x308e, 0x2feb, 0x2fa4, 0x2eb6,
    0x2faa, 0x2fd8, 0x2efc, 0x3094, 0x301c, 0x2ee2, 0x3345, 0x3277, 0x311b, 0x32a3, 0x3202, 0x3101,
    0x2d6c, 0x2ce6, 0x2cb9, 0x2da7, 0x2ca2, 0x2c50, 0x2f5a, 0x2ebd, 0x2e0e, 0x3270, 0x313f, 0x2fc3,
    0x3317, 0x316d, 0x3062, 0x3215, 0x3124, 0x300c, 0x3309, 0x3192, 0x2fc0, 0x32d8, 0x319c, 0x3030,
    0x344a, 0x334e, 0x3162, 0x3217, 0x3108, 0x2fcc, 0x30a7, 0x2f5f, 0x2d67, 0x3201, 0x30af, 0x2eaf,
    0x2bf8, 0x2b0c, 0x282c, 0x2888, 0x2804, 0x245d, 0x2b4d, 0x2b00, 0x267b, 0x2f75, 0x2cd7, 0x29ea,
    0x332b, 0x3124, 0x2da7, 0x3578, 0x3371, 0x2f8f, 0x2efe, 0x2cd4, 0x28f7, 0x2a28, 0x29b5, 0x28e0,
    0x2cad, 0x2b8c, 0x29c1, 0x2d8a, 0x2cfb, 0x2c49, 0x2e62, 0x2d41, 0x2b95, 0x2c90, 0x2c2f, 0x2bf9,
    0x2f75, 0x2e8b, 0x2d24, 0x2b6c, 0x2a6f, 0x28f8, 0x2aa4, 0x29fe, 0x2966, 0x2c4e, 0x2b59, 0x2aca,
    0x2d5d, 0x2c66, 0x2af3, 0x316a, 0x2fa1, 0x2bd3, 0x30b4, 0x2ecf, 0x2c91, 0x2c81, 0x2c69, 0x2be4,
    0x2ead, 0x2ef3, 0x2e2f, 0x2d0e, 0x2cb0, 0x2c6b, 0x3060, 0x2ebe, 0x2c69, 0x304a, 0x308d, 0x3101,
    0x3075, 0x2f0b, 0x2c54, 0x2de9, 0x2da7, 0x2c4f, 0x30e2, 0x2f7a, 0x2db3, 0x288f, 0x27e2, 0x27a7,
    0x3083, 0x2fb3, 0x2e11, 0x346c, 0x31d6, 0x2ee7, 0x2d45, 0x2c6d, 0x297b, 0x2edb, 0x2efd, 0x2e43,
    0x2ae1, 0x2a48, 0x28f7, 0x3318, 0x32c1, 0x31e3, 0x31de, 0x30a3, 0x2e98, 0x328e, 0x327b, 0x3190,
    0x31d4, 0x30de, 0x2eec, 0x3278, 0x31d7, 0x3081, 0x35ec, 0x34a4, 0x3205, 0x2d55, 0x2d41, 0x2cb6,
    0x30e9, 0x30bd, 0x301e, 0x2cbb, 0x2c4b, 0x2c4f, 0x3873, 0x359c, 0x3293, 0x3539, 0x3487, 0x32bb,
    0x314f, 0x30d5, 0x3037, 0x3184, 0x3076, 0x2e5f, 0x3175, 0x303b, 0x2e39, 0x2feb, 0x2eab, 0x2ced,
    0x316e, 0x3158, 0x30ae, 0x2e0d, 0x2ddd, 0x2da0, 0x2b02, 0x2ba0, 0x2b5f, 0x327f, 0x30e0, 0x2e78,
    0x30df, 0x2ff6, 0x2e55, 0x303a, 0x2f4f, 0x2ebe, 0x3294, 0x310d, 0x2fd3, 0x2e30, 0x2c0e, 0x29cf,
    0x324f, 0x310e, 0x300a, 0x2f6b, 0x2f70, 0x2f6f, 0x31b9, 0x312e, 0x308c, 0x3331, 0x31b2, 0x300f,
    0x3416, 0x3291, 0x3097, 0x3358, 0x31cf, 0x2f66, 0x34c4, 0x3369, 0x30fa, 0x341d, 0x32ad, 0x30be,
    0x2937, 0x2810, 0x24d4, 0x2ea8, 0x2d5a, 0x2b88, 0x3225, 0x3057, 0x2d64, 0x34ff, 0x32c4, 0x2f56,
    0x2ed0, 0x2c93, 0x2833, 0x29c4, 0x299c, 0x259c, 0x2a7f, 0x2a26, 0x25de, 0x2cc3, 0x2dfd, 0x2751,
    0x2b98, 0x2a04, 0x285c, 0x2db3, 0x2ced, 0x2bbe, 0x3038, 0x2ecc, 0x2d0e, 0x2dbc, 0x2d0f, 0x2c60,
    0x2c16, 0x2b67, 0x2af8, 0x2c99, 0x2cc2, 0x2ce3, 0x2da9, 0x2ce5, 0x2be0, 0x2d0f, 0x2ceb, 0x2c4f,
    0x2e3c, 0x2d2e, 0x2bd5, 0x319e, 0x3046, 0x2de6, 0x3251, 0x30ea, 0x2ea4, 0x2dbe, 0x2deb, 0x2e6c,
    0x2e35, 0x2d86, 0x2d69, 0x3070, 0x2fa6, 0x2e24, 0x2bed, 0x2bec, 0x2c67, 0x30ab, 0x30e3, 0x3096,
    0x2dcf, 0x2dff, 0x2e28, 0x3071, 0x2f37, 0x2e1c, 0x30c4, 0x3101, 0x2e11, 0x301a, 0x2dcf, 0x2c37,
    0x3170, 0x3044, 0x2e5b, 0x31d8, 0x308f, 0x2dda, 0x3296, 0x319c, 0x3030, 0x2d6a, 0x2d41, 0x2cee,
    0x2ce6, 0x2cd5, 0x2cdd, 0x3237, 0x30ec, 0x2f26, 0x2ecf, 0x2e25, 0x2d2c, 0x311e, 0x30ea, 0x308d,
    0x30f5, 0x3150, 0x30f0, 0x3090, 0x2ef2, 0x2db0, 0x2e18, 0x2c8a, 0x2adb, 0x341b, 0x32ee, 0x311c,
    0x332b, 0x31c2, 0x305b, 0x2c49, 0x2c1d, 0x2bd9, 0x31fe, 0x30e4, 0x3028, 0x32b2, 0x317e, 0x3024,
    0x2ca2, 0x2cb2, 0x2c77, 0x3305, 0x31e5, 0x30a2, 0x315f, 0x30a0, 0x2f94, 0x2e85, 0x2e29, 0x2dbd,
    0x336a, 0x3287, 0x3126, 0x2d89, 0x2d53, 0x2cf3, 0x33d3, 0x329d, 0x30dd, 0x341c, 0x32dd, 0x308e,
    0x33ca, 0x3223, 0x2ff4, 0x2eb9, 0x2da5, 0x2b4b, 0x31cb, 0x319e, 0x3131, 0x3009, 0x3052, 0x300c,
    0x34ee, 0x306f, 0x2e07, 0x311c, 0x301e, 0x2df2, 0x2fc2, 0x2f16, 0x2e5f, 0x3043, 0x3038, 0x2fb5,
    0x33dc, 0x3286, 0x30a9, 0x319c, 0x30c0, 0x2f5e, 0x3459, 0x333c, 0x30f7, 0x3464, 0x3306, 0x30cb,
    0x2e5a, 0x2ca1, 0x2a3d, 0x2ccc, 0x2b5e, 0x28cf, 0x2fc6, 0x2dbe, 0x2b3f, 0x28ee, 0x26d4, 0x2449,
    0x2909, 0x2521, 0x20f2, 0x2d59, 0x2c0a, 0x2881, 0x2c34, 0x2af2, 0x2805, 0x2cae, 0x2c16, 0x28b1,
    0x2b20, 0x2a96, 0x292b, 0x2bd0, 0x2a63, 0x28be, 0x2c34, 0x2acd, 0x2943, 0x2a9b, 0x2a9e, 0x296c,
    0x2ca7, 0x2c10, 0x2a96, 0x2cd5, 0x2beb, 0x2a28, 0x2cb4, 0x2c45, 0x2af9, 0x2da7, 0x2ecf, 0x299a,
    0x2eab, 0x2efa, 0x2f0b, 0x2f91, 0x2f8f, 0x2fcb, 0x2ed6, 0x2e07, 0x2ccc, 0x2fe3, 0x2e30, 0x2c74,
    0x3077, 0x2e79, 0x2bf6, 0x2cf6, 0x2c8b, 0x2bfd, 0x2e56, 0x2e2f, 0x2c1d, 0x2ffb, 0x2f0b, 0x2ddb,
    0x2d1e, 0x2c43, 0x2a5a, 0x2fff, 0x2f93, 0x2e9e, 0x2e36, 0x2e4d, 0x2e82, 0x329d, 0x309c, 0x2da6,
    0x309d, 0x30d4, 0x30bb, 0x3215, 0x3091, 0x2db8, 0x31c3, 0x31b4, 0x30ee, 0x2fb4, 0x3007, 0x2fbf,
    0x2866, 0x28df, 0x2968, 0x2fcb, 0x2f8e, 0x2e13, 0x3051, 0x3050, 0x3040, 0x3052, 0x2f92, 0x2e9d,
    0x3050, 0x2e63, 0x2b4a, 0x31b8, 0x3082, 0x2ea6, 0x3387, 0x31b6, 0x2f27, 0x3142, 0x310c, 0x30a3,
    0x3472, 0x334d, 0x317c, 0x3387, 0x31d2, 0x2fe2, 0x31d4, 0x31eb, 0x31d8, 0x3081, 0x3053, 0x2efe,
    0x3269, 0x319d, 0x30b5, 0x38af, 0x37c0, 0x3406, 0x31e1, 0x3173, 0x30b8, 0x30d2, 0x302b, 0x2e97,
    0x317d, 0x3134, 0x3056, 0x3435, 0x330e, 0x311f, 0x30a7, 0x3008, 0x2ed2, 0x32a7, 0x3217, 0x30c9,
    0x32b0, 0x3163, 0x2ee5, 0x2fd3, 0x2f93, 0x2ee6, 0x2fd0, 0x2f84, 0x2ea7, 0x2ff0, 0x301c, 0x3003,
    0x2e92, 0x2e4d, 0x2e5d, 0x2fc3, 0x2f51, 0x2eae, 0x3175, 0x3060, 0x2e52, 0x30aa, 0x3034, 0x2f20,
    0x3474, 0x3341, 0x3130, 0x32ef, 0x3189, 0x3059, 0x3381, 0x31ae, 0x2fcd, 0x33ad, 0x31c3, 0x2f8a,
    0x2cfc, 0x2bdc, 0x2945, 0x28ef, 0x2894, 0x26e0, 0x2c78, 0x2b9b, 0x284c, 0x2d5e, 0x2bf2, 0x28ab,
    0x32fc, 0x314a, 0x2ea4, 0x2c3d, 0x2aa7, 0x2846, 0x2cb4, 0x2aa6, 0x280a, 0x348f, 0x3310, 0x30c0,
    0x294a, 0x289a, 0x27d0, 0x2df2, 0x2cac, 0x2ae4, 0x2b07, 0x2a01, 0x28bc, 0x2df6, 0x2cbd, 0x2b22,
    0x2bb8, 0x2a80, 0x2951, 0x2ce5, 0x2c60, 0x2b97, 0x2cfc, 0x2c8f, 0x2c17, 0x2d55, 0x2c88, 0x2b1e,
    0x2e82, 0x2d0a, 0x2bec, 0x2fb6, 0x2e41, 0x2cdf, 0x3168, 0x3042, 0x2e25, 0x3280, 0x3126, 0x2f5a,
    0x2c96, 0x2cbf, 0x2ce1, 0x2fe4, 0x2f3e, 0x2e65, 0x3285, 0x307d, 0x2cfa, 0x3140, 0x2fec, 0x2d5e,
    0x2fe8, 0x3024, 0x2ff2, 0x3339, 0x3021, 0x2a03, 0x2d6c, 0x2ce2, 0x2be7, 0x3355, 0x3210, 0x3030,
    0x30ad, 0x2e4e, 0x2c44, 0x31d9, 0x30ad, 0x2e45, 0x2d3e, 0x2d40, 0x2ddd, 0x306f, 0x3099, 0x3044,
    0x2de7, 0x2d14, 0x2bfc, 0x318b, 0x2fd4, 0x2d59, 0x322b, 0x303b, 0x2db4, 0x2c7d, 0x2c42, 0x2c08,
    0x3370, 0x322c, 0x3052, 0x2df7, 0x2d54, 0x2ccc, 0x33d5, 0x334e, 0x323b, 0x317c, 0x30f5, 0x2fba,
    0x2f7a, 0x2d35, 0x2b14, 0x3804, 0x34a3, 0x3105, 0x3090, 0x303f, 0x2eb8, 0x3463, 0x332a, 0x3127,
    0x357b, 0x342a, 0x316b, 0x32c3, 0x3187, 0x300b, 0x3059, 0x2fb6, 0x2ed5, 0x307a, 0x2fbb, 0x2f14,
    0x2fa1, 0x2f16, 0x2df5, 0x30fd, 0x308c, 0x2fb5, 0x300d, 0x2f9b, 0x2eba, 0x2fe4, 0x2fcf, 0x2f2e,
    0x327d, 0x316c, 0x3013, 0x2e99, 0x2e3f, 0x2dea, 0x2caa, 0x2cc0, 0x2c96, 0x2efb, 0x2dcd, 0x2cab,
    0x2d52, 0x2c92, 0x2b80, 0x322b, 0x3172, 0x3091, 0x3285, 0x3189, 0x3089, 0x32aa, 0x3107, 0x2f48,
    0x31f7, 0x30b9, 0x2f64, 0x348e, 0x336e, 0x3156, 0x348b, 0x32f9, 0x30da, 0x3445, 0x323a, 0x2fb0,
    0x2b07, 0x29af, 0x270c, 0x2882, 0x27d4, 0x2545, 0x328a, 0x307a, 0x2d1d, 0x2c57, 0x2a55, 0x2717,
    0x2789, 0x26b3, 0x2437, 0x2ab7, 0x2939, 0x2661, 0x35c2, 0x3447, 0x311c, 0x2a58, 0x2925, 0x2750,
    0x2998, 0x28e2, 0x289a, 0x2d59, 0x2bab, 0x2922, 0x2ba6, 0x29d1, 0x27ca, 0x2c8e, 0x2ad2, 0x28ba,
    0x2b32, 0x2b14, 0x2ad6, 0x2ca1, 0x2c45, 0x2ba5, 0x2bb4, 0x2b91, 0x2c10, 0x2c6a, 0x2c1f, 0x2bac,
    0x2c45, 0x2c0a, 0x2b2a, 0x2be1, 0x2b7c, 0x2b65, 0x31be, 0x3091, 0x2ebb, 0x336b, 0x3146, 0x2e9e,
    0x31fc, 0x309d, 0x2e86, 0x30b0, 0x2ef9, 0x2caa, 0x3149, 0x30b8, 0x3018, 0x2f24, 0x2ce6, 0x2acb,
    0x2f7a, 0x2def, 0x2c49, 0x3055, 0x3054, 0x2fb3, 0x31e8, 0x3011, 0x2cf6, 0x325c, 0x30a1, 0x2d92,
    0x2cc8, 0x2c38, 0x283a, 0x30eb, 0x2f9b, 0x2d98, 0x3256, 0x30a5, 0x2d9d, 0x2de1, 0x2d29, 0x2c1a,
    0x30fe, 0x3054, 0x2f86, 0x2c5d, 0x2c20, 0x2b0e, 0x30ee, 0x3107, 0x30cb, 0x2f45, 0x2e7d, 0x2e12,
    0x299f, 0x29c6, 0x29cd, 0x2cf6, 0x2df5, 0x2e2a, 0x2de6, 0x2d36, 0x2c72, 0x30c0, 0x307d, 0x2f60,
    0x2efb, 0x2d80, 0x2c6a, 0x316c, 0x3069, 0x2ec4, 0x3541, 0x3429, 0x3191, 0x3482, 0x32e5, 0x30a6,
    0x33ea, 0x31ea, 0x2f82, 0x3416, 0x333e, 0x31f7, 0x334a, 0x3239, 0x30a1, 0x326f, 0x3190, 0x30b5,
    0x2f1f, 0x2f1a, 0x2f18, 0x349b, 0x334b, 0x311c, 0x30c2, 0x3011, 0x2e57, 0x31af, 0x306a, 0x2e82,
    0x31ec, 0x30a2, 0x2ecc, 0x3115, 0x305d, 0x2eac, 0x2e36, 0x2e85, 0x2dfb, 0x2df7, 0x2e1c, 0x2de6,
    0x2ba6, 0x2c21, 0x2c88, 0x305a, 0x3046, 0x3022, 0x2ef7, 0x2deb, 0x2cc6, 0x3023, 0x3032, 0x3023,
    0x3405, 0x3249, 0x304d, 0x3412, 0x3236, 0x2ff1, 0x33d4, 0x31db, 0x2ee1, 0x31d3, 0x3071, 0x2d4e,
    0x29e4, 0x2847, 0x25cd, 0x32e1, 0x3084, 0x2c42, 0x26b9, 0x25ef, 0x247f, 0x25e7, 0x261c, 0x2541,
    0x2d50, 0x2ca1, 0x2b48, 0x3576, 0x33eb, 0x30ca, 0x2c1c, 0x29b0, 0x26a3, 0x2c97, 0x2c08, 0x2a53,
    0x2a03, 0x29c6, 0x298a, 0x2d87, 0x2c7c, 0x2ac0, 0x2c46, 0x2a21, 0x2836, 0x2ba9, 0x29ec, 0x2876,
    0x2cd3, 0x2bf6, 0x2a07, 0x2b0f, 0x2b86, 0x2b37, 0x3096, 0x305e, 0x2f35, 0x2cf1, 0x2c15, 0x2a47,
    0x2b25, 0x2af8, 0x2b42, 0x3406, 0x3145, 0x2d0e, 0x30c8, 0x2f4e, 0x2d47, 0x2f89, 0x2f9c, 0x2da0,
    0x2ff9, 0x2f7e, 0x2e65, 0x2e97, 0x2e10, 0x2cd8, 0x3128, 0x30c2, 0x307f, 0x2f09, 0x2df2, 0x2c1b,
    0x2d11, 0x2cfd, 0x2cf7, 0x2c40, 0x2b96, 0x2a9a, 0x312a, 0x3040, 0x2df5, 0x2f1f, 0x2da3, 0x2bdb,
    0x30ab, 0x3052, 0x2cbc, 0x3108, 0x2f5a, 0x2c23, 0x30fa, 0x2dfc, 0x2c1d, 0x32b2, 0x30ad, 0x2dbb,
    0x30b0, 0x30d8, 0x3076, 0x310e, 0x30de, 0x301a, 0x2d71, 0x2dd0, 0x2dc0, 0x2ca6, 0x2cbb, 0x2c5e,
    0x2eaa, 0x2e2f, 0x2d18, 0x2dd9, 0x2ecb, 0x2f2b, 0x300c, 0x305a, 0x3035, 0x30c7, 0x3086, 0x2fa9,
    0x2eea, 0x2f5b, 0x2fa1, 0x3281, 0x3193, 0x3094, 0x3517, 0x3405, 0x316a, 0x2f6b, 0x2fa2, 0x2f7a,
    0x2ff4, 0x2f71, 0x2e6f, 0x3244, 0x3152, 0x3031, 0x33fa, 0x3269, 0x30c1, 0x2daa, 0x2dd4, 0x2d61,
    0x3302, 0x3178, 0x2f5f, 0x30cb, 0x3000, 0x2e74, 0x32c4, 0x31bc, 0x308d, 0x337b, 0x3207, 0x307a,
    0x32b6, 0x3207, 0x309b, 0x309c, 0x2f6e, 0x2e18, 0x2e49, 0x2e66, 0x2e3b, 0x2da3, 0x2dda, 0x2dc2,
    0x3010, 0x2ee7, 0x2dae, 0x2d76, 0x2da2, 0x2d46, 0x2d6f, 0x2d50, 0x2d3f, 0x3436, 0x3325, 0x3194,
    0x3402, 0x323d, 0x303a, 0x31b6, 0x3067, 0x2e5a, 0x3422, 0x3292, 0x3108, 0x3461, 0x330a, 0x30f7,
    0x2be4, 0x2a2d, 0x2822, 0x281c, 0x2769, 0x267d, 0x2720, 0x26e1, 0x25f4, 0x3018, 0x2e06, 0x2b7c,
    0x3584, 0x3412, 0x310d, 0x2d28, 0x2b28, 0x27ff, 0x2f1a, 0x2d3e, 0x2ad8, 0x2c62, 0x2b77, 0x2a13,
    0x2c65, 0x2baa, 0x2b1a, 0x2c89, 0x2c4c, 0x2bab, 0x2d58, 0x2c77, 0x2ae2, 0x2c0c, 0x2c4e, 0x2c83,
    0x2c42, 0x2b9a, 0x2ac8, 0x2b8e, 0x2ba1, 0x2bae, 0x2af3, 0x2a29, 0x28b0, 0x2d81, 0x2d70, 0x2d4a,
    0x2bca, 0x2ae7, 0x2971, 0x2fb8, 0x2e81, 0x2d63, 0x3019, 0x2ef3, 0x2d5c, 0x30a2, 0x2ffe, 0x2de1,
    0x3025, 0x2ec5, 0x2d54, 0x33d7, 0x31cd, 0x2f3c, 0x3143, 0x314c, 0x2ce2, 0x2d4a, 0x2c9c, 0x2b7e,
    0x2ef8, 0x2e80, 0x2d8e, 0x2d4f, 0x2e2b, 0x2e1a, 0x2f5e, 0x2e95, 0x2dac, 0x2c3a, 0x2b9a, 0x2ade,
    0x31e0, 0x30dd, 0x2f68, 0x3655, 0x346d, 0x3237, 0x2db9, 0x2d56, 0x2d32, 0x2dd3, 0x2eb3, 0x2f0e,
    0x2fce, 0x2f7e, 0x2ef9, 0x3223, 0x3145, 0x3002, 0x2ac9, 0x2b42, 0x2c42, 0x2d27, 0x2d6b, 0x2d0e,
    0x2ebd, 0x2e95, 0x2e34, 0x2e6f, 0x2d5b, 0x2c93, 0x2d41, 0x2de1, 0x2e41, 0x2fba, 0x3016, 0x3032,
    0x2ffc, 0x2ff6, 0x2f68, 0x31d1, 0x3033, 0x2d3f, 0x3410, 0x324a, 0x3011, 0x321d, 0x30ed, 0x2f5e,
    0x321b, 0x3174, 0x30b8, 0x3057, 0x303a, 0x3006, 0x3140, 0x305e, 0x2e32, 0x2eb4, 0x2e5e, 0x2df1,
    0x3055, 0x2fdb, 0x2e2f, 0x2d7b, 0x2d7e, 0x2e24, 0x326c, 0x313a, 0x3030, 0x2eff, 0x2e42, 0x2d92,
    0x2c77, 0x2c41, 0x2bac, 0x319b, 0x3159, 0x309b, 0x306d, 0x3054, 0x3048, 0x2c9c, 0x2d06, 0x2d43,
    0x2d32, 0x2d6e, 0x2d43, 0x301c, 0x2fd4, 0x2f2f, 0x30fe, 0x3017, 0x2e81, 0x3283, 0x319f, 0x300f,
    0x33b3, 0x31fc, 0x300d, 0x322c, 0x314b, 0x3012, 0x3599, 0x3489, 0x3274, 0x3481, 0x32b9, 0x2fd4,
    0x2acb, 0x291c, 0x27a5, 0x2a2b, 0x28d1, 0x26ec, 0x2ba5, 0x29b8, 0x283a, 0x3529, 0x33c8, 0x30c1,
    0x28ee, 0x26c4, 0x23e4, 0x2e96, 0x2cce, 0x2a3e, 0x2d0a, 0x2c14, 0x29fc, 0x2bad, 0x2a34, 0x2883,
    0x2c4a, 0x2c01, 0x2a56, 0x2950, 0x2992, 0x2946, 0x2d8e, 0x2d52, 0x2ce2, 0x2c87, 0x2c30, 0x2baf,
    0x2e96, 0x2da1, 0x2c7a, 0x30f2, 0x302a, 0x2d8f, 0x2e05, 0x2cd2, 0x2b57, 0x2c61, 0x2c0e, 0x2a91,
    0x2d31, 0x2d1a, 0x2c67, 0x2f65, 0x2f80, 0x2fa4, 0x2d40, 0x2d34, 0x2cfc, 0x2e35, 0x2e23, 0x2d6a,
    0x2d7a, 0x2d38, 0x2cab, 0x3015, 0x304d, 0x3006, 0x2fee, 0x2ffd, 0x2f95, 0x2d98, 0x2d91, 0x2d06,
    0x2ee1, 0x2f8f, 0x2f4f, 0x2ed3, 0x2e48, 0x2c25, 0x3142, 0x2f28, 0x2c7b, 0x30ca, 0x3057, 0x2f5d,
    0x30a0, 0x30af, 0x307f, 0x3073, 0x301b, 0x2f20, 0x3022, 0x2e93, 0x2c84, 0x2a9d, 0x2aec, 0x2bf3,
    0x2f05, 0x2f12, 0x2e86, 0x2c34, 0x2c3d, 0x2c22, 0x2ee4, 0x2f42, 0x2f7f, 0x2d65, 0x2de5, 0x2c84,
    0x2d5a, 0x2d16, 0x2cdd, 0x3001, 0x3005, 0x2ffa, 0x344a, 0x3180, 0x2db3, 0x2fa6, 0x2f1d, 0x2e2d,
    0x2f9e, 0x2ed7, 0x2d98, 0x32a9, 0x3137, 0x2fbe, 0x3430, 0x32c8, 0x30b0, 0x31ab, 0x30c4, 0x2f95,
    0x2f83, 0x2e4d, 0x2cc1, 0x308e, 0x2f7f, 0x2dbf, 0x3326, 0x31fc, 0x306a, 0x30e7, 0x3023, 0x2e9a,
    0x3270, 0x3120, 0x2fbe, 0x3045, 0x302d, 0x2fa6, 0x3115, 0x3091, 0x2f67, 0x2ed2, 0x2e68, 0x2e10,
    0x30b4, 0x30a2, 0x3062, 0x2efd, 0x2f3f, 0x2f9d, 0x2d71, 0x2cf0, 0x2c29, 0x2e77, 0x2dd0, 0x2d02,
    0x2f20, 0x2f09, 0x2e94, 0x31c9, 0x3174, 0x30b5, 0x31e0, 0x30e1, 0x3031, 0x3424, 0x3270, 0x3083,
    0x2fee, 0x2f3e, 0x2ef3, 0x2d5a, 0x2d34, 0x2cd1, 0x3313, 0x319a, 0x3028, 0x3101, 0x30be, 0x2f75,
    0x2bfb, 0x2a63, 0x28b3, 0x27fd, 0x25b6, 0x2357, 0x3343, 0x31cb, 0x2fe8, 0x2886, 0x269d, 0x2483,
    0x2e47, 0x2cbc, 0x2a85, 0x2cca, 0x2a98, 0x270f, 0x31ef, 0x303f, 0x2d03, 0x2cd0, 0x2b65, 0x28f1,
    0x2ae9, 0x2a15, 0x28d7, 0x2a39, 0x29e2, 0x29d4, 0x2b5b, 0x2a83, 0x28d3, 0x2ac0, 0x2a79, 0x2937,
    0x2c6b, 0x2c6d, 0x2c29, 0x305b, 0x2fb4, 0x2e18, 0x2d37, 0x2d2a, 0x2cf6, 0x2cb1, 0x2c71, 0x2c25,
    0x2ed9, 0x2e11, 0x2d06, 0x2fa5, 0x2eb6, 0x2e29, 0x2cc1, 0x2c97, 0x2c5a, 0x2db7, 0x2da8, 0x2d99,
    0x3042, 0x2efd, 0x2db9, 0x2d3c, 0x2d37, 0x2d08, 0x3045, 0x2fa0, 0x2e98, 0x2df1, 0x2d3d, 0x2c9f,
    0x30af, 0x2e66, 0x2b65, 0x2f7a, 0x2f52, 0x2c4b, 0x30ed, 0x2e54, 0x2be7, 0x31d2, 0x3076, 0x2e0b,
    0x339d, 0x310f, 0x2ec6, 0x30a6, 0x3047, 0x2ff1, 0x3060, 0x2f66, 0x2c9e, 0x2fd8, 0x2e8e, 0x2cdc,
    0x2e21, 0x2e2c, 0x2dc8, 0x2f67, 0x2e9e, 0x2e44, 0x2f28, 0x2ec4, 0x2e85, 0x2f39, 0x2f21, 0x2e65,
    0x2d5c, 0x2dd6, 0x2e3c, 0x305d, 0x3016, 0x2f40, 0x3117, 0x30ba, 0x300b, 0x302f, 0x2fdf, 0x2eea,
    0x307c, 0x3027, 0x2f07, 0x301e, 0x2fa9, 0x2ed5, 0x2cd5, 0x2cc1, 0x2cf3, 0x2d99, 0x2d75, 0x2cbf,
    0x2f4c, 0x2ec6, 0x2dce, 0x2e03, 0x2d85, 0x2cc9, 0x327c, 0x3188, 0x3042, 0x3188, 0x30d6, 0x2fd6,
    0x2cad, 0x2d27, 0x2da4, 0x309b, 0x3008, 0x2e6b, 0x2d72, 0x2d28, 0x2cb3, 0x3239, 0x318b, 0x3113,
    0x302e, 0x2faf, 0x2fb6, 0x323c, 0x3141, 0x2ffb, 0x2d44, 0x2cfc, 0x2c81, 0x3100, 0x302c, 0x2ebc,
    0x3293, 0x3140, 0x2f21, 0x333e, 0x32d6, 0x31ad, 0x314e, 0x30f6, 0x30ab, 0x2e61, 0x2dd4, 0x2df0,
    0x2e78, 0x2e73, 0x2de5, 0x2fab, 0x2eff, 0x2d91, 0x32df, 0x316b, 0x2ff8, 0x2e7a, 0x2dfe, 0x2da9,
    0x33fb, 0x31ee, 0x2fdb, 0x2d77, 0x2c3a, 0x29cd, 0x25c4, 0x24b7, 0x22cd, 0x2d84, 0x2c38, 0x29af,
    0x2d4c, 0x2ac9, 0x2724, 0x3408, 0x319c, 0x2e69, 0x2c49, 0x2a86, 0x2887, 0x2c87, 0x2ac1, 0x2884,
    0x2e0f, 0x2d60, 0x2c29, 0x2c41, 0x2b0a, 0x2a2d, 0x2cdb, 0x2be4, 0x2a0c, 0x2c1b, 0x2bb9, 0x2a45,
    0x2c65, 0x2c16, 0x2bb7, 0x2dce, 0x2ced, 0x2bca, 0x2e27, 0x2cc4, 0x2ace, 0x2de7, 0x2d49, 0x2ce5,
    0x2f61, 0x2e74, 0x2dfb, 0x34db, 0x31ed, 0x2f08, 0x3032, 0x2fe9, 0x2e5a, 0x2ff8, 0x2f46, 0x2e95,
    0x34fb, 0x33c4, 0x3205, 0x2fe0, 0x3027, 0x301b, 0x2d4c, 0x2d3a, 0x2cc2, 0x31ef, 0x31a8, 0x30d4,
    0x31e5, 0x2f15, 0x2c2b, 0x31e3, 0x3054, 0x2dec, 0x2cee, 0x2cc0, 0x2c44, 0x30d8, 0x30a8, 0x3043,
    0x2c37, 0x2c0a, 0x2bb5, 0x2f39, 0x2e87, 0x2dbd, 0x2be0, 0x2c78, 0x2cd7, 0x2e47, 0x2e16, 0x2dde,
    0x2d18, 0x2cb8, 0x2c38, 0x2dd4, 0x2e22, 0x2ded, 0x2bf3, 0x2c17, 0x2c63, 0x2d83, 0x2d0d, 0x2c73,
    0x302d, 0x3027, 0x2fae, 0x2d38, 0x2d08, 0x2cc2, 0x2c8f, 0x2cc1, 0x2ca8, 0x31c7, 0x3136, 0x304a,
    0x2e20, 0x2ed2, 0x2f2b, 0x322e, 0x322d, 0x319d, 0x30e7, 0x309c, 0x2ff1, 0x2fd5, 0x2ff8, 0x2fa0,
    0x2ef8, 0x2e85, 0x2e17, 0x3074, 0x303a, 0x2f6b, 0x2c01, 0x2c04, 0x2bbc, 0x32c0, 0x327b, 0x3166,
    0x32b6, 0x30f3, 0x2ed9, 0x2f58, 0x2eba, 0x2d5e, 0x307a, 0x30b4, 0x305d, 0x2fcf, 0x300e, 0x3057,
    0x31ce, 0x30c7, 0x2f2c, 0x2fc8, 0x2faa, 0x2ef8, 0x3014, 0x300e, 0x2f4d, 0x30bd, 0x30a2, 0x3032,
    0x2ebd, 0x2e7a, 0x2dd0, 0x318a, 0x30c8, 0x2f62, 0x2fc7, 0x2fd1, 0x2f7f, 0x2daf, 0x2d6e, 0x2d15,
    0x3028, 0x2f6c, 0x2e5a, 0x3023, 0x2f3c, 0x2eb7, 0x330e, 0x31a2, 0x2fc7, 0x2f7d, 0x2ec6, 0x2ded,
    0x3329, 0x31bd, 0x3028, 0x24c6, 0x22bf, 0x2134, 0x2e95, 0x2d12, 0x2aca, 0x2d5b, 0x2b56, 0x2851,
    0x3456, 0x31f0, 0x2e90, 0x2a3c, 0x289a, 0x263a, 0x2d0c, 0x2bd9, 0x295c, 0x2c7e, 0x2b34, 0x2944,
    0x2c0b, 0x2b5b, 0x2ab2, 0x28b4, 0x285d, 0x27d5, 0x2c8b, 0x2c65, 0x2b60, 0x2c2d, 0x2c89, 0x2ba6,
    0x2c07, 0x2b4a, 0x2a2b, 0x2d3b, 0x2c4a, 0x2b24, 0x2cfb, 0x2c84, 0x2c01, 0x2d26, 0x2d04, 0x2cc9,
    0x3216, 0x3036, 0x2eef, 0x2ec6, 0x2dd2, 0x2d04, 0x2d46, 0x2cce, 0x2cf5, 0x2e71, 0x2d63, 0x2ca7,
    0x2f7d, 0x2f8e, 0x2e56, 0x2f8c, 0x2fa7, 0x2fae, 0x2f65, 0x2e40, 0x2cd8, 0x2d42, 0x2d81, 0x2d9b,
    0x2da9, 0x2d71, 0x2d09, 0x2dbf, 0x2e3a, 0x2dc6, 0x2e57, 0x2ec4, 0x2e23, 0x2fe1, 0x2e79, 0x2d31,
    0x2c5d, 0x2c23, 0x2bf1, 0x2eac, 0x2f3f, 0x2f1e, 0x2e97, 0x2ef1, 0x2f41, 0x2ae7, 0x2b15, 0x2a92,
    0x2ebd, 0x2eba, 0x2e48, 0x2f8e, 0x2f7a, 0x2f02, 0x2c7f, 0x2cea, 0x2d1d, 0x2d3a, 0x2d87, 0x2d73,
    0x3037, 0x3049, 0x3031, 0x30ef, 0x3164, 0x3182, 0x2ceb, 0x2cc8, 0x2cce, 0x2f36, 0x2f93, 0x2fdc,
    0x2dfb, 0x2e04, 0x2de3, 0x2ba6, 0x2c29, 0x2c83, 0x30e7, 0x3086, 0x3009, 0x2dbc, 0x2dd4, 0x2dab,
    0x2e05, 0x2e38, 0x2e19, 0x2e0e, 0x2e3c, 0x2e87, 0x2e2d, 0x2e04, 0x2d6c, 0x3025, 0x2e9d, 0x2cc8,
    0x3018, 0x2eb1, 0x2d39, 0x302c, 0x2f9e, 0x2ebc, 0x2add, 0x2b76, 0x2c18, 0x2ee3, 0x2e83, 0x2de4,
    0x3199, 0x3067, 0x2f72, 0x2bdd, 0x2c1e, 0x2c58, 0x2edb, 0x2dbe, 0x2cc7, 0x30c6, 0x3078, 0x2f9b,
    0x3159, 0x30b0, 0x2f59, 0x31a2, 0x30de, 0x2fd9, 0x308a, 0x2ff3, 0x2ed7, 0x3103, 0x308a, 0x2fb1,
    0x313a, 0x3106, 0x3076, 0x3241, 0x313b, 0x3004, 0x33b7, 0x3203, 0x3031, 0x32fa, 0x315e, 0x2f0b,
    0x245d, 0x22fc, 0x2140, 0x2d55, 0x2c04, 0x2988, 0x2d7e, 0x2b55, 0x2840, 0x3507, 0x329a, 0x2ee7,
    0x2a92, 0x287f, 0x2594, 0x2b43, 0x296a, 0x26bb, 0x2c68, 0x2a7d, 0x2809, 0x2a63, 0x29a9, 0x288b,
    0x2949, 0x295b, 0x2921, 0x2ba3, 0x2bcd, 0x2b7f, 0x2b56, 0x2b89, 0x2bed, 0x2d1d, 0x2c82, 0x2bb5,
    0x2eb0, 0x2e01, 0x2d59, 0x2d15, 0x2d23, 0x2c93, 0x2ea8, 0x2ee6, 0x2ecf, 0x30f4, 0x3006, 0x2de2,
    0x2d00, 0x2c87, 0x2c38, 0x2cde, 0x2c90, 0x2c44, 0x30fc, 0x305a, 0x2ed1, 0x3177, 0x3110, 0x30d1,
    0x2dfb, 0x2dd8, 0x2cfd, 0x3041, 0x3075, 0x302d, 0x2cab, 0x2c89, 0x2c36, 0x2ee7, 0x2f51, 0x2fbe,
    0x2f80, 0x2fdd, 0x2f15, 0x2f25, 0x2efc, 0x2edb, 0x2ee7, 0x2f2b, 0x2f39, 0x2e6e, 0x2dca, 0x2cf1,
    0x30e8, 0x30fe, 0x30a9, 0x304f, 0x3073, 0x305a, 0x2c90, 0x2d8d, 0x2ddc, 0x2eab, 0x2f25, 0x2f13,
    0x2e92, 0x2e86, 0x2e24, 0x2bd9, 0x2cb7, 0x2d83, 0x2d7f, 0x2dfa, 0x2df4, 0x2e99, 0x2f30, 0x2f7d,
    0x2b29, 0x29a9, 0x2880, 0x2c6a, 0x2cdc, 0x2cdb, 0x2c87, 0x2d41, 0x2dc4, 0x2d04, 0x2d73, 0x2d22,
    0x2e6e, 0x2e5f, 0x2e31, 0x2c2a, 0x2c4b, 0x2c38, 0x3028, 0x308e, 0x3070, 0x2cfd, 0x2d06, 0x2c66,
    0x2ed1, 0x2ef4, 0x2ec8, 0x2d63, 0x2d67, 0x2d82, 0x2b67, 0x2b51, 0x2b11, 0x3110, 0x3056, 0x2f18,
    0x3167, 0x3059, 0x2e84, 0x3046, 0x3036, 0x2fa7, 0x2fb0, 0x2faf, 0x2f30, 0x2fdc, 0x3032, 0x305b,
    0x311d, 0x30ec, 0x308b, 0x2eb9, 0x2e73, 0x2dc1, 0x3005, 0x2eaf, 0x2d63, 0x2fdb, 0x2f99, 0x2efd,
    0x3037, 0x2e3c, 0x2c3a, 0x2d64, 0x2d30, 0x2ca3, 0x303b, 0x2fb1, 0x2ec0, 0x3109, 0x3077, 0x2f01,
    0x3067, 0x3041, 0x2fea, 0x3057, 0x2fac, 0x2e48, 0x3410, 0x3252, 0x306b, 0x3205, 0x3106, 0x2fb3,
    0x2c59, 0x2a7e, 0x2859, 0x2c09, 0x297f, 0x2619, 0x3519, 0x32d6, 0x2f4a, 0x2b6d, 0x292d, 0x267b,
    0x2c05, 0x29a5, 0x275f, 0x2c53, 0x2a62, 0x2808, 0x2cc9, 0x2b49, 0x28f8, 0x2c18, 0x2a54, 0x28bc,
    0x2c1e, 0x2c36, 0x2bb8, 0x2c02, 0x2b9a, 0x2acd, 0x2ae0, 0x2b66, 0x2b2a, 0x2b95, 0x2bd5, 0x2bf2,
    0x2d70, 0x2d7c, 0x2d12, 0x2d73, 0x2d3a, 0x2d12, 0x2c67, 0x2c9a, 0x2cca, 0x2db4, 0x2d9a, 0x2d2f,
    0x2da6, 0x2d87, 0x2d15, 0x2f22, 0x2f93, 0x2f2e, 0x2e54, 0x2e62, 0x2df2, 0x2fd9, 0x2ff7, 0x2f63,
    0x2b81, 0x2bca, 0x2be4, 0x2d28, 0x2cec, 0x2c61, 0x2e9d, 0x2f52, 0x2feb, 0x2c43, 0x2c8e, 0x2c5b,
    0x2e6c, 0x2ebd, 0x2dbf, 0x2da4, 0x2d90, 0x2d18, 0x2ef4, 0x2e8b, 0x2e31, 0x308e, 0x3048, 0x3031,
    0x2c8d, 0x2c86, 0x2cb0, 0x2f38, 0x2f95, 0x2daa, 0x2cfa, 0x2c95, 0x2a76, 0x330a, 0x319e, 0x3058,
    0x2f21, 0x2d85, 0x2c4b, 0x2c8e, 0x2ced, 0x2d59, 0x3148, 0x311f, 0x2f90, 0x2eef, 0x2f35, 0x2f90,
    0x3115, 0x311f, 0x3111, 0x3002, 0x300d, 0x2fef, 0x2bfb, 0x2cbe, 0x2cd6, 0x31df, 0x323d, 0x31bd,
    0x2ec2, 0x2f17, 0x2e9d, 0x2db1, 0x2d46, 0x2cc5, 0x2f55, 0x2f7c, 0x2f87, 0x2d9b, 0x2d88, 0x2d60,
    0x3239, 0x31b9, 0x30b0, 0x2fda, 0x2fa3, 0x2ecc, 0x2c30, 0x2c30, 0x2bae, 0x2fc6, 0x2de5, 0x2c9d,
    0x2db9, 0x2d79, 0x2cd4, 0x2c4d, 0x2c5e, 0x2cb3, 0x2f02, 0x2f4e, 0x2f52, 0x2d9f, 0x2dbb, 0x2d96,
    0x2f15, 0x2f29, 0x2f28, 0x3315, 0x31f7, 0x3096, 0x3415, 0x312d, 0x2db9, 0x3365, 0x3248, 0x3138,
    0x319a, 0x3075, 0x2ee6, 0x2fc1, 0x2fc4, 0x2f6c, 0x3045, 0x303b, 0x2fca, 0x3241, 0x31a5, 0x30ec,
    0x3284, 0x317a, 0x2ff2, 0x32d6, 0x31f5, 0x30ac, 0x34a7, 0x337f, 0x3178, 0x341e, 0x3260, 0x3065,
    0x2fcf, 0x2de6, 0x2be9, 0x3151, 0x2e8b, 0x2a15, 0x2aa9, 0x2915, 0x26bf, 0x2e6b, 0x2d36, 0x2bed,
    0x2ac0, 0x291f, 0x2694, 0x2c7a, 0x2b54, 0x29a5, 0x2c0b, 0x2aa2, 0x2934, 0x2b4e, 0x2b1b, 0x2a88,
    0x2c79, 0x2c21, 0x2bcc, 0x2c36, 0x2c14, 0x2b81, 0x3321, 0x3108, 0x2eaa, 0x312e, 0x2f39, 0x2d3e,
    0x2c2a, 0x2b31, 0x2a45, 0x2d0b, 0x2cff, 0x2cb1, 0x2e88, 0x2e95, 0x2e45, 0x3072, 0x30ae, 0x30ab,
    0x2c75, 0x2c5e, 0x2c39, 0x2be1, 0x2c32, 0x2c69, 0x2dbd, 0x2d9e, 0x2d61, 0x2d8d, 0x2d3a, 0x2cd5,
    0x3082, 0x2f23, 0x2d75, 0x2c5d, 0x2c56, 0x2c28, 0x2fed, 0x302e, 0x3028, 0x2bab, 0x2c05, 0x2c46,
    0x2d4b, 0x2c7b, 0x2bbc, 0x2ddc, 0x2e15, 0x2e0c, 0x2d84, 0x2cff, 0x2c5c, 0x2ccb, 0x2d0f, 0x2d69,
    0x29a3, 0x2a70, 0x2b7d, 0x2e20, 0x2d68, 0x2c63, 0x2fec, 0x2f67, 0x2eac, 0x3000, 0x2ee9, 0x2ded,
    0x3056, 0x2f83, 0x2eb0, 0x2e4d, 0x2e46, 0x2de0, 0x2f41, 0x2f3c, 0x2e2d, 0x34d4, 0x3488, 0x32a5,
    0x2e19, 0x2e2e, 0x2b9b, 0x2e70, 0x2ede, 0x2d4e, 0x2eae, 0x2e69, 0x2e83, 0x2e5e, 0x2df5, 0x2d79,
    0x305a, 0x304c, 0x3016, 0x2d36, 0x2d7d, 0x2daa, 0x3080, 0x2f8b, 0x2e29, 0x2d1c, 0x2d50, 0x2d11,
    0x2d7b, 0x2d38, 0x2c66, 0x2ea3, 0x2ee8, 0x2ec3, 0x2be5, 0x2c38, 0x2cb0, 0x2cbd, 0x2c7b, 0x2c10,
    0x2cd6, 0x2d26, 0x2d27, 0x2d14, 0x2cf3, 0x2d12, 0x2eba, 0x2e94, 0x2df8, 0x2fab, 0x2fc7, 0x2f46,
    0x3075, 0x2e82, 0x2ca1, 0x3155, 0x2fb5, 0x2d0b, 0x2e5d, 0x2c6e, 0x29a1, 0x3196, 0x30eb, 0x2fea,
    0x3011, 0x2f1e, 0x2e20, 0x2f84, 0x2eca, 0x2dea, 0x2e5e, 0x2d71, 0x2c75, 0x31ba, 0x314a, 0x306d,
    0x31e5, 0x30e4, 0x2f1d, 0x32d2, 0x3198, 0x3029, 0x31db, 0x30ba, 0x2f0a, 0x3315, 0x30d7, 0x2ea7,
    0x342e, 0x31c0, 0x2e1f, 0x2cc6, 0x2b0c, 0x2908, 0x2bf2, 0x2a61, 0x2823, 0x2d86, 0x2cd0, 0x2b81,
    0x2ab6, 0x2a29, 0x295b, 0x2c02, 0x2bb9, 0x2b15, 0x2d20, 0x2d0c, 0x2d46, 0x2c3e, 0x2c69, 0x2c80,
    0x2f9c, 0x2eb7, 0x2d1e, 0x2f46, 0x2e3e, 0x2d63, 0x2c75, 0x2c03, 0x2ae1, 0x3062, 0x2f58, 0x2d71,
    0x2bee, 0x2bc6, 0x2b1d, 0x314b, 0x3125, 0x30d6, 0x2ce2, 0x2d51, 0x2d24, 0x2ea0, 0x2d78, 0x2c02,
    0x2c76, 0x2c7e, 0x2c55, 0x2c87, 0x2c6d, 0x2c71, 0x2d71, 0x2d78, 0x2d53, 0x32ce, 0x30ff, 0x2f12,
    0x2e10, 0x2e10, 0x2d8b, 0x2c72, 0x2c81, 0x2c89, 0x2fbf, 0x2fbb, 0x2f08, 0x2d33, 0x2ce9, 0x2c4d,
    0x303e, 0x3025, 0x2fd8, 0x2e84, 0x2e9f, 0x2e94, 0x2c95, 0x2cc2, 0x2d52, 0x2e55, 0x2cf0, 0x2d0a,
    0x323e, 0x2fc4, 0x2ca7, 0x311b, 0x304b, 0x2ede, 0x2c49, 0x2c9b, 0x2c4a, 0x2f96, 0x2f55, 0x2edc,
    0x2ddd, 0x2d7c, 0x2d4a, 0x2dc1, 0x2e4b, 0x2e8f, 0x3079, 0x3097, 0x3047, 0x2cb6, 0x2ccc, 0x2cf7,
    0x2f48, 0x2f71, 0x2ebe, 0x2eae, 0x2eb7, 0x2e6e, 0x330e, 0x3287, 0x3160, 0x3239, 0x30a6, 0x2ee6,
    0x303d, 0x3009, 0x2f4a, 0x30db, 0x30f3, 0x30b4, 0x2fbf, 0x2fad, 0x2f4e, 0x2caf, 0x2d14, 0x2dc4,
    0x2cc8, 0x2cac, 0x2c96, 0x2f20, 0x2f09, 0x2e7b, 0x2cdd, 0x2d1e, 0x2d08, 0x2f84, 0x2d8b, 0x2bae,
    0x2d76, 0x2d9d, 0x2dd7, 0x304d, 0x3011, 0x2fa2, 0x2ff1, 0x2e9d, 0x2d4c, 0x2f36, 0x2d58, 0x2c0d,
    0x3103, 0x2f45, 0x2d8e, 0x321d, 0x30b2, 0x2eae, 0x2f5e, 0x2e16, 0x2cbc, 0x2ddc, 0x2dfe, 0x2e35,
    0x2e56, 0x2ec6, 0x2e2c, 0x2e3e, 0x2e53, 0x2e1d, 0x3113, 0x30ba, 0x3023, 0x335a, 0x3219, 0x30a3,
    0x3093, 0x3047, 0x2fca, 0x321c, 0x3161, 0x303d, 0x30fd, 0x3007, 0x2def, 0x3184, 0x30a5, 0x2f51,
    0x414c, 0x4248, 0x44cb, 0x414c, 0x4251, 0x44c6, 0x4161, 0x425d, 0x44cd, 0x41a0, 0x42a0, 0x44f3,
    0x41cf, 0x42cf, 0x4515, 0x41b0, 0x42b9, 0x44f5, 0x41ee, 0x42fd, 0x4519, 0x423c, 0x4346, 0x453c,
    0x42a4, 0x439c, 0x4574, 0x4319, 0x4404, 0x45a9, 0x432e, 0x4408, 0x45a1, 0x433c, 0x4417, 0x45c0,
    0x4311, 0x4402, 0x45a3, 0x42d1, 0x43bf, 0x457b, 0x4313, 0x440a, 0x45b7, 0x4327, 0x4418, 0x45c1,
    0x4321, 0x4416, 0x45b4, 0x431e, 0x4415, 0x45ac, 0x4302, 0x43fd, 0x45a4, 0x42cc, 0x43d3, 0x458e,
    0x4299, 0x43aa, 0x4575, 0x4269, 0x437c, 0x4560, 0x4233, 0x4347, 0x4547, 0x424f, 0x436e, 0x4562,
    0x4249, 0x4367, 0x456b, 0x424a, 0x4362, 0x455f, 0x4275, 0x439b, 0x458f, 0x4296, 0x43bd, 0x45a9,
    0x4267, 0x438b, 0x4588, 0x424e, 0x4371, 0x4581, 0x42cd, 0x43ef, 0x45d0, 0x4313, 0x4415, 0x45e2,
    0x42d3, 0x43d7, 0x45b8, 0x3bd9, 0x3c17, 0x3cc4, 0x3766, 0x36c6, 0x34a9, 0x2fe7, 0x302f, 0x2cf7,
    0x365c, 0x35c2, 0x329c, 0x385f, 0x3799, 0x33b2, 0x323f, 0x3268, 0x2ef1, 0x34d5, 0x341a, 0x2ee5,
    0x3557, 0x34d0, 0x3075, 0x39fb, 0x38c9, 0x3388, 0x3b51, 0x3aa7, 0x38d1, 0x3a17, 0x3ac0, 0x3b1d,
    0x43a1, 0x43e7, 0x44ba, 0x45bf, 0x4638, 0x4818, 0x4627, 0x4689, 0x482f, 0x477b, 0x47dc, 0x48bd,
    0x4810, 0x4836, 0x48fe, 0x48ac, 0x48bd, 0x4973, 0x46f0, 0x46dc, 0x473c, 0x4720, 0x4707, 0x47a2,
    0x47b8, 0x4791, 0x4826, 0x4778, 0x4758, 0x47da, 0x4855, 0x4844, 0x4892, 0x44f8, 0x44f1, 0x4522,
    0x4864, 0x4842, 0x488e, 0x4789, 0x475a, 0x474d, 0x4775, 0x4703, 0x4727, 0x4184, 0x4153, 0x4065,
    0x3f4b, 0x3f0d, 0x3e54, 0x41a0, 0x418a, 0x40b6, 0x4075, 0x4052, 0x3e4e, 0x4162, 0x4112, 0x40e4,
    0x41a4, 0x42b7, 0x44f9, 0x41e2, 0x42ed, 0x4523, 0x41f3, 0x42fa, 0x4521, 0x41d2, 0x42da, 0x4510,
    0x41cd, 0x42d2, 0x4507, 0x41d1, 0x42d5, 0x4507, 0x41f0, 0x42fc, 0x4527, 0x423a, 0x4349, 0x4545,
    0x4251, 0x4355, 0x454b, 0x42a7, 0x439d, 0x4574, 0x430c, 0x43f3, 0x45a1, 0x4357, 0x442b, 0x45d2,
    0x435d, 0x4429, 0x45bb, 0x4332, 0x4414, 0x45bc, 0x430e, 0x4402, 0x45a5, 0x4322, 0x440e, 0x45ad,
    0x4347, 0x4429, 0x45c7, 0x434c, 0x4429, 0x45c5, 0x4350, 0x442e, 0x45d7, 0x4333, 0x4423, 0x45c4,
    0x42fd, 0x4405, 0x459f, 0x42d6, 0x43e7, 0x4596, 0x4304, 0x4401, 0x45c1, 0x42fb, 0x4406, 0x45b9,
    0x4303, 0x440d, 0x45cc, 0x42ea, 0x43f2, 0x45b3, 0x42ce, 0x43ec, 0x45b6, 0x42ce, 0x43f1, 0x45ba,
    0x42e7, 0x440b, 0x45d4, 0x42f4, 0x4410, 0x45e2, 0x42f9, 0x4411, 0x45e5, 0x432d, 0x4430, 0x4601,
    0x42c5, 0x4412, 0x4603, 0x3368, 0x32aa, 0x3079, 0x31f4, 0x3196, 0x2f11, 0x30f6, 0x308e, 0x2d98,
    0x3471, 0x3445, 0x3441, 0x3257, 0x3211, 0x2d47, 0x3068, 0x3100, 0x2dee, 0x2de5, 0x2e71, 0x2ab2,
    0x2ce3, 0x2caf, 0x2bc7, 0x36bd, 0x3641, 0x325b, 0x3616, 0x3549, 0x31c0, 0x31c5, 0x3233, 0x2e7f,
    0x3702, 0x36bc, 0x3401, 0x437b, 0x4371, 0x441d, 0x4686, 0x46dd, 0x4854, 0x472f, 0x47a0, 0x48b9,
    0x4715, 0x476c, 0x488f, 0x480d, 0x483c, 0x490a, 0x4848, 0x485e, 0x4964, 0x48ea, 0x48fa, 0x49b1,
    0x46df, 0x46ca, 0x4797, 0x44ca, 0x44c9, 0x4515, 0x46a2, 0x46a4, 0x4703, 0x4170, 0x415a, 0x40b5,
    0x4b24, 0x4af4, 0x4b4f, 0x4263, 0x4235, 0x4171, 0x45f7, 0x45c9, 0x45a6, 0x4424, 0x43e6, 0x428f,
    0x404a, 0x4001, 0x3fff, 0x4870, 0x4840, 0x47ef, 0x4956, 0x4907, 0x48bc, 0x48d7, 0x487c, 0x486b,
    0x41a5, 0x42b2, 0x44f6, 0x41b0, 0x42c6, 0x44f9, 0x41ed, 0x4310, 0x4523, 0x4216, 0x432c, 0x4535,
    0x4217, 0x432b, 0x4536, 0x4221, 0x4334, 0x453c, 0x4205, 0x431a, 0x4527, 0x41f9, 0x430b, 0x4529,
    0x4234, 0x4341, 0x4537, 0x427b, 0x4382, 0x455f, 0x42d2, 0x43d0, 0x4590, 0x42f1, 0x43e9, 0x4594,
    0x4358, 0x4423, 0x45cd, 0x43a7, 0x444a, 0x45ed, 0x439a, 0x4446, 0x45e8, 0x438b, 0x443b, 0x45d4,
    0x4363, 0x4432, 0x45ce, 0x4385, 0x443f, 0x45e2, 0x439e, 0x4451, 0x45f1, 0x438b, 0x4449, 0x45ea,
    0x439a, 0x4454, 0x4600, 0x437c, 0x4440, 0x45ef, 0x4383, 0x444f, 0x4600, 0x4375, 0x443e, 0x45ef,
    0x4362, 0x4437, 0x45ee, 0x431f, 0x4421, 0x45db, 0x42e2, 0x43f8, 0x45ae, 0x42f5, 0x4408, 0x45d8,
    0x4305, 0x4415, 0x45e6, 0x4348, 0x443e, 0x4610, 0x4375, 0x4447, 0x4621, 0x4357, 0x4444, 0x461e,
    0x3e28, 0x3ebb, 0x401d, 0x3b33, 0x3b73, 0x3c89, 0x3bf6, 0x3c37, 0x3d4b, 0x38b5, 0x3859, 0x3841,
    0x332f, 0x334f, 0x3018, 0x305e, 0x3066, 0x2ef0, 0x2cac, 0x2c9d, 0x2904, 0x2e58, 0x2e3d, 0x2a70,
    0x34a1, 0x3457, 0x3182, 0x32eb, 0x320e, 0x2ec1, 0x3004, 0x3054, 0x2ca1, 0x2e46, 0x2eb3, 0x29da,
    0x3256, 0x327c, 0x2ea0, 0x36a0, 0x35a3, 0x30a2, 0x4213, 0x428a, 0x43af, 0x478d, 0x47f1, 0x48dc,
    0x47eb, 0x4820, 0x48ff, 0x4838, 0x4861, 0x4931, 0x4810, 0x483f, 0x4915, 0x480a, 0x4838, 0x490c,
    0x4870, 0x487b, 0x4931, 0x4635, 0x4620, 0x4640, 0x39fd, 0x39fe, 0x3881, 0x41f5, 0x41aa, 0x4123,
    0x4472, 0x444e, 0x4393, 0x427f, 0x4248, 0x4115, 0x4803, 0x478f, 0x472d, 0x4332, 0x42dc, 0x4217,
    0x3aec, 0x3a89, 0x395b, 0x3cbc, 0x3c88, 0x3b24, 0x4abe, 0x4a5b, 0x4a27, 0x4a14, 0x49bb, 0x4982,
    0x41d0, 0x42e8, 0x4513, 0x41d7, 0x42f0, 0x450f, 0x41fa, 0x4316, 0x4523, 0x4233, 0x4338, 0x4539,
    0x423e, 0x435e, 0x4545, 0x425f, 0x4382, 0x455b, 0x427a, 0x4388, 0x4567, 0x427f, 0x4388, 0x4565,
    0x428e, 0x4397, 0x4568, 0x42b7, 0x43b3, 0x457f, 0x42db, 0x43ed, 0x459e, 0x42c8, 0x43de, 0x4596,
    0x42d0, 0x43cb, 0x4590, 0x433f, 0x441a, 0x45b6, 0x43b8, 0x4450, 0x45e3, 0x43eb, 0x4471, 0x460f,
    0x43f6, 0x4477, 0x4615, 0x43d9, 0x4466, 0x45ee, 0x43c6, 0x445e, 0x45f6, 0x43db, 0x446d, 0x460f,
    0x43d8, 0x446f, 0x4612, 0x43e1, 0x4472, 0x4612, 0x4398, 0x444d, 0x45fb, 0x439a, 0x4452, 0x4604,
    0x43a1, 0x4457, 0x460a, 0x434b, 0x4437, 0x45ea, 0x4330, 0x4424, 0x45e0, 0x4331, 0x442c, 0x45ec,
    0x4327, 0x4427, 0x45f6, 0x433a, 0x4433, 0x4600, 0x435f, 0x4447, 0x4614, 0x432a, 0x4420, 0x45e1,
    0x42b2, 0x43af, 0x458d, 0x4024, 0x406a, 0x4210, 0x3eae, 0x3f59, 0x40fc, 0x3b33, 0x3b1c, 0x3c3a,
    0x31a3, 0x3177, 0x2d49, 0x2f42, 0x2d86, 0x2a2d, 0x39f8, 0x39d5, 0x3a4f, 0x2ec5, 0x2f3e, 0x2c12,
    0x302b, 0x303f, 0x2cff, 0x2f1e, 0x2f04, 0x2aec, 0x2cb1, 0x2c7b, 0x2978, 0x30a1, 0x30d1, 0x2c94,
    0x2e43, 0x2dec, 0x2a1e, 0x3524, 0x3470, 0x312d, 0x40af, 0x406c, 0x4053, 0x47ea, 0x4822, 0x48fa,
    0x4883, 0x489a, 0x4960, 0x489d, 0x48c1, 0x4996, 0x48e3, 0x4903, 0x49de, 0x496f, 0x4983, 0x4a59,
    0x4905, 0x48fb, 0x499e, 0x4b36, 0x4b03, 0x4be4, 0x4b76, 0x4b2e, 0x4b7c, 0x4190, 0x4163, 0x403a,
    0x4870, 0x4828, 0x47d6, 0x3a31, 0x3a1c, 0x38ff, 0x40ed, 0x40ce, 0x3fc6, 0x4487, 0x444d, 0x42ce,
    0x49ed, 0x498a, 0x491b, 0x493f, 0x48dc, 0x488b, 0x3555, 0x34dd, 0x33d6, 0x4079, 0x4040, 0x3ed2,
    0x41cb, 0x42e1, 0x4518, 0x41f3, 0x4311, 0x4527, 0x4219, 0x433d, 0x4534, 0x422b, 0x4348, 0x4538,
    0x422a, 0x4347, 0x453a, 0x421f, 0x4351, 0x4540, 0x4282, 0x4396, 0x4572, 0x42c0, 0x43d0, 0x4586,
    0x4309, 0x440c, 0x45b1, 0x433f, 0x441b, 0x45c3, 0x4325, 0x4416, 0x45b5, 0x42fa, 0x43ea, 0x4594,
    0x42e4, 0x43ec, 0x45a3, 0x4300, 0x4407, 0x45ad, 0x43a5, 0x4450, 0x45e8, 0x43d6, 0x4466, 0x45fb,
    0x43fb, 0x4472, 0x460e, 0x4401, 0x447c, 0x4611, 0x4410, 0x448d, 0x462f, 0x4419, 0x4490, 0x462f,
    0x4415, 0x4494, 0x462d, 0x442b, 0x44a9, 0x462d, 0x442b, 0x44ae, 0x4651, 0x43fb, 0x448b, 0x462a,
    0x43de, 0x4477, 0x4624, 0x43d4, 0x4472, 0x4629, 0x43b0, 0x4466, 0x4620, 0x4392, 0x4459, 0x4610,
    0x436f, 0x4445, 0x4606, 0x433b, 0x443d, 0x4606, 0x4313, 0x4426, 0x45e7, 0x4365, 0x4448, 0x461e,
    0x40d2, 0x416d, 0x4379, 0x3aae, 0x3b6a, 0x3c8e, 0x3515, 0x3519, 0x3421, 0x334d, 0x332e, 0x3395,
    0x36e0, 0x35ff, 0x3461, 0x32e1, 0x3172, 0x2d9b, 0x41d5, 0x41f1, 0x4370, 0x377b, 0x369b, 0x364a,
    0x411f, 0x40f3, 0x41d5, 0x3036, 0x2ff8, 0x2cdf, 0x2d00, 0x2d1d, 0x2af9, 0x3074, 0x301a, 0x2d11,
    0x2c48, 0x2cb2, 0x28d3, 0x328d, 0x3181, 0x2c9e, 0x38d8, 0x3878, 0x36a2, 0x4913, 0x4906, 0x498f,
    0x4940, 0x4945, 0x4a0e, 0x4975, 0x4979, 0x4a46, 0x48d5, 0x48da, 0x4953, 0x492c, 0x492a, 0x499f,
    0x498a, 0x4969, 0x49ec, 0x4a1e, 0x49f0, 0x4a3a, 0x47f2, 0x47f5, 0x47bf, 0x3b03, 0x3b97, 0x380c,
    0x3c9b, 0x3cbe, 0x3ba3, 0x3785, 0x383b, 0x2dc8, 0x3a4b, 0x3a0d, 0x37d8, 0x43ea, 0x4351, 0x42f1,
    0x4d13, 0x4cba, 0x4c81, 0x4603, 0x45be, 0x44b2, 0x3824, 0x3834, 0x335a, 0x302a, 0x2ffb, 0x2ea1,
    0x41b2, 0x42d4, 0x450b, 0x41c8, 0x42e5, 0x4514, 0x41ff, 0x431c, 0x452a, 0x420b, 0x432a, 0x452c,
    0x4241, 0x435b, 0x454a, 0x4262, 0x437c, 0x455f, 0x4286, 0x43a6, 0x4573, 0x429a, 0x43b5, 0x456e,
    0x42eb, 0x43fe, 0x45a3, 0x4316, 0x4407, 0x45a4, 0x4358, 0x4431, 0x45ce, 0x4381, 0x443b, 0x45e1,
    0x4364, 0x442b, 0x45d4, 0x4368, 0x4434, 0x45cd, 0x43d1, 0x4468, 0x45fe, 0x4407, 0x4486, 0x4623,
    0x43e6, 0x4474, 0x460a, 0x4405, 0x4481, 0x461f, 0x4400, 0x447c, 0x4609, 0x4435, 0x44ae, 0x4645,
    0x4429, 0x44b5, 0x4640, 0x4454, 0x44d7, 0x4660, 0x445e, 0x44d9, 0x466b, 0x4456, 0x44d1, 0x4668,
    0x443c, 0x44be, 0x4665, 0x441b, 0x44a9, 0x4647, 0x441a, 0x44aa, 0x4654, 0x4415, 0x44a5, 0x4662,
    0x4407, 0x4495, 0x465f, 0x43d3, 0x448b, 0x464a, 0x4402, 0x4498, 0x4673, 0x41ea, 0x42b3, 0x446f,
    0x3dd7, 0x3e7b, 0x4046, 0x39d5, 0x3a0d, 0x3ab3, 0x303d, 0x302f, 0x2c8c, 0x2f14, 0x2f7a, 0x2b6f,
    0x3615, 0x35b8, 0x35b6, 0x3433, 0x33fe, 0x335f, 0x2fd7, 0x2e98, 0x2cdf, 0x333d, 0x31e5, 0x2f0b,
    0x35a9, 0x35e0, 0x3581, 0x327d, 0x3341, 0x32e6, 0x2af4, 0x2ca4, 0x281e, 0x2ccc, 0x2c50, 0x29f8,
    0x28bc, 0x28cf, 0x2669, 0x31c6, 0x30b0, 0x2a8f, 0x3349, 0x3254, 0x2f76, 0x492f, 0x492a, 0x49d3,
    0x4a24, 0x49ee, 0x4aa7, 0x49c7, 0x49c1, 0x4a84, 0x49fd, 0x4a05, 0x4a84, 0x39b2, 0x39c3, 0x3820,
    0x4300, 0x42dc, 0x41b5, 0x499f, 0x4979, 0x4997, 0x4091, 0x40ac, 0x4012, 0x3788, 0x3818, 0x34b5,
    0x3674, 0x36cd, 0x3235, 0x3531, 0x350b, 0x30cb, 0x3de8, 0x3d75, 0x3ca2, 0x4aa8, 0x4a34, 0x4a36,
    0x3db4, 0x3d7e, 0x3ce5, 0x3acb, 0x3ac2, 0x3860, 0x3b8c, 0x3b81, 0x38c3, 0x41f7, 0x419a, 0x40e8,
    0x41a9, 0x42d2, 0x451d, 0x4188, 0x42a7, 0x44ef, 0x4192, 0x42b3, 0x44ee, 0x41a7, 0x42ca, 0x4510,
    0x4212, 0x4323, 0x4535, 0x4246, 0x435a, 0x4559, 0x427f, 0x43ab, 0x4579, 0x42c7, 0x43e3, 0x4595,
    0x42de, 0x43fc, 0x459d, 0x42e7, 0x43f1, 0x4598, 0x4331, 0x441a, 0x45cf, 0x438d, 0x4449, 0x45e1,
    0x43b5, 0x4455, 0x45ed, 0x43eb, 0x4472, 0x460f, 0x43f6, 0x4473, 0x460b, 0x440b, 0x4485, 0x461b,
    0x4417, 0x4495, 0x4626, 0x4422, 0x449b, 0x462c, 0x4424, 0x449d, 0x4629, 0x4429, 0x44a1, 0x4636,
    0x4437, 0x44b8, 0x464b, 0x4464, 0x44ea, 0x466e, 0x4495, 0x450c, 0x46a3, 0x447e, 0x44f5, 0x4684,
    0x4464, 0x44e7, 0x4686, 0x4464, 0x44e9, 0x468d, 0x4448, 0x44dc, 0x4681, 0x4451, 0x44d9, 0x4691,
    0x4457, 0x44e1, 0x469e, 0x4455, 0x44e9, 0x46a9, 0x4452, 0x44e1, 0x468e, 0x4424, 0x449f, 0x461d,
    0x41d5, 0x4258, 0x4437, 0x3d50, 0x3da5, 0x3eee, 0x2d73, 0x2c9c, 0x2cc8, 0x2c18, 0x2bd1, 0x29aa,
    0x301c, 0x2fc5, 0x2abd, 0x331a, 0x3278, 0x2c8f, 0x304c, 0x2f31, 0x2dda, 0x33af, 0x32a6, 0x3028,
    0x3e49, 0x3e4a, 0x3f1e, 0x3db4, 0x3dd6, 0x3f18, 0x3edc, 0x3f5a, 0x4043, 0x3ce9, 0x3cfe, 0x3d95,
    0x2dc1, 0x2cd7, 0x2b85, 0x31b4, 0x3192, 0x2c30, 0x3716, 0x35bd, 0x3138, 0x42ae, 0x426a, 0x4240,
    0x49c4, 0x49b7, 0x4a5f, 0x4a3c, 0x4a35, 0x4b0f, 0x4a34, 0x4a33, 0x4b02, 0x4928, 0x491b, 0x495b,
    0x4bd9, 0x4bad, 0x4c0a, 0x4c62, 0x4c41, 0x4c72, 0x4c0f, 0x4bd7, 0x4bfb, 0x46ec, 0x46cb, 0x4740,
    0x4884, 0x487b, 0x4897, 0x4400, 0x43d3, 0x4209, 0x49c4, 0x4986, 0x4992, 0x3c12, 0x3b7d, 0x3b3d,
    0x3240, 0x3215, 0x30a4, 0x3842, 0x380e, 0x36ec, 0x346d, 0x3412, 0x330c, 0x3c92, 0x3c65, 0x3a88,
    0x419b, 0x42ce, 0x44f8, 0x4193, 0x42c1, 0x44f6, 0x41c8, 0x42fc, 0x4519, 0x41c0, 0x42e0, 0x450e,
    0x41b2, 0x42d0, 0x4503, 0x41c0, 0x42e9, 0x4515, 0x41fc, 0x431b, 0x452a, 0x424f, 0x436b, 0x455b,
    0x4279, 0x439e, 0x4569, 0x42be, 0x43da, 0x458d, 0x4319, 0x4416, 0x45c4, 0x4380, 0x4441, 0x45e7,
    0x4379, 0x4441, 0x45d1, 0x43bb, 0x4459, 0x45f9, 0x43ea, 0x447a, 0x4609, 0x4425, 0x449a, 0x462a,
    0x4443, 0x44be, 0x464f, 0x4469, 0x44da, 0x4661, 0x446d, 0x44e4, 0x4664, 0x4467, 0x44d9, 0x4661,
    0x4468, 0x44dc, 0x466e, 0x443c, 0x44be, 0x464b, 0x445f, 0x44de, 0x4673, 0x4465, 0x44df, 0x4676,
    0x4481, 0x4503, 0x469a, 0x449a, 0x4510, 0x46b0, 0x4494, 0x450f, 0x46ac, 0x448d, 0x4509, 0x46ae,
    0x4499, 0x4518, 0x46c5, 0x44af, 0x452b, 0x46da, 0x44e4, 0x4559, 0x474d, 0x3fbe, 0x402c, 0x40d7,
    0x3d18, 0x3d59, 0x3e4c, 0x3f6c, 0x3fc6, 0x40af, 0x2dac, 0x2cfc, 0x2cb5, 0x3935, 0x3908, 0x3a0e,
    0x2d12, 0x2db6, 0x2956, 0x27f8, 0x28e5, 0x25f5, 0x3d70, 0x3d47, 0x3dc8, 0x32be, 0x32c8, 0x311e,
    0x3d10, 0x3d25, 0x3e18, 0x3d3a, 0x3d79, 0x3eb9, 0x38e9, 0x3923, 0x394f, 0x3a2b, 0x3a7d, 0x3a1d,
    0x3c64, 0x3c99, 0x3b81, 0x31c7, 0x3262, 0x2c27, 0x2de5, 0x2dcd, 0x2907, 0x334b, 0x33cb, 0x2dc4,
    0x43e0, 0x4422, 0x4374, 0x4a1f, 0x4a1c, 0x4ad2, 0x4a7b, 0x4a54, 0x4aeb, 0x4ac9, 0x4ab9, 0x4b40,
    0x4947, 0x4939, 0x495a, 0x400c, 0x3fe3, 0x3dfa, 0x49de, 0x49bf, 0x4a20, 0x4acd, 0x4ab0, 0x4b68,
    0x4051, 0x4039, 0x3f3e, 0x4774, 0x4713, 0x4670, 0x493b, 0x48fe, 0x48f1, 0x4256, 0x423e, 0x4121,
    0x4835, 0x4805, 0x4766, 0x49c3, 0x495e, 0x4923, 0x47c8, 0x473f, 0x4624, 0x4b0e, 0x4a76, 0x4984,
    0x4227, 0x4365, 0x4550, 0x41fe, 0x4333, 0x452e, 0x41bb, 0x42f5, 0x4510, 0x4193, 0x42c0, 0x44f3,
    0x41e1, 0x4303, 0x451f, 0x4231, 0x4355, 0x4555, 0x423b, 0x4362, 0x4553, 0x4242, 0x4369, 0x4552,
    0x4285, 0x43af, 0x457a, 0x42ad, 0x43d2, 0x4597, 0x42a3, 0x43ba, 0x4589, 0x42cf, 0x43df, 0x4592,
    0x42eb, 0x4401, 0x45a5, 0x435a, 0x442f, 0x45d0, 0x43d1, 0x4467, 0x4602, 0x4416, 0x4493, 0x4627,
    0x4444, 0x44be, 0x464a, 0x4474, 0x44f2, 0x4662, 0x44a6, 0x4513, 0x469f, 0x44cb, 0x4532, 0x46ae,
    0x44d9, 0x4542, 0x46c7, 0x44aa, 0x4521, 0x46a1, 0x44a5, 0x451d, 0x46a4, 0x44ac, 0x4528, 0x46ba,
    0x44ad, 0x4525, 0x46b6, 0x44b1, 0x452b, 0x46c1, 0x44b7, 0x453c, 0x46d8, 0x44db, 0x4555, 0x46ea,
    0x44f2, 0x456d, 0x470b, 0x4509, 0x457f, 0x4748, 0x44fa, 0x4555, 0x4720, 0x377f, 0x37c2, 0x3865,
    0x40ab, 0x40df, 0x41f6, 0x39ed, 0x39c9, 0x3aa3, 0x34fe, 0x34b5, 0x3578, 0x41b0, 0x41c8, 0x436b,
    0x31f0, 0x321e, 0x3101, 0x312c, 0x311f, 0x3129, 0x360e, 0x35fd, 0x356f, 0x3133, 0x309f, 0x2b83,
    0x317e, 0x30da, 0x30b0, 0x3c83, 0x3cb9, 0x3d85, 0x2d49, 0x2d33, 0x2906, 0x2ea8, 0x2f28, 0x2a55,
    0x2cb0, 0x2d0b, 0x28b4, 0x307a, 0x30e1, 0x2b08, 0x3111, 0x31b2, 0x2aad, 0x3158, 0x33ec, 0x2a02,
    0x39ce, 0x3aaa, 0x3848, 0x330e, 0x351d, 0x2d43, 0x33ab, 0x3564, 0x2d1e, 0x336f, 0x354f, 0x2c9e,
    0x359e, 0x3717, 0x2e2e, 0x3ecd, 0x3eda, 0x3c56, 0x49dd, 0x49c9, 0x4a25, 0x4a71, 0x4a6f, 0x4b2d,
    0x4bc1, 0x4b91, 0x4bb8, 0x4b36, 0x4b1a, 0x4b82, 0x4c11, 0x4bd1, 0x4c16, 0x4c06, 0x4bba, 0x4bfd,
    0x4ce2, 0x4c93, 0x4c8f, 0x4d8a, 0x4d34, 0x4d1f, 0x4de5, 0x4d7d, 0x4d1d, 0x4f36, 0x4e9c, 0x4e2e,
    0x4226, 0x4352, 0x4545, 0x41fc, 0x432b, 0x452f, 0x41ee, 0x431c, 0x4528, 0x41f8, 0x4327, 0x452b,
    0x41e6, 0x4314, 0x4525, 0x4201, 0x4320, 0x4534, 0x4240, 0x4364, 0x4551, 0x42a5, 0x43cd, 0x458e,
    0x42b6, 0x43d6, 0x458f, 0x42a6, 0x43b4, 0x4582, 0x4274, 0x4396, 0x456d, 0x42a8, 0x43c9, 0x4590,
    0x42c9, 0x43ee, 0x45a7, 0x42d1, 0x43e8, 0x459d, 0x42d8, 0x43f2, 0x4597, 0x4327, 0x4419, 0x45b6,
    0x43db, 0x4469, 0x460d, 0x4428, 0x44a4, 0x4628, 0x4482, 0x44eb, 0x468d, 0x44c8, 0x451d, 0x46c8,
    0x44f6, 0x4565, 0x46f4, 0x4522, 0x459a, 0x470e, 0x44f9, 0x456e, 0x46e6, 0x44ff, 0x4575, 0x46f3,
    0x450c, 0x457c, 0x46f2, 0x4524, 0x4599, 0x4719, 0x4520, 0x45a3, 0x4727, 0x4531, 0x45aa, 0x4734,
    0x4539, 0x45b5, 0x4745, 0x4507, 0x455b, 0x468f, 0x3609, 0x35cc, 0x34ba, 0x34da, 0x34ca, 0x346c,
    0x2e84, 0x2e87, 0x2dd7, 0x3884, 0x384b, 0x38bf, 0x370a, 0x36ba, 0x3720, 0x4531, 0x458e, 0x4758,
    0x3357, 0x32bc, 0x2ee3, 0x2d82, 0x2e48, 0x2a2a, 0x2913, 0x2998, 0x24c1, 0x3029, 0x301d, 0x2d2c,
    0x3318, 0x327d, 0x2f40, 0x2ee3, 0x2f5c, 0x2ace, 0x2cc7, 0x2d97, 0x2452, 0x2f0b, 0x3073, 0x2928,
    0x2c6d, 0x2d0d, 0x2800, 0x32b5, 0x3300, 0x2dec, 0x3071, 0x30ff, 0x2c5c, 0x2ea2, 0x312c, 0x280b,
    0x3591, 0x3779, 0x2dd2, 0x33f5, 0x3521, 0x2db0, 0x341c, 0x3560, 0x2cc7, 0x3778, 0x38a1, 0x2f27,
    0x3692, 0x382d, 0x2e4f, 0x3819, 0x38f5, 0x2ff9, 0x3fb8, 0x3ffa, 0x3cb3, 0x4af6, 0x4ac0, 0x4b77,
    0x4add, 0x4ab0, 0x4b54, 0x4b0e, 0x4ae0, 0x4b18, 0x4c7d, 0x4c4c, 0x4c51, 0x4c58, 0x4c1f, 0x4bf0,
    0x4d13, 0x4cce, 0x4c86, 0x481a, 0x47a0, 0x468c, 0x48cd, 0x4868, 0x4768, 0x4d7f, 0x4d09, 0x4c58,
    0x4202, 0x433c, 0x4537, 0x4201, 0x4334, 0x4527, 0x4208, 0x4344, 0x4535, 0x4234, 0x435e, 0x4548,
    0x423c, 0x436a, 0x4555, 0x4238, 0x436b, 0x4559, 0x4204, 0x4329, 0x4537, 0x4205, 0x4325, 0x453e,
    0x426b, 0x4393, 0x456e, 0x42a6, 0x43bd, 0x4584, 0x42a3, 0x43ce, 0x4586, 0x4263, 0x438a, 0x456e,
    0x4245, 0x4368, 0x455b, 0x42cc, 0x43e9, 0x4595, 0x4360, 0x4434, 0x45df, 0x439e, 0x444b, 0x45f0,
    0x4379, 0x4445, 0x45c3, 0x4048, 0x406c, 0x40ea, 0x422c, 0x42a5, 0x4432, 0x42c2, 0x4385, 0x44c8,
    0x4470, 0x44fe, 0x467d, 0x44c7, 0x454b, 0x46a8, 0x44f6, 0x4578, 0x46d9, 0x4512, 0x457c, 0x4702,
    0x4528, 0x4583, 0x46fa, 0x4585, 0x45e4, 0x4752, 0x4544, 0x45c0, 0x4741, 0x4559, 0x45d3, 0x476d,
    0x4557, 0x45d2, 0x4755, 0x44c1, 0x4543, 0x4679, 0x2fea, 0x2f84, 0x2d56, 0x2e07, 0x2ef9, 0x2b14,
    0x2ec5, 0x2e0a, 0x2e8a, 0x3cd3, 0x3ce3, 0x3dab, 0x3ec6, 0x3efe, 0x4033, 0x3895, 0x3884, 0x3872,
    0x30a3, 0x3049, 0x2bd1, 0x24d2, 0x24be, 0x232b, 0x27a1, 0x2766, 0x240d, 0x2b1b, 0x2b22, 0x2647,
    0x2a78, 0x2ad2, 0x27f1, 0x29fb, 0x2ad6, 0x26e9, 0x34e8, 0x34aa, 0x323d, 0x377d, 0x37f0, 0x329f,
    0x39d0, 0x39f4, 0x3929, 0x2cae, 0x2d11, 0x29c3, 0x3170, 0x31ed, 0x2cae, 0x309d, 0x31b8, 0x2ba1,
    0x307f, 0x329f, 0x29ef, 0x2e73, 0x3109, 0x285d, 0x2fa5, 0x31cc, 0x2894, 0x32dc, 0x352a, 0x2c4c,
    0x3270, 0x349e, 0x2bfd, 0x359c, 0x3734, 0x2e67, 0x34a4, 0x35f9, 0x2e3f, 0x42e6, 0x4321, 0x422e,
    0x49d0, 0x49af, 0x4946, 0x4cc0, 0x4c79, 0x4c36, 0x4ae2, 0x4a6a, 0x4a18, 0x4da4, 0x4d31, 0x4ce9,
    0x48c0, 0x485c, 0x47b8, 0x4165, 0x410a, 0x3f52, 0x40cc, 0x4093, 0x3ea3, 0x391c, 0x391b, 0x341e,
    0x42b6, 0x43e8, 0x458a, 0x428f, 0x43d7, 0x457d, 0x4257, 0x43a3, 0x4557, 0x4244, 0x4387, 0x4553,
    0x4242, 0x437d, 0x454f, 0x4254, 0x4388, 0x455f, 0x426c, 0x43a6, 0x456b, 0x4275, 0x43ad, 0x457c,
    0x426e, 0x439a, 0x4570, 0x423d, 0x436c, 0x4556, 0x41fd, 0x4329, 0x453c, 0x41f2, 0x431b, 0x452f,
    0x424f, 0x437b, 0x4572, 0x4289, 0x43b1, 0x458a, 0x42b3, 0x43d2, 0x458b, 0x3b7a, 0x3c23, 0x3c94,
    0x35dc, 0x3631, 0x3243, 0x3525, 0x34fe, 0x3052, 0x3875, 0x376a, 0x3194, 0x3884, 0x382e, 0x365d,
    0x352d, 0x3510, 0x315e, 0x3d71, 0x3d50, 0x3d74, 0x425d, 0x42cb, 0x4400, 0x4465, 0x44fa, 0x4625,
    0x4524, 0x45b5, 0x475a, 0x453e, 0x45cc, 0x472d, 0x4579, 0x45f1, 0x476f, 0x4543, 0x45be, 0x474a,
    0x4531, 0x45b0, 0x4737, 0x394e, 0x3959, 0x3a5b, 0x2ad2, 0x2b7b, 0x2994, 0x302a, 0x2fdc, 0x2d30,
    0x3559, 0x3520, 0x35df, 0x3d43, 0x3d97, 0x3eb5, 0x3104, 0x30c5, 0x311b, 0x2c6b, 0x2c5a, 0x2964,
    0x2f94, 0x2f4e, 0x2c1a, 0x2877, 0x280f, 0x2750, 0x2fd1, 0x2faa, 0x2f47, 0x35e4, 0x355b, 0x33d5,
    0x328b, 0x322f, 0x2f18, 0x3230, 0x3225, 0x2e1f, 0x415f, 0x4145, 0x41b6, 0x354f, 0x3534, 0x333b,
    0x35bb, 0x3493, 0x303a, 0x34d7, 0x343a, 0x2ef5, 0x308c, 0x30c8, 0x2cbc, 0x31e5, 0x321d, 0x2fbf,
    0x404a, 0x401f, 0x4069, 0x322f, 0x3356, 0x2ed2, 0x33ac, 0x34d9, 0x2d55, 0x37b4, 0x381c, 0x352d,
    0x2f5a, 0x3114, 0x294d, 0x33ea, 0x34db, 0x2bcd, 0x347c, 0x3561, 0x2ccc, 0x342f, 0x34d9, 0x2cf2,
    0x387e, 0x386e, 0x3251, 0x4c5d, 0x4bfe, 0x4b4e, 0x4abe, 0x4a30, 0x4975, 0x4131, 0x40f8, 0x3f4b,
    0x38f2, 0x392c, 0x34f6, 0x3918, 0x3943, 0x3558, 0x3984, 0x399c, 0x3560, 0x336d, 0x329f, 0x3095,
    0x43dc, 0x4479, 0x45ea, 0x42ea, 0x4406, 0x4588, 0x426e, 0x43a5, 0x4562, 0x420f, 0x434e, 0x452f,
    0x4228, 0x4366, 0x4549, 0x4279, 0x43c8, 0x458a, 0x42f6, 0x440e, 0x45a5, 0x435f, 0x4441, 0x45dc,
    0x4319, 0x4423, 0x45b0, 0x42df, 0x4405, 0x45aa, 0x4265, 0x4389, 0x4572, 0x4200, 0x4339, 0x4544,
    0x41ac, 0x42d9, 0x451b, 0x41e3, 0x430e, 0x4540, 0x4215, 0x432a, 0x453b, 0x34d8, 0x3557, 0x3372,
    0x326f, 0x332e, 0x2ef7, 0x31ec, 0x32b8, 0x3108, 0x31c6, 0x3285, 0x2d73, 0x3356, 0x333d, 0x2cf7,
    0x35b6, 0x3579, 0x3039, 0x33ec, 0x3346, 0x2d77, 0x33d6, 0x3345, 0x2e2c, 0x3207, 0x3222, 0x2dd5,
    0x32c3, 0x331f, 0x2ef2, 0x4053, 0x3fa5, 0x3e5d, 0x455d, 0x45bf, 0x471c, 0x45c2, 0x462f, 0x47a0,
    0x456a, 0x45d3, 0x474b, 0x445b, 0x44a2, 0x459c, 0x30de, 0x30bb, 0x303e, 0x2d01, 0x2c7b, 0x2a68,
    0x331f, 0x333d, 0x33bb, 0x3c41, 0x3c37, 0x3d00, 0x300b, 0x2f84, 0x2ca0, 0x2f25, 0x2eb4, 0x2d42,
    0x2984, 0x29ad, 0x298f, 0x3261, 0x323a, 0x318a, 0x36e0, 0x36b3, 0x36a6, 0x347a, 0x346f, 0x3430,
    0x3130, 0x316b, 0x30ee, 0x2f53, 0x2f70, 0x2d51, 0x31f5, 0x322b, 0x30d8, 0x3878, 0x3873, 0x37af,
    0x3301, 0x3271, 0x304b, 0x34fb, 0x346c, 0x31ec, 0x3fc8, 0x3fab, 0x3fff, 0x2f4f, 0x2ff4, 0x2cee,
    0x3344, 0x352c, 0x2dd4, 0x33b3, 0x3592, 0x2daf, 0x3578, 0x3752, 0x2e53, 0x3470, 0x361a, 0x2c28,
    0x38f9, 0x3977, 0x31b4, 0x336d, 0x34ce, 0x2d41, 0x3531, 0x357f, 0x2f85, 0x35f7, 0x3607, 0x2ea7,
    0x3636, 0x36c3, 0x2ef2, 0x47cb, 0x473f, 0x460c, 0x44a2, 0x4454, 0x436e, 0x40dd, 0x4087, 0x3eb7,
    0x4a4c, 0x49c2, 0x4925, 0x3972, 0x394c, 0x36b5, 0x3b3a, 0x3ad3, 0x3822, 0x4813, 0x4736, 0x462b,
    0x44ab, 0x452f, 0x467c, 0x4338, 0x440f, 0x451b, 0x440e, 0x44a3, 0x460b, 0x43ac, 0x446c, 0x45dd,
    0x4317, 0x4424, 0x45b0, 0x4300, 0x441c, 0x45a3, 0x4315, 0x4421, 0x45ae, 0x43af, 0x4467, 0x45f3,
    0x43d5, 0x446c, 0x45fe, 0x43b8, 0x4467, 0x45fb, 0x43cb, 0x446d, 0x45f6, 0x439c, 0x4460, 0x45f7,
    0x4315, 0x4416, 0x45b7, 0x4247, 0x438d, 0x4568, 0x3b63, 0x3c36, 0x3cf8, 0x3053, 0x318e, 0x2f93,
    0x386e, 0x3908, 0x3a5c, 0x3c97, 0x3d2f, 0x3f4a, 0x38af, 0x3948, 0x3ac4, 0x3356, 0x332c, 0x32ce,
    0x31e9, 0x32b0, 0x2fae, 0x2ca7, 0x2ccd, 0x2b9d, 0x2ec3, 0x3002, 0x2bc8, 0x3038, 0x306f, 0x2f7e,
    0x2ccb, 0x2c84, 0x2868, 0x3246, 0x3235, 0x307a, 0x3a4c, 0x3998, 0x3235, 0x45bd, 0x4645, 0x47d3,
    0x4442, 0x448b, 0x459a, 0x3208, 0x321f, 0x3186, 0x31a0, 0x3186, 0x325e, 0x2c38, 0x2c0e, 0x29e0,
    0x3105, 0x3102, 0x3114, 0x41c9, 0x41ff, 0x4312, 0x2841, 0x286f, 0x25f4, 0x2a21, 0x2a35, 0x2591,
    0x2bde, 0x2b24, 0x27ca, 0x356b, 0x34e8, 0x34a6, 0x3f88, 0x3fa0, 0x3fb2, 0x3689, 0x36b5, 0x35c3,
    0x427e, 0x4289, 0x4338, 0x3d21, 0x3d0d, 0x3d3f, 0x3793, 0x376c, 0x3697, 0x3525, 0x351f, 0x3435,
    0x3a6e, 0x3a6b, 0x3843, 0x3e4e, 0x3e16, 0x3d9e, 0x45b0, 0x458a, 0x45d7, 0x30d2, 0x31df, 0x2c85,
    0x2f8c, 0x315b, 0x2a9d, 0x3059, 0x3241, 0x2aad, 0x3383, 0x3501, 0x2ec5, 0x2fc8, 0x31bd, 0x2996,
    0x3cf9, 0x3d19, 0x3939, 0x35a0, 0x3591, 0x317c, 0x3711, 0x3748, 0x2fbf, 0x3844, 0x386e, 0x2c77,
    0x347d, 0x35bf, 0x2aa5, 0x34be, 0x3576, 0x2cb7, 0x38dc, 0x38e4, 0x2dde, 0x4395, 0x42df, 0x40d0,
    0x4f00, 0x4e5e, 0x4d93, 0x4c56, 0x4bc0, 0x4a82, 0x4769, 0x467e, 0x4593, 0x4e97, 0x4dd8, 0x4ce4,
    0x43cd, 0x443a, 0x44fc, 0x3c4b, 0x3cc1, 0x3d66, 0x4023, 0x40a2, 0x41a1, 0x418c, 0x4249, 0x43db,
    0x434c, 0x4423, 0x4577, 0x4393, 0x445a, 0x45d0, 0x43aa, 0x4461, 0x45d8, 0x43bf, 0x446a, 0x45ea,
    0x43ae, 0x4456, 0x45e1, 0x43b3, 0x4465, 0x45e9, 0x4409, 0x4491, 0x461d, 0x440e, 0x4494, 0x4622,
    0x4410, 0x448c, 0x4614, 0x43ee, 0x4469, 0x4606, 0x3dc4, 0x3e49, 0x3f7d, 0x41b3, 0x4272, 0x4453,
    0x4198, 0x4289, 0x44c1, 0x412b, 0x421f, 0x4438, 0x3152, 0x323c, 0x2dfc, 0x3482, 0x3523, 0x349f,
    0x3498, 0x34d5, 0x34f4, 0x2d63, 0x2e4f, 0x29f1, 0x3b54, 0x3b66, 0x3c53, 0x32f9, 0x3278, 0x3222,
    0x3151, 0x3124, 0x3108, 0x3408, 0x345e, 0x2ef1, 0x30c3, 0x3124, 0x2dc5, 0x3a49, 0x39fa, 0x3825,
    0x39c0, 0x39d8, 0x3a53, 0x3843, 0x3835, 0x3859, 0x353b, 0x3495, 0x3434, 0x2eb9, 0x2e9f, 0x3016,
    0x33c8, 0x339f, 0x3472, 0x4420, 0x4450, 0x4513, 0x3705, 0x36e8, 0x3770, 0x371e, 0x3730, 0x37fd,
    0x3000, 0x2fab, 0x2ca6, 0x35a4, 0x34e5, 0x2fb1, 0x30cb, 0x3103, 0x2c1d, 0x31cf, 0x31d8, 0x3096,
    0x34a4, 0x34ec, 0x3190, 0x3931, 0x391e, 0x3698, 0x3862, 0x3887, 0x3674, 0x30ce, 0x315f, 0x2907,
    0x3a8f, 0x3a60, 0x3809, 0x4066, 0x4039, 0x4004, 0x3d53, 0x3d12, 0x3cd4, 0x338e, 0x32fd, 0x2ff8,
    0x32a3, 0x3344, 0x2f22, 0x3281, 0x3312, 0x2dcd, 0x422e, 0x419a, 0x4126, 0x3c6a, 0x3c2a, 0x3b35,
    0x30dd, 0x330b, 0x283a, 0x389e, 0x386e, 0x2d43, 0x35fc, 0x36f6, 0x26aa, 0x3525, 0x35b6, 0x2817,
    0x31e9, 0x3386, 0x295b, 0x3233, 0x33c2, 0x2a9f, 0x362d, 0x3631, 0x2d3d, 0x492b, 0x4890, 0x4758,
    0x4f33, 0x4e8a, 0x4d6e, 0x4df4, 0x4d54, 0x4c91, 0x504c, 0x4f9d, 0x4e5d, 0x50e2, 0x5051, 0x4f11,
    0x42d1, 0x433a, 0x4436, 0x4436, 0x447e, 0x4545, 0x42a6, 0x431a, 0x4437, 0x4261, 0x42e3, 0x43f4,
    0x447b, 0x4506, 0x4658, 0x442a, 0x44bd, 0x4640, 0x43af, 0x445e, 0x45b4, 0x43ae, 0x446f, 0x45cf,
    0x436a, 0x4436, 0x45a2, 0x439e, 0x445a, 0x45db, 0x43fb, 0x4484, 0x460b, 0x4402, 0x4491, 0x4608,
    0x441a, 0x44a0, 0x4612, 0x4413, 0x449b, 0x460c, 0x4432, 0x44b6, 0x4636, 0x4442, 0x44cf, 0x4676,
    0x4238, 0x42e6, 0x44bd, 0x3fbe, 0x402f, 0x417b, 0x417d, 0x4239, 0x443e, 0x3c98, 0x3d09, 0x3dff,
    0x3c3b, 0x3c68, 0x3d61, 0x32f7, 0x33d2, 0x3108, 0x3adc, 0x3b35, 0x3af9, 0x3aad, 0x3afd, 0x3c27,
    0x4010, 0x407e, 0x41bc, 0x34b0, 0x3514, 0x3409, 0x32e1, 0x332c, 0x2d67, 0x452d, 0x45ac, 0x4729,
    0x43cb, 0x442d, 0x44e7, 0x44b2, 0x450b, 0x4634, 0x431f, 0x4371, 0x446c, 0x42e1, 0x4371, 0x4448,
    0x2d6f, 0x2cec, 0x2db5, 0x2d39, 0x2c9f, 0x2c5a, 0x2abf, 0x2ac1, 0x2a44, 0x290a, 0x2937, 0x28b8,
    0x2add, 0x2a3c, 0x26f2, 0x35b5, 0x35a4, 0x35bf, 0x367f, 0x35e9, 0x3406, 0x3c37, 0x3be1, 0x3bcf,
    0x34c8, 0x34c0, 0x30d7, 0x31c0, 0x3249, 0x294c, 0x3e30, 0x3e16, 0x3dfd, 0x34c8, 0x3477, 0x31dd,
    0x2ecb, 0x2ebc, 0x2a02, 0x3d38, 0x3cfd, 0x3cc7, 0x3166, 0x316e, 0x2dd5, 0x2d1e, 0x2d75, 0x2983,
    0x32ca, 0x32e7, 0x3130, 0x3055, 0x300b, 0x2ccc, 0x33ab, 0x337c, 0x2e50, 0x30ff, 0x31b2, 0x2cda,
    0x34ec, 0x3564, 0x3097, 0x33f6, 0x358e, 0x2df4, 0x38fa, 0x3985, 0x2f42, 0x38a7, 0x390a, 0x2f60,
    0x2fc6, 0x3175, 0x2832, 0x31d6, 0x322b, 0x28b5, 0x3aa0, 0x3ade, 0x2da6, 0x393e, 0x397e, 0x3295,
    0x4475, 0x4428, 0x4172, 0x40b3, 0x4036, 0x3e34, 0x4aea, 0x4a1a, 0x48b3, 0x4508, 0x445b, 0x42cb,
    0x3d99, 0x3e29, 0x3e9e, 0x4030, 0x406d, 0x40ea, 0x40eb, 0x4122, 0x41fe, 0x4415, 0x4453, 0x450c,
    0x3935, 0x39af, 0x3957, 0x4273, 0x42c5, 0x43a0, 0x44b7, 0x451d, 0x4629, 0x400f, 0x4053, 0x4106,
    0x3b2f, 0x3bcb, 0x3c68, 0x3ac3, 0x3b46, 0x3c39, 0x4386, 0x4458, 0x45fd, 0x3b4f, 0x3ba6, 0x3c41,
    0x4397, 0x445a, 0x45c8, 0x441d, 0x449f, 0x4608, 0x440f, 0x4494, 0x4617, 0x4458, 0x44d8, 0x4655,
    0x3c24, 0x3c91, 0x3d21, 0x37bd, 0x3818, 0x38af, 0x34bd, 0x3504, 0x34b0, 0x35ab, 0x35e8, 0x3676,
    0x3071, 0x30ac, 0x2d29, 0x3596, 0x35ff, 0x347f, 0x30b8, 0x30c6, 0x2e40, 0x3792, 0x3803, 0x3828,
    0x355f, 0x3583, 0x3510, 0x3cb5, 0x3d2b, 0x3e1d, 0x3429, 0x33ca, 0x2db7, 0x4125, 0x41a9, 0x41b4,
    0x44d5, 0x4579, 0x46ff, 0x44bd, 0x4553, 0x46c1, 0x4524, 0x45bc, 0x475a, 0x4530, 0x45aa, 0x46f9,
    0x4155, 0x4181, 0x4281, 0x3602, 0x3626, 0x372f, 0x2851, 0x2844, 0x2790, 0x2364, 0x2316, 0x21f2,
    0x29fc, 0x29b8, 0x287c, 0x35eb, 0x35ac, 0x348a, 0x3884, 0x3884, 0x37ec, 0x3148, 0x3149, 0x2d75,
    0x2e85, 0x2ee1, 0x2966, 0x329d, 0x32e9, 0x2d38, 0x3116, 0x317e, 0x29fc, 0x3c8b, 0x3c5d, 0x3c8d,
    0x3cf6, 0x3cdb, 0x3c97, 0x39dd, 0x39dc, 0x38c1, 0x3e80, 0x3e3b, 0x3e45, 0x3511, 0x34d8, 0x3332,
    0x32ec, 0x32b4, 0x30d0, 0x36b9, 0x362b, 0x3498, 0x3068, 0x3025, 0x2d14, 0x310f, 0x3269, 0x2b35,
    0x3052, 0x31f7, 0x29c6, 0x3131, 0x33e7, 0x2a97, 0x340a, 0x35ae, 0x2c5d, 0x3872, 0x3883, 0x2c98,
    0x3883, 0x38a8, 0x2d8a, 0x36ce, 0x36ed, 0x2a20, 0x3926, 0x3969, 0x2f26, 0x362f, 0x36ef, 0x2c61,
    0x357b, 0x361c, 0x2e4e, 0x43f9, 0x430e, 0x4100, 0x4949, 0x48a3, 0x46f9, 0x4823, 0x4726, 0x4554,
    0x3000, 0x3185, 0x2df8, 0x3fe1, 0x4053, 0x40c8, 0x3d11, 0x3d70, 0x3e1c, 0x411e, 0x418a, 0x427c,
    0x433e, 0x43b9, 0x4477, 0x35a4, 0x3678, 0x3510, 0x3efa, 0x3f5b, 0x4008, 0x3335, 0x32f4, 0x318d,
    0x2ff9, 0x2f53, 0x2daa, 0x3182, 0x3125, 0x2f7b, 0x379d, 0x3831, 0x38d2, 0x35c5, 0x3588, 0x3646,
    0x4154, 0x41e8, 0x434f, 0x3335, 0x3343, 0x3142, 0x3c6a, 0x3cc3, 0x3dd1, 0x3e6e, 0x3f08, 0x4059,
    0x41ad, 0x4261, 0x442e, 0x3799, 0x3817, 0x3839, 0x383b, 0x3895, 0x3921, 0x28ed, 0x2970, 0x259f,
    0x3328, 0x33d3, 0x2ff9, 0x2b11, 0x2c1d, 0x283e, 0x2c0e, 0x2c20, 0x2806, 0x340c, 0x3439, 0x3203,
    0x3ce0, 0x3d05, 0x3d43, 0x3c2e, 0x3c7b, 0x3d26, 0x3b8b, 0x3c0c, 0x3c3c, 0x3f10, 0x3fa0, 0x403f,
    0x44cc, 0x4585, 0x4722, 0x4431, 0x44b5, 0x45b0, 0x455c, 0x45f6, 0x4772, 0x44b0, 0x4532, 0x469c,
    0x3e2a, 0x3eae, 0x400a, 0x41d2, 0x4252, 0x43f1, 0x2c75, 0x2c6a, 0x2900, 0x3417, 0x3435, 0x3484,
    0x3101, 0x30af, 0x2c3d, 0x31e2, 0x3177, 0x2e29, 0x2c3f, 0x2c7e, 0x28e1, 0x2b42, 0x2c96, 0x273f,
    0x2da2, 0x2ddd, 0x297b, 0x2a9b, 0x2c30, 0x26d9, 0x3175, 0x3166, 0x2b51, 0x3231, 0x3251, 0x2f91,
    0x314a, 0x3137, 0x305e, 0x2c3b, 0x2c81, 0x2808, 0x30b9, 0x30c5, 0x2df4, 0x4716, 0x46c6, 0x4695,
    0x40be, 0x407d, 0x3fa5, 0x457e, 0x452b, 0x448e, 0x2d62, 0x2ce6, 0x2b0c, 0x2f2d, 0x3010, 0x2cf8,
    0x3074, 0x32c0, 0x298a, 0x31df, 0x338f, 0x29ef, 0x306f, 0x3110, 0x26bc, 0x36e7, 0x3761, 0x2b3b,
    0x3799, 0x37e8, 0x2a91, 0x380d, 0x37e1, 0x309e, 0x3548, 0x3583, 0x2c6f, 0x381a, 0x37e8, 0x2ef8,
    0x4a43, 0x4981, 0x483a, 0x4be7, 0x4ae9, 0x4968, 0x4b90, 0x4a94, 0x48b8, 0x4d2b, 0x4c76, 0x4ab7,
    0x2fd6, 0x3139, 0x2da9, 0x3212, 0x33f4, 0x2f61, 0x353d, 0x3636, 0x341c, 0x3a42, 0x3b09, 0x3a71,
    0x3a2b, 0x3aed, 0x3ad1, 0x331f, 0x33d1, 0x30b7, 0x30fe, 0x31e9, 0x2c2b, 0x2e2d, 0x2ddc, 0x2b21,
    0x2ed6, 0x2e2b, 0x2e60, 0x347a, 0x340f, 0x3274, 0x32c0, 0x3229, 0x30b0, 0x38cf, 0x38c4, 0x392a,
    0x34c0, 0x349a, 0x34e5, 0x3a61, 0x3a37, 0x3af7, 0x3a84, 0x3a77, 0x3b08, 0x331e, 0x32ac, 0x3115,
    0x3dd0, 0x3e16, 0x3eb6, 0x3a02, 0x3a4b, 0x3b6b, 0x3c76, 0x3cf7, 0x3dac, 0x2eae, 0x2f3e, 0x2c4e,
    0x36d0, 0x3767, 0x3662, 0x2d3e, 0x2d39, 0x2920, 0x3139, 0x318c, 0x2dcc, 0x3714, 0x372e, 0x3666,
    0x3c14, 0x3c89, 0x3c6f, 0x3c7c, 0x3d0b, 0x3d9c, 0x3bf1, 0x3c51, 0x3c4d, 0x3b3e, 0x3c50, 0x3aca,
    0x40d9, 0x41aa, 0x4243, 0x383a, 0x3956, 0x3733, 0x38fd, 0x3a31, 0x3746, 0x4578, 0x4609, 0x4784,
    0x4647, 0x46d6, 0x4814, 0x390d, 0x3931, 0x38f1, 0x3137, 0x30a0, 0x2f9f, 0x3660, 0x360e, 0x3512,
    0x30f0, 0x3094, 0x2b79, 0x2b85, 0x2c56, 0x26f7, 0x2ac9, 0x2bd3, 0x26ce, 0x2d96, 0x2d20, 0x28bb,
    0x304e, 0x3023, 0x2b77, 0x2c81, 0x2cdf, 0x2808, 0x2d89, 0x2ea3, 0x2902, 0x322f, 0x3291, 0x3094,
    0x34c8, 0x34d6, 0x3167, 0x2d72, 0x2ded, 0x2955, 0x3fb7, 0x3f97, 0x3f32, 0x391e, 0x38fb, 0x380a,
    0x3244, 0x32da, 0x2c05, 0x350c, 0x3589, 0x3186, 0x2d5f, 0x2e18, 0x28cb, 0x2c58, 0x2eac, 0x24fe,
    0x3039, 0x3130, 0x2a45, 0x2dd7, 0x3012, 0x243d, 0x34ff, 0x34c8, 0x2c87, 0x38d1, 0x3871, 0x2ad8,
    0x3599, 0x3602, 0x2909, 0x3d51, 0x3d04, 0x388e, 0x4c66, 0x4bb4, 0x4a21, 0x3d82, 0x3cd9, 0x3afd,
    0x3b03, 0x3a83, 0x362c, 0x3abf, 0x3a42, 0x3589, 0x3f22, 0x3e51, 0x3a38, 0x42e8, 0x41cb, 0x3f16,
    0x2c94, 0x2e4b, 0x296d, 0x2e22, 0x3041, 0x2bae, 0x3100, 0x3257, 0x2d2a, 0x3901, 0x39a1, 0x38bc,
    0x39d7, 0x3a8e, 0x3a3c, 0x35be, 0x3682, 0x3565, 0x333d, 0x3428, 0x3013, 0x3343, 0x3435, 0x2f7e,
    0x36e8, 0x3771, 0x35dc, 0x391e, 0x3937, 0x39e8, 0x3c87, 0x3caf, 0x3d4b, 0x3d5e, 0x3d8a, 0x3e65,
    0x3dd3, 0x3dec, 0x3ea3, 0x359f, 0x3584, 0x3571, 0x39cd, 0x39ce, 0x3989, 0x3743, 0x36d5, 0x35a6,
    0x43b3, 0x43d0, 0x4443, 0x35c5, 0x35ee, 0x359d, 0x3004, 0x3061, 0x2bbd, 0x2d62, 0x2e30, 0x2c3f,
    0x2de5, 0x2eb0, 0x2c08, 0x2e4b, 0x2f2c, 0x2b3e, 0x2d61, 0x2e4a, 0x2aeb, 0x3271, 0x332c, 0x30ff,
    0x346b, 0x346a, 0x2e88, 0x3dfc, 0x3e51, 0x3ee0, 0x3b06, 0x3c27, 0x3b92, 0x3f02, 0x4016, 0x4064,
    0x3efc, 0x4006, 0x4050, 0x3979, 0x3ac5, 0x397f, 0x4190, 0x428d, 0x42f5, 0x4524, 0x45e0, 0x474d,
    0x3edc, 0x3f4e, 0x3fd1, 0x2eaa, 0x2e15, 0x2a5b, 0x24c7, 0x24b6, 0x23d1, 0x32e5, 0x31fb, 0x2cd6,
    0x297e, 0x298b, 0x2570, 0x2600, 0x2742, 0x236e, 0x2f71, 0x2fb1, 0x2f89, 0x2da2, 0x2e10, 0x287d,
    0x25d1, 0x27a0, 0x2440, 0x25f5, 0x2722, 0x2373, 0x38cb, 0x390c, 0x382d, 0x3259, 0x329a, 0x2fbb,
    0x3c78, 0x3c90, 0x3cd2, 0x2e27, 0x2f92, 0x2a69, 0x2f9e, 0x302f, 0x2c95, 0x3c64, 0x3c91, 0x3b0b,
    0x3c36, 0x3c18, 0x3a09, 0x355f, 0x3553, 0x32f1, 0x3d52, 0x3ce9, 0x3bf9, 0x3ae5, 0x3ad6, 0x386c,
    0x3b83, 0x3b0f, 0x38df, 0x38a1, 0x38bb, 0x33bc, 0x3a37, 0x3a4d, 0x36d0, 0x33f1, 0x3552, 0x2c05,
    0x3640, 0x373c, 0x2bc1, 0x44e6, 0x447b, 0x41f5, 0x4132, 0x40bd, 0x3ea1, 0x3c88, 0x3c11, 0x3949,
    0x3898, 0x37c4, 0x3290, 0x38b9, 0x3841, 0x3212, 0x385c, 0x37d7, 0x3290, 0x3959, 0x38e4, 0x338c,
    0x2f55, 0x30f3, 0x2cd8, 0x2e22, 0x2fed, 0x2b1f, 0x30f8, 0x3214, 0x2ea1, 0x2fa0, 0x30b8, 0x2ccd,
    0x2ecf, 0x3047, 0x2a17, 0x30f8, 0x31d1, 0x2cff, 0x31b3, 0x3350, 0x2cc4, 0x334b, 0x3472, 0x2e91,
    0x3872, 0x38ba, 0x384a, 0x38ad, 0x38e5, 0x3961, 0x3ed9, 0x3f38, 0x3ffb, 0x31cc, 0x3196, 0x300d,
    0x362e, 0x35d3, 0x35aa, 0x3818, 0x3800, 0x3841, 0x38de, 0x38e4, 0x3939, 0x39aa, 0x39e0, 0x39da,
    0x39aa, 0x3998, 0x399e, 0x40e0, 0x40ee, 0x4133, 0x2fe9, 0x302f, 0x2f66, 0x3323, 0x337c, 0x32bb,
    0x25f7, 0x2759, 0x24a2, 0x26a7, 0x286b, 0x23ee, 0x27bc, 0x28f6, 0x24c0, 0x2ce9, 0x2db9, 0x2a2b,
    0x3225, 0x33cc, 0x2cc7, 0x409c, 0x40fe, 0x4159, 0x40a7, 0x4148, 0x419c, 0x39fe, 0x3b32, 0x38bb,
    0x42d3, 0x439e, 0x4480, 0x34e5, 0x370b, 0x2f42, 0x4583, 0x462f, 0x4746, 0x4590, 0x4639, 0x47b5,
    0x3c05, 0x3c27, 0x3c6a, 0x28ff, 0x2894, 0x27bc, 0x26e7, 0x266b, 0x242e, 0x2733, 0x285a, 0x2387,
    0x28e9, 0x2931, 0x2403, 0x2019, 0x2066, 0x1efd, 0x43eb, 0x43f1, 0x4433, 0x2e3e, 0x3013, 0x271d,
    0x2fb7, 0x3028, 0x2da3, 0x2be0, 0x2cd0, 0x2584, 0x25a6, 0x278f, 0x1dfc, 0x32dd, 0x3436, 0x267d,
    0x2fca, 0x3134, 0x25fe, 0x36b0, 0x3742, 0x31b1, 0x32cc, 0x3401, 0x2c17, 0x36ef, 0x3788, 0x3457,
    0x2b26, 0x2c6f, 0x2692, 0x3d64, 0x3d69, 0x3ced, 0x307d, 0x30fe, 0x2906, 0x36aa, 0x3642, 0x3376,
    0x3832, 0x3812, 0x342b, 0x39d5, 0x3988, 0x3743, 0x3144, 0x3222, 0x2623, 0x309d, 0x31ab, 0x2832,
    0x381c, 0x38b7, 0x2c68, 0x35fa, 0x36fa, 0x2b47, 0x35fb, 0x365d, 0x2d4d, 0x34b6, 0x350e, 0x29a8,
    0x3876, 0x36b1, 0x2c4a, 0x32ae, 0x32db, 0x2a23, 0x354e, 0x3523, 0x2ca7, 0x379a, 0x36d9, 0x2761,
    0x3035, 0x313d, 0x2e66, 0x2d2a, 0x2efe, 0x2a63, 0x2c36, 0x2e04, 0x2901, 0x32a9, 0x33c9, 0x30c7,
    0x3042, 0x3190, 0x2b5c, 0x332d, 0x3354, 0x319c, 0x2dbb, 0x2f95, 0x289e, 0x2d78, 0x2f63, 0x2768,
    0x3cd0, 0x3d26, 0x3d5b, 0x2c3e, 0x2c78, 0x2930, 0x2de4, 0x2e0e, 0x2872, 0x31e2, 0x3215, 0x2eec,
    0x34c4, 0x34d8, 0x3240, 0x41ac, 0x41c2, 0x4271, 0x398a, 0x397d, 0x39b1, 0x398f, 0x397b, 0x39fc,
    0x3d4f, 0x3d6a, 0x3d7f, 0x2f99, 0x304a, 0x2d0b, 0x26a6, 0x27f1, 0x2562, 0x2a48, 0x2b8d, 0x2767,
    0x25d2, 0x27b1, 0x2385, 0x26b9, 0x2819, 0x2467, 0x2b13, 0x2c4b, 0x25e1, 0x3205, 0x3298, 0x3009,
    0x3415, 0x3530, 0x2d85, 0x3ec9, 0x3eee, 0x3e69, 0x3e9d, 0x3edc, 0x3e14, 0x3761, 0x38ad, 0x3245,
    0x3dd9, 0x3e64, 0x3e09, 0x3862, 0x39b5, 0x32e6, 0x45ab, 0x4634, 0x470f, 0x42dc, 0x4369, 0x444a,
    0x3101, 0x3177, 0x3069, 0x2e44, 0x2e82, 0x2d2d, 0x2359, 0x233c, 0x223f, 0x2b38, 0x2b12, 0x2620,
    0x2c8f, 0x2c96, 0x27f2, 0x2c9b, 0x2ccd, 0x2910, 0x32eb, 0x335d, 0x3365, 0x2c51, 0x2e77, 0x27e4,
    0x41c1, 0x41d3, 0x4285, 0x2dcc, 0x2e7e, 0x28a8, 0x2e05, 0x2f20, 0x27f3, 0x352d, 0x355c, 0x3368,
    0x319e, 0x3236, 0x283a, 0x3888, 0x38e9, 0x31e7, 0x303e, 0x3127, 0x2482, 0x318a, 0x329b, 0x2958,
    0x2b92, 0x2bdd, 0x285f, 0x40e0, 0x40de, 0x408c, 0x3a07, 0x3a04, 0x392e, 0x358c, 0x35a1, 0x32b2,
    0x34b6, 0x3580, 0x2973, 0x322f, 0x32f4, 0x2b57, 0x346f, 0x344d, 0x2f38, 0x3811, 0x380f, 0x340c,
    0x3df9, 0x3de9, 0x3c67, 0x3953, 0x397f, 0x362a, 0x3586, 0x34cc, 0x2c5a, 0x36c7, 0x369c, 0x28d2,
    0x3216, 0x321c, 0x2782, 0x3172, 0x3175, 0x2260, 0x3244, 0x329f, 0x2844, 0x36e2, 0x367a, 0x30b9,
    0x2be8, 0x2d9a, 0x28a9, 0x3198, 0x32e4, 0x303a, 0x32b8, 0x33cf, 0x324b, 0x3030, 0x30bd, 0x2e68,
    0x2938, 0x2ae8, 0x2593, 0x2ef1, 0x3048, 0x2a8a, 0x2f31, 0x301a, 0x2c66, 0x32c5, 0x33de, 0x31db,
    0x3604, 0x3657, 0x35fd, 0x3405, 0x341a, 0x333b, 0x2dbe, 0x2df3, 0x29a3, 0x34ca, 0x34d5, 0x3424,
    0x32bb, 0x322d, 0x3199, 0x3b93, 0x3be8, 0x3c1c, 0x4070, 0x408a, 0x40cf, 0x3ab3, 0x3a9d, 0x3a8a,
    0x2e81, 0x2edc, 0x2b25, 0x2b44, 0x2c48, 0x25c2, 0x300f, 0x3075, 0x2eaf, 0x29d1, 0x2b03, 0x27d2,
    0x26e2, 0x2874, 0x2347, 0x2516, 0x26b7, 0x2186, 0x256e, 0x274a, 0x2240, 0x2869, 0x2956, 0x2650,
    0x30d4, 0x3176, 0x2f5d, 0x3d02, 0x3d3b, 0x3ccf, 0x3c17, 0x3c49, 0x3c21, 0x3a02, 0x3a96, 0x38f0,
    0x3a83, 0x3b54, 0x39ac, 0x342c, 0x35d6, 0x2cb6, 0x36c6, 0x36d5, 0x35d8, 0x36aa, 0x36fd, 0x3583,
    0x3779, 0x376f, 0x367a, 0x33b4, 0x3355, 0x31d3, 0x2854, 0x2850, 0x28c7, 0x2860, 0x2891, 0x24bb,
    0x3943, 0x3910, 0x3823, 0x3f27, 0x3f38, 0x3f91, 0x313e, 0x311c, 0x3017, 0x2cdd, 0x2d60, 0x2c90,
    0x2a83, 0x2ceb, 0x219c, 0x28fc, 0x2a24, 0x2353, 0x2947, 0x2a28, 0x21d9, 0x310b, 0x3223, 0x22a0,
    0x312e, 0x31e4, 0x28fc, 0x2e4a, 0x2ffd, 0x28be, 0x30a6, 0x31bb, 0x287f, 0x3fe9, 0x4000, 0x3eba,
    0x40e8, 0x40f2, 0x4046, 0x4025, 0x4022, 0x3ed8, 0x3f7b, 0x3f27, 0x3e03, 0x3427, 0x346a, 0x300f,
    0x3501, 0x3637, 0x2a8c, 0x307f, 0x317b, 0x2c2f, 0x353a, 0x3586, 0x324a, 0x354f, 0x3675, 0x2cd2,
    0x388f, 0x38e8, 0x3181, 0x3753, 0x37ff, 0x30ab, 0x362b, 0x3667, 0x2d9e, 0x350a, 0x35a9, 0x2c81,
    0x380d, 0x37d0, 0x3402, 0x3809, 0x38b4, 0x2d4a, 0x346d, 0x3478, 0x2e2d, 0x33ff, 0x345a, 0x2ae6,
    0x382f, 0x387e, 0x3805, 0x3575, 0x35e4, 0x3424, 0x2f2b, 0x309d, 0x2c5e, 0x35a7, 0x35ff, 0x33c8,
    0x2e15, 0x2f0c, 0x277f, 0x301e, 0x3029, 0x29b2, 0x33b1, 0x3421, 0x2f9b, 0x2d61, 0x2fcd, 0x2732,
    0x2c96, 0x2cab, 0x28ff, 0x2c3d, 0x2c5e, 0x2b00, 0x34ce, 0x34fd, 0x34ce, 0x2f0f, 0x2ef4, 0x2a4f,
    0x2e12, 0x2d69, 0x2c4b, 0x32f2, 0x3312, 0x30d7, 0x3b21, 0x3b32, 0x3bc2, 0x3ca4, 0x3cc3, 0x3cb9,
    0x2ae8, 0x2be7, 0x259b, 0x269e, 0x27b7, 0x23b1, 0x2dfe, 0x2e67, 0x2c73, 0x281d, 0x295f, 0x2457,
    0x253f, 0x26c7, 0x21fe, 0x295c, 0x2a82, 0x26e2, 0x30d8, 0x30d9, 0x2f55, 0x39cb, 0x3a1c, 0x3935,
    0x35b8, 0x3654, 0x3480, 0x3a38, 0x3a8f, 0x39a8, 0x3782, 0x37db, 0x3648, 0x40c2, 0x40f5, 0x40bc,
    0x4054, 0x4091, 0x4046, 0x3855, 0x38e9, 0x369b, 0x3c85, 0x3cd9, 0x3bee, 0x328b, 0x3406, 0x2b3a,
    0x3c2a, 0x3c35, 0x3a73, 0x35a2, 0x35a1, 0x34c9, 0x2c2b, 0x2c2c, 0x2be5, 0x34d8, 0x34b2, 0x3484,
    0x27bf, 0x2744, 0x24fe, 0x4789, 0x4751, 0x4704, 0x42c4, 0x425d, 0x423a, 0x3150, 0x3185, 0x2d17,
    0x30ba, 0x31d2, 0x29a3, 0x25f5, 0x26cb, 0x2018, 0x2cf9, 0x2d63, 0x2725, 0x29c9, 0x2a3e, 0x2243,
    0x34e9, 0x3610, 0x29dc, 0x3231, 0x33eb, 0x2835, 0x341c, 0x3563, 0x29be, 0x2bff, 0x2c92, 0x24e1,
    0x33c2, 0x3457, 0x2c69, 0x38bf, 0x390f, 0x353a, 0x3dc0, 0x3db8, 0x3c0d, 0x4037, 0x4025, 0x3f07,
    0x386e, 0x38ab, 0x3558, 0x3633, 0x3728, 0x30d4, 0x338b, 0x34d0, 0x2a8e, 0x3487, 0x35a3, 0x2b94,
    0x32a2, 0x343f, 0x2bcd, 0x33c8, 0x352c, 0x29e6, 0x32c6, 0x3484, 0x28a0, 0x4314, 0x4286, 0x4071,
    0x3497, 0x352e, 0x2c52, 0x32cc, 0x33c9, 0x25d4, 0x3205, 0x3282, 0x2734, 0x32dd, 0x32c2, 0x29a1,
    0x326c, 0x3397, 0x31ce, 0x3a6c, 0x3ab8, 0x39e0, 0x2eb4, 0x3029, 0x2d6a, 0x2e64, 0x2fc6, 0x2c92,
    0x2f40, 0x300d, 0x2b7a, 0x3007, 0x301d, 0x2ac9, 0x3349, 0x3319, 0x2e27, 0x344e, 0x340b, 0x31e4,
    0x323c, 0x3265, 0x2e87, 0x3325, 0x3382, 0x2fda, 0x33cc, 0x33ca, 0x2fce, 0x34e9, 0x34d1, 0x3182,
    0x359d, 0x35f4, 0x363e, 0x34f2, 0x355f, 0x3603, 0x32bf, 0x32c5, 0x2ff9, 0x3535, 0x3584, 0x3417,
    0x2aae, 0x2bdb, 0x286f, 0x25a5, 0x2672, 0x2466, 0x326b, 0x329b, 0x3269, 0x2d22, 0x2eb7, 0x257e,
    0x2bb6, 0x2ce5, 0x236e, 0x2321, 0x256e, 0x1fa0, 0x3115, 0x3169, 0x2e6c, 0x406e, 0x405e, 0x402d,
    0x3b0b, 0x3bb3, 0x3a4e, 0x428b, 0x4278, 0x4248, 0x2fc8, 0x3183, 0x2a18, 0x34be, 0x3564, 0x32e3,
    0x30a8, 0x3299, 0x2a7b, 0x31a1, 0x331b, 0x2ce5, 0x30df, 0x3169, 0x2d11, 0x4001, 0x4025, 0x3f34,
    0x2ee1, 0x3071, 0x277d, 0x2f20, 0x30d3, 0x28f9, 0x2b01, 0x2c16, 0x2bec, 0x427b, 0x4239, 0x421b,
    0x46f1, 0x46f9, 0x4715, 0x40b1, 0x4099, 0x4095, 0x3e02, 0x3de4, 0x3dd8, 0x354a, 0x350c, 0x34c5,
    0x3477, 0x345f, 0x33af, 0x32be, 0x3312, 0x307d, 0x26ab, 0x2632, 0x209e, 0x2e5f, 0x3044, 0x27d9,
    0x3045, 0x32db, 0x2513, 0x2fc9, 0x31f6, 0x26e2, 0x2e08, 0x30b0, 0x2680, 0x4328, 0x42e8, 0x41bf,
    0x4934, 0x48f6, 0x4838, 0x465e, 0x45f1, 0x452f, 0x3186, 0x3219, 0x2fd7, 0x305c, 0x30c8, 0x2d49,
    0x3254, 0x3385, 0x2ca4, 0x35b0, 0x36cb, 0x3050, 0x3900, 0x391d, 0x361f, 0x3f66, 0x3edf, 0x3d5c,
    0x3816, 0x3808, 0x3490, 0x3c56, 0x3c2c, 0x394d, 0x32fe, 0x33db, 0x2b61, 0x3136, 0x329a, 0x277e,
    0x32b8, 0x3400, 0x2874, 0x3359, 0x3424, 0x2916, 0x3381, 0x3258, 0x2745, 0x329c, 0x31e6, 0x244f,
    0x2fb8, 0x2fda, 0x2eeb, 0x4031, 0x404a, 0x4017, 0x343e, 0x3482, 0x32ce, 0x32bc, 0x3303, 0x30b3,
    0x3088, 0x30c7, 0x2d32, 0x3147, 0x3139, 0x2de1, 0x3224, 0x3215, 0x2ff3, 0x31be, 0x325e, 0x2ebf,
    0x3153, 0x326f, 0x2f1d, 0x332a, 0x3403, 0x3255, 0x337d, 0x3449, 0x308f, 0x33a3, 0x3425, 0x3026,
    0x36a3, 0x3735, 0x384a, 0x35e2, 0x36a0, 0x37cd, 0x3633, 0x36a6, 0x3751, 0x30bc, 0x30a8, 0x2e61,
    0x2a1c, 0x2b4d, 0x2734, 0x26c0, 0x2885, 0x22da, 0x30b0, 0x312c, 0x3042, 0x308e, 0x329a, 0x2586,
    0x2d6a, 0x30ef, 0x2268, 0x2c81, 0x3091, 0x1c24, 0x3d9a, 0x3e21, 0x3d4f, 0x3294, 0x3484, 0x2d52,
    0x306b, 0x32ff, 0x29ff, 0x3275, 0x34ca, 0x2ccc, 0x2f3c, 0x3232, 0x24a0, 0x2d56, 0x3083, 0x26c1,
    0x316d, 0x322d, 0x2fd6, 0x363a, 0x36fa, 0x34d5, 0x3c9b, 0x3cca, 0x3b36, 0x3d54, 0x3d3c, 0x3d57,
    0x2f56, 0x30f7, 0x2a33, 0x2873, 0x2c6b, 0x209b, 0x29f9, 0x2ca2, 0x245e, 0x3337, 0x33f5, 0x307b,
    0x4872, 0x484e, 0x4817, 0x3876, 0x3850, 0x37c6, 0x351c, 0x34b4, 0x3424, 0x3345, 0x32d9, 0x31c9,
    0x39f0, 0x39d2, 0x384d, 0x3971, 0x39a8, 0x37a4, 0x2cad, 0x2e7e, 0x270f, 0x2a31, 0x2d43, 0x24b3,
    0x2d6c, 0x30a3, 0x24f8, 0x2dab, 0x30a9, 0x2592, 0x2f8c, 0x314e, 0x283a, 0x2f42, 0x30f6, 0x2618,
    0x312c, 0x335c, 0x2b90, 0x3654, 0x372c, 0x3158, 0x33a3, 0x34a7, 0x2f06, 0x31d9, 0x342b, 0x29b6,
    0x3112, 0x3385, 0x26b5, 0x2e81, 0x3134, 0x242e, 0x2e66, 0x30ad, 0x25dd, 0x3413, 0x345f, 0x2f94,
    0x3480, 0x357b, 0x2e1e, 0x3db2, 0x3d74, 0x3abd, 0x2f80, 0x30b1, 0x248b, 0x2ee8, 0x3078, 0x27cf,
    0x2fea, 0x308e, 0x280b, 0x30c8, 0x316c, 0x274f, 0x3085, 0x3216, 0x2965, 0x3006, 0x313e, 0x259e,
    0x318c, 0x31a5, 0x310a, 0x2e11, 0x2e14, 0x2b3c, 0x2e31, 0x2f05, 0x2aba, 0x3040, 0x30bd, 0x2cf8,
    0x3069, 0x3105, 0x2cf5, 0x312d, 0x31a3, 0x2e04, 0x31a8, 0x32a1, 0x2e95, 0x3226, 0x336e, 0x2f24,
    0x30b2, 0x320f, 0x2deb, 0x2fbf, 0x305e, 0x2dfc, 0x3022, 0x3012, 0x2e92, 0x2fd1, 0x2fb2, 0x2eca,
    0x35e1, 0x3666, 0x3724, 0x3737, 0x37ed, 0x38a9, 0x35ad, 0x3684, 0x3786, 0x3164, 0x31b3, 0x2e97,
    0x2ea8, 0x2e4c, 0x2c26, 0x22dd, 0x227f, 0x1fb5, 0x2846, 0x28ee, 0x21c4, 0x2d73, 0x30ae, 0x2425,
    0x27c0, 0x2c5c, 0x147a, 0x2c91, 0x3059, 0x19b2, 0x2c94, 0x302f, 0x22be, 0x2a58, 0x2e75, 0x1cd2,
    0x2ef1, 0x31ec, 0x25fe, 0x2ed3, 0x31eb, 0x2764, 0x2679, 0x2b74, 0x1b5e, 0x2519, 0x2922, 0x20dd,
    0x2afe, 0x2d65, 0x2435, 0x3081, 0x31bf, 0x29ae, 0x2e51, 0x2ff3, 0x2905, 0x2cc8, 0x2e22, 0x261f,
    0x2f78, 0x3124, 0x2850, 0x2963, 0x2d1c, 0x20b1, 0x2b60, 0x2e67, 0x2254, 0x2ae2, 0x2d89, 0x22dd,
    0x3207, 0x336d, 0x2d8b, 0x2ef4, 0x300f, 0x2a64, 0x39d4, 0x39bb, 0x3925, 0x284f, 0x2928, 0x2673,
    0x2499, 0x261c, 0x2035, 0x2e8f, 0x301b, 0x2930, 0x3010, 0x3084, 0x2d14, 0x2fd9, 0x3086, 0x2c87,
    0x2e2b, 0x309b, 0x2867, 0x3b62, 0x3b77, 0x3976, 0x3107, 0x32da, 0x2ad9, 0x308b, 0x31ae, 0x298d,
    0x33ec, 0x35a1, 0x2b86, 0x3134, 0x33df, 0x2a20, 0x312a, 0x3403, 0x28bc, 0x320f, 0x3495, 0x2a57,
    0x31a4, 0x341f, 0x286b, 0x3945, 0x391b, 0x362d, 0x2e44, 0x301a, 0x2903, 0x31da, 0x331d, 0x286e,
    0x3148, 0x3254, 0x2ad5, 0x2d48, 0x2e99, 0x276c, 0x2e4d, 0x3090, 0x29c1, 0x3143, 0x3291, 0x2720,
    0x2f5a, 0x30e8, 0x24d5, 0x28e2, 0x2a39, 0x1be8, 0x2f77, 0x3012, 0x2318, 0x35e5, 0x35d0, 0x1da2,
    0x2f1e, 0x2f22, 0x2cf0, 0x2f18, 0x2f43, 0x2c5e, 0x3069, 0x30c5, 0x2ce8, 0x3141, 0x31bb, 0x2dbf,
    0x328f, 0x3331, 0x2f51, 0x32d6, 0x33be, 0x2fe5, 0x328c, 0x33de, 0x2feb, 0x3297, 0x3407, 0x300b,
    0x3378, 0x3431, 0x3041, 0x31ef, 0x333e, 0x2f0a, 0x31f2, 0x332a, 0x2f59, 0x335e, 0x343f, 0x3171,
    0x33d2, 0x3488, 0x31bf, 0x36fe, 0x37ac, 0x3880, 0x370c, 0x37b6, 0x388b, 0x35eb, 0x365d, 0x35fe,
    0x30ba, 0x3123, 0x2fc0, 0x320b, 0x3420, 0x2aab, 0x2c50, 0x3036, 0x2108, 0x2be6, 0x301a, 0x2007,
    0x2c15, 0x2fea, 0x2142, 0x2623, 0x2b3b, 0x1ded, 0x279b, 0x2c48, 0x1db4, 0x28d1, 0x2cb0, 0x20f3,
    0x22c1, 0x2812, 0x1781, 0x2bb5, 0x2e28, 0x2446, 0x2bf1, 0x2ee4, 0x24bf, 0x3025, 0x31ea, 0x2baf,
    0x2af7, 0x2df0, 0x2524, 0x2c98, 0x2ea6, 0x2887, 0x3134, 0x3171, 0x301f, 0x2c4a, 0x2daa, 0x26d6,
    0x30c8, 0x3230, 0x2c3a, 0x2b2a, 0x2ed1, 0x2272, 0x28bb, 0x2c2d, 0x2219, 0x341f, 0x349d, 0x32a3,
    0x38bf, 0x38ec, 0x36ee, 0x3600, 0x35e1, 0x3423, 0x3934, 0x38fd, 0x381a, 0x2918, 0x29d8, 0x2685,
    0x2ab0, 0x2d4b, 0x219c, 0x2c33, 0x2e06, 0x24db, 0x2ab4, 0x2caf, 0x2622, 0x2ca1, 0x2e91, 0x23bb,
    0x3461, 0x3507, 0x2eaf, 0x2eb9, 0x30d8, 0x2547, 0x301b, 0x31f0, 0x2867, 0x303a, 0x3276, 0x287f,
    0x2c14, 0x2f42, 0x241e, 0x2c29, 0x2ef8, 0x2459, 0x2cb0, 0x2ff8, 0x2539, 0x2e2c, 0x30e9, 0x253a,
    0x2e9b, 0x3148, 0x2581, 0x3bcb, 0x3b80, 0x3826, 0x2fb7, 0x310c, 0x28ac, 0x300c, 0x31ca, 0x25c2,
    0x2e01, 0x31c8, 0x247c, 0x318f, 0x3475, 0x25eb, 0x3353, 0x353f, 0x263b, 0x31a8, 0x33ed, 0x27fc,
    0x2f22, 0x312e, 0x24e4, 0x2f12, 0x30e5, 0x2523, 0x2d82, 0x2eed, 0x2317, 0x323e, 0x3417, 0x28e6,
    0x30e3, 0x3172, 0x2d6c, 0x2fd8, 0x2f9d, 0x2cec, 0x330a, 0x332c, 0x322a, 0x3629, 0x3628, 0x32dd,
    0x3604, 0x3674, 0x30ae, 0x3555, 0x35fa, 0x300e, 0x3508, 0x35b6, 0x3032, 0x33bd, 0x3480, 0x2eed,
    0x3438, 0x34e3, 0x2f9e, 0x33e9, 0x3473, 0x2fa8, 0x3318, 0x3403, 0x2f0c, 0x32bb, 0x33bf, 0x2f40,
    0x3265, 0x3363, 0x2f38, 0x35a1, 0x3629, 0x3766, 0x36b4, 0x377d, 0x38ca, 0x3568, 0x3633, 0x37cb,
    0x318e, 0x3279, 0x2e56, 0x30ae, 0x32a4, 0x2c3c, 0x245f, 0x28b7, 0x1f40, 0x1ee9, 0x23fe, 0x1a05,
    0x2589, 0x29c8, 0x2061, 0x2082, 0x24c9, 0x1c91, 0x23e7, 0x282a, 0x1e6f, 0x259b, 0x29a7, 0x1f94,
    0x2c6d, 0x2f9d, 0x26e4, 0x240f, 0x283c, 0x1c85, 0x2808, 0x2be6, 0x1f03, 0x3582, 0x3567, 0x31c8,
    0x3a83, 0x3a13, 0x38b4, 0x3aaa, 0x3a41, 0x3980, 0x3085, 0x31c6, 0x28f3, 0x336d, 0x3317, 0x31e2,
    0x3399, 0x33cc, 0x3123, 0x2544, 0x28cd, 0x2186, 0x26f3, 0x29d0, 0x2196, 0x3194, 0x32ee, 0x2fba,
    0x30f3, 0x3195, 0x2d6b, 0x394a, 0x3941, 0x381a, 0x3934, 0x3912, 0x374a, 0x2884, 0x290c, 0x24c7,
    0x26ff, 0x2b1b, 0x2087, 0x2f44, 0x3012, 0x2c9f, 0x2c9c, 0x2c9b, 0x2571, 0x3071, 0x31bb, 0x22f5,
    0x29f4, 0x2e29, 0x24a5, 0x2c56, 0x2f68, 0x239f, 0x2e35, 0x30e6, 0x2336, 0x2da1, 0x306b, 0x258d,
    0x2a86, 0x2da6, 0x21f0, 0x2e7f, 0x30a7, 0x2734, 0x2a9c, 0x2d78, 0x20c8, 0x2d44, 0x303e, 0x24ca,
    0x3092, 0x32c4, 0x2719, 0x2f7d, 0x3239, 0x24f9, 0x2d4c, 0x2f2f, 0x2678, 0x2c6c, 0x2e35, 0x230c,
    0x2d4d, 0x2feb, 0x252a, 0x2ea0, 0x30de, 0x2457, 0x317a, 0x337a, 0x2a71, 0x33de, 0x34e3, 0x2782,
    0x3301, 0x3438, 0x29b6, 0x303b, 0x31cd, 0x283c, 0x2cfa, 0x2f4e, 0x255c, 0x316d, 0x32eb, 0x2b1e,
    0x31b5, 0x316a, 0x2e3e, 0x32dc, 0x3229, 0x2ed0, 0x325d, 0x3237, 0x2ffb, 0x308d, 0x3094, 0x2d49,
    0x331c, 0x3350, 0x3252, 0x31e1, 0x331c, 0x2f33, 0x325b, 0x3355, 0x2f7d, 0x31f0, 0x3348, 0x2eab,
    0x32bd, 0x33b6, 0x2f8e, 0x3263, 0x33c3, 0x2ee2, 0x32b6, 0x33c6, 0x2eb9, 0x325e, 0x336f, 0x2e27,
    0x31da, 0x3302, 0x2db5, 0x37b8, 0x382b, 0x38dd, 0x3515, 0x35cb, 0x3705, 0x3517, 0x35f1, 0x376b,
    0x32d1, 0x33cb, 0x31a9, 0x309f, 0x3132, 0x2d6f, 0x2f3a, 0x3061, 0x2ba7, 0x2dda, 0x2f43, 0x2ab6,
    0x289d, 0x2a1e, 0x21ca, 0x2237, 0x248c, 0x1d17, 0x299a, 0x2905, 0x2440, 0x2765, 0x2876, 0x2372,
    0x277b, 0x28e3, 0x2216, 0x2ec3, 0x3006, 0x2a81, 0x2c97, 0x2ce1, 0x2b33, 0x36d6, 0x37ec, 0x32e7,
    0x2cb1, 0x2ce3, 0x2955, 0x2ff5, 0x302e, 0x2ce6, 0x308e, 0x3015, 0x2e09, 0x2efc, 0x2e15, 0x2cd9,
    0x28a7, 0x2927, 0x2728, 0x247f, 0x24f7, 0x21f7, 0x3165, 0x3123, 0x2e9c, 0x3458, 0x348d, 0x31f1,
    0x3191, 0x324f, 0x2efb, 0x29a1, 0x2c6b, 0x22eb, 0x2d43, 0x2db7, 0x28f0, 0x2542, 0x278f, 0x2042,
    0x25f3, 0x2905, 0x1d4e, 0x2a4b, 0x2ce1, 0x233d, 0x2d4c, 0x2d49, 0x288e, 0x3042, 0x3079, 0x2ccd,
    0x3004, 0x3194, 0x274f, 0x2bf3, 0x2e3b, 0x2343, 0x2c6a, 0x2e86, 0x24cd, 0x2980, 0x2b33, 0x22e9,
    0x29bb, 0x2ca6, 0x22ce, 0x2b57, 0x2d60, 0x1f89, 0x29ef, 0x2bfe, 0x2423, 0x2cb5, 0x2f0a, 0x2632,
    0x2c31, 0x2dd5, 0x229e, 0x2c04, 0x2cfa, 0x2673, 0x2c90, 0x2d8b, 0x2623, 0x2cd6, 0x2d9c, 0x2776,
    0x2d32, 0x2d5f, 0x287d, 0x2e48, 0x2ed6, 0x2999, 0x3013, 0x30ff, 0x24b0, 0x31ce, 0x325f, 0x2945,
    0x2fbc, 0x312b, 0x276f, 0x31e7, 0x32a8, 0x1c14, 0x3007, 0x30ea, 0x2682, 0x3061, 0x31c5, 0x2b28,
    0x2e71, 0x2df4, 0x2b8a, 0x3069, 0x303f, 0x2d58, 0x30e1, 0x310b, 0x2e07, 0x3146, 0x3189, 0x2e60,
    0x31c1, 0x3214, 0x2eb5, 0x319f, 0x31f2, 0x2eb5, 0x318a, 0x3222, 0x2e3b, 0x31b5, 0x327d, 0x2ea0,
    0x31c4, 0x326c, 0x2ed0, 0x34f2, 0x3566, 0x3545, 0x32a5, 0x32bd, 0x334e, 0x3123, 0x31ca, 0x2e3b,
    0x30f1, 0x3245, 0x2db2, 0x3368, 0x3451, 0x32b5, 0x342f, 0x34ef, 0x367a, 0x3444, 0x3511, 0x364e,
    0x3536, 0x35f2, 0x3755, 0x3173, 0x319a, 0x2ef2, 0x2e0b, 0x2ecf, 0x2c06, 0x2188, 0x20cc, 0x1e51,
    0x26a3, 0x269b, 0x237c, 0x249b, 0x2912, 0x209e, 0x26dd, 0x2a73, 0x20b6, 0x2961, 0x2c07, 0x2339,
    0x2ae0, 0x2bbc, 0x2814, 0x2674, 0x2806, 0x24aa, 0x2883, 0x2bd1, 0x22be, 0x2bec, 0x2e02, 0x25cd,
    0x2a76, 0x2aaa, 0x2abb, 0x2e3e, 0x2e3e, 0x2df7, 0x2915, 0x2915, 0x2819, 0x25d2, 0x262b, 0x228a,
    0x2692, 0x29cb, 0x2242, 0x2619, 0x2942, 0x203e, 0x3008, 0x3050, 0x2cc9, 0x29f9, 0x2c61, 0x2606,
    0x2c73, 0x2d3a, 0x26fa, 0x2b91, 0x2b33, 0x26ff, 0x2878, 0x2a39, 0x25b7, 0x3904, 0x38e9, 0x3828,
    0x2664, 0x293f, 0x2141, 0x2735, 0x29c9, 0x21d2, 0x274b, 0x25f3, 0x247e, 0x2bb1, 0x2cf1, 0x25b9,
    0x29b7, 0x2cd0, 0x2221, 0x2982, 0x2c02, 0x2007, 0x24e5, 0x2637, 0x1fb9, 0x24a5, 0x2589, 0x1c75,
    0x2de5, 0x2e3b, 0x236f, 0x29ce, 0x2a5a, 0x24ec, 0x2c57, 0x2c68, 0x28c5, 0x2c30, 0x2c7c, 0x27e8,
    0x2d31, 0x2d54, 0x2911, 0x2d03, 0x2eb4, 0x23bb, 0x2d9e, 0x2db3, 0x2a31, 0x2d5f, 0x2d3c, 0x29b1,
    0x2ec4, 0x2eba, 0x2cdc, 0x2dcf, 0x2da6, 0x2b05, 0x2db9, 0x2de9, 0x2a5e, 0x3212, 0x3245, 0x2a1f,
    0x3016, 0x30bb, 0x2606, 0x302e, 0x3096, 0x24db, 0x2b7d, 0x2c40, 0x2070, 0x3001, 0x3060, 0x1a2b,
    0x2cb4, 0x2cd5, 0x29cd, 0x300b, 0x2fee, 0x2d40, 0x2f7a, 0x2f60, 0x2ca7, 0x2f42, 0x2f92, 0x2cf7,
    0x3058, 0x305d, 0x2dee, 0x2e89, 0x2efe, 0x2c71, 0x2dcf, 0x2df9, 0x2c35, 0x2de2, 0x2d63, 0x2c87,
    0x2c7e, 0x2cb3, 0x2a34, 0x31fd, 0x320a, 0x32d2, 0x2ebd, 0x2ea9, 0x2ebc, 0x3068, 0x3096, 0x2f69,
    0x2e9f, 0x303e, 0x2afd, 0x3002, 0x3112, 0x2cfe, 0x340e, 0x34ba, 0x35c2, 0x33dd, 0x3499, 0x353e,
    0x325a, 0x3372, 0x3476, 0x2daf, 0x2e99, 0x2b1d, 0x29f3, 0x2ae9, 0x2650, 0x279a, 0x2708, 0x23b4,
    0x25af, 0x24c5, 0x219e, 0x25a6, 0x279e, 0x2614, 0x2830, 0x273b, 0x2627, 0x210f, 0x2037, 0x1cd6,
    0x2b55, 0x2b13, 0x28f0, 0x2889, 0x298e, 0x2784, 0x25ec, 0x2634, 0x2711, 0x22e5, 0x238d, 0x249f,
    0x24df, 0x2628, 0x26a8, 0x2707, 0x2851, 0x28b4, 0x2645, 0x28dc, 0x2a26, 0x2475, 0x246b, 0x2212,
    0x21fe, 0x22c9, 0x1ec2, 0x27a8, 0x277f, 0x250f, 0x2049, 0x2294, 0x1a81, 0x2912, 0x2936, 0x25f4,
    0x20c3, 0x219e, 0x2042, 0x28d1, 0x296a, 0x2605, 0x2b23, 0x2b9c, 0x2687, 0x2c6b, 0x2c30, 0x29c8,
    0x25f4, 0x25c3, 0x22d1, 0x2451, 0x227b, 0x1fe6, 0x263d, 0x2593, 0x241a, 0x2be2, 0x2a16, 0x2719,
    0x2c3a, 0x2ad8, 0x28b3, 0x2afe, 0x2b7f, 0x2568, 0x2e1c, 0x2e6d, 0x20f5, 0x2e54, 0x2e17, 0x29b9,
    0x30f5, 0x30bb, 0x2be0, 0x2c08, 0x2c7e, 0x2516, 0x2e7f, 0x2e87, 0x290f, 0x2dc9, 0x2e46, 0x28f3,
    0x2b96, 0x2b0a, 0x27a0, 0x2c5b, 0x2d4c, 0x2719, 0x2e9b, 0x3085, 0x24ad, 0x2c52, 0x2c36, 0x2820,
    0x2a26, 0x29bf, 0x2621, 0x2ab4, 0x29f9, 0x274a, 0x3017, 0x2ef7, 0x2c70, 0x31d7, 0x3235, 0x2a92,
    0x2d92, 0x2eb0, 0x23c5, 0x2802, 0x2754, 0x2336, 0x2e14, 0x2e69, 0x21f9, 0x31dc, 0x326d, 0x1d80,
    0x2df9, 0x2ea8, 0x2bc6, 0x2e8f, 0x2ebe, 0x2c05, 0x3087, 0x3069, 0x2de8, 0x2f7e, 0x2f7c, 0x2ca6,
    0x2db4, 0x2dc1, 0x2b22, 0x2da7, 0x2da5, 0x2b4b, 0x2e72, 0x2f2a, 0x2fa6, 0x3011, 0x307b, 0x308e,
    0x2d2d, 0x2d73, 0x2b3c, 0x2b67, 0x2ae5, 0x29e9, 0x2b30, 0x2af2, 0x2a93, 0x2d78, 0x2d88, 0x2d8c,
    0x2e41, 0x2eb4, 0x2b64, 0x2d5f, 0x2e12, 0x29e2, 0x329f, 0x339a, 0x347b, 0x3401, 0x3481, 0x34fc,
    0x3383, 0x343c, 0x348f, 0x3525, 0x35cc, 0x3680, 0x2dd7, 0x2d80, 0x2a85, 0x2c2a, 0x2b46, 0x281e,
    0x2439, 0x228e, 0x1e9f, 0x2b77, 0x2b74, 0x2b1c, 0x2248, 0x21fb, 0x2152, 0x1edf, 0x1e33, 0x1c6e,
    0x29ec, 0x2a92, 0x2657, 0x27a2, 0x278a, 0x2694, 0x24ba, 0x2590, 0x2493, 0x2414, 0x250e, 0x2556,
    0x246a, 0x2564, 0x2625, 0x242a, 0x259c, 0x263f, 0x26b2, 0x2896, 0x29ed, 0x2681, 0x26b4, 0x23f1,
    0x2bcd, 0x2a8f, 0x284e, 0x2abb, 0x2a06, 0x2a21, 0x2c10, 0x2b26, 0x2969, 0x2482, 0x24bf, 0x22c5,
    0x265d, 0x2738, 0x2778, 0x2530, 0x265d, 0x25a0, 0x2d09, 0x2cab, 0x2a62, 0x2bee, 0x2a97, 0x2805,
    0x2c2d, 0x2b21, 0x28d3, 0x2ce9, 0x2cca, 0x2c30, 0x2d68, 0x2cf4, 0x29ed, 0x2d9b, 0x2cd7, 0x29df,
    0x2a0c, 0x2b3d, 0x23f7, 0x2bee, 0x2dc3, 0x2327, 0x2e89, 0x3061, 0x2637, 0x300e, 0x3119, 0x2660,
    0x2f95, 0x3080, 0x2719, 0x309c, 0x31ab, 0x2652, 0x3058, 0x3131, 0x2af7, 0x2e08, 0x2fad, 0x2710,
    0x3022, 0x300e, 0x2caf, 0x2b81, 0x2c7f, 0x2797, 0x2e15, 0x300f, 0x265e, 0x2b86, 0x2c23, 0x27ae,
    0x3034, 0x307f, 0x26ef, 0x2af1, 0x2a53, 0x2735, 0x2afc, 0x2a0e, 0x2694, 0x2984, 0x28e7, 0x2653,
    0x283b, 0x2814, 0x2303, 0x2896, 0x280d, 0x245e, 0x2ccd, 0x2cbc, 0x25c9, 0x2b5b, 0x2b5a, 0x2550,
    0x33c2, 0x33fc, 0x334d, 0x33a8, 0x339c, 0x31f0, 0x3139, 0x3170, 0x3045, 0x3272, 0x3346, 0x3184,
    0x3009, 0x301e, 0x2d6a, 0x2f5c, 0x2ff6, 0x2dbe, 0x2bb5, 0x2cab, 0x2d73, 0x2ef6, 0x2fbd, 0x2fa5,
    0x2dfb, 0x2dcd, 0x2d43, 0x2ee9, 0x2f84, 0x2ed7, 0x2e34, 0x2e8d, 0x2f09, 0x2a11, 0x2b80, 0x2a8e,
    0x2bf8, 0x2b7f, 0x289b, 0x2dc0, 0x2db3, 0x2a6d, 0x37e4, 0x3834, 0x3908, 0x34da, 0x3533, 0x3572,
    0x3435, 0x3497, 0x34bd, 0x31a8, 0x328f, 0x333b, 0x29c6, 0x2a7a, 0x25a9, 0x259c, 0x2549, 0x21b1,
    0x290c, 0x285a, 0x26a2, 0x259d, 0x24da, 0x22b1, 0x23fc, 0x2326, 0x20a8, 0x1c0f, 0x19fb, 0x1625,
    0x1e46, 0x1cc4, 0x1ca0, 0x28c6, 0x290f, 0x2802, 0x2a63, 0x2a41, 0x29dd, 0x24e8, 0x25ea, 0x25e4,
    0x1cd8, 0x1cad, 0x1cb8, 0x2745, 0x2740, 0x2750, 0x27f8, 0x277d, 0x27c4, 0x2834, 0x2793, 0x27fd,
    0x267e, 0x25a0, 0x259c, 0x2683, 0x25d7, 0x25c6, 0x2900, 0x28f9, 0x2885, 0x2b27, 0x2a1e, 0x2933,
    0x2b12, 0x2a31, 0x2961, 0x2974, 0x29b5, 0x2a71, 0x2bbc, 0x2c1f, 0x2a90, 0x29c5, 0x29e5, 0x28ee,
    0x2de6, 0x2e59, 0x2eae, 0x262f, 0x2651, 0x2522, 0x240d, 0x233f, 0x21b7, 0x2c0f, 0x2c1a, 0x2ae9,
    0x2743, 0x275a, 0x24aa, 0x2042, 0x2411, 0x1aae, 0x2233, 0x280e, 0x1b4e, 0x229b, 0x2806, 0x1af8,
    0x23dd, 0x2885, 0x1b47, 0x2c5b, 0x2da7, 0x256c, 0x2c5f, 0x2e4e, 0x24aa, 0x2b27, 0x2d6d, 0x2482,
    0x2afd, 0x2d47, 0x24b0, 0x2e85, 0x3093, 0x27cc, 0x2d04, 0x2e20, 0x276e, 0x259c, 0x2530, 0x2414,
    0x29c1, 0x2927, 0x27d2, 0x2818, 0x2753, 0x2433, 0x2857, 0x27e1, 0x2456, 0x2830, 0x2777, 0x23fe,
    0x2818, 0x2729, 0x2360, 0x284e, 0x2773, 0x2552, 0x2845, 0x2857, 0x2424, 0x2c52, 0x2b72, 0x28aa,
    0x282f, 0x28e6, 0x287e, 0x2c39, 0x2cad, 0x2a6b, 0x2a3e, 0x2b4f, 0x2990, 0x22e6, 0x24b6, 0x264c,
    0x28b6, 0x28bb, 0x2948, 0x2af9, 0x2c4c, 0x2d5c, 0x2200, 0x22f1, 0x2363, 0x2464, 0x249c, 0x225b,
    0x2820, 0x278d, 0x2497, 0x2e1f, 0x2e06, 0x2c2e, 0x2cd6, 0x2d18, 0x2c8f, 0x22f6, 0x2351, 0x2098,
    0x2806, 0x27a9, 0x246e, 0x2fbd, 0x2ed8, 0x2f22, 0x3146, 0x309d, 0x304c, 0x30d4, 0x309a, 0x2fce,
    0x33ae, 0x332c, 0x3295, 0x3399, 0x32b8, 0x31a1, 0x323e, 0x3237, 0x31cd, 0x33ba, 0x337d, 0x3398,
    0x334a, 0x3340, 0x339e, 0x31b9, 0x31d8, 0x3211, 0x316b, 0x3173, 0x3163, 0x2cdc, 0x2c72, 0x2988,
    0x220d, 0x2246, 0x20a4, 0x2a69, 0x2a66, 0x291d, 0x2863, 0x2834, 0x26e8, 0x2723, 0x27d4, 0x26be,
    0x1cf8, 0x1d71, 0x1d6c, 0x2247, 0x234e, 0x23a3, 0x21de, 0x2344, 0x23ae, 0x247e, 0x240a, 0x2293,
    0x26e8, 0x2715, 0x26c5, 0x2574, 0x26a3, 0x26c1, 0x2944, 0x2999, 0x28f9, 0x28dd, 0x2871, 0x2697,
    0x261a, 0x25b4, 0x247a, 0x2615, 0x277a, 0x26d8, 0x2823, 0x29d8, 0x28b5, 0x260b, 0x287d, 0x26c3,
    0x2a17, 0x2c08, 0x29ee, 0x2352, 0x2369, 0x2278, 0x2447, 0x2434, 0x2394, 0x289d, 0x2899, 0x2803,
    0x2841, 0x2805, 0x26eb, 0x2895, 0x27b6, 0x2663, 0x281c, 0x26eb, 0x25c4, 0x25cb, 0x250b, 0x22e7,
    0x24cb, 0x245f, 0x21a7, 0x28a7, 0x294a, 0x2861, 0x23a8, 0x2627, 0x2077, 0x2804, 0x292c, 0x20ad,
    0x28d4, 0x2bae, 0x238d, 0x2cfd, 0x2f31, 0x2580, 0x2db1, 0x2f3a, 0x281b, 0x2b1a, 0x2b95, 0x2c33,
    0x28d2, 0x2969, 0x28cf, 0x29c4, 0x2984, 0x28ae, 0x2826, 0x2805, 0x2655, 0x28da, 0x289e, 0x263e,
    0x292a, 0x283c, 0x257a, 0x2b10, 0x2aed, 0x2787, 0x2b4b, 0x2c44, 0x2583, 0x2c04, 0x2bcc, 0x2816,
    0x275b, 0x27e5, 0x2558, 0x2aea, 0x2c27, 0x2c1c, 0x25d3, 0x27a4, 0x2a13, 0x27cf, 0x28de, 0x2a08,
    0x2bdd, 0x2c9f, 0x2ddc, 0x2f5b, 0x3005, 0x3086, 0x2c7d, 0x2c9d, 0x2cad, 0x289d, 0x28c4, 0x2892,
    0x2492, 0x24a4, 0x2581, 0x244e, 0x2390, 0x24cf, 0x3217, 0x31e3, 0x31ac, 0x3069, 0x3034, 0x2fe9,
    0x2c19, 0x2ad2, 0x2a38, 0x23a4, 0x239b, 0x241c, 0x244c, 0x246b, 0x22a6, 0x2608, 0x267c, 0x25b2,
    0x2741, 0x27bd, 0x263a, 0x3162, 0x3081, 0x302b, 0x3454, 0x32dd, 0x3285, 0x34ee, 0x3463, 0x3473,
    0x34fb, 0x341b, 0x31a6, 0x2ef0, 0x2e71, 0x2d19, 0x2c98, 0x2c13, 0x2953, 0x2c12, 0x2b65, 0x297a,
    0x2740, 0x26a6, 0x24ad, 0x27c3, 0x276f, 0x258d, 0x24a5, 0x24de, 0x2483, 0x245e, 0x249f, 0x2489,
    0x1d98, 0x1e47, 0x1e2d, 0x1edc, 0x204c, 0x202c, 0x20fc, 0x2267, 0x2258, 0x258a, 0x25b0, 0x2541,
    0x1fd8, 0x2056, 0x2051, 0x1e60, 0x1f4f, 0x1ea3, 0x248f, 0x2552, 0x247c, 0x2683, 0x2720, 0x25a7,
    0x21ba, 0x2276, 0x226d, 0x267d, 0x2855, 0x2875, 0x2ae1, 0x2c72, 0x2beb, 0x2813, 0x2974, 0x28be,
    0x286c, 0x29e8, 0x28dd, 0x2a82, 0x2a5b, 0x29cd, 0x2507, 0x253d, 0x254c, 0x2481, 0x2557, 0x2608,
    0x24cc, 0x2603, 0x25c1, 0x289a, 0x2978, 0x28de, 0x24a5, 0x24c0, 0x23b6, 0x2724, 0x26a4, 0x2581,
    0x28ee, 0x2a59, 0x29f7, 0x285f, 0x298b, 0x28e6, 0x2adc, 0x2baa, 0x2a95, 0x296e, 0x2ab6, 0x2860,
    0x26c8, 0x299c, 0x21bb, 0x2e99, 0x302a, 0x266e, 0x2d11, 0x2e9f, 0x25a1, 0x2802, 0x291d, 0x28c9,
    0x2a8a, 0x2aa2, 0x299c, 0x2eed, 0x2ea1, 0x2d56, 0x2f3e, 0x2eca, 0x2c5b, 0x3111, 0x306f, 0x2c8d,
    0x312e, 0x3042, 0x2cae, 0x2d2b, 0x2c2c, 0x2971, 0x2e43, 0x2e85, 0x2bbb, 0x2bea, 0x2ad6, 0x2a34,
    0x2908, 0x29e3, 0x29d6, 0x2fc5, 0x304c, 0x306a, 0x2ede, 0x2f34, 0x2f59, 0x2c3d, 0x2ceb, 0x2d2e,
    0x2c2f, 0x2cb8, 0x2e0f, 0x2d18, 0x2d49, 0x2cc9, 0x2300, 0x23c6, 0x2391, 0x1ecf, 0x1e66, 0x1ccf,
    0x1aae, 0x1a55, 0x18c2, 0x1d88, 0x1ccc, 0x1acb, 0x248c, 0x2413, 0x22e5, 0x3346, 0x32e3, 0x32d3,
    0x24db, 0x2465, 0x24d2, 0x24de, 0x2504, 0x2543, 0x2a3d, 0x2b15, 0x2beb, 0x292c, 0x2ac7, 0x2c0d,
    0x32db, 0x31d1, 0x31f3, 0x34b6, 0x33fc, 0x339e, 0x34cf, 0x347a, 0x34f0, 0x3706, 0x363b, 0x3610,
    0x31bf, 0x30eb, 0x301a, 0x2e8b, 0x2d9d, 0x2bdf, 0x2b0e, 0x2a55, 0x281e, 0x2262, 0x21b9, 0x1ff6,
    0x2966, 0x29a4, 0x2845, 0x298d, 0x2927, 0x2781, 0x2496, 0x24b3, 0x2459, 0x22a5, 0x2241, 0x20f7,
    0x25c6, 0x2594, 0x24b4, 0x2069, 0x218f, 0x21d0, 0x2487, 0x254b, 0x24f4, 0x213a, 0x2083, 0x1fe8,
    0x25df, 0x2633, 0x25e8, 0x2002, 0x1e66, 0x1d01, 0x288f, 0x28ca, 0x2755, 0x2915, 0x28e4, 0x269c,
    0x23dc, 0x24fd, 0x2428, 0x26ed, 0x2878, 0x2843, 0x2973, 0x29a0, 0x2864, 0x2a94, 0x2aaa, 0x2962,
    0x2842, 0x29c1, 0x28a0, 0x288a, 0x28ec, 0x28a0, 0x23f7, 0x2381, 0x22fe, 0x243c, 0x24bd, 0x24e0,
    0x274a, 0x2891, 0x2816, 0x2773, 0x28ef, 0x283e, 0x2858, 0x25b1, 0x244f, 0x27e5, 0x2882, 0x280d,
    0x2718, 0x28c0, 0x2831, 0x296c, 0x2a9d, 0x2a09, 0x27fc, 0x293d, 0x289a, 0x2ccf, 0x2db7, 0x2cf9,
    0x2810, 0x2b01, 0x2354, 0x27d4, 0x2a24, 0x21e7, 0x2b55, 0x2d84, 0x2387, 0x294e, 0x2aa7, 0x2b40,
    0x2b14, 0x2a78, 0x2839, 0x2c00, 0x2c0d, 0x2adb, 0x2f65, 0x2fa5, 0x2df1, 0x3004, 0x2edc, 0x2c18,
    0x3002, 0x2efb, 0x2bbb, 0x2f25, 0x2eb7, 0x2a2c, 0x308e, 0x3006, 0x2e1c, 0x318c, 0x310e, 0x300c,
    0x219c, 0x2261, 0x2153, 0x2f06, 0x2f9c, 0x2fa1, 0x2da3, 0x2e25, 0x2e57, 0x2a4c, 0x2ba4, 0x2c0a,
    0x2be7, 0x2c3b, 0x2c8e, 0x2309, 0x230c, 0x2260, 0x2406, 0x2436, 0x2332, 0x2fc4, 0x2eba, 0x2d26,
    0x2c98, 0x2c17, 0x2a3e, 0x2d12, 0x2c65, 0x2a1d, 0x251b, 0x24be, 0x2212, 0x22aa, 0x21ed, 0x2136,
    0x277c, 0x2833, 0x286e, 0x24b0, 0x24e1, 0x2543, 0x25a6, 0x2682, 0x2538, 0x354b, 0x34a2, 0x345a,
    0x374c, 0x3697, 0x3608, 0x37e5, 0x371b, 0x3708, 0x36e5, 0x3623, 0x35e5, 0x33dc, 0x3285, 0x3017,
    0x3416, 0x32ef, 0x30e1, 0x2d67, 0x2cb4, 0x2a95, 0x2e13, 0x2e18, 0x2cf0, 0x2801, 0x2665, 0x2443,
    0x28cd, 0x2860, 0x2684, 0x284a, 0x283f, 0x26e0, 0x2ceb, 0x2c4f, 0x2a96, 0x3011, 0x2fdd, 0x2eb9,
    0x28d1, 0x2950, 0x291a, 0x2353, 0x2400, 0x238a, 0x21d1, 0x21cb, 0x2183, 0x23fd, 0x2304, 0x2219,
    0x24f7, 0x240c, 0x2378, 0x29aa, 0x2966, 0x288f, 0x2b50, 0x2c2c, 0x2a1f, 0x2652, 0x259d, 0x2397,
    0x26b5, 0x25bb, 0x2481, 0x26fb, 0x26b4, 0x25b3, 0x2900, 0x28a2, 0x2835, 0x2b43, 0x29f9, 0x28c0,
    0x29e1, 0x29a0, 0x291e, 0x2857, 0x28ed, 0x2884, 0x29ed, 0x2a7d, 0x29d7, 0x2427, 0x24aa, 0x24af,
    0x2bcd, 0x2bd8, 0x2af7, 0x2c49, 0x2c5a, 0x2bc9, 0x28cb, 0x28bb, 0x2838, 0x290b, 0x2ceb, 0x287d,
    0x2e3a, 0x3039, 0x2df4, 0x2b64, 0x2d3f, 0x29f4, 0x2544, 0x276c, 0x25fc, 0x286b, 0x28ff, 0x2813,
    0x26c9, 0x2688, 0x22ea, 0x2aa6, 0x2bcb, 0x2a9c, 0x2e95, 0x2f96, 0x2e09, 0x2e53, 0x2ea9, 0x2d87,
    0x2d97, 0x2d55, 0x2ac8, 0x2cf3, 0x2cf9, 0x2c41, 0x2ee4, 0x2da9, 0x2c9e, 0x2a0d, 0x2847, 0x254d,
    0x2ce3, 0x2c56, 0x2ace, 0x2f3d, 0x2ebf, 0x2d7f, 0x2e3c, 0x2e1d, 0x2d3f, 0x28df, 0x292c, 0x2874,
    0x2c9e, 0x2d1d, 0x2d6a, 0x2f5e, 0x301a, 0x3037, 0x2c0c, 0x2c76, 0x2ce6, 0x25f4, 0x27f7, 0x28dc,
    0x303a, 0x306b, 0x2f59, 0x22dc, 0x23eb, 0x2236, 0x256f, 0x25d5, 0x23c5, 0x270a, 0x26ad, 0x250d,
    0x25f9, 0x2543, 0x243b, 0x24a9, 0x2409, 0x2194, 0x2758, 0x265d, 0x2501, 0x29a4, 0x29e9, 0x2a2a,
    0x33cc, 0x3483, 0x334e, 0x2e73, 0x309e, 0x29ad, 0x3460, 0x335c, 0x31c2, 0x354d, 0x34c3, 0x326c,
    0x3522, 0x34aa, 0x3328, 0x35c4, 0x34b7, 0x3329, 0x37d9, 0x35ce, 0x336e, 0x27e1, 0x26d1, 0x2469,
    0x2fa9, 0x2eac, 0x2c0e, 0x24f6, 0x24f5, 0x23eb, 0x2e72, 0x2e31, 0x2cf5, 0x2a78, 0x298b, 0x27c7,
    0x2e76, 0x2dad, 0x2c89, 0x2a7f, 0x29c7, 0x2863, 0x281e, 0x2741, 0x25a9, 0x2870, 0x2757, 0x24d8,
    0x2547, 0x24e6, 0x235f, 0x2092, 0x206e, 0x205e, 0x25d5, 0x25cf, 0x24f3, 0x285c, 0x2842, 0x2785,
    0x2316, 0x2291, 0x21e5, 0x285e, 0x2814, 0x27ca, 0x2c6a, 0x2b27, 0x29d8, 0x2e47, 0x2dd1, 0x2d5a,
    0x2e88, 0x2d1a, 0x2c16, 0x2bd6, 0x2bc0, 0x2b04, 0x264c, 0x2663, 0x26bd, 0x2d0f, 0x2d1d, 0x2d03,
    0x2c27, 0x2bdc, 0x2c28, 0x2bd7, 0x2b1a, 0x2b20, 0x2e31, 0x2e87, 0x2e07, 0x282e, 0x2824, 0x27c4,
    0x2ae7, 0x2bbd, 0x2ab7, 0x2b15, 0x2c2b, 0x2b27, 0x2841, 0x29fd, 0x28af, 0x246a, 0x2804, 0x24b8,
    0x2398, 0x269f, 0x2350, 0x23b0, 0x248a, 0x21df, 0x2b4c, 0x2e20, 0x2e34, 0x2e40, 0x2eb6, 0x2cd5,
    0x2f4b, 0x2f64, 0x2f11, 0x3036, 0x3055, 0x2f8d, 0x30c6, 0x30d9, 0x304f, 0x2de1, 0x2dc2, 0x2d0e,
    0x2ab3, 0x2988, 0x279c, 0x2928, 0x2855, 0x260b, 0x2bf8, 0x2a5e, 0x2859, 0x29e1, 0x28cc, 0x2693,
    0x2ab5, 0x2b53, 0x27f8, 0x25be, 0x2686, 0x2523, 0x244f, 0x2522, 0x240d, 0x24fe, 0x2579, 0x242f,
    0x2a85, 0x2b92, 0x2ada, 0x29ed, 0x2ae2, 0x2bf9, 0x293a, 0x2a4b, 0x2adf, 0x2b47, 0x2bbd, 0x2c45,
    0x27d1, 0x27f4, 0x25e4, 0x1f2a, 0x2014, 0x1e6c, 0x1bdc, 0x1cca, 0x19b4, 0x2306, 0x224f, 0x2078,
    0x2113, 0x206e, 0x1e8f, 0x2174, 0x2194, 0x206f, 0x2ba4, 0x2c40, 0x2b69, 0x333d, 0x336c, 0x32ca,
    0x35fa, 0x3570, 0x345e, 0x36c2, 0x365f, 0x3505, 0x366a, 0x35ed, 0x34c5, 0x3256, 0x31df, 0x2f88,
    0x30ca, 0x30c0, 0x2c26, 0x3411, 0x346b, 0x2d2f, 0x3862, 0x37bd, 0x35f9, 0x318b, 0x3099, 0x2e67,
    0x2ea0, 0x2dc2, 0x2b15, 0x28ee, 0x285b, 0x262a, 0x2f0d, 0x2f24, 0x2d67, 0x2d44, 0x2c93, 0x2ad0,
    0x2cdc, 0x2c3d, 0x2ae7, 0x294b, 0x2836, 0x2514, 0x2a46, 0x2946, 0x2758, 0x2c4d, 0x2be7, 0x2ad3,
    0x26c8, 0x263f, 0x2559, 0x20fc, 0x20cd, 0x2099, 0x28b6, 0x2838, 0x26ef, 0x2776, 0x261a, 0x2495,
    0x30ea, 0x308c, 0x3020, 0x2947, 0x2921, 0x292d, 0x2d3d, 0x2d3f, 0x2c1e, 0x25ee, 0x2c10, 0x296a,
    0x2d04, 0x30c7, 0x2dcb, 0x2e32, 0x31ae, 0x2d4c, 0x2ca5, 0x305d, 0x2c25, 0x2ce1, 0x2fb2, 0x2dec,
    0x2dba, 0x2e38, 0x2e00, 0x2d56, 0x2d71, 0x2ca0, 0x2bd5, 0x2b08, 0x2937, 0x247b, 0x2440, 0x2277,
    0x2ba7, 0x2bae, 0x2ac0, 0x2604, 0x2560, 0x244c, 0x2b34, 0x2af1, 0x2a17, 0x30f2, 0x310a, 0x3097,
    0x22c0, 0x27eb, 0x250f, 0x24b6, 0x2974, 0x2607, 0x2c79, 0x2dd1, 0x2e14, 0x2d25, 0x2e1b, 0x2e68,
    0x2dbf, 0x2e9c, 0x2e7a, 0x2935, 0x29cd, 0x29a8, 0x245e, 0x25a1, 0x249c, 0x21fc, 0x2285, 0x20c3,
    0x25e4, 0x24d9, 0x22d6, 0x2707, 0x265c, 0x23be, 0x290e, 0x28a9, 0x2528, 0x2c77, 0x2c90, 0x2859,
    0x275f, 0x2827, 0x26c8, 0x251e, 0x25bf, 0x245f, 0x2703, 0x27fc, 0x268f, 0x24cc, 0x25bf, 0x244a,
    0x2d22, 0x2dca, 0x2ee9, 0x2cb9, 0x2d36, 0x2d31, 0x22bb, 0x2312, 0x232d, 0x31b7, 0x31a2, 0x310a,
    0x1fff, 0x1fce, 0x1d63, 0x215a, 0x21d1, 0x2074, 0x1f6a, 0x1fba, 0x1e9a, 0x2796, 0x27db, 0x271b,
    0x258e, 0x2575, 0x2480, 0x32ad, 0x3328, 0x337e, 0x3542, 0x3524, 0x3490, 0x340b, 0x3408, 0x3362,
    0x3468, 0x3456, 0x33b5, 0x35b7, 0x3580, 0x34a9, 0x3753, 0x36e9, 0x35c1, 0x3824, 0x3771, 0x35ec,
    0x36e4, 0x35f9, 0x3423, 0x38f5, 0x37e9, 0x3517, 0x348f, 0x3342, 0x312f, 0x38a5, 0x37af, 0x3530,
    0x30d2, 0x2f6f, 0x2ccc, 0x2d89, 0x2c9b, 0x29ce, 0x2fc5, 0x2f2d, 0x2c9d, 0x2e85, 0x2e5f, 0x2d28,
    0x2dbc, 0x2d05, 0x2c0f, 0x2e3e, 0x2cb6, 0x29e1, 0x2c6e, 0x2b6a, 0x2921, 0x2bcc, 0x2bab, 0x2aa8,
    0x2d41, 0x2d38, 0x2c9e, 0x2c7f, 0x2cbc, 0x2c7e, 0x2d6a, 0x2ca1, 0x2af0, 0x29c7, 0x28f6, 0x2849,
    0x2d18, 0x2e0c, 0x2e84, 0x298d, 0x2aa0, 0x2aeb, 0x2b7d, 0x2c84, 0x2c64, 0x291d, 0x2e3c, 0x2a6f,
    0x2c40, 0x302b, 0x2ccd, 0x2bec, 0x2e2b, 0x2a06, 0x2ba8, 0x2f04, 0x299b, 0x2c1a, 0x2f5a, 0x29eb,
    0x2c0c, 0x311a, 0x2cc0, 0x2cdf, 0x2e03, 0x2cc8, 0x29fa, 0x2a72, 0x29fb, 0x3009, 0x2f5b, 0x2ebc,
    0x2c53, 0x2bfd, 0x2ad9, 0x2ceb, 0x2c8f, 0x2be2, 0x2c1d, 0x2bde, 0x2b2d, 0x28bb, 0x290b, 0x284a,
    0x2ce6, 0x2c7c, 0x2b8d, 0x2cbe, 0x2cb3, 0x2c1f, 0x2800, 0x2902, 0x295e, 0x2b8e, 0x2ccc, 0x2cf6,
    0x258d, 0x273c, 0x268f, 0x2306, 0x238b, 0x21ed, 0x1f2d, 0x1fee, 0x1d36, 0x1c83, 0x1c03, 0x18c9,
    0x27ff, 0x28c7, 0x20f3, 0x2a04, 0x2aaf, 0x2567, 0x2add, 0x2bc1, 0x262c, 0x2dbd, 0x2d8b, 0x2c1b,
    0x283e, 0x2887, 0x267f, 0x27ad, 0x2834, 0x26b2, 0x2726, 0x2836, 0x26e5, 0x249b, 0x2612, 0x2475,
    0x2912, 0x29e4, 0x2a1a, 0x26c5, 0x27d9, 0x27b4, 0x292d, 0x2988, 0x2997, 0x2906, 0x28f4, 0x280c,
    0x2796, 0x27a7, 0x2754, 0x26dc, 0x272f, 0x25c6, 0x2607, 0x2632, 0x24ff, 0x2331, 0x23bf, 0x23be,
    0x29e5, 0x2a49, 0x2aed, 0x30a6, 0x316b, 0x31b5, 0x30bc, 0x3114, 0x3114, 0x31c0, 0x325b, 0x3288,
    0x2f85, 0x3046, 0x3064, 0x3087, 0x30af, 0x3024, 0x33ec, 0x32e4, 0x30dc, 0x37f1, 0x3672, 0x340b,
    0x30e3, 0x305c, 0x2ff1, 0x350b, 0x34d4, 0x3495, 0x3806, 0x370a, 0x35b3, 0x3668, 0x3530, 0x32c6,
    0x3202, 0x30e6, 0x2e91, 0x2b7e, 0x2b13, 0x296f, 0x2c07, 0x2c45, 0x2aca, 0x2ebe, 0x2cd9, 0x29ae,
    0x2b8d, 0x29bd, 0x2787, 0x3009, 0x2f3c, 0x2e20, 0x2fa6, 0x2f38, 0x2e52, 0x2b86, 0x2c10, 0x2b49,
    0x2abc, 0x2b60, 0x2aa6, 0x2938, 0x29d3, 0x28ca, 0x28e2, 0x283b, 0x2612, 0x2c96, 0x2cff, 0x2d3a,
    0x2d0f, 0x2db7, 0x2db8, 0x2eeb, 0x3013, 0x2fe1, 0x2c3e, 0x2d66, 0x2cf6, 0x2845, 0x2c12, 0x2909,
    0x286c, 0x2c96, 0x2b09, 0x2806, 0x2c5f, 0x27e5, 0x2a8b, 0x2de5, 0x28ce, 0x2acc, 0x2dd1, 0x2918,
    0x2c0b, 0x2e35, 0x2967, 0x2c10, 0x2bdc, 0x27b1, 0x2c35, 0x2c7c, 0x2c82, 0x2cbf, 0x2cce, 0x2c69,
    0x28e1, 0x2830, 0x2621, 0x2b2c, 0x2aa7, 0x2928, 0x29da, 0x2967, 0x2876, 0x295b, 0x293e, 0x2816,
    0x2616, 0x25ad, 0x2446, 0x2e63, 0x2e22, 0x2dc3, 0x2c0d, 0x2ba0, 0x2ac9, 0x2981, 0x2a96, 0x29d2,
    0x2114, 0x2256, 0x20f5, 0x1d9d, 0x1ec4, 0x1d37, 0x1f86, 0x200c, 0x1c4c, 0x2111, 0x1fc9, 0x1d55,
    0x243f, 0x2493, 0x1e15, 0x2859, 0x28de, 0x21ac, 0x2c5e, 0x2c30, 0x290c, 0x2c3f, 0x2c5a, 0x293d,
    0x2af6, 0x2bf4, 0x2b11, 0x2988, 0x2a52, 0x2985, 0x25ff, 0x27b2, 0x2659, 0x2599, 0x26b0, 0x24f4,
    0x293e, 0x2a31, 0x2c1e, 0x2508, 0x25e1, 0x25dc, 0x30b3, 0x30c2, 0x304a, 0x21c3, 0x222b, 0x2160,
    0x2117, 0x2157, 0x20bc, 0x2355, 0x23ef, 0x223c, 0x2460, 0x243c, 0x22e8, 0x2659, 0x263a, 0x25eb,
    0x2c7e, 0x2c1e, 0x2b84, 0x2af8, 0x2ade, 0x2a09, 0x2c39, 0x2cfa, 0x2d2c, 0x2d87, 0x2e71, 0x2eb9,
    0x2960, 0x2a2c, 0x29ac, 0x282c, 0x286e, 0x278f, 0x3337, 0x3312, 0x3300, 0x34d4, 0x34ec, 0x34e7,
    0x3558, 0x34fe, 0x3404, 0x3315, 0x32b1, 0x3264, 0x34ba, 0x3453, 0x3396, 0x36e2, 0x3614, 0x353e,
    0x3a27, 0x3933, 0x375b, 0x328e, 0x30f1, 0x2e23, 0x3075, 0x2edc, 0x2c33, 0x3109, 0x3060, 0x2f9b,
    0x2e94, 0x2e6c, 0x2e27, 0x2ab2, 0x2b62, 0x2b11, 0x2c5a, 0x2c88, 0x2c3d, 0x29ad, 0x2a59, 0x2a56,
    0x2cc7, 0x2d0b, 0x2cd4, 0x2b92, 0x2c19, 0x2baf, 0x2db3, 0x2beb, 0x28e2, 0x2c61, 0x2be5, 0x2a86,
    0x310a, 0x30e3, 0x304c, 0x302d, 0x2e9b, 0x2cb1, 0x2c38, 0x2eae, 0x2b1e, 0x2c78, 0x2fce, 0x2c2c,
    0x2aa3, 0x2ec2, 0x2b6d, 0x2b75, 0x2f24, 0x2af1, 0x2dfc, 0x3065, 0x2c8d, 0x2cbc, 0x2f46, 0x2aee,
    0x2a05, 0x2cd6, 0x287c, 0x26d7, 0x2a06, 0x2613, 0x2a18, 0x2937, 0x2755, 0x2cde, 0x2ced, 0x2cf8,
    0x286a, 0x26c1, 0x24f5, 0x2490, 0x2383, 0x2189, 0x2807, 0x2754, 0x2584, 0x28b2, 0x285b, 0x2616,
    0x2545, 0x24c1, 0x2301, 0x295a, 0x28bf, 0x27e4, 0x307a, 0x304a, 0x2fcb, 0x2c0c, 0x2cad, 0x2c48,
    0x2750, 0x28c8, 0x2910, 0x2274, 0x21ca, 0x2035, 0x28f0, 0x284a, 0x263c, 0x2787, 0x2570, 0x22d2,
    0x2a72, 0x291b, 0x2551, 0x2998, 0x2785, 0x2490, 0x2c5e, 0x2d82, 0x277b, 0x2beb, 0x2c4c, 0x2bf0,
    0x298f, 0x2a16, 0x2980, 0x23d0, 0x245a, 0x2300, 0x25e2, 0x268f, 0x2597, 0x289c, 0x2925, 0x2833,
    0x2981, 0x2ab6, 0x2980, 0x26d7, 0x2754, 0x26b8, 0x29dd, 0x2a13, 0x2914, 0x2185, 0x2195, 0x20d8,
    0x234a, 0x23f2, 0x232f, 0x20b1, 0x2137, 0x1fa9, 0x209d, 0x20d9, 0x1f4d, 0x28e6, 0x2842, 0x2691,
    0x2af6, 0x2816, 0x2428, 0x29bb, 0x298c, 0x290d, 0x2f39, 0x3037, 0x30e8, 0x2e2e, 0x2ecb, 0x2f72,
    0x2c24, 0x2c9b, 0x2cd4, 0x325b, 0x328e, 0x3295, 0x3422, 0x3420, 0x3391, 0x3413, 0x331e, 0x31d0,
    0x3568, 0x34a7, 0x33d6, 0x35cd, 0x3563, 0x345f, 0x358d, 0x34b8, 0x3366, 0x368e, 0x3579, 0x3430,
    0x393b, 0x3861, 0x3636, 0x360e, 0x34a2, 0x31bb, 0x3005, 0x2e27, 0x2c6e, 0x29ec, 0x2a17, 0x2a30,
    0x2ad9, 0x29c2, 0x28f9, 0x2bcb, 0x2c20, 0x2be7, 0x3407, 0x329c, 0x304d, 0x2c9e, 0x2d29, 0x2d48,
    0x2bd3, 0x2b10, 0x2aec, 0x28a7, 0x292a, 0x28da, 0x300f, 0x2d08, 0x29e1, 0x3329, 0x31e7, 0x307b,
    0x33ba, 0x3284, 0x2fcd, 0x3476, 0x33b4, 0x31d1, 0x36ac, 0x35a5, 0x3485, 0x3097, 0x306a, 0x2e1f,
    0x315a, 0x30df, 0x2ede, 0x2f25, 0x2f0a, 0x2c2b, 0x2c09, 0x2db7, 0x29b6, 0x2dc0, 0x2ed6, 0x2b78,
    0x2698, 0x2b35, 0x27d4, 0x28c5, 0x284a, 0x25a2, 0x2fd1, 0x2ee6, 0x2dd6, 0x2d16, 0x2ca0, 0x2b36,
    0x2975, 0x287f, 0x2641, 0x2ace, 0x295a, 0x2826, 0x2b83, 0x2a08, 0x28f0, 0x2cbb, 0x2bed, 0x2a82,
    0x2d29, 0x2cdd, 0x2c4f, 0x2c76, 0x2d26, 0x2d68, 0x253a, 0x2705, 0x2835, 0x28b3, 0x2a4e, 0x2aa7,
    0x284a, 0x2959, 0x293f, 0x2187, 0x2241, 0x214d, 0x2c53, 0x2be1, 0x2a61, 0x2b77, 0x29cb, 0x284a,
    0x2b9b, 0x2a13, 0x2877, 0x2b89, 0x2aef, 0x2b43, 0x2b08, 0x2a12, 0x2846, 0x28ce, 0x292a, 0x25d7,
    0x28b0, 0x290c, 0x28e5, 0x2780, 0x27c8, 0x26d4, 0x257a, 0x25a8, 0x24c5, 0x2529, 0x2557, 0x242b,
    0x2d81, 0x2d77, 0x2c77, 0x3058, 0x3069, 0x301b, 0x2a3c, 0x2a85, 0x2ba2, 0x28fa, 0x2907, 0x2908,
    0x244e, 0x24ed, 0x2713, 0x25b8, 0x25ef, 0x2732, 0x283f, 0x2812, 0x2822, 0x2a40, 0x2928, 0x2794,
    0x37b0, 0x3551, 0x3221, 0x34df, 0x332c, 0x310d, 0x2c8a, 0x2d3d, 0x2d53, 0x38ee, 0x370d, 0x33ce,
    0x344e, 0x341b, 0x33e7, 0x3339, 0x310f, 0x2de8, 0x32ee, 0x331a, 0x3208, 0x339f, 0x341c, 0x33bc,
    0x3639, 0x3514, 0x343e, 0x3543, 0x34a4, 0x3382, 0x380d, 0x3684, 0x34a6, 0x3837, 0x3716, 0x3537,
    0x3542, 0x3463, 0x3281, 0x3497, 0x3360, 0x3191, 0x31e9, 0x3039, 0x2e06, 0x353c, 0x342f, 0x3204,
    0x319a, 0x3074, 0x2eaf, 0x3088, 0x2f05, 0x2d3f, 0x2fd5, 0x2e3d, 0x2c61, 0x2f23, 0x2d5b, 0x2ac5,
    0x28d6, 0x260c, 0x24ce, 0x2a12, 0x28ee, 0x2842, 0x2af6, 0x2838, 0x2594, 0x327d, 0x30f5, 0x2e87,
    0x31e8, 0x3133, 0x304b, 0x31e6, 0x30cf, 0x2f5b, 0x31de, 0x30eb, 0x2f27, 0x3078, 0x2fb9, 0x2dc1,
    0x2d34, 0x2b99, 0x2894, 0x2f10, 0x2d26, 0x2a7e, 0x3007, 0x2ea9, 0x2de4, 0x2dbd, 0x2c40, 0x28de,
    0x295d, 0x2818, 0x24a5, 0x2820, 0x269a, 0x249f, 0x2734, 0x2670, 0x24c8, 0x2a92, 0x2945, 0x2523,
    0x2e6c, 0x2d7f, 0x2bcc, 0x239f, 0x230d, 0x2132, 0x24d1, 0x2420, 0x21d2, 0x24bf, 0x24d8, 0x2437,
    0x2502, 0x2565, 0x2457, 0x251f, 0x25ee, 0x25a0, 0x2860, 0x2913, 0x2999, 0x2a14, 0x2b5d, 0x2c1a,
    0x2698, 0x279c, 0x26c8, 0x20be, 0x20f4, 0x1f0c, 0x2191, 0x217d, 0x1fea, 0x284a, 0x273f, 0x25e7,
    0x2926, 0x2a08, 0x2a5e, 0x2969, 0x2ac5, 0x2b6b, 0x2417, 0x250b, 0x2631, 0x22fa, 0x23df, 0x243f,
    0x264c, 0x26b0, 0x25c0, 0x2bdd, 0x2c2c, 0x2bc7, 0x25c2, 0x2623, 0x2522, 0x274b, 0x2786, 0x2565,
    0x2c12, 0x2c7d, 0x2d56, 0x310d, 0x3114, 0x3093, 0x3026, 0x2fb6, 0x2dd1, 0x2d8d, 0x2ccf, 0x299f,
    0x28f8, 0x28eb, 0x28ce, 0x2632, 0x2698, 0x26ba, 0x2d0e, 0x2ba0, 0x2874, 0x2893, 0x272e, 0x261b,
    0x3820, 0x35d3, 0x3308, 0x3810, 0x35ce, 0x32bb, 0x348c, 0x3406, 0x3331, 0x33ae, 0x31e0, 0x2ffb,
    0x3221, 0x30a8, 0x2eda, 0x351a, 0x33b2, 0x30b0, 0x300e, 0x2e7e, 0x2cbc, 0x2da7, 0x2c8f, 0x2a67,
    0x311f, 0x2f78, 0x2d3d, 0x334e, 0x3123, 0x2e0e, 0x31eb, 0x2ed4, 0x2a18, 0x3202, 0x2f14, 0x2ac1,
    0x306e, 0x2d82, 0x295c, 0x2faf, 0x2d6f, 0x2a41, 0x3010, 0x2cb9, 0x27de, 0x31f0, 0x30a1, 0x2f3b,
    0x316b, 0x3035, 0x2df3, 0x2ef1, 0x2d2c, 0x2a2b, 0x2ca5, 0x2a80, 0x2795, 0x2bdb, 0x2aa9, 0x2851,
    0x2e67, 0x2cc2, 0x29ba, 0x2956, 0x2895, 0x2802, 0x301a, 0x2ee0, 0x2db6, 0x34d6, 0x3420, 0x3368,
    0x33c1, 0x31fa, 0x302e, 0x2f59, 0x2e33, 0x2c4e, 0x2d16, 0x2cf3, 0x2c44, 0x2c7e, 0x2ce5, 0x2cab,
    0x2ccc, 0x2cfa, 0x2ca6, 0x31a7, 0x30eb, 0x2f31, 0x3139, 0x3030, 0x2e6f, 0x32be, 0x31b0, 0x3051,
    0x2d3a, 0x2c5e, 0x2a42, 0x2d14, 0x2c40, 0x2ab0, 0x294b, 0x28d3, 0x279c, 0x2e66, 0x2d0e, 0x29c9,
    0x2d1d, 0x2c07, 0x28f3, 0x3002, 0x2e71, 0x2ca6, 0x2f03, 0x2dc8, 0x2c50, 0x27f9, 0x270d, 0x256b,
    0x252f, 0x25d0, 0x24d5, 0x25b7, 0x267b, 0x25a7, 0x222f, 0x2225, 0x215e, 0x270a, 0x2793, 0x26ca,
    0x252e, 0x2635, 0x255c, 0x2102, 0x20bd, 0x1f6c, 0x20dd, 0x20ca, 0x1e94, 0x28a1, 0x2867, 0x2810,
    0x2657, 0x278b, 0x27c6, 0x2602, 0x276e, 0x282a, 0x23a7, 0x2480, 0x2479, 0x2211, 0x22c0, 0x2348,
    0x2358, 0x21d6, 0x206e, 0x2629, 0x2688, 0x253a, 0x24be, 0x2478, 0x2278, 0x26fb, 0x26f8, 0x252e,
    0x2dea, 0x2e18, 0x2e3b, 0x2973, 0x28b7, 0x25f1, 0x2c62, 0x2beb, 0x2939, 0x2df7, 0x2d4f, 0x2b30,
    0x2f3e, 0x2ed9, 0x2e2b, 0x320c, 0x31bf, 0x3048, 0x3763, 0x34e4, 0x30ca, 0x3860, 0x36b2, 0x3440,
    0x3889, 0x36e6, 0x340e, 0x2a29, 0x28d4, 0x27df, 0x317b, 0x317c, 0x31e4, 0x316d, 0x2ee5, 0x2b87,
    0x33cc, 0x32cd, 0x31c3, 0x2f15, 0x2cb0, 0x2907, 0x32df, 0x3189, 0x2fe3, 0x2feb, 0x2e71, 0x2ca8,
    0x3122, 0x2f12, 0x2cb1, 0x317a, 0x2e1c, 0x2912, 0x2ea1, 0x2c2f, 0x294f, 0x2f35, 0x2c30, 0x285c,
    0x307d, 0x2d7b, 0x2a15, 0x301e, 0x2d99, 0x2a7e, 0x3137, 0x2e1d, 0x299e, 0x2fd2, 0x2e05, 0x2c7d,
    0x2ed9, 0x2cee, 0x2ab0, 0x2d5d, 0x2c54, 0x2ab7, 0x2c8a, 0x2a5e, 0x2823, 0x287c, 0x287d, 0x275f,
    0x2f9e, 0x2d49, 0x296f, 0x2bcf, 0x29f6, 0x2870, 0x2cca, 0x2b05, 0x28e6, 0x38cc, 0x37c5, 0x358e,
    0x32bf, 0x31ab, 0x3088, 0x3529, 0x3432, 0x30ba, 0x3077, 0x2f23, 0x2d08, 0x2641, 0x25fa, 0x24f1,
    0x264c, 0x259e, 0x247d, 0x2d7b, 0x2cd5, 0x2ae9, 0x32b2, 0x312c, 0x2f4a, 0x329c, 0x31a2, 0x3086,
    0x325e, 0x3103, 0x2eb8, 0x2628, 0x23f2, 0x20d0, 0x263b, 0x257e, 0x2420, 0x2766, 0x25e2, 0x23bd,
    0x2b3a, 0x2953, 0x25fc, 0x2921, 0x27f2, 0x258b, 0x28f9, 0x277e, 0x25b6, 0x2856, 0x26bb, 0x2559,
    0x2472, 0x2474, 0x2406, 0x28e3, 0x2938, 0x28ae, 0x22fa, 0x2419, 0x2443, 0x22e8, 0x2378, 0x221f,
    0x21c3, 0x22b8, 0x21a3, 0x20e7, 0x2157, 0x20c4, 0x205b, 0x207a, 0x1faa, 0x267c, 0x271f, 0x26c8,
    0x2575, 0x2632, 0x262e, 0x2597, 0x268d, 0x268f, 0x246d, 0x248a, 0x2431, 0x21f5, 0x2301, 0x2313,
    0x24c6, 0x21a8, 0x1f09, 0x2341, 0x227a, 0x212e, 0x24f8, 0x2535, 0x244a, 0x26e9, 0x26cc, 0x24eb,
    0x2a1e, 0x2a5a, 0x2920, 0x2f3d, 0x2fa9, 0x2e2f, 0x339b, 0x314c, 0x2dd1, 0x309e, 0x3024, 0x2dcc,
    0x2bd6, 0x2c21, 0x2c1e, 0x31ad, 0x30f1, 0x30c1, 0x3974, 0x37c8, 0x3461, 0x2ca7, 0x2b38, 0x2826,
    0x35f7, 0x344c, 0x30ab, 0x2c69, 0x2996, 0x260e, 0x2db6, 0x2cfb, 0x2d13, 0x2bc6, 0x27e5, 0x2271,
    0x2c4c, 0x2b29, 0x2996, 0x2e34, 0x2abb, 0x25fd, 0x2ce1, 0x2c1e, 0x2a5c, 0x2e86, 0x2d98, 0x2b45,
    0x303e, 0x2eb9, 0x2d7c, 0x3039, 0x2ebf, 0x2cf5, 0x2c38, 0x2a25, 0x2812, 0x320d, 0x305c, 0x2e44,
    0x31cb, 0x2f38, 0x2bf4, 0x308c, 0x2f84, 0x2d79, 0x356a, 0x33bd, 0x305a, 0x2fc0, 0x2e06, 0x2d4b,
    0x2fa4, 0x2df2, 0x2c3a, 0x2f60, 0x2d5a, 0x2c33, 0x355e, 0x33e1, 0x3181, 0x3299, 0x31ae, 0x30ef,
    0x3230, 0x30dd, 0x2f12, 0x2fd3, 0x2db8, 0x2c78, 0x2df2, 0x2bd1, 0x28bd, 0x2d23, 0x2b6a, 0x2937,
    0x2cde, 0x2a74, 0x282e, 0x358f, 0x34b8, 0x342a, 0x3074, 0x2eeb, 0x2ca1, 0x2656, 0x25a5, 0x23c3,
    0x2543, 0x245e, 0x21e3, 0x2a04, 0x292c, 0x2848, 0x3027, 0x2f55, 0x2dda, 0x32c4, 0x31fe, 0x30c7,
    0x3483, 0x3380, 0x3178, 0x345f, 0x33d8, 0x3291, 0x3608, 0x354b, 0x33e5, 0x3392, 0x3237, 0x3052,
    0x2826, 0x2658, 0x23af, 0x29a0, 0x2801, 0x251e, 0x2a92, 0x2953, 0x2805, 0x2a87, 0x29b4, 0x28da,
    0x2b11, 0x2afc, 0x29fd, 0x2d8c, 0x2d2f, 0x2c82, 0x2e79, 0x2e1a, 0x2d49, 0x2447, 0x2413, 0x22fd,
    0x2475, 0x24f7, 0x2418, 0x2345, 0x2371, 0x229f, 0x26d5, 0x260a, 0x250f, 0x249b, 0x2536, 0x24d8,
    0x25d8, 0x2688, 0x2638, 0x2510, 0x25d7, 0x2580, 0x2514, 0x257e, 0x2515, 0x236f, 0x240d, 0x239d,
    0x280a, 0x2525, 0x22f1, 0x28f5, 0x25d4, 0x2393, 0x2433, 0x243d, 0x2362, 0x25bd, 0x25a9, 0x2473,
    0x2db6, 0x2e34, 0x2dcf, 0x28f3, 0x297a, 0x296b, 0x354d, 0x3386, 0x303b, 0x2fef, 0x2e4f, 0x2cad,
    0x3e1c, 0x3c80, 0x3a20, 0x2d27, 0x2c24, 0x2b24, 0x39a8, 0x37fb, 0x34b0, 0x32aa, 0x30db, 0x2e1b,
    0x3206, 0x3022, 0x2bad, 0x306d, 0x2de3, 0x2a42, 0x2b25, 0x2ac0, 0x2a4c, 0x3008, 0x2d2b, 0x2a44,
    0x3099, 0x2f71, 0x2cec, 0x3763, 0x34ff, 0x3174, 0x2a85, 0x2992, 0x287c, 0x307d, 0x2ebf, 0x2b52,
    0x2c87, 0x2b06, 0x2a0c, 0x30ea, 0x2e86, 0x2c20, 0x3367, 0x31e1, 0x3141, 0x32a4, 0x31cb, 0x319b,
    0x30f2, 0x300e, 0x2e61, 0x31da, 0x30e3, 0x2fdf, 0x34aa, 0x3257, 0x2f1b, 0x2ce5, 0x2b5d, 0x2919,
    0x2cbe, 0x2b03, 0x2918, 0x30f8, 0x2eb1, 0x2d30, 0x2c2a, 0x29e7, 0x27cb, 0x2ee6, 0x2eb0, 0x2868,
    0x347b, 0x349b, 0x2c49, 0x274e, 0x26e7, 0x22d0, 0x32a7, 0x312c, 0x3021, 0x340f, 0x315f, 0x2e30,
    0x3131, 0x2f63, 0x2cd1, 0x2cd8, 0x2c50, 0x2a83, 0x30ee, 0x2fc4, 0x2d7d, 0x3357, 0x32cd, 0x31c1,
    0x33d1, 0x32f4, 0x3147, 0x30ae, 0x2ff8, 0x2dec, 0x28c9, 0x2814, 0x25b5, 0x2afe, 0x29ee, 0x27ed,
    0x34b5, 0x33cf, 0x31f3, 0x3178, 0x3070, 0x2e8d, 0x2d5b, 0x2cc7, 0x2c27, 0x35c9, 0x3484, 0x31c1,
    0x377c, 0x35fa, 0x3332, 0x2b69, 0x29bb, 0x2804, 0x2834, 0x2784, 0x2488, 0x2922, 0x2910, 0x2752,
    0x2eb2, 0x2ea8, 0x2da1, 0x2f75, 0x2f74, 0x2e70, 0x2eb7, 0x2e91, 0x2daf, 0x2c29, 0x29a0, 0x27f0,
    0x26c4, 0x26c6, 0x25a2, 0x248f, 0x254f, 0x24aa, 0x2724, 0x2679, 0x257e, 0x27b7, 0x2830, 0x2865,
    0x2562, 0x25f6, 0x25fe, 0x24ec, 0x2547, 0x24d4, 0x24e9, 0x2558, 0x2526, 0x2523, 0x25b9, 0x2583,
    0x2164, 0x2065, 0x1f50, 0x2911, 0x2540, 0x2221, 0x2d4d, 0x2c5f, 0x2ae2, 0x27db, 0x278d, 0x2547,
    0x2cac, 0x2c50, 0x2a94, 0x2854, 0x2887, 0x28a2, 0x37df, 0x35c4, 0x32ec, 0x3bcf, 0x39bc, 0x3673,
    0x2fcd, 0x2e0a, 0x2c62, 0x3404, 0x326e, 0x309b, 0x3801, 0x355e, 0x316a, 0x2ca5, 0x2a20, 0x269a,
    0x309a, 0x2f03, 0x2af2, 0x342b, 0x319c, 0x2e9a, 0x2c1f, 0x2ae7, 0x2a7d, 0x2ff3, 0x2e6a, 0x2d60,
    0x33ee, 0x32bb, 0x31c2, 0x3874, 0x3666, 0x340c, 0x3145, 0x3048, 0x2f60, 0x2836, 0x2575, 0x2268,
    0x28c1, 0x2555, 0x2272, 0x321c, 0x3050, 0x2e47, 0x343a, 0x31d5, 0x307d, 0x3147, 0x2cfc, 0x2a98,
    0x3725, 0x33c2, 0x2f61, 0x321e, 0x3077, 0x2e1d, 0x31f9, 0x3080, 0x2ea6, 0x30d7, 0x2ef4, 0x2cd4,
    0x3189, 0x2e97, 0x2cc6, 0x2ea2, 0x2c0b, 0x2992, 0x31fa, 0x2ffa, 0x2bc2, 0x31e7, 0x304c, 0x2bfe,
    0x3407, 0x3148, 0x2b5c, 0x2eb7, 0x2c46, 0x2818, 0x308d, 0x2f73, 0x2ec8, 0x37b8, 0x3649, 0x340a,
    0x31b5, 0x2fba, 0x2c70, 0x2bc7, 0x2a33, 0x29c4, 0x2f87, 0x2e35, 0x2cf2, 0x35c0, 0x34e0, 0x3435,
    0x31e1, 0x312a, 0x3019, 0x313e, 0x3009, 0x2d9d, 0x26e3, 0x2549, 0x22cc, 0x2046, 0x1d88, 0x1b30,
    0x33b2, 0x3205, 0x2f54, 0x3584, 0x3496, 0x3204, 0x2fda, 0x2e58, 0x2c3e, 0x2d82, 0x2d20, 0x2ca7,
    0x34e6, 0x33cd, 0x30d0, 0x34c5, 0x3377, 0x30e6, 0x2f12, 0x2dcd, 0x2b6c, 0x2d80, 0x2c59, 0x2a6b,
    0x29cb, 0x29a7, 0x2813, 0x2ca9, 0x2c69, 0x2a98, 0x2b35, 0x2b3d, 0x2a08, 0x2e29, 0x2df0, 0x2d75,
    0x295e, 0x28d0, 0x274b, 0x29b8, 0x26ca, 0x243d, 0x2a63, 0x298b, 0x290d, 0x2ce9, 0x2d21, 0x2d17,
    0x2ca5, 0x2cab, 0x2b8e, 0x2523, 0x25e7, 0x2586, 0x26bc, 0x277a, 0x26d9, 0x24aa, 0x24f8, 0x2474,
    0x23d8, 0x238b, 0x22c3, 0x29e9, 0x2743, 0x2546, 0x2f6a, 0x2dfd, 0x2cf8, 0x2e91, 0x2d5a, 0x2c14,
    0x3425, 0x330e, 0x30d8, 0x3d40, 0x3bd6, 0x392f, 0x2dab, 0x2afc, 0x277d, 0x3001, 0x2dea, 0x2c97,
    0x3e29, 0x3ccc, 0x3a2e, 0x2bfa, 0x2b4c, 0x2a5b, 0x367f, 0x3470, 0x30ec, 0x320b, 0x302e, 0x2c63,
    0x2fbe, 0x2d93, 0x2997, 0x2a8c, 0x27d2, 0x24ad, 0x3569, 0x327d, 0x2e96, 0x2dc6, 0x295a, 0x2544,
    0x3020, 0x2c8b, 0x27b3, 0x2a50, 0x2813, 0x254e, 0x2bd3, 0x26ef, 0x22a0, 0x3173, 0x2e26, 0x2a35,
    0x35e3, 0x340c, 0x31b3, 0x3444, 0x3158, 0x2e4a, 0x3156, 0x2dbf, 0x2a63, 0x3ad7, 0x3878, 0x31f0,
    0x3734, 0x33f9, 0x2fb3, 0x3699, 0x33d5, 0x306c, 0x37f0, 0x34be, 0x310c, 0x39cf, 0x37c1, 0x3492,
    0x38f9, 0x3507, 0x3050, 0x350f, 0x312f, 0x2e23, 0x3396, 0x3118, 0x2d97, 0x36e2, 0x35f2, 0x303f,
    0x3557, 0x326b, 0x2cd1, 0x2f85, 0x2cb5, 0x28ae, 0x2cde, 0x2a5c, 0x27dd, 0x35e2, 0x34ec, 0x347b,
    0x31a3, 0x2eea, 0x2bfc, 0x2ed1, 0x2e1d, 0x2c8d, 0x2ea3, 0x2c92, 0x28d6, 0x356a, 0x34da, 0x346f,
    0x3020, 0x2ef0, 0x2cfc, 0x30e5, 0x2f96, 0x2d1f, 0x2865, 0x27b6, 0x2551, 0x2042, 0x1e53, 0x1c84,
    0x3281, 0x317e, 0x2f57, 0x308b, 0x2f4b, 0x2c3c, 0x344e, 0x32ed, 0x3009, 0x2dc9, 0x2cfa, 0x2ae3,
    0x2fb3, 0x2eb0, 0x2d55, 0x3683, 0x3541, 0x32bd, 0x32b7, 0x3147, 0x2ed3, 0x333a, 0x31f7, 0x2fd1,
    0x2bb7, 0x2afa, 0x299a, 0x2eb2, 0x2cd2, 0x2947, 0x251e, 0x250c, 0x2438, 0x2620, 0x2631, 0x248a,
    0x289a, 0x2824, 0x27c6, 0x29f9, 0x2756, 0x247d, 0x2b9c, 0x2aad, 0x290c, 0x28a1, 0x27bf, 0x26f2,
    0x2c6d, 0x2b47, 0x2a43, 0x2a4c, 0x2956, 0x284b, 0x2a2e, 0x2932, 0x2855, 0x2d00, 0x2c2c, 0x2a8d,
    0x3251, 0x312c, 0x300d, 0x3140, 0x30e9, 0x3104, 0x3172, 0x30eb, 0x30a6, 0x2f03, 0x2e4e, 0x2d3b,
    0x3d83, 0x3bde, 0x38c5, 0x29ed, 0x292b, 0x28c2, 0x38d8, 0x36b4, 0x3360, 0x3c3d, 0x3ab3, 0x3831,
    0x2b96, 0x2b0f, 0x2963, 0x2cf5, 0x2b84, 0x2b4f, 0x3442, 0x31cc, 0x2d89, 0x354c, 0x3403, 0x30d2,
    0x2acb, 0x2839, 0x21b8, 0x3420, 0x312a, 0x2cff, 0x350a, 0x3132, 0x2d73, 0x3582, 0x3365, 0x3123,
    0x35b0, 0x33d4, 0x307a, 0x3bca, 0x3911, 0x35db, 0x3776, 0x349a, 0x320f, 0x3384, 0x309c, 0x2c2f,
    0x36e5, 0x344e, 0x3114, 0x30a0, 0x2dcd, 0x2ba4, 0x34dc, 0x31c4, 0x2d01, 0x380c, 0x3423, 0x30a9,
    0x3992, 0x36c1, 0x32dd, 0x3550, 0x33ca, 0x307e, 0x35e1, 0x34b0, 0x3090, 0x3178, 0x3063, 0x2eaa,
    0x34ce, 0x3246, 0x2f7c, 0x343f, 0x33fb, 0x2d75, 0x3148, 0x3015, 0x2af8, 0x3680, 0x34a4, 0x31ea,
    0x3157, 0x2ea3, 0x2c0f, 0x2c71, 0x2a19, 0x280f, 0x3206, 0x302a, 0x2d53, 0x34d5, 0x3224, 0x2f37,
    0x3d10, 0x3b35, 0x386e, 0x30ad, 0x2ffe, 0x2e12, 0x3337, 0x31ab, 0x2fc0, 0x2d1f, 0x2c31, 0x2b01,
    0x3376, 0x31db, 0x309a, 0x2ecb, 0x2d5b, 0x2b3b, 0x29ee, 0x2956, 0x271e, 0x2228, 0x204e, 0x1d93,
    0x328e, 0x3144, 0x2e9b, 0x2e34, 0x2d38, 0x2b5d, 0x2f10, 0x2e4b, 0x2cc7, 0x3049, 0x2de7, 0x2bfe,
    0x2bb1, 0x29ec, 0x2797, 0x330d, 0x31ba, 0x2f6f, 0x3803, 0x3686, 0x3468, 0x307a, 0x2f2b, 0x2c8e,
    0x3235, 0x31b1, 0x3116, 0x2bc5, 0x2a2f, 0x282f, 0x33ab, 0x32ff, 0x31f1, 0x38b0, 0x3834, 0x3702,
    0x382f, 0x37cb, 0x36e0, 0x33c4, 0x333b, 0x32f0, 0x2afc, 0x29a9, 0x277d, 0x345f, 0x341b, 0x3369,
    0x32f9, 0x32e2, 0x3276, 0x24a2, 0x244c, 0x243d, 0x3237, 0x3237, 0x31cc, 0x3204, 0x31bb, 0x30f5,
    0x316c, 0x30e9, 0x300e, 0x2ddf, 0x2d06, 0x2c04, 0x30b4, 0x302b, 0x2fe0, 0x304b, 0x2f0a, 0x2d0d,
    0x2cda, 0x2c3f, 0x2ac5, 0x3920, 0x37d4, 0x3525, 0x389a, 0x3676, 0x32fb, 0x2e41, 0x2d53, 0x2ae9,
    0x3787, 0x3440, 0x2faa, 0x3098, 0x2dd3, 0x2b52, 0x34f4, 0x3334, 0x3060, 0x3190, 0x2f31, 0x2b29,
    0x2975, 0x27b0, 0x2288, 0x38b0, 0x35fd, 0x322c, 0x36fa, 0x3458, 0x3088, 0x3277, 0x3093, 0x2e5e,
    0x3c6c, 0x394c, 0x351e, 0x39d7, 0x381f, 0x34ac, 0x3499, 0x31a8, 0x300d, 0x3317, 0x2ccf, 0x24e6,
    0x3442, 0x32b7, 0x3140, 0x3074, 0x2d3e, 0x283b, 0x3093, 0x3039, 0x2e43, 0x2c19, 0x2bbd, 0x2b38,
    0x2fc0, 0x2e92, 0x2d18, 0x2fcd, 0x2e74, 0x2cac, 0x2bcd, 0x2a83, 0x2982, 0x2d4f, 0x2cd5, 0x2be8,
    0x3339, 0x30e5, 0x2e54, 0x2b8f, 0x2a3b, 0x28d7, 0x2ccb, 0x2b01, 0x28e3, 0x3157, 0x2fb8, 0x2cdc,
    0x3490, 0x32e1, 0x3125, 0x346c, 0x31f2, 0x2e28, 0x31da, 0x300f, 0x2d4e, 0x30d8, 0x2e75, 0x29d9,
    0x359b, 0x33d8, 0x314a, 0x2653, 0x24e0, 0x23c3, 0x3123, 0x3000, 0x2d69, 0x27e4, 0x2684, 0x25a3,
    0x271f, 0x2532, 0x22da, 0x3251, 0x31b3, 0x30ff, 0x29e4, 0x291e, 0x26b9, 0x23b8, 0x2064, 0x1c01,
    0x3284, 0x3191, 0x3056, 0x314d, 0x3068, 0x2e36, 0x31ba, 0x30ef, 0x3003, 0x34cb, 0x34da, 0x3543,
    0x359a, 0x3560, 0x3556, 0x346c, 0x344d, 0x3413, 0x3410, 0x33b1, 0x33a6, 0x31d7, 0x319a, 0x3184,
    0x2cef, 0x2cc3, 0x2cfe, 0x2dbc, 0x2ca6, 0x2a4b, 0x30e5, 0x306d, 0x2f6a, 0x2e62, 0x2da6, 0x2c4c,
    0x2cf6, 0x2bb7, 0x28e9, 0x2868, 0x26ee, 0x2525, 0x2ae2, 0x2a1a, 0x28ca, 0x2d3a, 0x2c2f, 0x29e3,
    0x29fb, 0x2876, 0x24e9, 0x26b8, 0x2690, 0x257c, 0x2a49, 0x2a17, 0x298e, 0x2c90, 0x2c93, 0x2b83,
    0x2b5c, 0x2b70, 0x2adb, 0x2a63, 0x2a57, 0x29dd, 0x26a3, 0x25a0, 0x24d4, 0x2800, 0x2772, 0x26d5,
    0x3e18, 0x3c80, 0x39cb, 0x2af5, 0x28bc, 0x2627, 0x3a1a, 0x381a, 0x33ba, 0x3128, 0x2fdc, 0x2cec,
    0x3584, 0x3450, 0x32ca, 0x2d84, 0x2c84, 0x2b2e, 0x25dc, 0x2459, 0x232d, 0x2f64, 0x2cec, 0x2943,
    0x29d0, 0x270c, 0x2251, 0x3587, 0x335d, 0x3056, 0x3454, 0x324f, 0x3046, 0x319c, 0x2fc5, 0x2d37,
    0x36d6, 0x3448, 0x30d0, 0x32d8, 0x3197, 0x2f89, 0x3057, 0x2ee5, 0x2d90, 0x2e85, 0x2db3, 0x2cad,
    0x30d8, 0x2ff0, 0x2e12, 0x2ee4, 0x2d2a, 0x2c0f, 0x3283, 0x313b, 0x2f5e, 0x2f72, 0x2d23, 0x2add,
    0x3426, 0x3217, 0x30ce, 0x30b4, 0x2fd8, 0x2d2a, 0x29ff, 0x2948, 0x2898, 0x2cbe, 0x2bc3, 0x2a04,
    0x2ec5, 0x2c81, 0x29b3, 0x3549, 0x32e2, 0x3003, 0x3477, 0x31d0, 0x2eb9, 0x3256, 0x3031, 0x2cb3,
    0x3303, 0x3120, 0x2da1, 0x2e29, 0x2ce4, 0x2906, 0x2d5b, 0x2c98, 0x28c1, 0x2fee, 0x2cf7, 0x2982,
    0x349b, 0x3291, 0x3054, 0x3630, 0x34a6, 0x32e5, 0x3508, 0x3337, 0x308c, 0x2894, 0x2775, 0x2662,
    0x24d4, 0x2243, 0x1f73, 0x2892, 0x276e, 0x24f6, 0x28d7, 0x2846, 0x2615, 0x240b, 0x21ec, 0x1fbc,
    0x2b3e, 0x295f, 0x2736, 0x300a, 0x2e70, 0x2c85, 0x31b4, 0x3080, 0x2dec, 0x2c9f, 0x2b1b, 0x2905,
    0x2d1a, 0x2c3e, 0x2a0d, 0x2aa2, 0x293e, 0x26d7, 0x2c5c, 0x2a99, 0x2867, 0x2f88, 0x2e50, 0x2c02,
    0x2bd9, 0x2a6e, 0x2931, 0x26cc, 0x25db, 0x24b2, 0x2936, 0x285c, 0x2678, 0x2da3, 0x2cc7, 0x2a84,
    0x2df4, 0x2d27, 0x2bd2, 0x2a83, 0x29fe, 0x2864, 0x28bc, 0x273c, 0x2474, 0x2ec1, 0x2d3e, 0x2ba8,
    0x2afb, 0x2951, 0x26f1, 0x272e, 0x276e, 0x2624, 0x28b8, 0x28e4, 0x281e, 0x2a31, 0x2aa4, 0x2a00,
    0x2af6, 0x2bcf, 0x2b3c, 0x2a7c, 0x2a75, 0x2a00, 0x3009, 0x2e2c, 0x2b59, 0x2cf3, 0x2b12, 0x28a8,
    0x2b70, 0x2b4b, 0x2a7b, 0x2c0b, 0x2b59, 0x29b5, 0x3aa9, 0x389d, 0x34ac, 0x3543, 0x341f, 0x3242,
    0x34c5, 0x33ba, 0x3070, 0x3055, 0x2eee, 0x2c87, 0x34b3, 0x3295, 0x30bc, 0x34db, 0x31f6, 0x2d50,
    0x2a1b, 0x265c, 0x21ee, 0x2f27, 0x2c7b, 0x298f, 0x2dbd, 0x2ad6, 0x26bb, 0x2eef, 0x2d7b, 0x2c91,
    0x2da0, 0x2c6e, 0x2b8c, 0x308a, 0x2f4c, 0x2d64, 0x30a7, 0x2fc5, 0x2d8d, 0x2d08, 0x2c2b, 0x2ad5,
    0x2da7, 0x2cd5, 0x2bdf, 0x2ea1, 0x2da2, 0x2c70, 0x2bdc, 0x2b1f, 0x2a6f, 0x2c1f, 0x2b54, 0x2b98,
    0x29ea, 0x29fd, 0x2a14, 0x2c25, 0x2a48, 0x28c3, 0x3451, 0x324f, 0x3007, 0x31d6, 0x2fff, 0x2cd5,
    0x3502, 0x32ee, 0x300d, 0x32f2, 0x30f7, 0x2ea1, 0x3120, 0x2f5e, 0x2d56, 0x32e8, 0x31ad, 0x2f84,
    0x2e19, 0x2bd1, 0x28d0, 0x2d18, 0x2c92, 0x2937, 0x2d75, 0x2cc5, 0x29b5, 0x2d3c, 0x2d1a, 0x28cc,
    0x2dc6, 0x2c47, 0x284e, 0x323d, 0x310a, 0x2fc7, 0x29da, 0x26fb, 0x23d6, 0x2d6b, 0x2c96, 0x2b08,
    0x3152, 0x2f9a, 0x2c75, 0x29b2, 0x2857, 0x2591, 0x29a1, 0x290f, 0x26a3, 0x240a, 0x2157, 0x1e0e,
    0x31bb, 0x30b0, 0x2e79, 0x2f4c, 0x2d96, 0x2b8e, 0x35d8, 0x34de, 0x322e, 0x2e46, 0x2bdf, 0x2825,
    0x251d, 0x24a0, 0x24b6, 0x31bd, 0x30d4, 0x2e6f, 0x340d, 0x3268, 0x2f87, 0x2b39, 0x2a06, 0x2730,
    0x3182, 0x3064, 0x2eb8, 0x29d1, 0x2870, 0x25db, 0x23cb, 0x2282, 0x2006, 0x25dc, 0x2484, 0x21c9,
    0x2efc, 0x2e4d, 0x2cb9, 0x2a0b, 0x290b, 0x2725, 0x2d64, 0x2bd2, 0x2834, 0x304c, 0x2ea0, 0x2cd2,
    0x2c1f, 0x29b2, 0x26e7, 0x2b7c, 0x2ab4, 0x28d9, 0x3105, 0x3037, 0x2e0f, 0x321e, 0x3135, 0x2f6e,
    0x34aa, 0x33df, 0x321e, 0x3072, 0x2fe6, 0x2efd, 0x3107, 0x2f1a, 0x2bb7, 0x3134, 0x303c, 0x2dec,
    0x2a51, 0x29a6, 0x2700, 0x3022, 0x2e9b, 0x2c6c, 0x3c65, 0x3a1b, 0x379d, 0x3516, 0x3319, 0x300b,
    0x2fee, 0x2ee8, 0x2cae, 0x3292, 0x30a9, 0x2d30, 0x3024, 0x2e1d, 0x2b7a, 0x2f96, 0x2da9, 0x2be8,
    0x2cb7, 0x2c44, 0x2ac9, 0x2a92, 0x29eb, 0x2a2a, 0x2b5f, 0x2b0d, 0x2b67, 0x2ea9, 0x2d5b, 0x2c23,
    0x2ba8, 0x2b32, 0x2bb4, 0x2ce7, 0x2c46, 0x2bcb, 0x2cde, 0x2c15, 0x2aef, 0x2cca, 0x2c48, 0x2c0b,
    0x2dd8, 0x2c88, 0x2b6b, 0x3355, 0x31df, 0x30eb, 0x2dae, 0x2c3d, 0x2a39, 0x2ae2, 0x28fa, 0x282c,
    0x2d87, 0x2c63, 0x2b93, 0x312e, 0x3029, 0x2e69, 0x3215, 0x30c9, 0x2f08, 0x3171, 0x2fae, 0x2dac,
    0x31e3, 0x307f, 0x2e52, 0x33f2, 0x31f2, 0x2f85, 0x307b, 0x2f00, 0x2d2f, 0x2f8e, 0x2d40, 0x2a68,
    0x3178, 0x300a, 0x2daa, 0x2f1c, 0x2d54, 0x2c26, 0x2dc0, 0x2ce8, 0x2ab9, 0x2d73, 0x2c1f, 0x29b3,
    0x2f2c, 0x2daf, 0x2be2, 0x3049, 0x2f44, 0x2d03, 0x3760, 0x359a, 0x3423, 0x2e07, 0x2cad, 0x2a91,
    0x250e, 0x22d8, 0x207d, 0x2acb, 0x2952, 0x273a, 0x2623, 0x2546, 0x22b1, 0x2467, 0x21ef, 0x1ebf,
    0x30e5, 0x3075, 0x2e89, 0x2fa4, 0x2dd1, 0x2ad3, 0x3357, 0x31e0, 0x2fbb, 0x2f2e, 0x2cb3, 0x299e,
    0x2fde, 0x2ee2, 0x2d4b, 0x33dc, 0x3263, 0x3064, 0x354d, 0x3420, 0x3141, 0x2d54, 0x2c2c, 0x29ec,
    0x2dfe, 0x2c70, 0x2a95, 0x2ce8, 0x2b62, 0x2879, 0x340f, 0x327d, 0x30ab, 0x34a1, 0x33b7, 0x31bc,
    0x352b, 0x3467, 0x324c, 0x3095, 0x2f8f, 0x2e1b, 0x2e3f, 0x2c3a, 0x281b, 0x3497, 0x3383, 0x3136,
    0x3316, 0x31b5, 0x3010, 0x2c8a, 0x2b72, 0x2922, 0x31c7, 0x30a7, 0x2ded, 0x30a5, 0x2f79, 0x2cb4,
    0x2ee6, 0x2d77, 0x2a56, 0x295b, 0x282a, 0x2539, 0x2ea6, 0x2d44, 0x2afa, 0x2e3c, 0x2cc2, 0x29d2,
    0x2d72, 0x2c83, 0x2a29, 0x324a, 0x30e3, 0x2fc4, 0x36f6, 0x3507, 0x3186, 0x30cc, 0x2f05, 0x2c40,
    0x2b89, 0x2a27, 0x282c, 0x2cb6, 0x2a4b, 0x26df, 0x3271, 0x2f9d, 0x2c0b, 0x3359, 0x30a5, 0x2dcb,
    0x2f19, 0x2e27, 0x2cf3, 0x2de5, 0x2d36, 0x2c77, 0x31d0, 0x30c1, 0x2fef, 0x303d, 0x2f17, 0x2e12,
    0x3243, 0x3081, 0x2e31, 0x3060, 0x2f12, 0x2dde, 0x2c3d, 0x2a9a, 0x2945, 0x2c1c, 0x2bd8, 0x2c2a,
    0x2fe2, 0x2d8d, 0x29ed, 0x325b, 0x312b, 0x2fed, 0x341b, 0x3210, 0x3008, 0x2fef, 0x2dd7, 0x2c3a,
    0x2f0a, 0x2e05, 0x2d20, 0x2e47, 0x2cad, 0x2b76, 0x3106, 0x2f70, 0x2d00, 0x2f8b, 0x2ea3, 0x2d67,
    0x2ec8, 0x2ef8, 0x2e82, 0x3173, 0x306d, 0x2fdc, 0x3567, 0x3390, 0x30eb, 0x33d5, 0x32ba, 0x3115,
    0x2eda, 0x2d82, 0x2cae, 0x3009, 0x2e94, 0x2d67, 0x302a, 0x2e85, 0x2cc8, 0x3122, 0x2fe2, 0x2db0,
    0x2e13, 0x2c5c, 0x29f4, 0x303d, 0x2e88, 0x2ceb, 0x3508, 0x33d0, 0x31c3, 0x215a, 0x1fa0, 0x1e8e,
    0x2596, 0x22ba, 0x1f90, 0x2b30, 0x29ee, 0x2816, 0x266b, 0x2506, 0x231a, 0x2139, 0x1e21, 0x1af3,
    0x30a1, 0x2fe7, 0x2e93, 0x3093, 0x2f05, 0x2ca8, 0x3580, 0x346b, 0x324b, 0x3279, 0x311b, 0x2fd9,
    0x351c, 0x3442, 0x320e, 0x3464, 0x330a, 0x30eb, 0x3326, 0x31b0, 0x2f69, 0x30e0, 0x2f6f, 0x2cbb,
    0x2d66, 0x2bbf, 0x29e7, 0x2b3d, 0x2991, 0x2747, 0x2f7e, 0x2de7, 0x2af3, 0x2dfc, 0x2c91, 0x29a0,
    0x2d8f, 0x2c2a, 0x28e2, 0x28e7, 0x27af, 0x25a6, 0x2bd8, 0x299b, 0x25ee, 0x2db6, 0x2c32, 0x2949,
    0x2bad, 0x2965, 0x25f9, 0x2530, 0x2523, 0x252a, 0x2b80, 0x2b48, 0x29e1, 0x2a9a, 0x2a60, 0x294c,
    0x29c9, 0x2a83, 0x27fa, 0x26ab, 0x26ae, 0x23ec, 0x27ea, 0x264e, 0x2547, 0x290b, 0x27d5, 0x24eb,
    0x3e57, 0x3cd4, 0x3aa2, 0x308c, 0x2e60, 0x2a07, 0x2fb9, 0x2da4, 0x28f8, 0x2dcb, 0x2bc1, 0x2804,
    0x302e, 0x2cf0, 0x293c, 0x2858, 0x25d8, 0x2365, 0x304b, 0x2d4d, 0x2a64, 0x3031, 0x2f21, 0x2e46,
    0x303d, 0x2ec7, 0x2ce6, 0x2fe0, 0x2ecc, 0x2dce, 0x3061, 0x2f85, 0x2ebf, 0x3040, 0x3020, 0x3027,
    0x2cdb, 0x2cbc, 0x2cd5, 0x2c9c, 0x2c0c, 0x2b67, 0x307e, 0x2d67, 0x2823, 0x3456, 0x33a9, 0x31e4,
    0x38a6, 0x3634, 0x322b, 0x352f, 0x33e0, 0x31ca, 0x31a9, 0x2fd1, 0x2d02, 0x2e49, 0x2d40, 0x2c5a,
    0x2c89, 0x2c2c, 0x2c73, 0x3168, 0x2fa2, 0x2d24, 0x38c5, 0x3666, 0x33c7, 0x3127, 0x3060, 0x2f43,
    0x3633, 0x3470, 0x3176, 0x33f8, 0x3188, 0x2ec7, 0x347f, 0x32d4, 0x306c, 0x3530, 0x33af, 0x3124,
    0x3053, 0x2f57, 0x2dfc, 0x3031, 0x2df3, 0x2ca7, 0x30ff, 0x303a, 0x2ea0, 0x2cb5, 0x2b2b, 0x2974,
    0x30d6, 0x2fa2, 0x2d87, 0x31b6, 0x3053, 0x2e25, 0x326d, 0x301a, 0x2cdb, 0x369a, 0x359b, 0x34f3,
    0x2cf6, 0x2a96, 0x26f2, 0x2cab, 0x2b8d, 0x28c2, 0x25ef, 0x24b1, 0x22e9, 0x2425, 0x2239, 0x2004,
    0x2895, 0x2725, 0x246c, 0x2f1c, 0x2de7, 0x2c12, 0x2c7d, 0x2a22, 0x266c, 0x2c09, 0x2a06, 0x2762,
    0x2ba0, 0x29a4, 0x26a4, 0x3021, 0x2eb5, 0x2c9a, 0x30f0, 0x2fe4, 0x2cd7, 0x2d0e, 0x2bcc, 0x2838,
    0x2a99, 0x2984, 0x282c, 0x2bca, 0x2a12, 0x2856, 0x264b, 0x2517, 0x2484, 0x28a7, 0x2811, 0x26e0,
    0x2d4a, 0x2cc2, 0x2c05, 0x2ddf, 0x2d6f, 0x2cb9, 0x253c, 0x247f, 0x233a, 0x307c, 0x2e8d, 0x2d3c,
    0x2c79, 0x2a9a, 0x280a, 0x2e43, 0x2e63, 0x2d71, 0x2ead, 0x2dec, 0x2c63, 0x29a3, 0x29ad, 0x2872,
    0x2909, 0x291e, 0x2673, 0x2d1c, 0x2d77, 0x287d, 0x2d93, 0x2c50, 0x28fa, 0x2b08, 0x2933, 0x2684,
    0x3033, 0x2e8a, 0x2bdf, 0x2f5e, 0x2e44, 0x2ab1, 0x2d37, 0x2bc6, 0x2794, 0x3295, 0x3129, 0x2fab,
    0x2ccd, 0x2c14, 0x2aa4, 0x2f8d, 0x2e36, 0x2dc8, 0x2d6d, 0x2c9b, 0x2c2a, 0x2c2b, 0x2af3, 0x2ae5,
    0x2c58, 0x2c21, 0x2bf7, 0x2dab, 0x2d0c, 0x2cfe, 0x2e37, 0x2d50, 0x2cdc, 0x29e1, 0x2996, 0x2a61,
    0x3080, 0x2f2b, 0x2d76, 0x3634, 0x34da, 0x3207, 0x3107, 0x3059, 0x2f06, 0x336f, 0x3269, 0x30fc,
    0x2ee1, 0x2d84, 0x2d5d, 0x2fce, 0x2f26, 0x2f06, 0x35fa, 0x3357, 0x306a, 0x304a, 0x2f5a, 0x2dc8,
    0x3079, 0x2f77, 0x2e2e, 0x3614, 0x3412, 0x30b6, 0x33ae, 0x31e9, 0x3063, 0x3640, 0x340f, 0x3088,
    0x3588, 0x33ce, 0x30c3, 0x3134, 0x304d, 0x2ecf, 0x3112, 0x2f41, 0x2c8c, 0x3508, 0x3404, 0x3116,
    0x34fe, 0x337b, 0x30ef, 0x2cb7, 0x2bfc, 0x2b79, 0x2f36, 0x2ddd, 0x2c97, 0x2b3a, 0x2a17, 0x290d,
    0x2f77, 0x2dec, 0x2c7c, 0x3110, 0x2f59, 0x2cfd, 0x30e7, 0x2e33, 0x2b1d, 0x2d12, 0x2c03, 0x2a98,
    0x2f1d, 0x2d0c, 0x29cc, 0x2b9f, 0x2abc, 0x2888, 0x2523, 0x2441, 0x2273, 0x258d, 0x23b4, 0x214b,
    0x29bb, 0x28e6, 0x26f0, 0x24f5, 0x23b4, 0x21aa, 0x26b1, 0x24ac, 0x21fd, 0x2dee, 0x2bdd, 0x2883,
    0x355f, 0x3412, 0x306a, 0x327f, 0x3005, 0x2cad, 0x34ae, 0x331e, 0x3111, 0x2cf0, 0x2a98, 0x26af,
    0x300c, 0x2e56, 0x2c82, 0x2068, 0x206a, 0x20f8, 0x30ac, 0x2ec0, 0x2d01, 0x2be3, 0x2a78, 0x28de,
    0x2c40, 0x2b58, 0x29f6, 0x2d98, 0x2d5a, 0x2ccf, 0x2886, 0x26ce, 0x247b, 0x3187, 0x302c, 0x2e27,
    0x2e54, 0x2d0b, 0x2abb, 0x2d66, 0x2db4, 0x2cd1, 0x3099, 0x307a, 0x2f75, 0x3323, 0x325b, 0x3082,
    0x34ff, 0x3460, 0x316b, 0x35aa, 0x34d9, 0x31f8, 0x2f23, 0x2d37, 0x2a8a, 0x2c07, 0x29b7, 0x2648,
    0x303a, 0x2ecc, 0x2d0b, 0x2ebd, 0x2d24, 0x2ace, 0x290c, 0x27e7, 0x2558, 0x29f6, 0x28ce, 0x28c0,
    0x314b, 0x3013, 0x2d19, 0x2a90, 0x2ab7, 0x2a75, 0x2d82, 0x2cf2, 0x2c54, 0x2c1d, 0x2a0c, 0x28fe,
    0x2e82, 0x2dc5, 0x2da1, 0x2c1f, 0x2b74, 0x2b28, 0x2fc0, 0x2d80, 0x2cf1, 0x306c, 0x2e74, 0x2c01,
    0x323a, 0x314c, 0x306f, 0x346e, 0x324e, 0x3036, 0x2e56, 0x2d2b, 0x2cc7, 0x31c0, 0x3169, 0x3107,
    0x3440, 0x329e, 0x3038, 0x2eff, 0x2dd4, 0x2d1e, 0x2dcf, 0x2d5b, 0x2d26, 0x2f97, 0x2f19, 0x2ecd,
    0x33e5, 0x32f8, 0x3197, 0x3727, 0x34be, 0x3144, 0x359d, 0x3342, 0x2fc4, 0x338f, 0x31ab, 0x3065,
    0x3154, 0x309e, 0x2fbd, 0x33c8, 0x3266, 0x30e4, 0x3351, 0x3111, 0x2f28, 0x34ea, 0x3262, 0x2fc1,
    0x3142, 0x3021, 0x2e73, 0x2fcc, 0x2e79, 0x2d4c, 0x2fda, 0x2dd4, 0x2c70, 0x2d4b, 0x2c59, 0x2b6a,
    0x2f02, 0x2d7d, 0x2bf2, 0x3114, 0x2f2b, 0x2ce4, 0x2d5a, 0x2bb1, 0x2850, 0x2cf0, 0x2ad6, 0x2874,
    0x301a, 0x2de1, 0x2a7d, 0x2c4a, 0x2b3b, 0x28c9, 0x255c, 0x244f, 0x2247, 0x24ea, 0x22d7, 0x1fd6,
    0x2e2b, 0x2d9e, 0x2bce, 0x2eb8, 0x2d3e, 0x2acd, 0x31e9, 0x30db, 0x2f6a, 0x2fdb, 0x2d8b, 0x29e5,
    0x33d8, 0x3242, 0x2edc, 0x3544, 0x32fb, 0x2f74, 0x3549, 0x33fc, 0x318d, 0x3766, 0x3581, 0x32ae,
    0x3210, 0x3048, 0x2d8c, 0x32b7, 0x30ce, 0x2e75, 0x35df, 0x3453, 0x31ad, 0x3267, 0x30e7, 0x2f05,
    0x2cd2, 0x2b1f, 0x2996, 0x2c97, 0x2c36, 0x2bca, 0x2ced, 0x2b65, 0x280d, 0x2c2a, 0x29f7, 0x28f4,
    0x2b03, 0x2986, 0x26e6, 0x29dd, 0x28f9, 0x276a, 0x30a2, 0x301e, 0x2e96, 0x34a0, 0x3402, 0x31eb,
    0x321c, 0x3168, 0x3011, 0x31e8, 0x30f4, 0x2f95, 0x2f0b, 0x2d70, 0x2b3f, 0x32b4, 0x31bb, 0x3112,
    0x2a34, 0x2977, 0x290a, 0x2fd0, 0x2e1a, 0x2c3d, 0x2cac, 0x2c7e, 0x2c3c, 0x29c6, 0x2913, 0x2870,
    0x2b42, 0x2a12, 0x2942, 0x2fb1, 0x2e6e, 0x2d91, 0x2efe, 0x2d44, 0x2c33, 0x3158, 0x312b, 0x306c,
    0x31fe, 0x30e4, 0x2f9c, 0x34d1, 0x33ee, 0x32da, 0x2eef, 0x2db7, 0x2c53, 0x30b8, 0x3032, 0x2f35,
    0x30be, 0x2f08, 0x2d28, 0x2fda, 0x2ec8, 0x2e39, 0x3002, 0x2f7d, 0x2e16, 0x2e0e, 0x2d2d, 0x2c2e,
    0x3059, 0x2e72, 0x2ccd, 0x33d3, 0x320c, 0x3018, 0x2d36, 0x2ce9, 0x2d02, 0x309e, 0x3026, 0x2f85,
    0x3588, 0x334d, 0x30cc, 0x33b2, 0x3205, 0x30e8, 0x34f6, 0x3283, 0x3005, 0x3562, 0x345a, 0x3195,
    0x2d83, 0x2bfd, 0x2a39, 0x3446, 0x318f, 0x2eac, 0x36b4, 0x33ae, 0x2fc7, 0x3098, 0x2eb6, 0x2c9a,
    0x3050, 0x2e14, 0x2c49, 0x3207, 0x30a9, 0x2ef4, 0x2ec0, 0x2c42, 0x288f, 0x31a4, 0x3006, 0x2d6b,
    0x2ef6, 0x2d42, 0x2b4a, 0x30e8, 0x2e85, 0x2c13, 0x2e8a, 0x2c86, 0x2987, 0x3095, 0x2eef, 0x2cbd,
    0x2f53, 0x2d3b, 0x2a29, 0x2caf, 0x2c14, 0x29af, 0x249b, 0x23bd, 0x2143, 0x2676, 0x248c, 0x2224,
    0x2807, 0x2762, 0x24ff, 0x2fb4, 0x2dff, 0x2c2c, 0x2f8b, 0x2e37, 0x2cb6, 0x310b, 0x2f98, 0x2be5,
    0x3835, 0x36d4, 0x33b3, 0x3542, 0x3403, 0x305e, 0x3541, 0x33c7, 0x30b6, 0x3a97, 0x3812, 0x342c,
    0x30ae, 0x2ef3, 0x2d52, 0x2f4c, 0x2cff, 0x2a6e, 0x345c, 0x3346, 0x31df, 0x37c7, 0x3632, 0x34d6,
    0x3560, 0x3452, 0x33e4, 0x3046, 0x2f31, 0x2e0b, 0x2d59, 0x2bcf, 0x2850, 0x354f, 0x34ce, 0x3471,
    0x33cb, 0x3304, 0x31e0, 0x2f61, 0x2e57, 0x2d27, 0x342e, 0x335d, 0x326f, 0x32fc, 0x31b7, 0x3114,
    0x2f33, 0x2dc3, 0x2c22, 0x3197, 0x3053, 0x2e05, 0x2ef8, 0x2d4a, 0x2aa5, 0x2f9c, 0x2ea6, 0x2d60,
    0x2c3b, 0x2ba8, 0x2b44, 0x2e3b, 0x2c94, 0x29d8, 0x2c76, 0x2b7f, 0x2aa4, 0x2c70, 0x2ba0, 0x2b47,
    0x2dcd, 0x2cb9, 0x2b46, 0x3196, 0x30a7, 0x2f5a, 0x2f75, 0x2e29, 0x2d22, 0x3567, 0x3320, 0x30d7,
    0x2cae, 0x2c5c, 0x2c36, 0x2dc0, 0x2cbb, 0x2c46, 0x2c66, 0x2c13, 0x2c47, 0x2d99, 0x2d32, 0x2c83,
    0x3249, 0x319e, 0x30d8, 0x301c, 0x2f68, 0x2eac, 0x3204, 0x3137, 0x306c, 0x2f9b, 0x2e50, 0x2885,
    0x3041, 0x2f43, 0x2e15, 0x3174, 0x30e1, 0x303c, 0x2f03, 0x2e22, 0x2d65, 0x30d4, 0x3080, 0x3029,
    0x2e72, 0x2c1c, 0x298a, 0x3425, 0x3290, 0x309a, 0x385e, 0x355a, 0x312d, 0x387a, 0x362d, 0x3430,
    0x2e07, 0x2d30, 0x2cd2, 0x2f5d, 0x2d7d, 0x2a0b, 0x3669, 0x345a, 0x310f, 0x3601, 0x3420, 0x312a,
    0x3109, 0x2ec0, 0x2c67, 0x334c, 0x308f, 0x2d29, 0x340b, 0x3027, 0x2b87, 0x3647, 0x340c, 0x30b0,
    0x353e, 0x31c7, 0x2ff4, 0x2f3e, 0x2ce6, 0x297a, 0x3040, 0x2e08, 0x2b3f, 0x2e12, 0x2c5e, 0x29c2,
    0x2acb, 0x28f4, 0x26e1, 0x2be2, 0x2b61, 0x28de, 0x24ad, 0x23a0, 0x21a3, 0x27e8, 0x2451, 0x1fff,
    0x28e0, 0x2704, 0x24ae, 0x2e3c, 0x2cf0, 0x2a74, 0x2f6e, 0x2e25, 0x2d8e, 0x345f, 0x331e, 0x3168,
    0x3792, 0x369a, 0x34c3, 0x36f2, 0x35ff, 0x351d, 0x371b, 0x3617, 0x354b, 0x3244, 0x3199, 0x3124,
    0x30e8, 0x3066, 0x2eca, 0x2e1f, 0x2d1c, 0x2ad5, 0x3199, 0x30d4, 0x2f3e, 0x301e, 0x2f10, 0x2d46,
    0x2f60, 0x2e00, 0x2cde, 0x2a90, 0x28a0, 0x25e3, 0x2dc2, 0x2c0e, 0x2836, 0x2e97, 0x2d52, 0x2b32,
    0x2de9, 0x2ce5, 0x2ac0, 0x28c5, 0x2817, 0x2483, 0x2e5a, 0x2da2, 0x291e, 0x2e57, 0x2f12, 0x25d9,
    0x27a4, 0x25e6, 0x24fb, 0x284e, 0x2743, 0x256d, 0x2e90, 0x2ce5, 0x29b1, 0x2b8e, 0x2975, 0x264b,
    0x29cb, 0x2928, 0x28c1, 0x2d2a, 0x2c40, 0x2aa4, 0x2f95, 0x2dd0, 0x2cfe, 0x2e66, 0x2d70, 0x2c5e,
    0x2e7d, 0x2d2f, 0x2c7c, 0x2fb9, 0x2e58, 0x2d09, 0x2d50, 0x2c9f, 0x2c3c, 0x2f34, 0x2ef8, 0x2e8d,
    0x2db4, 0x2d41, 0x2d33, 0x2fed, 0x2f12, 0x2e4a, 0x3261, 0x318c, 0x30ed, 0x2dcb, 0x2d1b, 0x2c88,
    0x2dec, 0x2d41, 0x2c9d, 0x32cc, 0x31bf, 0x3075, 0x32ed, 0x3196, 0x304a, 0x311d, 0x2f8e, 0x2d65,
    0x32b5, 0x319b, 0x30c2, 0x2ed7, 0x2e61, 0x2da7, 0x3019, 0x2e05, 0x2cc3, 0x3058, 0x2f62, 0x2eb5,
    0x3257, 0x316f, 0x30de, 0x34c7, 0x331a, 0x30de, 0x310b, 0x2fd9, 0x2de9, 0x2ddc, 0x2cb9, 0x2b93,
    0x34f3, 0x33d9, 0x3064, 0x34fe, 0x338d, 0x3181, 0x3192, 0x2fe7, 0x2cf6, 0x355d, 0x3647, 0x304d,
    0x31e2, 0x3016, 0x2d46, 0x2e0e, 0x2dd9, 0x2ad9, 0x305f, 0x2d77, 0x2af2, 0x373f, 0x345d, 0x30e1,
    0x2f35, 0x2c81, 0x29e9, 0x2c1e, 0x2959, 0x2606, 0x2e75, 0x2cd2, 0x2a17, 0x30a6, 0x2ea7, 0x2c0d,
    0x215e, 0x20ba, 0x20b7, 0x2b2d, 0x2a72, 0x2836, 0x24c8, 0x23dd, 0x220b, 0x244c, 0x228b, 0x2015,
    0x26cf, 0x254f, 0x241d, 0x2ffb, 0x2eb8, 0x2cfc, 0x2dcd, 0x2c8c, 0x2a8e, 0x2706, 0x2556, 0x234f,
    0x29f8, 0x290a, 0x274e, 0x3026, 0x2f40, 0x2d9b, 0x2e85, 0x2da7, 0x2c96, 0x2c51, 0x2aa1, 0x2744,
    0x2978, 0x2820, 0x264b, 0x2b6f, 0x293f, 0x26e8, 0x34c3, 0x31e6, 0x2e46, 0x3629, 0x3405, 0x30b4,
    0x301d, 0x2dfd, 0x2a89, 0x2a0a, 0x2918, 0x2584, 0x2912, 0x2802, 0x256f, 0x2e48, 0x2c76, 0x29b2,
    0x2cd9, 0x2c20, 0x2951, 0x2afe, 0x2978, 0x24e0, 0x31b7, 0x3106, 0x2b69, 0x304b, 0x2faf, 0x2ac2,
    0x2c29, 0x2995, 0x26e3, 0x26e1, 0x2574, 0x23fa, 0x2491, 0x232a, 0x22d0, 0x262b, 0x2462, 0x21e2,
    0x2d28, 0x2c29, 0x2a9e, 0x316e, 0x304a, 0x2edf, 0x3017, 0x2f7e, 0x2d2e, 0x32ae, 0x31b5, 0x30f4,
    0x2f52, 0x2e3d, 0x2d1a, 0x3035, 0x2fd3, 0x2f35, 0x2d20, 0x2cbc, 0x2c83, 0x2dca, 0x2d6f, 0x2d6c,
    0x2d40, 0x2c2b, 0x2a78, 0x3078, 0x2f53, 0x2e57, 0x3090, 0x3052, 0x304b, 0x3203, 0x30c1, 0x2f81,
    0x3051, 0x2f38, 0x2e11, 0x34c2, 0x33a3, 0x31a7, 0x360c, 0x3435, 0x3146, 0x31e2, 0x307d, 0x2ecf,
    0x2f99, 0x2ec6, 0x2e2b, 0x2dfb, 0x2dc8, 0x2dc7, 0x3022, 0x2fbc, 0x2e9b, 0x344d, 0x31e1, 0x2f99,
    0x323c, 0x3115, 0x308d, 0x30dc, 0x3044, 0x2f8f, 0x332e, 0x316b, 0x2e47, 0x3240, 0x301a, 0x2d61,
    0x3534, 0x3401, 0x3125, 0x314d, 0x2f04, 0x2c74, 0x3323, 0x30d2, 0x2e6c, 0x315a, 0x30e9, 0x2dca,
    0x30da, 0x2ecc, 0x2c0b, 0x308b, 0x2eae, 0x2bf7, 0x308f, 0x2eeb, 0x2c8d, 0x3410, 0x308a, 0x2cdb,
    0x34d5, 0x309d, 0x2cc7, 0x3066, 0x2d89, 0x29c7, 0x2ee6, 0x2ccd, 0x29f9, 0x3506, 0x3307, 0x2fb7,
    0x2981, 0x27cc, 0x24e9, 0x2a22, 0x2996, 0x27e3, 0x24d4, 0x23c7, 0x220a, 0x257a, 0x233c, 0x2079,
    0x2233, 0x2041, 0x1e0f, 0x2f11, 0x2d98, 0x2b31, 0x2cf3, 0x2b80, 0x28f4, 0x2d2b, 0x2c46, 0x291a,
    0x302f, 0x2f60, 0x2c97, 0x30c8, 0x2fbc, 0x2af9, 0x35b9, 0x347a, 0x303b, 0x3449, 0x32ba, 0x2f53,
    0x21ab, 0x1f03, 0x1cc7, 0x267c, 0x2552, 0x2478, 0x312f, 0x2a88, 0x2600, 0x369b, 0x3429, 0x318a,
    0x3068, 0x30de, 0x2afb, 0x2fb6, 0x2c95, 0x271d, 0x298c, 0x2815, 0x2561, 0x21c8, 0x2043, 0x1f56,
    0x291e, 0x2838, 0x2559, 0x290f, 0x2968, 0x2339, 0x2a87, 0x2b70, 0x22f6, 0x2f1d, 0x2cd6, 0x274c,
    0x34d1, 0x31cb, 0x2ee2, 0x2fec, 0x2dc7, 0x2b3a, 0x2d65, 0x2c55, 0x294d, 0x27b6, 0x2667, 0x2448,
    0x34a2, 0x35a2, 0x37b0, 0x2eb6, 0x2f7c, 0x2cec, 0x2c17, 0x2d21, 0x264b, 0x2f0c, 0x2fad, 0x2871,
    0x2ea7, 0x306e, 0x2c4f, 0x30a4, 0x31ba, 0x2ed3, 0x2b74, 0x2cb1, 0x231e, 0x2bcb, 0x2cc1, 0x2461,
    0x2b68, 0x2ccf, 0x2468, 0x2d01, 0x2ec8, 0x24cd, 0x2b0b, 0x2cbc, 0x1cd1, 0x2d22, 0x2e30, 0x2322,
    0x2ccc, 0x2d4e, 0x2597, 0x2c57, 0x2d4f, 0x2899, 0x2ebb, 0x2fe6, 0x2c53, 0x2b9f, 0x2ce0, 0x2543,
    0x3015, 0x30b1, 0x2fe4, 0x2d21, 0x2f0b, 0x2f47, 0x2c02, 0x2cca, 0x28c7, 0x2ffa, 0x3117, 0x2c8e,
    0x3457, 0x362a, 0x3834, 0x3950, 0x3b78, 0x3f24, 0x34c6, 0x366b, 0x3961, 0x33f6, 0x3566, 0x380c,
    0x3075, 0x3221, 0x3438, 0x3052, 0x3136, 0x2e4c, 0x3697, 0x38bf, 0x3b57, 0x36c4, 0x3872, 0x38c6,
    0x3525, 0x371e, 0x3852, 0x34c2, 0x3705, 0x37ed, 0x2fcf, 0x31dc, 0x2e57, 0x316e, 0x341e, 0x341f,
    0x347d, 0x36ad, 0x35cb, 0x300f, 0x305a, 0x2cc7, 0x2361, 0x21ca, 0x1a31, 0x2ce7, 0x2de3, 0x2854,
    0x33f6, 0x350f, 0x2ccc, 0x31a1, 0x3440, 0x2b58, 0x30a6, 0x330c, 0x3002, 0x310d, 0x3321, 0x2482,
    0x332c, 0x3548, 0x3062, 0x34cd, 0x3618, 0x3839, 0x31ab, 0x3417, 0x2c35, 0x367e, 0x3824, 0x3908,
    0x331f, 0x3494, 0x33ed, 0x3295, 0x345e, 0x30b6, 0x3292, 0x33b3, 0x2f74, 0x3335, 0x349c, 0x30df,
    0x332f, 0x3504, 0x2df1, 0x3426, 0x3531, 0x28af, 0x3216, 0x3448, 0x261f, 0x303c, 0x321f, 0x249c,
    0x3504, 0x3569, 0x309a, 0x3241, 0x32b6, 0x2971, 0x2fba, 0x2ec7, 0x296b, 0x33fe, 0x350a, 0x30a2,
    0x3302, 0x3539, 0x2d90, 0x36d9, 0x3893, 0x38d6, 0x332a, 0x34e0, 0x31a5, 0x3317, 0x356f, 0x2562,
    0x308c, 0x3370, 0x28ac, 0x2adc, 0x2e83, 0x1802, 0x2b75, 0x2eee, 0x2152, 0x2c2f, 0x2f08, 0x2733,
    0x2c50, 0x2cc7, 0x2739, 0x2dac, 0x2d10, 0x248e, 0x2be9, 0x2c78, 0x25f8, 0x2d60, 0x2e4b, 0x2dcd,
    0x3025, 0x3029, 0x2f52, 0x2f7c, 0x308d, 0x2dcd, 0x2f1c, 0x3017, 0x2e60, 0x2dc1, 0x2eec, 0x2ac7,
    0x2cf1, 0x2e68, 0x20f3, 0x2cfc, 0x2f25, 0x214c, 0x2d07, 0x2df6, 0x260f, 0x2d1a, 0x2ea4, 0x2a13,
    0x2b5f, 0x2d0d, 0x23d8, 0x319d, 0x330e, 0x3510, 0x2e8b, 0x2f4b, 0x23ec, 0x30f6, 0x3195, 0x2dac,
    0x2dd0, 0x2eac, 0x27eb, 0x306d, 0x31a2, 0x2bd4, 0x2992, 0x29fd, 0x2127, 0x2cf8, 0x2e5d, 0x2349,
    0x30e3, 0x3255, 0x2d2b, 0x33a9, 0x34bf, 0x2e24, 0x360c, 0x3852, 0x3b00, 0x354f, 0x3787, 0x3a6b,
    0x3621, 0x3895, 0x3c5e, 0x30f5, 0x33a9, 0x352a, 0x3343, 0x35a5, 0x3795, 0x34e6, 0x362f, 0x33dc,
    0x3178, 0x345f, 0x3105, 0x3289, 0x349f, 0x3499, 0x31d4, 0x3364, 0x3300, 0x3113, 0x3326, 0x2fb7,
    0x328f, 0x3509, 0x32f9, 0x352c, 0x3509, 0x2eb8, 0x298d, 0x2ad2, 0x22be, 0x2604, 0x265e, 0x1d89,
    0x32e8, 0x3559, 0x32f1, 0x3397, 0x357b, 0x30b4, 0x30a5, 0x32ea, 0x30a2, 0x3183, 0x31cc, 0x2cae,
    0x3099, 0x312b, 0x2fd2, 0x31f9, 0x33c8, 0x2bb6, 0x320f, 0x346c, 0x28e5, 0x3401, 0x34ea, 0x2d6c,
    0x33d5, 0x352c, 0x3120, 0x33a1, 0x34f8, 0x3502, 0x3241, 0x31b7, 0x2ef2, 0x35b1, 0x376b, 0x37ea,
    0x3348, 0x346e, 0x2cfd, 0x3467, 0x35e8, 0x2613, 0x3116, 0x32e1, 0x2502, 0x31ed, 0x3451, 0x24a2,
    0x3451, 0x34ed, 0x2dce, 0x32ff, 0x31dc, 0x27bc, 0x3429, 0x3626, 0x3671, 0x31c6, 0x3427, 0x2589,
    0x3348, 0x3559, 0x3034, 0x34cd, 0x3765, 0x3121, 0x306a, 0x32e1, 0x299a, 0x32cf, 0x3513, 0x2cfb,
    0x2f06, 0x31cc, 0x2af1, 0x2d8c, 0x30b4, 0x2cbe, 0x2d8d, 0x3122, 0x1c9f, 0x3040, 0x3303, 0x2789,
    0x2d24, 0x2e5a, 0x29ba, 0x299c, 0x29cc, 0x22d5, 0x2d38, 0x2d09, 0x2774, 0x2da9, 0x2e61, 0x2de7,
    0x31c5, 0x3320, 0x346c, 0x3459, 0x3564, 0x3702, 0x319e, 0x32cd, 0x3459, 0x2954, 0x2992, 0x216d,
    0x2c15, 0x2ccb, 0x221b, 0x2efd, 0x306d, 0x281b, 0x2c61, 0x2d48, 0x2412, 0x2c4e, 0x2e35, 0x28ff,
    0x2a65, 0x2c4b, 0x1ca5, 0x2d03, 0x2eb1, 0x27e2, 0x3042, 0x3008, 0x2c89, 0x2ed4, 0x2ff2, 0x2994,
    0x2c84, 0x2d88, 0x2517, 0x2c06, 0x2c62, 0x2337, 0x2bd4, 0x2ccf, 0x26c4, 0x2c2f, 0x2cd8, 0x2554,
    0x2c05, 0x2d44, 0x23c2, 0x2fd0, 0x3158, 0x2fac, 0x2ff0, 0x31a4, 0x2fb3, 0x3411, 0x3517, 0x37d2,
    0x3850, 0x3a80, 0x3e51, 0x396a, 0x3c28, 0x401f, 0x34f2, 0x36d6, 0x385d, 0x33d6, 0x355c, 0x347c,
    0x331c, 0x351e, 0x3625, 0x3530, 0x3780, 0x39b3, 0x3374, 0x346e, 0x32a5, 0x3128, 0x32ec, 0x2962,
    0x35b6, 0x376a, 0x2e26, 0x347a, 0x3636, 0x28a3, 0x2d3a, 0x2ec3, 0x2e0d, 0x2764, 0x25d2, 0x20d8,
    0x321b, 0x347a, 0x3253, 0x3271, 0x348f, 0x3151, 0x314c, 0x342b, 0x2a1e, 0x2aae, 0x2976, 0x2144,
    0x2f0c, 0x3023, 0x302b, 0x318a, 0x3392, 0x2b8c, 0x3101, 0x3209, 0x296e, 0x30ed, 0x3297, 0x28b8,
    0x3136, 0x32ff, 0x28d9, 0x32a0, 0x33d2, 0x300c, 0x346c, 0x366f, 0x3548, 0x33d4, 0x35a3, 0x349c,
    0x31e0, 0x32dc, 0x2a41, 0x32d9, 0x3480, 0x2c94, 0x3057, 0x3198, 0x25a1, 0x3271, 0x34ad, 0x2c7e,
    0x3180, 0x30a9, 0x29ea, 0x319a, 0x32ae, 0x2893, 0x35cb, 0x384f, 0x376e, 0x339e, 0x354d, 0x3629,
    0x362e, 0x3852, 0x3946, 0x3278, 0x3512, 0x2d42, 0x337b, 0x3578, 0x29af, 0x2fe5, 0x32ba, 0x2285,
    0x339f, 0x3591, 0x3439, 0x3108, 0x33e8, 0x2657, 0x300c, 0x3292, 0x2984, 0x2d80, 0x3020, 0x25af,
    0x2c36, 0x2ca5, 0x2a82, 0x2b92, 0x2bdb, 0x2a14, 0x2845, 0x2939, 0x2026, 0x27f4, 0x2847, 0x2071,
    0x3081, 0x3187, 0x3286, 0x2cad, 0x2d5b, 0x2961, 0x2c50, 0x2cd7, 0x251a, 0x3292, 0x3390, 0x2e99,
    0x2d3e, 0x2e31, 0x2c35, 0x2e4b, 0x2f99, 0x2b3e, 0x3111, 0x31fa, 0x2748, 0x2fd6, 0x30fa, 0x2a91,
    0x2fd5, 0x3125, 0x311c, 0x2df5, 0x2f1f, 0x2882, 0x2d2f, 0x2eb3, 0x2690, 0x2d1b, 0x2ee0, 0x2578,
    0x30ba, 0x31ab, 0x3005, 0x2f32, 0x3085, 0x270a, 0x30b0, 0x31b8, 0x2987, 0x2f5c, 0x3097, 0x2743,
    0x2d48, 0x2ebb, 0x247b, 0x2df1, 0x2fcc, 0x2ca3, 0x3379, 0x34f8, 0x36f5, 0x2dfc, 0x2ff0, 0x2ae9,
    0x33a9, 0x3512, 0x2f7e, 0x36ca, 0x390c, 0x3c5f, 0x320a, 0x3474, 0x34b9, 0x331d, 0x34ee, 0x34cb,
    0x36fb, 0x397f, 0x3cab, 0x359e, 0x382b, 0x38bd, 0x30e2, 0x3264, 0x2f23, 0x3227, 0x320d, 0x2d26,
    0x2e0b, 0x2f62, 0x2b42, 0x33b4, 0x3477, 0x2eab, 0x27b9, 0x2627, 0x1ec5, 0x2484, 0x22a8, 0x1be4,
    0x32be, 0x34ce, 0x2ee6, 0x314c, 0x33d3, 0x30dd, 0x30c7, 0x333b, 0x3158, 0x32dc, 0x3347, 0x2cd0,
    0x3215, 0x3375, 0x348e, 0x3104, 0x32da, 0x2e1f, 0x2f95, 0x31c5, 0x2d33, 0x3162, 0x33a0, 0x2cca,
    0x31d7, 0x3431, 0x26ec, 0x3639, 0x342f, 0x2d51, 0x3573, 0x37c9, 0x2b2d, 0x3458, 0x35cb, 0x2afc,
    0x30d9, 0x31d0, 0x2c59, 0x321f, 0x33bf, 0x2fcf, 0x3186, 0x3403, 0x28c1, 0x323b, 0x318d, 0x2b9a,
    0x3244, 0x3064, 0x2a3d, 0x322b, 0x3510, 0x32f6, 0x3336, 0x356a, 0x3444, 0x3634, 0x3812, 0x3a69,
    0x315b, 0x33d4, 0x2d7a, 0x31bc, 0x3485, 0x2b5d, 0x36e7, 0x38c4, 0x3a12, 0x3567, 0x380c, 0x3863,
    0x34fc, 0x36b9, 0x374c, 0x316a, 0x343a, 0x2cb5, 0x3038, 0x30fc, 0x288b, 0x3010, 0x3170, 0x2d7e,
    0x2898, 0x2893, 0x2254, 0x2831, 0x286e, 0x229b, 0x2db6, 0x2e0e, 0x2d68, 0x3017, 0x30ee, 0x313f,
    0x36e5, 0x3854, 0x3a8d, 0x343b, 0x35a5, 0x3886, 0x341d, 0x3566, 0x36fa, 0x3073, 0x30ed, 0x2ed7,
    0x2ed4, 0x304c, 0x2b57, 0x2f61, 0x30c6, 0x28a2, 0x3066, 0x3128, 0x2b34, 0x305a, 0x3163, 0x2d12,
    0x3225, 0x3438, 0x34ee, 0x32fe, 0x3438, 0x3535, 0x2e18, 0x2fe0, 0x2ad9, 0x2e41, 0x2f29, 0x2955,
    0x2dcc, 0x2d69, 0x254c, 0x30a7, 0x31da, 0x289b, 0x2fa5, 0x30c1, 0x2987, 0x2e3d, 0x2ff5, 0x278a,
    0x2f59, 0x3098, 0x25b8, 0x2a15, 0x2b65, 0x206e, 0x2c80, 0x2d4f, 0x2838, 0x2b1f, 0x2d0e, 0x2659,
    0x2d95, 0x2eae, 0x2afa, 0x32c6, 0x34b5, 0x36af, 0x3770, 0x39a0, 0x3cf8, 0x352d, 0x36ac, 0x3843,
    0x3571, 0x37b5, 0x36c8, 0x33c2, 0x3576, 0x3485, 0x3656, 0x393e, 0x3c4a, 0x32db, 0x340f, 0x2f0e,
    0x34d6, 0x370b, 0x31d9, 0x3112, 0x3357, 0x27fe, 0x2fff, 0x310c, 0x2966, 0x2594, 0x24d6, 0x1e35,
    0x2bb9, 0x2c3c, 0x2751, 0x300b, 0x3296, 0x28ae, 0x282f, 0x279e, 0x1fde, 0x31d1, 0x3329, 0x34b7,
    0x3426, 0x362f, 0x3948, 0x347b, 0x3718, 0x3897, 0x2c40, 0x2d81, 0x2870, 0x3004, 0x31ad, 0x2947,
    0x3388, 0x34be, 0x28b1, 0x3572, 0x355e, 0x2cbe, 0x31c6, 0x328f, 0x2b20, 0x3388, 0x354f, 0x27e4,
    0x3479, 0x3547, 0x3185, 0x35b2, 0x3810, 0x38e1, 0x31ef, 0x31f0, 0x2c9a, 0x3001, 0x2e47, 0x2696,
    0x390d, 0x36b5, 0x321f, 0x3084, 0x3283, 0x2c7d, 0x3092, 0x33ac, 0x217f, 0x307f, 0x32f4, 0x2985,
    0x30e5, 0x332b, 0x2c75, 0x2fdf, 0x3234, 0x2a07, 0x32f7, 0x34a3, 0x341f, 0x31b5, 0x3424, 0x3326,
    0x30eb, 0x3179, 0x2c76, 0x3477, 0x3596, 0x33ec, 0x33a1, 0x34f7, 0x2a50, 0x37d5, 0x3964, 0x36d7,
    0x31c2, 0x32a3, 0x3457, 0x36a2, 0x37b0, 0x3952, 0x2f23, 0x2f77, 0x2f2e, 0x301e, 0x307d, 0x2f54,
    0x306c, 0x31ce, 0x32e7, 0x3570, 0x366e, 0x38dc, 0x3818, 0x3929, 0x3c31, 0x321c, 0x3374, 0x332d,
    0x3220, 0x345e, 0x362f, 0x2e7c, 0x2f98, 0x2495, 0x3256, 0x337f, 0x34af, 0x2db9, 0x2f0d, 0x272d,
    0x2e07, 0x300b, 0x2838, 0x2f1c, 0x310c, 0x2e40, 0x2d42, 0x2ea4, 0x2b5d, 0x366f, 0x3851, 0x3ad1,
    0x2a54, 0x2ac5, 0x25bb, 0x30de, 0x3226, 0x2c12, 0x337a, 0x34bd, 0x3527, 0x3150, 0x31d0, 0x2b72,
    0x2cf8, 0x2db0, 0x2495, 0x30c2, 0x3239, 0x2cf7, 0x311e, 0x333b, 0x345d, 0x30c6, 0x3176, 0x2fc9,
    0x30b9, 0x3192, 0x3053, 0x35d3, 0x37b9, 0x3a5a, 0x3381, 0x34d0, 0x3209, 0x32ec, 0x345f, 0x30e8,
    0x33b6, 0x3546, 0x2f63, 0x3081, 0x32c2, 0x2ddc, 0x34f1, 0x37cd, 0x3685, 0x389a, 0x3a0a, 0x3c6b,
    0x368c, 0x387f, 0x386c, 0x30df, 0x3306, 0x2608, 0x315a, 0x3322, 0x318b, 0x30bb, 0x31dd, 0x2ecb,
    0x2839, 0x279d, 0x21f2, 0x2c95, 0x2e90, 0x2d5a, 0x35c0, 0x352a, 0x3096, 0x2d2e, 0x2c4d, 0x28a2,
    0x38fd, 0x3c02, 0x3ff7, 0x35d7, 0x3871, 0x3bac, 0x34b4, 0x366b, 0x369e, 0x32b5, 0x3490, 0x2f1d,
    0x3201, 0x32d3, 0x2d0e, 0x345a, 0x3479, 0x3026, 0x2c8c, 0x2a62, 0x2416, 0x31b7, 0x32dd, 0x32b0,
    0x36a5, 0x387d, 0x3b2c, 0x392e, 0x3b42, 0x3e2f, 0x34af, 0x32e6, 0x2f7d, 0x30b3, 0x2fbc, 0x2776,
    0x314b, 0x3030, 0x2a02, 0x2c76, 0x2e13, 0x25d3, 0x32ab, 0x34ed, 0x2627, 0x32f3, 0x33b5, 0x2d08,
    0x3150, 0x3296, 0x287b, 0x2bf5, 0x2ce0, 0x2764, 0x3179, 0x3498, 0x25c9, 0x33ac, 0x35b6, 0x2e03,
    0x35ab, 0x381e, 0x3511, 0x334a, 0x3504, 0x2cbc, 0x3463, 0x3683, 0x289a, 0x347e, 0x3669, 0x31a9,
    0x3214, 0x3375, 0x3374, 0x290b, 0x2978, 0x257b, 0x2a96, 0x2b3c, 0x2a3b, 0x34dd, 0x35fc, 0x381a,
    0x304e, 0x31d0, 0x31c1, 0x306f, 0x31d7, 0x3289, 0x3815, 0x392b, 0x3c26, 0x33eb, 0x3427, 0x355d,
    0x2f53, 0x3155, 0x306e, 0x30e5, 0x31a9, 0x3015, 0x2ca7, 0x2d6c, 0x226c, 0x2efa, 0x308a, 0x2c5d,
    0x2e88, 0x3048, 0x2bc0, 0x2d8c, 0x2f0e, 0x2942, 0x37d4, 0x38b8, 0x3b01, 0x31a1, 0x3409, 0x3176,
    0x2c54, 0x2cb3, 0x2404, 0x2e23, 0x2f37, 0x271e, 0x2eca, 0x3054, 0x2cc6, 0x31d1, 0x3258, 0x2977,
    0x30e3, 0x31f1, 0x2acc, 0x2e78, 0x3017, 0x2570, 0x3798, 0x397a, 0x3ce4, 0x354a, 0x374a, 0x3a23,
    0x3521, 0x370e, 0x39e1, 0x32dd, 0x348a, 0x3634, 0x2f1a, 0x30f8, 0x2cf4, 0x3381, 0x356c, 0x35ae,
    0x3572, 0x36ae, 0x346b, 0x3253, 0x32d2, 0x2ec2, 0x35bc, 0x373d, 0x2fab, 0x3759, 0x360d, 0x3431,
    0x3196, 0x3468, 0x31d5, 0x33cf, 0x355a, 0x2870, 0x3036, 0x31b5, 0x2a2c, 0x31a2, 0x3417, 0x311e,
    0x264c, 0x24f0, 0x1f61, 0x2b74, 0x2a1a, 0x23e8, 0x30d6, 0x32f4, 0x25f0, 0x262d, 0x252d, 0x21ab,
    0x3169, 0x32d9, 0x3029, 0x3827, 0x3a59, 0x3dc7, 0x325c, 0x34e7, 0x35e6, 0x32e9, 0x3595, 0x2fae,
    0x34b7, 0x364c, 0x3656, 0x31a4, 0x32a6, 0x3300, 0x2915, 0x2686, 0x20b5, 0x33c8, 0x35a1, 0x34f9,
    0x3562, 0x376e, 0x310d, 0x3631, 0x37c8, 0x28fb, 0x3490, 0x3233, 0x2de5, 0x31e9, 0x302a, 0x28fc,
    0x2d0c, 0x2b6c, 0x24ac, 0x2bb5, 0x2b3f, 0x24c8, 0x2d65, 0x2d99, 0x2869, 0x30a1, 0x31fa, 0x27a2,
    0x323b, 0x349d, 0x2be2, 0x3266, 0x3539, 0x273e, 0x3095, 0x336f, 0x29bf, 0x321e, 0x34b5, 0x2a33,
    0x33e2, 0x360a, 0x2d51, 0x32d6, 0x3515, 0x2f6f, 0x322c, 0x34b7, 0x2c55, 0x333c, 0x357d, 0x2c86,
    0x3611, 0x36a4, 0x385e, 0x2f9b, 0x308f, 0x304a, 0x26e2, 0x26e8, 0x2410, 0x3681, 0x375e, 0x3798,
    0x37b2, 0x3875, 0x39ac, 0x3105, 0x3228, 0x3379, 0x383f, 0x3941, 0x3c04, 0x38fd, 0x3a22, 0x3cbb,
    0x3985, 0x3b21, 0x3dfe, 0x330c, 0x3450, 0x3529, 0x2c0f, 0x2d58, 0x245b, 0x3878, 0x3a8b, 0x3d8a,
    0x3610, 0x384a, 0x3abb, 0x2e58, 0x2f62, 0x2d1d, 0x3870, 0x395d, 0x3aa4, 0x33ca, 0x3544, 0x34a4,
    0x3094, 0x3089, 0x30c0, 0x3118, 0x3289, 0x2d40, 0x2d1b, 0x2daf, 0x268a, 0x305d, 0x307c, 0x2c08,
    0x327d, 0x3429, 0x3459, 0x2eac, 0x2ffe, 0x2c36, 0x3023, 0x3144, 0x2f1f, 0x39c0, 0x3c58, 0x401f,
    0x38d3, 0x3b54, 0x3ecc, 0x35ea, 0x3838, 0x3b54, 0x3495, 0x3644, 0x3964, 0x32e0, 0x354a, 0x354e,
    0x34f5, 0x3736, 0x38a4, 0x34ac, 0x363a, 0x3812, 0x3516, 0x367d, 0x3597, 0x3686, 0x3614, 0x3505,
    0x326f, 0x34a9, 0x34a8, 0x3209, 0x342b, 0x2a00, 0x3034, 0x309e, 0x2ea0, 0x314a, 0x3408, 0x30cb,
    0x2d90, 0x2ee4, 0x24f0, 0x260f, 0x2595, 0x2010, 0x3217, 0x3485, 0x25ae, 0x32d7, 0x341c, 0x2a83,
    0x3006, 0x322b, 0x262f, 0x3241, 0x33bc, 0x33ed, 0x306a, 0x32d5, 0x28a8, 0x3122, 0x33c3, 0x27b2,
    0x2eb9, 0x3151, 0x290c, 0x3509, 0x37b0, 0x3918, 0x2b66, 0x2c5d, 0x2b13, 0x26de, 0x273e, 0x23cc,
    0x350f, 0x3696, 0x2b59, 0x301a, 0x31cc, 0x268f, 0x36d8, 0x34d8, 0x3051, 0x30fa, 0x2f68, 0x2888,
    0x2bc6, 0x2dcd, 0x2ad4, 0x2c77, 0x2e39, 0x215c, 0x2d1c, 0x2ee4, 0x2458, 0x2a37, 0x2bab, 0x22e3,
    0x31ed, 0x32d9, 0x2ee9, 0x30f2, 0x33a0, 0x2507, 0x31da, 0x34bd, 0x2224, 0x32ba, 0x3537, 0x2c78,
    0x3503, 0x3745, 0x3779, 0x3081, 0x331a, 0x257f, 0x2d98, 0x30d5, 0x1faf, 0x3132, 0x344b, 0x25a9,
    0x3869, 0x38de, 0x39e3, 0x3601, 0x36a0, 0x379c, 0x2b70, 0x2bd2, 0x2a6b, 0x3748, 0x3811, 0x3975,
    0x354e, 0x35da, 0x3799, 0x3662, 0x36d4, 0x37f1, 0x3424, 0x34a2, 0x3578, 0x319f, 0x31f2, 0x31be,
    0x3771, 0x384b, 0x39f9, 0x30ee, 0x31c3, 0x3098, 0x2bd6, 0x2c72, 0x2323, 0x3087, 0x31cf, 0x30d6,
    0x37ab, 0x395d, 0x3c55, 0x3a2e, 0x3c40, 0x3ed7, 0x3879, 0x3a1d, 0x3d32, 0x30a1, 0x317f, 0x3315,
    0x33aa, 0x341c, 0x35b8, 0x3852, 0x3954, 0x36ea, 0x2ef3, 0x2fc5, 0x2b87, 0x31cb, 0x32aa, 0x310f,
    0x3473, 0x358f, 0x377e, 0x3401, 0x3528, 0x3695, 0x3042, 0x3162, 0x3068, 0x35c8, 0x37d2, 0x3a2f,
    0x33e8, 0x35f8, 0x3800, 0x330c, 0x34cb, 0x2b30, 0x3a5e, 0x3d17, 0x40e6, 0x3942, 0x3bb6, 0x3ed1,
    0x342d, 0x3678, 0x36a4, 0x3503, 0x376f, 0x3917, 0x3532, 0x3790, 0x38ba, 0x356e, 0x34e4, 0x3312,
    0x3287, 0x34a7, 0x3079, 0x3520, 0x375e, 0x36c2, 0x326c, 0x34c3, 0x32d3, 0x3040, 0x31d5, 0x2c7e,
    0x30b3, 0x32a2, 0x297a, 0x297e, 0x289a, 0x22a9, 0x2c6e, 0x2a9a, 0x2548, 0x316e, 0x348b, 0x2762,
    0x2f90, 0x32b8, 0x2cba, 0x31b1, 0x34c7, 0x30da, 0x30c5, 0x334a, 0x227c, 0x2dad, 0x3104, 0x176f,
    0x31ab, 0x3449, 0x2810, 0x3355, 0x3519, 0x2d90, 0x2ef7, 0x307e, 0x28a7, 0x231e, 0x21b6, 0x1be7,
    0x2fa6, 0x31a6, 0x27e7, 0x3436, 0x334e, 0x2aed, 0x35f9, 0x3455, 0x2eda, 0x2f7e, 0x312e, 0x2f1c,
    0x3071, 0x327c, 0x2d84, 0x30da, 0x32dd, 0x2864, 0x2ddd, 0x302c, 0x297c, 0x3130, 0x343c, 0x24bc,
    0x2e22, 0x30e3, 0x1ed0, 0x3073, 0x32e1, 0x20ef, 0x32a5, 0x34f3, 0x31b1, 0x3030, 0x32e6, 0x1fd6,
    0x3140, 0x3402, 0x2df5, 0x3132, 0x3415, 0x2f22, 0x317d, 0x3473, 0x3041, 0x3304, 0x3573, 0x3299,
    0x341e, 0x350e, 0x32e6, 0x2eab, 0x2f18, 0x2dc8, 0x2d13, 0x2cf6, 0x283d, 0x3f39, 0x3fff, 0x4159,
    0x397a, 0x3a14, 0x3bce, 0x3505, 0x355f, 0x36b3, 0x3a18, 0x3aa6, 0x3c2a, 0x3746, 0x380d, 0x38cc,
    0x328d, 0x3303, 0x3446, 0x3637, 0x3720, 0x386b, 0x2a15, 0x2a1f, 0x22f9, 0x3306, 0x3423, 0x34b3,
    0x34a7, 0x358a, 0x3739, 0x38ef, 0x3a2d, 0x3cb2, 0x3103, 0x31ec, 0x31df, 0x33f7, 0x3454, 0x3253,
    0x376c, 0x38f7, 0x3a6f, 0x3882, 0x3999, 0x3aed, 0x3935, 0x3a7f, 0x3c45, 0x35d7, 0x3720, 0x38d6,
    0x3171, 0x324a, 0x2eeb, 0x33be, 0x3498, 0x355f, 0x3300, 0x34b0, 0x3606, 0x3499, 0x3642, 0x38dc,
    0x3530, 0x3617, 0x2ec4, 0x32b6, 0x3412, 0x3136, 0x3766, 0x3916, 0x3a71, 0x3506, 0x36a5, 0x2c71,
    0x336a, 0x3587, 0x3542, 0x386c, 0x3980, 0x3b62, 0x3322, 0x33d7, 0x32e8, 0x31eb, 0x316c, 0x2da7,
    0x3788, 0x3969, 0x3bf5, 0x32fb, 0x34de, 0x3680, 0x310a, 0x331d, 0x2bf0, 0x2eac, 0x3076, 0x291b,
    0x32b2, 0x3367, 0x2c51, 0x2c56, 0x2e36, 0x1f84, 0x29d8, 0x2850, 0x212c, 0x2e7d, 0x2d39, 0x28fd,
    0x349f, 0x3577, 0x302f, 0x383d, 0x3aa1, 0x3e26, 0x2ea6, 0x3137, 0x2127, 0x2830, 0x28a7, 0x1f65,
    0x2e47, 0x3113, 0x23ad, 0x301c, 0x32f1, 0x2227, 0x3086, 0x32eb, 0x2109, 0x2120, 0x208f, 0x183b,
    0x3099, 0x3273, 0x2913, 0x2e74, 0x2d8d, 0x2840, 0x312a, 0x3047, 0x29d0, 0x3440, 0x35f6, 0x36b6,
    0x3915, 0x3b71, 0x3e5e, 0x30fe, 0x332a, 0x2c5c, 0x3023, 0x31c2, 0x2bfe, 0x3410, 0x35db, 0x35c0,
    0x34c1, 0x36a8, 0x36d5, 0x327c, 0x34d4, 0x30ea, 0x2b97, 0x2b92, 0x2610, 0x30d7, 0x3274, 0x2d4e,
    0x2fa2, 0x3325, 0x2979, 0x3845, 0x39c2, 0x3c00, 0x330e, 0x3599, 0x31d6, 0x3042, 0x32ae, 0x2455,
    0x2ecf, 0x307b, 0x28a1, 0x2aa3, 0x2bff, 0x236c, 0x2cb4, 0x2d16, 0x2735, 0x2d3b, 0x2e12, 0x2c3f,
    0x3a85, 0x3b14, 0x3c4d, 0x3bbd, 0x3c0c, 0x3d56, 0x3923, 0x3982, 0x3a80, 0x3696, 0x36de, 0x37b3,
    0x3093, 0x30e6, 0x3056, 0x3b7f, 0x3c03, 0x3cff, 0x2db0, 0x2dbc, 0x26ac, 0x3aef, 0x3bcc, 0x3d87,
    0x38e9, 0x3989, 0x3bbe, 0x37d6, 0x3874, 0x3a47, 0x2dab, 0x2e4b, 0x2ab4, 0x2e82, 0x2fe5, 0x2b44,
    0x2ffa, 0x3124, 0x2e2d, 0x3b88, 0x3d11, 0x404f, 0x2ec3, 0x304a, 0x3077, 0x387e, 0x39ce, 0x3c7c,
    0x3423, 0x3557, 0x3593, 0x3701, 0x3877, 0x3a90, 0x3a21, 0x3c29, 0x3f53, 0x3623, 0x37c7, 0x39d0,
    0x353b, 0x35eb, 0x3808, 0x321b, 0x33c5, 0x31ba, 0x337d, 0x3576, 0x3718, 0x3406, 0x3539, 0x34ce,
    0x34af, 0x362b, 0x35e5, 0x345e, 0x3681, 0x3470, 0x3383, 0x351f, 0x31b3, 0x3809, 0x3915, 0x3bf2,
    0x3d69, 0x4029, 0x43db, 0x32e2, 0x338a, 0x3183, 0x301a, 0x31f7, 0x307a, 0x3215, 0x328d, 0x2e5e,
    0x2ef4, 0x306c, 0x2d43, 0x326f, 0x34c8, 0x2bc0, 0x2f46, 0x3137, 0x24c6, 0x2b92, 0x2a2f, 0x2564,
    0x25d9, 0x24c1, 0x208e, 0x30a4, 0x3262, 0x2c2f, 0x3060, 0x335b, 0x2433, 0x2bbe, 0x2e14, 0x1d14,
    0x2f6c, 0x3284, 0x1e22, 0x30b7, 0x32b4, 0x29da, 0x3076, 0x32d6, 0x2480, 0x2382, 0x2259, 0x1c27,
    0x297e, 0x28ba, 0x229c, 0x2cd6, 0x2c4c, 0x2742, 0x2bce, 0x2d0a, 0x22fd, 0x3068, 0x32be, 0x2d7a,
    0x341b, 0x367a, 0x347c, 0x2e02, 0x30d0, 0x239d, 0x2f00, 0x31fb, 0x2031, 0x2f62, 0x3222, 0x27bb,
    0x3171, 0x343f, 0x2b37, 0x2d43, 0x314b, 0x2134, 0x2dc3, 0x310f, 0x2411, 0x2c22, 0x2c0d, 0x269a,
    0x3095, 0x32b2, 0x2f5c, 0x330b, 0x355f, 0x2e94, 0x3167, 0x338f, 0x2d14, 0x3188, 0x3471, 0x2466,
    0x29b3, 0x29fc, 0x239c, 0x2a3b, 0x2abc, 0x2241, 0x276c, 0x277e, 0x2122, 0x29f1, 0x2a7a, 0x23ae,
    0x2fee, 0x3009, 0x2d89, 0x3503, 0x3554, 0x35c9, 0x3049, 0x30b3, 0x308e, 0x352e, 0x3535, 0x35a7,
    0x30bc, 0x311b, 0x30d6, 0x31e4, 0x31e4, 0x3167, 0x2d1b, 0x2d45, 0x257e, 0x34de, 0x355d, 0x360d,
    0x3dba, 0x3ec1, 0x40b8, 0x3c30, 0x3cf5, 0x3f53, 0x34f2, 0x357e, 0x365d, 0x31b0, 0x322f, 0x3065,
    0x30e9, 0x31cd, 0x3060, 0x390d, 0x3a23, 0x3c73, 0x38f2, 0x3a2b, 0x3c82, 0x3828, 0x3978, 0x3b60,
    0x3973, 0x3b92, 0x3e5b, 0x341c, 0x34ed, 0x3630, 0x3386, 0x3485, 0x3568, 0x3689, 0x3881, 0x3ade,
    0x3384, 0x34e6, 0x36aa, 0x2fb1, 0x310e, 0x3109, 0x310e, 0x32b9, 0x336a, 0x325b, 0x3420, 0x34f8,
    0x3a10, 0x3b6c, 0x3e73, 0x35a8, 0x3735, 0x3712, 0x316a, 0x3288, 0x2a6c, 0x34f7, 0x35df, 0x35e4,
    0x3b73, 0x3db3, 0x40f3, 0x2f5d, 0x3016, 0x2e32, 0x3188, 0x340f, 0x2cf0, 0x2fba, 0x30b4, 0x2753,
    0x308a, 0x3218, 0x2ad2, 0x31b4, 0x33f4, 0x2d39, 0x2fc5, 0x32c5, 0x23ef, 0x2c5e, 0x2e4b, 0x241f,
    0x262c, 0x2584, 0x208c, 0x29eb, 0x2898, 0x2435, 0x2f1a, 0x31d7, 0x268a, 0x2c68, 0x2e89, 0x1f46,
    0x30bf, 0x33db, 0x2ada, 0x3219, 0x34aa, 0x2b71, 0x322f, 0x349e, 0x346c, 0x2d36, 0x2ca4, 0x2cf2,
    0x2db8, 0x2c1c, 0x2693, 0x2886, 0x2701, 0x215b, 0x2e7d, 0x316f, 0x23d2, 0x3043, 0x3291, 0x2d95,
    0x2e8a, 0x30b2, 0x2921, 0x30ad, 0x3385, 0x26eb, 0x3008, 0x3296, 0x2e1e, 0x2ed7, 0x31a9, 0x265a,
    0x337a, 0x35e0, 0x3765, 0x3682, 0x38bb, 0x3b36, 0x3163, 0x346f, 0x3122, 0x33ad, 0x357b, 0x3164,
    0x304c, 0x3084, 0x2cd2, 0x3131, 0x33b0, 0x2907, 0x31ce, 0x347c, 0x2881, 0x30af, 0x3398, 0x23a9,
    0x29a3, 0x29f6, 0x2447, 0x2769, 0x27f6, 0x2339, 0x28b3, 0x290d, 0x2579, 0x294f, 0x2945, 0x2645,
    0x2c8b, 0x2d16, 0x2a10, 0x2cd0, 0x2d3f, 0x2a64, 0x3680, 0x36cd, 0x378d, 0x2fee, 0x3053, 0x3019,
    0x3352, 0x3394, 0x32ec, 0x30e4, 0x3058, 0x2949, 0x2dd4, 0x2e65, 0x2c9c, 0x3253, 0x32a8, 0x3044,
    0x3789, 0x382b, 0x3911, 0x34b6, 0x3559, 0x3637, 0x34c9, 0x3541, 0x358a, 0x3882, 0x3905, 0x3a69,
    0x391a, 0x39b3, 0x3be7, 0x3375, 0x348f, 0x349f, 0x3114, 0x3291, 0x2e73, 0x3183, 0x3214, 0x3014,
    0x345c, 0x351e, 0x3455, 0x3872, 0x3a26, 0x3d1f, 0x3843, 0x3964, 0x3c0d, 0x2eb9, 0x3003, 0x2e03,
    0x3133, 0x3269, 0x32ab, 0x343e, 0x34ff, 0x36ad, 0x3bcb, 0x3cb6, 0x3f8d, 0x35f3, 0x37aa, 0x39e5,
    0x2f9e, 0x317d, 0x2e14, 0x3865, 0x39d5, 0x3b4e, 0x3426, 0x3358, 0x2d2a, 0x3660, 0x35cc, 0x30b4,
    0x3173, 0x341e, 0x30a3, 0x3ccb, 0x3f7f, 0x42af, 0x328f, 0x343d, 0x279e, 0x30af, 0x33ce, 0x20b6,
    0x3172, 0x3427, 0x2827, 0x31ef, 0x3189, 0x2c3f, 0x303d, 0x32c0, 0x25dd, 0x2fd2, 0x322b, 0x2848,
    0x32e8, 0x34d9, 0x2537, 0x2446, 0x227d, 0x1c2f, 0x2531, 0x246a, 0x1eaf, 0x3065, 0x327b, 0x2e9a,
    0x30b9, 0x335b, 0x2e75, 0x3253, 0x34ea, 0x33cb, 0x342e, 0x3673, 0x384c, 0x3683, 0x3742, 0x38fc,
    0x31dc, 0x300b, 0x2ac1, 0x2987, 0x2891, 0x21a6, 0x32ba, 0x33a1, 0x2dd3, 0x3688, 0x381b, 0x39a6,
    0x302a, 0x326e, 0x2eee, 0x3032, 0x3271, 0x2a56, 0x33ea, 0x3624, 0x3554, 0x3549, 0x37a3, 0x3814,
    0x30e5, 0x3318, 0x3070, 0x2ff6, 0x3237, 0x2bfc, 0x2f2a, 0x315f, 0x26b6, 0x2fa7, 0x31a0, 0x2ac6,
    0x3404, 0x356f, 0x330d, 0x2d91, 0x2e67, 0x2994, 0x30eb, 0x32e1, 0x2c6b, 0x2e0d, 0x3180, 0x2534,
    0x246d, 0x2569, 0x200b, 0x253c, 0x2690, 0x21b1, 0x24f3, 0x24ea, 0x1fc8, 0x2efe, 0x2ef7, 0x2d25,
    0x2d04, 0x2d55, 0x286e, 0x2a65, 0x2adf, 0x2438, 0x3001, 0x306b, 0x303c, 0x365a, 0x36dd, 0x3799,
    0x352a, 0x3579, 0x35f9, 0x2e6b, 0x2dd6, 0x2885, 0x2a92, 0x2afe, 0x2753, 0x32c1, 0x333d, 0x32d5,
    0x3b99, 0x3c0b, 0x3d0a, 0x3057, 0x30b7, 0x30ea, 0x3705, 0x37ab, 0x383e, 0x2efb, 0x2ec4, 0x2abd,
    0x321e, 0x32dc, 0x316c, 0x3527, 0x3594, 0x369c, 0x2f44, 0x3021, 0x2d7b, 0x35a0, 0x36fa, 0x3831,
    0x353b, 0x3699, 0x3624, 0x386f, 0x38cb, 0x3a8c, 0x3c1d, 0x3d00, 0x3f8a, 0x3898, 0x39d8, 0x3c91,
    0x3083, 0x3152, 0x30de, 0x2f44, 0x3061, 0x2ef8, 0x2ff7, 0x316b, 0x31f8, 0x338c, 0x34c6, 0x36c9,
    0x2c5d, 0x2e1c, 0x2847, 0x3806, 0x396b, 0x3bb8, 0x35e6, 0x36bd, 0x3427, 0x3644, 0x35ae, 0x2f87,
    0x303e, 0x32bc, 0x2c66, 0x344f, 0x355f, 0x3578, 0x32d4, 0x31d5, 0x2cd4, 0x2f62, 0x3125, 0x2506,
    0x2f52, 0x3218, 0x2191, 0x2f3b, 0x319e, 0x2488, 0x2fd9, 0x2e87, 0x28d5, 0x2d5c, 0x2e14, 0x2b36,
    0x34ec, 0x36fd, 0x3991, 0x2ddb, 0x3000, 0x2af1, 0x2122, 0x1f1e, 0x19a8, 0x2979, 0x2a64, 0x27ef,
    0x3239, 0x3458, 0x344a, 0x2e84, 0x3183, 0x2424, 0x3185, 0x3489, 0x30bf, 0x336d, 0x3211, 0x2c90,
    0x3161, 0x2fea, 0x2bde, 0x2a0f, 0x2b2b, 0x26ab, 0x38c1, 0x3aa8, 0x3cfa, 0x3109, 0x33be, 0x2e1f,
    0x2f95, 0x323c, 0x2c9e, 0x3300, 0x3506, 0x34e6, 0x3084, 0x31e1, 0x2cc4, 0x2dbf, 0x2f68, 0x2681,
    0x3262, 0x3493, 0x30ac, 0x312f, 0x3425, 0x24df, 0x31ae, 0x3422, 0x2aa7, 0x3171, 0x3369, 0x2fba,
    0x30db, 0x3318, 0x2a7d, 0x31b5, 0x3408, 0x2b8c, 0x2d4f, 0x2f0d, 0x29c8, 0x3040, 0x317a, 0x29be,
    0x2e30, 0x2d30, 0x28c7, 0x22cb, 0x2281, 0x1bed, 0x2528, 0x2596, 0x1ca0, 0x29f6, 0x2a74, 0x2373,
    0x27f2, 0x2817, 0x1f2e, 0x34a7, 0x3526, 0x34e7, 0x3237, 0x3275, 0x3027, 0x30a0, 0x30dc, 0x2fbf,
    0x2afa, 0x2bf3, 0x2318, 0x2c86, 0x2cbf, 0x2668, 0x279c, 0x28c3, 0x1ea2, 0x2dc5, 0x2e53, 0x28b0,
    0x2c1e, 0x2b83, 0x26c5, 0x2e30, 0x2eb1, 0x2e46, 0x2ec6, 0x2fb1, 0x28ab, 0x2e18, 0x2e96, 0x27d2,
    0x2ad7, 0x2bbb, 0x2584, 0x30f7, 0x316d, 0x2e82, 0x3962, 0x3a32, 0x3b18, 0x3912, 0x3965, 0x39c6,
    0x3519, 0x35c6, 0x35d9, 0x387c, 0x38e4, 0x3a6b, 0x34d6, 0x356f, 0x3686, 0x3657, 0x3727, 0x3864,
    0x30a4, 0x315d, 0x3196, 0x3248, 0x3304, 0x337e, 0x2cff, 0x3013, 0x2435, 0x335a, 0x3558, 0x33d4,
    0x33dd, 0x355b, 0x3525, 0x3ba2, 0x3d51, 0x3feb, 0x38ed, 0x39d7, 0x38db, 0x35fe, 0x3550, 0x3086,
    0x31a1, 0x31c3, 0x2bde, 0x35f9, 0x353c, 0x3299, 0x30a6, 0x3269, 0x31a7, 0x2ce3, 0x2df8, 0x2732,
    0x2e08, 0x3052, 0x28b2, 0x2e10, 0x2e0a, 0x2d91, 0x320d, 0x31e4, 0x2fc3, 0x2932, 0x2add, 0x2120,
    0x2a85, 0x29bd, 0x2616, 0x286c, 0x27f0, 0x209f, 0x25dd, 0x24f1, 0x1d2d, 0x284e, 0x26a7, 0x22b8,
    0x2d62, 0x2ec6, 0x2abc, 0x345b, 0x368c, 0x37a9, 0x3064, 0x3373, 0x3057, 0x357f, 0x3459, 0x2e08,
    0x30b6, 0x2f33, 0x2a91, 0x35b0, 0x3826, 0x3932, 0x3b7a, 0x3db5, 0x411a, 0x3430, 0x35ee, 0x37c9,
    0x3686, 0x38e0, 0x3b04, 0x315a, 0x3386, 0x2c0d, 0x309e, 0x333a, 0x2be9, 0x2e96, 0x31e5, 0x2530,
    0x2d76, 0x3082, 0x24f8, 0x2e9e, 0x3196, 0x2301, 0x3342, 0x351b, 0x3405, 0x3450, 0x3659, 0x36fb,
    0x3292, 0x350f, 0x34c5, 0x3803, 0x39a8, 0x3c5e, 0x385f, 0x3a30, 0x3c4e, 0x34f1, 0x3638, 0x3756,
    0x2b51, 0x2c59, 0x25c1, 0x2403, 0x236f, 0x1d12, 0x28fb, 0x2953, 0x226a, 0x2d31, 0x2d21, 0x2847,
    0x28c9, 0x28ec, 0x1fe5, 0x2a1e, 0x2b4a, 0x2023, 0x286f, 0x28f9, 0x2103, 0x2564, 0x2588, 0x1fb9,
    0x2929, 0x28ae, 0x2248, 0x2976, 0x2a27, 0x23a7, 0x283c, 0x2836, 0x2277, 0x2dc8, 0x2e30, 0x24b4,
    0x2819, 0x2825, 0x21ef, 0x2a1e, 0x2a2a, 0x23d0, 0x2950, 0x285a, 0x23c3, 0x2eec, 0x2e5c, 0x2815,
    0x2b37, 0x2acd, 0x2508, 0x296a, 0x2a5c, 0x2720, 0x3812, 0x38cb, 0x3664, 0x3a99, 0x3b54, 0x3c70,
    0x32ff, 0x3405, 0x340e, 0x3574, 0x3694, 0x3632, 0x3593, 0x360a, 0x36d5, 0x30fa, 0x31a3, 0x3225,
    0x36aa, 0x37ca, 0x3889, 0x3be8, 0x3c66, 0x3e3f, 0x3108, 0x3340, 0x315e, 0x3563, 0x371b, 0x37f4,
    0x3e90, 0x40a8, 0x443c, 0x3e6f, 0x4087, 0x440a, 0x3978, 0x3908, 0x3837, 0x3609, 0x37dd, 0x38d2,
    0x29e9, 0x2a39, 0x248e, 0x2f43, 0x2ec1, 0x2b1b, 0x348a, 0x3648, 0x38c9, 0x3482, 0x35d1, 0x3798,
    0x31f5, 0x349f, 0x33b8, 0x2f52, 0x3109, 0x2e8f, 0x307f, 0x3237, 0x2fd8, 0x31e0, 0x347d, 0x3219,
    0x3a77, 0x3d02, 0x3fdd, 0x2d71, 0x2c4c, 0x24a5, 0x2d86, 0x2f66, 0x2db2, 0x2e14, 0x2c7a, 0x2799,
    0x2e59, 0x2d10, 0x2963, 0x2bec, 0x2ad5, 0x272d, 0x2fce, 0x2edc, 0x2831, 0x3584, 0x3435, 0x2ec1,
    0x2ba0, 0x29ed, 0x24e2, 0x31e1, 0x3445, 0x34d5, 0x327a, 0x34f3, 0x3546, 0x3788, 0x396c, 0x3c25,
    0x3453, 0x35bc, 0x381d, 0x3637, 0x3858, 0x38d8, 0x3243, 0x34a1, 0x33e9, 0x2fdd, 0x3277, 0x2357,
    0x2e07, 0x315c, 0x28bc, 0x2d42, 0x3050, 0x266b, 0x2ce1, 0x3087, 0x1808, 0x2cf3, 0x308b, 0x2335,
    0x3008, 0x326f, 0x2dd0, 0x315d, 0x3412, 0x313a, 0x300b, 0x3254, 0x2c59, 0x2d65, 0x30da, 0x229b,
    0x30c2, 0x3101, 0x2e53, 0x264e, 0x264b, 0x223c, 0x2f2e, 0x300e, 0x2464, 0x2eae, 0x2f5b, 0x253a,
    0x2fde, 0x301a, 0x2d37, 0x280c, 0x27ed, 0x212c, 0x2778, 0x277e, 0x2015, 0x269d, 0x26cb, 0x1e9e,
    0x258d, 0x26cf, 0x1c8f, 0x2810, 0x282d, 0x1fac, 0x28f0, 0x28e5, 0x2324, 0x2bca, 0x2b55, 0x2694,
    0x29ee, 0x29e7, 0x21b4, 0x30ee, 0x307d, 0x28a4, 0x3009, 0x30c0, 0x24f5, 0x3008, 0x308d, 0x2bcf,
    0x2c4f, 0x2c75, 0x27f7, 0x385a, 0x38f0, 0x3937, 0x37ef, 0x38c4, 0x37c1, 0x415e, 0x4200, 0x43cc,
    0x3ba4, 0x3c60, 0x3daf, 0x3970, 0x3a07, 0x3bd9, 0x34df, 0x353f, 0x35d0, 0x3492, 0x34ce, 0x3563,
    0x3ece, 0x3f6a, 0x40fe, 0x3265, 0x33ad, 0x335e, 0x3854, 0x3920, 0x39d2, 0x3c79, 0x3d5e, 0x3f88,
    0x3fe8, 0x4130, 0x4462, 0x3f9e, 0x412b, 0x445d, 0x3f12, 0x40d6, 0x43df, 0x3669, 0x3804, 0x3889,
    0x339f, 0x34e8, 0x35f4, 0x2c6a, 0x2c35, 0x2851, 0x3502, 0x3629, 0x3745, 0x32cf, 0x34dc, 0x2d7d,
    0x3094, 0x333c, 0x2c41, 0x3d6b, 0x3f42, 0x41d2, 0x3ab1, 0x3c68, 0x3e5a, 0x38e1, 0x3a72, 0x3c57,
    0x3486, 0x35e7, 0x3638, 0x2d4e, 0x2c72, 0x268c, 0x2940, 0x2bc8, 0x2237, 0x2ddc, 0x2fea, 0x293c,
    0x3371, 0x318c, 0x2d04, 0x30e8, 0x2f52, 0x2b65, 0x3566, 0x345a, 0x2d31, 0x3479, 0x32bf, 0x2e8d,
    0x286c, 0x29a6, 0x285d, 0x39c8, 0x3be0, 0x3e0d, 0x3289, 0x348f, 0x32b4, 0x30e5, 0x3457, 0x310c,
    0x3245, 0x347c, 0x33ae, 0x34de, 0x3700, 0x3762, 0x3864, 0x39b0, 0x3c0f, 0x3822, 0x39cf, 0x3bfd,
    0x3556, 0x377c, 0x3859, 0x3042, 0x329a, 0x300b, 0x2e75, 0x311a, 0x2c64, 0x2d76, 0x3049, 0x264c,
    0x2c9c, 0x3036, 0x215b, 0x2fc5, 0x324e, 0x2ca0, 0x2f43, 0x3160, 0x2df3, 0x2ed2, 0x3145, 0x2a12,
    0x2c9b, 0x2c73, 0x27c6, 0x2206, 0x215e, 0x1e82, 0x2e53, 0x2ed1, 0x2b2c, 0x3244, 0x323c, 0x2d98,
    0x2dd6, 0x2e84, 0x252d, 0x2fd0, 0x3070, 0x2634, 0x2a93, 0x2b77, 0x2092, 0x2b1b, 0x2bf6, 0x249c,
    0x2bc9, 0x2c38, 0x25ac, 0x29a7, 0x297a, 0x2214, 0x2929, 0x2899, 0x218d, 0x33c2, 0x3296, 0x2fc7,
    0x2daa, 0x2d5a, 0x26b6, 0x2c33, 0x2bd9, 0x24d9, 0x3115, 0x31ac, 0x284a, 0x3597, 0x3620, 0x3430,
    0x2d9b, 0x2cfd, 0x28ae, 0x33d9, 0x3521, 0x2da9, 0x3278, 0x33c5, 0x298b, 0x3434, 0x34d8, 0x338b,
    0x3ab0, 0x3b99, 0x3cba, 0x331c, 0x3456, 0x33bc, 0x3080, 0x30dc, 0x2ca0, 0x2c95, 0x2d7c, 0x295e,
    0x39d3, 0x3a6d, 0x3bf7, 0x414a, 0x4224, 0x4466, 0x392a, 0x3a00, 0x3ba3, 0x3772, 0x38cd, 0x39c4,
    0x3a82, 0x3c07, 0x3d35, 0x409d, 0x41ca, 0x4429, 0x404f, 0x41d1, 0x44c0, 0x3740, 0x36b5, 0x3661,
    0x329e, 0x3100, 0x2dae, 0x2bed, 0x2a0b, 0x268f, 0x3428, 0x353b, 0x2a62, 0x3105, 0x3301, 0x2a41,
    0x3011, 0x322d, 0x2869, 0x37e7, 0x3938, 0x3abc, 0x3627, 0x37af, 0x3850, 0x3035, 0x3171, 0x301b,
    0x306f, 0x3270, 0x2de7, 0x2d86, 0x2e2d, 0x2631, 0x3097, 0x32a7, 0x1f5e, 0x2fb6, 0x3156, 0x2d42,
    0x2f56, 0x3072, 0x287f, 0x354b, 0x3433, 0x2e33, 0x34f2, 0x33ab, 0x2e3b, 0x31dc, 0x305b, 0x2bf3,
    0x310f, 0x339a, 0x2efc, 0x32d4, 0x3587, 0x2c24, 0x2ff5, 0x32a3, 0x2b19, 0x2e26, 0x3153, 0x1ced,
    0x2fda, 0x3245, 0x2e00, 0x31a4, 0x340a, 0x32f5, 0x2e39, 0x3120, 0x2ea7, 0x305e, 0x3285, 0x316f,
    0x313f, 0x338d, 0x32a0, 0x308b, 0x322b, 0x3054, 0x3020, 0x3117, 0x2e39, 0x380e, 0x39aa, 0x3bf2,
    0x3389, 0x358a, 0x3602, 0x3328, 0x35c2, 0x3640, 0x35c7, 0x38a4, 0x3a85, 0x3c4a, 0x3ec4, 0x4183,
    0x2d06, 0x2c33, 0x26f1, 0x236c, 0x2384, 0x1e87, 0x2998, 0x2a37, 0x1f0b, 0x2f76, 0x3042, 0x2aac,
    0x2f3a, 0x3043, 0x2536, 0x2c1e, 0x2c82, 0x2414, 0x2922, 0x2967, 0x20f3, 0x29dc, 0x29d4, 0x2426,
    0x2c12, 0x2c46, 0x2498, 0x2c07, 0x2b9f, 0x2491, 0x2904, 0x28cd, 0x2346, 0x2cc4, 0x2c72, 0x2671,
    0x2a47, 0x2abb, 0x2302, 0x2e84, 0x2ed7, 0x2696, 0x2ac8, 0x2b85, 0x2454, 0x29b2, 0x2b03, 0x2182,
    0x2ea3, 0x2d69, 0x29e3, 0x2c4f, 0x2e4f, 0x23aa, 0x2bf4, 0x2bf7, 0x23ca, 0x2e1d, 0x2f88, 0x2435,
    0x2dde, 0x2d80, 0x2784, 0x2bff, 0x2d15, 0x24ff, 0x2e28, 0x2ee3, 0x2759, 0x2ee2, 0x307d, 0x286f,
    0x3186, 0x33cc, 0x2844, 0x3113, 0x3242, 0x30d3, 0x3411, 0x34ff, 0x34db, 0x3930, 0x39f9, 0x3b55,
    0x3f1f, 0x4031, 0x418a, 0x4307, 0x442d, 0x45fc, 0x42c3, 0x4438, 0x462a, 0x405f, 0x4130, 0x42da,
    0x33ce, 0x321f, 0x2e14, 0x32c0, 0x340c, 0x2a73, 0x326f, 0x3443, 0x2bf8, 0x3333, 0x34b9, 0x2ef5,
    0x39ed, 0x3ac4, 0x3ba9, 0x39f3, 0x3ae4, 0x3c32, 0x31ee, 0x337f, 0x3278, 0x2d0f, 0x2fc8, 0x262d,
    0x3074, 0x328d, 0x2cca, 0x2e48, 0x2ff1, 0x255e, 0x2f68, 0x30b9, 0x2392, 0x314a, 0x3353, 0x2ca5,
    0x3049, 0x321c, 0x2be3, 0x3693, 0x356c, 0x2fbf, 0x3594, 0x344e, 0x3004, 0x2a48, 0x2934, 0x264e,
    0x2f9e, 0x3223, 0x282d, 0x2f4a, 0x31c9, 0x2a9d, 0x31ad, 0x343e, 0x30ff, 0x2de4, 0x3113, 0x26dd,
    0x2d52, 0x30ba, 0x202f, 0x31fd, 0x34f4, 0x2a22, 0x3825, 0x3993, 0x3b89, 0x2fea, 0x31c9, 0x30c1,
    0x3268, 0x3507, 0x354f, 0x37bb, 0x39ca, 0x3c67, 0x3993, 0x3c35, 0x3e5a, 0x38a3, 0x3b50, 0x3d5d,
    0x3c20, 0x3e4c, 0x40f9, 0x36eb, 0x3970, 0x3b3a, 0x3688, 0x3921, 0x3ae4, 0x30c8, 0x3330, 0x3186,
    0x2c04, 0x2a9b, 0x2479, 0x21fb, 0x2053, 0x1c65, 0x32c0, 0x327b, 0x314d, 0x2db4, 0x2da8, 0x2850,
    0x2c35, 0x2bfc, 0x20ba, 0x2c33, 0x2b55, 0x233d, 0x2c0c, 0x2c07, 0x22af, 0x29f9, 0x2a24, 0x21a4,
    0x28de, 0x2924, 0x200a, 0x2937, 0x2900, 0x206d, 0x2aa4, 0x2982, 0x238e, 0x2c4e, 0x2add, 0x2583,
    0x2b14, 0x29e9, 0x25cd, 0x2c0e, 0x2cbb, 0x2230, 0x2ad4, 0x2c2b, 0x2375, 0x2c28, 0x2cc1, 0x251b,
    0x2fa6, 0x2e7c, 0x29f9, 0x28c0, 0x2935, 0x1f1f, 0x2fa6, 0x3114, 0x27a2, 0x2af8, 0x2c51, 0x22d4,
    0x2c2b, 0x2d90, 0x2148, 0x2b62, 0x2ce4, 0x2214, 0x2b19, 0x2d9c, 0x21aa, 0x2bec, 0x2db2, 0x248d,
    0x3928, 0x3a17, 0x3a0a, 0x33cc, 0x348e, 0x32e5, 0x3774, 0x3869, 0x3845, 0x389f, 0x3965, 0x39e4,
    0x439d, 0x4473, 0x460d, 0x4388, 0x4465, 0x4626, 0x4209, 0x42fe, 0x44bc, 0x3b56, 0x3bcb, 0x3b0c,
    0x33a3, 0x3252, 0x2efc, 0x351c, 0x358f, 0x3638, 0x3157, 0x332d, 0x2c36, 0x3e34, 0x3ec7, 0x4077,
    0x3b53, 0x3c17, 0x3d1b, 0x388a, 0x3939, 0x3a1a, 0x2d91, 0x305c, 0x29be, 0x3c98, 0x3d2f, 0x3ee4,
    0x321e, 0x32f4, 0x32df, 0x2d68, 0x2dae, 0x2565, 0x29e0, 0x2ba4, 0x26a0, 0x2ff3, 0x31cd, 0x2d8d,
    0x34b2, 0x3456, 0x2f11, 0x367c, 0x3562, 0x3027, 0x33c2, 0x325c, 0x2dea, 0x2a0b, 0x2b57, 0x2431,
    0x2f01, 0x317d, 0x291e, 0x30b4, 0x32b3, 0x2f7e, 0x3625, 0x377a, 0x3854, 0x3085, 0x3261, 0x301b,
    0x306c, 0x324a, 0x308e, 0x3194, 0x33d0, 0x31b2, 0x30da, 0x32a5, 0x3161, 0x31b9, 0x342a, 0x3388,
    0x3036, 0x321f, 0x3057, 0x3440, 0x3699, 0x381a, 0x3406, 0x3625, 0x37ed, 0x3158, 0x3436, 0x341e,
    0x32c8, 0x35a3, 0x36a5, 0x3299, 0x3541, 0x362e, 0x388e, 0x3ac6, 0x3cfa, 0x37dc, 0x3a35, 0x3cb9,
    0x2613, 0x25aa, 0x1fd4, 0x2427, 0x2345, 0x2089, 0x2d0e, 0x2c9b, 0x2494, 0x2dea, 0x2d90, 0x25c5,
    0x30d9, 0x3078, 0x2d06, 0x3250, 0x3214, 0x29e5, 0x2f00, 0x2edf, 0x2583, 0x2b04, 0x2ba3, 0x217f,
    0x29e0, 0x2ae6, 0x1eca, 0x2bc0, 0x2c37, 0x2006, 0x29c7, 0x2b18, 0x1e41, 0x29aa, 0x2aa5, 0x20bb,
    0x2931, 0x2ac6, 0x2021, 0x2a17, 0x2c04, 0x1aa7, 0x29d1, 0x2ab0, 0x1f7c, 0x2c2b, 0x2c9b, 0x22cc,
    0x29c4, 0x2a2f, 0x2180, 0x348c, 0x35bb, 0x32f1, 0x2f35, 0x3069, 0x2770, 0x2e70, 0x30ce, 0x236f,
    0x2ce8, 0x2e37, 0x24ce, 0x2ab7, 0x2d42, 0x2227, 0x2f3c, 0x3103, 0x2a91, 0x2be3, 0x2dac, 0x233c,
    0x335f, 0x34bc, 0x320b, 0x39ce, 0x3ad1, 0x3ab8, 0x39db, 0x3aaa, 0x3b61, 0x3f81, 0x403c, 0x4143,
    0x41f1, 0x429e, 0x4410, 0x44e2, 0x4563, 0x46cf, 0x3f4c, 0x3ffb, 0x3feb, 0x3c15, 0x3c6d, 0x3bb8,
    0x3699, 0x3701, 0x35d8, 0x33ed, 0x3549, 0x31f9, 0x3a57, 0x3b15, 0x3c44, 0x3d06, 0x3ddc, 0x3f04,
    0x3a01, 0x3b01, 0x3c20, 0x3833, 0x3924, 0x3abd, 0x349d, 0x361a, 0x369f, 0x3613, 0x37c5, 0x38a5,
    0x2ef6, 0x2e1c, 0x28ab, 0x2e7c, 0x2d4d, 0x282b, 0x3075, 0x31d3, 0x30cb, 0x3546, 0x360f, 0x369c,
    0x35c4, 0x34ca, 0x2fc1, 0x35aa, 0x350a, 0x30bd, 0x31c6, 0x3146, 0x2d45, 0x314f, 0x337c, 0x2eb0,
    0x3686, 0x381b, 0x37d1, 0x389f, 0x39ac, 0x3aef, 0x3419, 0x354f, 0x362b, 0x3241, 0x347c, 0x348a,
    0x30e5, 0x3226, 0x31d2, 0x36db, 0x3888, 0x39cc, 0x399f, 0x3b8a, 0x3cd4, 0x33df, 0x353d, 0x3541,
    0x2f0e, 0x3147, 0x2df1, 0x35f0, 0x3820, 0x3913, 0x3030, 0x32cf, 0x319f, 0x2e67, 0x31ac, 0x30a8,
    0x307f, 0x32d5, 0x312b, 0x38b8, 0x3b34, 0x3d2f, 0x3adf, 0x3d58, 0x3ffb, 0x34da, 0x37ab, 0x38eb,
    0x24db, 0x24bd, 0x210d, 0x24e2, 0x242c, 0x21a9, 0x30a5, 0x3090, 0x23e4, 0x2ab8, 0x2b0c, 0x217c,
    0x2dd9, 0x2d5e, 0x24bb, 0x310e, 0x3167, 0x2925, 0x3012, 0x2f8f, 0x25e0, 0x2a81, 0x29dd, 0x1e44,
    0x2c19, 0x2be3, 0x2215, 0x2b56, 0x2a64, 0x20f9, 0x2b97, 0x288b, 0x22c8, 0x2d63, 0x2cc2, 0x253e,
    0x2da7, 0x2d13, 0x26d0, 0x249b, 0x24ca, 0x1c02, 0x2962, 0x2c3f, 0x1f52, 0x2b95, 0x2e93, 0x1f89,
    0x2e46, 0x3116, 0x204c, 0x2cb0, 0x30b2, 0x201b, 0x2d81, 0x3050, 0x2358, 0x2f4b, 0x326f, 0x2044,
    0x2c8d, 0x300a, 0x1d1a, 0x2e75, 0x3225, 0x224b, 0x2ca6, 0x2f1d, 0x2084, 0x2a78, 0x2d52, 0x21a7,
    0x2c26, 0x2f7b, 0x202a, 0x2ce4, 0x2fc3, 0x270c, 0x39df, 0x3adf, 0x3b8c, 0x342a, 0x3518, 0x348f,
    0x33f1, 0x3572, 0x327f, 0x3d8b, 0x3e6a, 0x4004, 0x34e5, 0x3612, 0x364b, 0x3dd1, 0x3eaa, 0x4025,
    0x2adf, 0x2f0c, 0x1f3b, 0x2e22, 0x30c4, 0x296b, 0x3171, 0x3381, 0x2ef6, 0x3270, 0x348b, 0x305b,
    0x3700, 0x3847, 0x3886, 0x3213, 0x33a9, 0x324b, 0x3d67, 0x3ee7, 0x4113, 0x3482, 0x35c0, 0x3605,
    0x2a11, 0x29ad, 0x2428, 0x2b35, 0x2aa2, 0x25be, 0x34f5, 0x3606, 0x365e, 0x326b, 0x31a9, 0x2db4,
    0x30ac, 0x2f60, 0x2c2e, 0x31e9, 0x308b, 0x2c93, 0x2da6, 0x2db9, 0x29a5, 0x3668, 0x3803, 0x3820,
    0x344c, 0x35ac, 0x353a, 0x362e, 0x3808, 0x38af, 0x3677, 0x381b, 0x3873, 0x2aea, 0x2da2, 0x24f5,
    0x34e2, 0x35b2, 0x3685, 0x409d, 0x4286, 0x4539, 0x3bc3, 0x3d5d, 0x400d, 0x34cc, 0x36b2, 0x3824,
    0x32db, 0x3542, 0x34a8, 0x2e06, 0x3039, 0x2d6f, 0x3117, 0x3392, 0x314b, 0x3119, 0x3384, 0x3140,
    0x3077, 0x32ef, 0x30dd, 0x3224, 0x34df, 0x34cb, 0x3b9f, 0x3d78, 0x3ff4, 0x3769, 0x3964, 0x3ac7,
    0x2b0b, 0x2bdd, 0x2235, 0x263b, 0x2819, 0x21c1, 0x30b3, 0x321f, 0x2332, 0x3463, 0x336f, 0x3051,
    0x2f19, 0x3063, 0x2643, 0x2f34, 0x2f28, 0x275c, 0x2c39, 0x2bf9, 0x21e2, 0x2a7f, 0x2acb, 0x228c,
    0x298a, 0x2a95, 0x1fbd, 0x2add, 0x2beb, 0x21f1, 0x2c2e, 0x2b54, 0x2366, 0x2ae1, 0x2a34, 0x2199,
    0x2782, 0x28a8, 0x1c96, 0x2bba, 0x2c7a, 0x216d, 0x2b04, 0x2ada, 0x21c1, 0x2b6b, 0x2c2a, 0x1f7a,
    0x316a, 0x307b, 0x2c3e, 0x2807, 0x2995, 0x1d1f, 0x2aca, 0x2d3a, 0x1d80, 0x2a3a, 0x2c64, 0x1e7d,
    0x2f15, 0x30fa, 0x28f6, 0x2bc3, 0x2ee7, 0x17ca, 0x2a66, 0x2ebe, 0x19ed, 0x2834, 0x2c96, 0x1385,
    0x2b22, 0x2f43, 0x1d2a, 0x2b9a, 0x2f2d, 0x20e1, 0x2d80, 0x3073, 0x2438, 0x2f40, 0x316c, 0x29db,
    0x2e9a, 0x318e, 0x28f5, 0x3811, 0x38fc, 0x38c3, 0x3ddd, 0x3ec0, 0x400a, 0x3dbb, 0x3ed5, 0x405d,
    0x2f8e, 0x3069, 0x26f6, 0x3e50, 0x3f93, 0x40fc, 0x320e, 0x341f, 0x31f7, 0x3cf6, 0x3da1, 0x3f69,
    0x3d64, 0x3e81, 0x4019, 0x34cf, 0x364c, 0x34a0, 0x3e3c, 0x3f3a, 0x40a0, 0x3471, 0x353d, 0x34c2,
    0x2967, 0x28b9, 0x2205, 0x3f41, 0x4018, 0x4153, 0x4137, 0x424b, 0x4422, 0x31df, 0x313a, 0x2eb7,
    0x31fb, 0x30fa, 0x2ce7, 0x30b8, 0x3008, 0x2cbe, 0x36a6, 0x37c3, 0x388b, 0x3fbb, 0x4105, 0x434a,
    0x3d59, 0x3eb0, 0x40b3, 0x3c5d, 0x3d74, 0x3f76, 0x4257, 0x43f8, 0x4595, 0x4093, 0x41b3, 0x439d,
    0x35eb, 0x3720, 0x3802, 0x3a47, 0x3c17, 0x3cf9, 0x4083, 0x41fa, 0x444f, 0x3af6, 0x3c9b, 0x3e67,
    0x3691, 0x385f, 0x39c2, 0x35c3, 0x381d, 0x38c7, 0x31dd, 0x33ef, 0x3266, 0x392c, 0x3b22, 0x3ccc,
    0x3cc7, 0x3e4b, 0x4092, 0x3870, 0x39f8, 0x3b86, 0x363c, 0x3818, 0x383b, 0x33f6, 0x3588, 0x3521,
    0x2f09, 0x3147, 0x228f, 0x2de6, 0x2f49, 0x234f, 0x2d93, 0x304f, 0x22c2, 0x2c95, 0x2d5a, 0x20db,
    0x332d, 0x30e6, 0x3002, 0x2b5d, 0x2a82, 0x20ad, 0x2f12, 0x2f0b, 0x25e9, 0x2ef3, 0x3150, 0x20be,
    0x2c3f, 0x2d91, 0x2203, 0x2e07, 0x3078, 0x227f, 0x26d9, 0x275b, 0x1d7d, 0x28c7, 0x2915, 0x2219,
    0x2dae, 0x3013, 0x219d, 0x2ae8, 0x2cc2, 0x1d13, 0x2a36, 0x2b07, 0x1e55, 0x29f5, 0x2a25, 0x2246,
    0x3284, 0x3154, 0x2ce4, 0x2c07, 0x2c38, 0x22b1, 0x29ad, 0x2b78, 0x1c3f, 0x2cf1, 0x2ea0, 0x2245,
    0x2cff, 0x3055, 0x1a26, 0x2eac, 0x30f7, 0x20e8, 0x2d90, 0x3058, 0x1ead, 0x29cd, 0x2c37, 0x1e8d,
    0x26a4, 0x2a2c, 0x1439, 0x2a2f, 0x2d7d, 0x2468, 0x2dee, 0x30c9, 0x2b89, 0x2f95, 0x31ac, 0x2df5,
    0x2cdc, 0x3056, 0x2996, 0x31de, 0x3468, 0x3437, 0x3507, 0x370d, 0x377a, 0x2e21, 0x3113, 0x2e07,
    0x27f6, 0x2cdb, 0x0e3b, 0x2e72, 0x306a, 0x2e51, 0x2c00, 0x2ebb, 0x2965, 0x31cc, 0x337f, 0x326e,
    0x3455, 0x3573, 0x3502, 0x376c, 0x3856, 0x3764, 0x37b6, 0x3896, 0x3912, 0x29c9, 0x29c7, 0x25c5,
    0x299f, 0x2940, 0x23a6, 0x4176, 0x424f, 0x441b, 0x4179, 0x4226, 0x43d7, 0x3688, 0x35d5, 0x30da,
    0x315e, 0x3083, 0x2c59, 0x2fb6, 0x2f47, 0x2be4, 0x39fb, 0x3b32, 0x3c96, 0x3f98, 0x40a5, 0x4260,
    0x4305, 0x4476, 0x4686, 0x38a6, 0x39fc, 0x3b5b, 0x43d7, 0x44c6, 0x4666, 0x34a1, 0x35e6, 0x35ba,
    0x3ce4, 0x3dde, 0x3f41, 0x3ed4, 0x4005, 0x4139, 0x3416, 0x3570, 0x3458, 0x3688, 0x37be, 0x37aa,
    0x2e2a, 0x3046, 0x2db3, 0x2e68, 0x30da, 0x2d9e, 0x35a4, 0x373d, 0x3753, 0x3428, 0x3572, 0x34e9,
    0x3c28, 0x3d11, 0x3e1e, 0x38aa, 0x3a14, 0x3a66, 0x3542, 0x36ee, 0x3663, 0x340a, 0x356a, 0x34e0,
    0x2f4c, 0x315b, 0x22c0, 0x2fa1, 0x3088, 0x27db, 0x2d77, 0x2e9e, 0x2563, 0x2e51, 0x304d, 0x249d,
    0x2ab2, 0x2baf, 0x207f, 0x2e21, 0x2f10, 0x2056, 0x2b00, 0x29a7, 0x2326, 0x2ae2, 0x2d3f, 0x1bbb,
    0x29cb, 0x2c9c, 0x1a15, 0x2c39, 0x2f61, 0x16ca, 0x2861, 0x29f5, 0x2138, 0x2976, 0x2946, 0x23bd,
    0x2c1b, 0x2d89, 0x2134, 0x2c1a, 0x2dbf, 0x1c59, 0x2d48, 0x3022, 0x1d53, 0x2b81, 0x2c03, 0x20a1,
    0x3608, 0x34e2, 0x2fcc, 0x2e5b, 0x2f59, 0x2810, 0x2cfa, 0x2f89, 0x1ee8, 0x3103, 0x33ac, 0x24f8,
    0x2e9b, 0x3126, 0x2188, 0x2a92, 0x2d52, 0x1cf9, 0x2c0e, 0x2d50, 0x2046, 0x2dc6, 0x2fb8, 0x289e,
    0x2988, 0x2d1b, 0x1901, 0x2968, 0x2c73, 0x21f4, 0x2efd, 0x312e, 0x2d0a, 0x32d3, 0x3495, 0x323e,
    0x3832, 0x3947, 0x3a57, 0x30b0, 0x3366, 0x31ea, 0x2c30, 0x2fa0, 0x28c9, 0x2bb2, 0x2eb0, 0x2546,
    0x2424, 0x2901, 0x0d9f, 0x2aaf, 0x2da0, 0x27d8, 0x2bc7, 0x2d82, 0x29ca, 0x3472, 0x3584, 0x3592,
    0x3cfe, 0x3e05, 0x3f93, 0x3d6c, 0x3e0f, 0x3fb9, 0x40c2, 0x4176, 0x42c7, 0x2958, 0x28a8, 0x226c,
    0x28a2, 0x28bf, 0x24d8, 0x447f, 0x4553, 0x46df, 0x4218, 0x434e, 0x44c3, 0x3568, 0x351f, 0x315d,
    0x334f, 0x327e, 0x2e97, 0x3015, 0x307b, 0x2c98, 0x3ec3, 0x3fe8, 0x411c, 0x3c0a, 0x3cb8, 0x3d3a,
    0x2db5, 0x2ff6, 0x2bf0, 0x3f49, 0x405b, 0x417b, 0x43d8, 0x44ab, 0x461c, 0x3b64, 0x3c67, 0x3d80,
    0x2ee2, 0x2fff, 0x2d60, 0x2fcb, 0x318e, 0x2dbd, 0x31bc, 0x3386, 0x3114, 0x2eb3, 0x3107, 0x2b14,
    0x3320, 0x34a1, 0x33e8, 0x3c2b, 0x3cb8, 0x3d27, 0x33d4, 0x34e3, 0x340c, 0x31de, 0x335b, 0x3200,
    0x312b, 0x3278, 0x30f2, 0x3458, 0x352b, 0x34ed, 0x3c58, 0x3d01, 0x3da4, 0x41cf, 0x429a, 0x43c8,
    0x301f, 0x319f, 0x248e, 0x2d04, 0x2fb0, 0x1dc5, 0x2e0a, 0x2da9, 0x2398, 0x2bf7, 0x2c51, 0x201e,
    0x2be2, 0x2c49, 0x240f, 0x2b6b, 0x2d34, 0x20bc, 0x2a03, 0x2a7e, 0x214c, 0x2bbf, 0x2c71, 0x1e66,
    0x2cd8, 0x2c82, 0x2516, 0x28b4, 0x2968, 0x1c0b, 0x2636, 0x2470, 0x1dd2, 0x2b9a, 0x2c1d, 0x24d7,
    0x2c80, 0x2d8e, 0x20c3, 0x2b5f, 0x2c61, 0x1d96, 0x2c1a, 0x2eb9, 0x16ba, 0x2b8e, 0x2d71, 0x1dab,
    0x34f9, 0x3401, 0x2eae, 0x2e1d, 0x2e93, 0x28d4, 0x2e40, 0x31d9, 0x1e17, 0x3001, 0x3219, 0x220a,
    0x2dc6, 0x3045, 0x2264, 0x2f18, 0x301f, 0x27c9, 0x2d86, 0x2de8, 0x2591, 0x2d05, 0x2dd7, 0x23d8,
    0x2c58, 0x2d1b, 0x24f0, 0x2f86, 0x300e, 0x297a, 0x2ebc, 0x2ffe, 0x28bc, 0x3089, 0x3161, 0x2e9e,
    0x3549, 0x360a, 0x33f0, 0x3477, 0x3574, 0x3564, 0x2c49, 0x2dca, 0x247e, 0x3004, 0x3149, 0x2e76,
    0x328c, 0x32ee, 0x2f08, 0x2dbc, 0x2e59, 0x27e1, 0x2d4d, 0x2f71, 0x293a, 0x3ce7, 0x3d98, 0x3eba,
    0x392f, 0x3984, 0x39e8, 0x3302, 0x33dc, 0x3187, 0x4178, 0x42bb, 0x442e, 0x2cf8, 0x2e41, 0x2942,
    0x329d, 0x3327, 0x333c, 0x350a, 0x356c, 0x35d9, 0x4106, 0x41d6, 0x42e7, 0x3284, 0x321d, 0x2d06,
    0x3326, 0x3360, 0x2f5c, 0x31a3, 0x329d, 0x2f07, 0x40e7, 0x41a1, 0x42a6, 0x4099, 0x4150, 0x425b,
    0x4333, 0x443e, 0x4548, 0x4083, 0x4164, 0x42d3, 0x4363, 0x446f, 0x4582, 0x2e19, 0x3033, 0x2c51,
    0x2ac4, 0x2ced, 0x2580, 0x309e, 0x328d, 0x3051, 0x307f, 0x31cf, 0x2f62, 0x39f3, 0x3aa6, 0x3ae9,
    0x354e, 0x3627, 0x351b, 0x2be7, 0x2d9f, 0x25ff, 0x2c8d, 0x2ea9, 0x28f3, 0x34e9, 0x35a5, 0x34a3,
    0x3135, 0x32aa, 0x2c78, 0x3160, 0x327b, 0x2d40, 0x3c31, 0x3ca0, 0x3c72, 0x3729, 0x37bc, 0x3311,
    0x2bea, 0x2e0e, 0x1df7, 0x2d41, 0x3057, 0x1fcb, 0x2e9e, 0x31ad, 0x2108, 0x2c78, 0x2dd2, 0x23a9,
    0x2b6f, 0x2d29, 0x2169, 0x2d0b, 0x2fa3, 0x209f, 0x2eb1, 0x2f18, 0x262c, 0x2c02, 0x2b77, 0x243f,
    0x2906, 0x286e, 0x212c, 0x28f5, 0x2849, 0x1f4d, 0x25fa, 0x247d, 0x1d3c, 0x2a79, 0x28e5, 0x2577,
    0x2d2d, 0x2e5f, 0x2310, 0x2be9, 0x2cd4, 0x2073, 0x2ddf, 0x2d9f, 0x2428, 0x293c, 0x2927, 0x1ff9,
    0x2fa4, 0x2ee2, 0x282d, 0x3058, 0x3203, 0x26b7, 0x2e3a, 0x3035, 0x222c, 0x2fff, 0x3045, 0x25c3,
    0x2dcd, 0x2d20, 0x2585, 0x2dc1, 0x2f00, 0x23e3, 0x2e26, 0x2da7, 0x269a, 0x2c53, 0x2c66, 0x2372,
    0x29f9, 0x296c, 0x2080, 0x30aa, 0x3054, 0x2a11, 0x324d, 0x3215, 0x2b8a, 0x2dad, 0x2d8a, 0x287b,
    0x3093, 0x3023, 0x2b4b, 0x32a9, 0x3246, 0x2da6, 0x2ee0, 0x3106, 0x2884, 0x2d11, 0x2d5d, 0x2631,
    0x2c62, 0x2cc5, 0x268f, 0x2ea2, 0x2f53, 0x28a0, 0x3033, 0x302d, 0x2a9a, 0x2d82, 0x2d9d, 0x276c,
    0x2891, 0x291d, 0x1fe6, 0x30ac, 0x3123, 0x2866, 0x33d8, 0x3487, 0x3125, 0x33b6, 0x33c2, 0x2d85,
    0x3378, 0x33b2, 0x3098, 0x3639, 0x381c, 0x3715, 0x3b8a, 0x3c7d, 0x3cd3, 0x30e5, 0x311b, 0x2bd6,
    0x3303, 0x32bc, 0x2f00, 0x32db, 0x342b, 0x307f, 0x2d36, 0x2ff3, 0x2d49, 0x3cef, 0x3db1, 0x3ece,
    0x350a, 0x3657, 0x3510, 0x2fa3, 0x30ac, 0x2cf0, 0x3cba, 0x3d4b, 0x3e33, 0x3287, 0x3294, 0x3244,
    0x30a4, 0x322f, 0x2cd2, 0x2a5a, 0x2d03, 0x1fdf, 0x2aab, 0x2c71, 0x2533, 0x2c4e, 0x2e52, 0x2335,
    0x29ad, 0x2c65, 0x206c, 0x2fd2, 0x3150, 0x2aa9, 0x2a9a, 0x2d8b, 0x20e0, 0x31ec, 0x340f, 0x268c,
    0x340d, 0x353f, 0x2dc5, 0x368d, 0x3809, 0x2f55, 0x387b, 0x38f2, 0x360b, 0x37a0, 0x3879, 0x30cf,
    0x2990, 0x2ab5, 0x1ccf, 0x2e49, 0x2ed5, 0x2714, 0x2952, 0x2aeb, 0x206f, 0x29a1, 0x2b19, 0x1d55,
    0x298e, 0x2c54, 0x1c07, 0x2b9c, 0x2b82, 0x1e05, 0x2b6d, 0x2bdd, 0x235f, 0x28bb, 0x2a20, 0x1f9a,
    0x2d86, 0x2f02, 0x242b, 0x2d60, 0x2e27, 0x22a2, 0x2899, 0x28e2, 0x1d88, 0x2920, 0x28f9, 0x2011,
    0x2610, 0x27d2, 0x1aa8, 0x2bc2, 0x2c2c, 0x2252, 0x3068, 0x307f, 0x2625, 0x2fd5, 0x31b7, 0x22e5,
    0x2f6b, 0x308d, 0x24bc, 0x2f10, 0x2e3a, 0x25cb, 0x2f9f, 0x3022, 0x24f7, 0x2efc, 0x3025, 0x25d5,
    0x2c31, 0x2c19, 0x23ed, 0x2c5a, 0x2d97, 0x22b7, 0x3078, 0x32c8, 0x254d, 0x3000, 0x30d2, 0x2667,
    0x2ee1, 0x2e4b, 0x298f, 0x2afa, 0x29e3, 0x23ef, 0x289f, 0x28f9, 0x1e40, 0x2f53, 0x2e49, 0x29d0,
    0x3213, 0x3172, 0x2c68, 0x303d, 0x2fae, 0x2d1f, 0x2c39, 0x2cb2, 0x238d, 0x3382, 0x33ff, 0x2e2e,
    0x3091, 0x301a, 0x296b, 0x2d5a, 0x2c89, 0x259f, 0x2d15, 0x2d12, 0x26a7, 0x3368, 0x3277, 0x2d2c,
    0x305a, 0x303e, 0x28b5, 0x3014, 0x2f32, 0x2894, 0x3008, 0x30ce, 0x2854, 0x2fea, 0x2fee, 0x271e,
    0x31de, 0x32f8, 0x2b39, 0x3035, 0x3091, 0x2968, 0x3195, 0x31f3, 0x2cc3, 0x302b, 0x30d4, 0x29fc,
    0x30b9, 0x3255, 0x2a25, 0x318a, 0x32e9, 0x2ed1, 0x33b1, 0x3493, 0x26f3, 0x34b4, 0x3585, 0x2b0d,
    0x3250, 0x3359, 0x2de0, 0x2dfd, 0x2ed9, 0x29d6, 0x3050, 0x300b, 0x2dcb, 0x3061, 0x3097, 0x2ab2,
    0x3319, 0x342e, 0x2c61, 0x2ef9, 0x2f2c, 0x286e, 0x340b, 0x349d, 0x307b, 0x3084, 0x31f4, 0x2b26,
    0x3041, 0x31f4, 0x2c3d, 0x36e8, 0x3829, 0x2f01, 0x36ca, 0x37df, 0x2d28, 0x3418, 0x34e8, 0x2ce1,
    0x362d, 0x3775, 0x310f, 0x3948, 0x3a19, 0x31dc, 0x3ade, 0x3be4, 0x38e0, 0x3632, 0x377a, 0x3304,
    0x2932, 0x27ff, 0x20ce, 0x2951, 0x27f2, 0x241c, 0x2d6d, 0x2d44, 0x20f8, 0x297d, 0x2aaf, 0x1bcb,
    0x2a62, 0x2aee, 0x2441, 0x29fc, 0x28e7, 0x237a, 0x2c14, 0x2be7, 0x2466, 0x2b72, 0x2d97, 0x1b8e,
    0x2d19, 0x2e29, 0x24bf, 0x2ccc, 0x2c88, 0x2618, 0x303c, 0x3080, 0x25de, 0x2eb2, 0x2e53, 0x247f,
    0x2fdb, 0x2ef3, 0x2838, 0x2d5b, 0x2d50, 0x2560, 0x2c04, 0x2ba1, 0x2434, 0x2e05, 0x2ea8, 0x26fb,
    0x3034, 0x2f1f, 0x273b, 0x2cc0, 0x2cf6, 0x24c2, 0x2b17, 0x2a29, 0x20f4, 0x2c95, 0x2c8d, 0x256a,
    0x2adb, 0x299f, 0x23a8, 0x2c09, 0x2c16, 0x2433, 0x2f9e, 0x2fd9, 0x28c1, 0x2e63, 0x2e98, 0x2817,
    0x2c48, 0x2bcd, 0x2717, 0x28db, 0x2810, 0x21d0, 0x2e5a, 0x2ebe, 0x24d0, 0x3251, 0x318d, 0x2cb4,
    0x2ce8, 0x2c5b, 0x249d, 0x2e05, 0x2f43, 0x265f, 0x2d93, 0x2f2b, 0x269b, 0x2be8, 0x2b99, 0x241a,
    0x2c92, 0x2c1b, 0x24e4, 0x315a, 0x30ca, 0x2b3c, 0x306b, 0x3070, 0x29bf, 0x2eda, 0x2ec4, 0x2794,
    0x2e34, 0x2d15, 0x2613, 0x317c, 0x30c6, 0x2a48, 0x32a2, 0x31ef, 0x2caa, 0x2e2a, 0x2df0, 0x279d,
    0x31af, 0x30cb, 0x2b36, 0x2f86, 0x2fe3, 0x28b0, 0x30c8, 0x30bf, 0x2b15, 0x30c8, 0x301e, 0x2a50,
    0x2fa8, 0x2e78, 0x27f8, 0x301d, 0x30c0, 0x294b, 0x2f8e, 0x30fd, 0x2a57, 0x2dbb, 0x2f1c, 0x2560,
    0x3017, 0x3075, 0x2846, 0x2f7a, 0x312f, 0x2129, 0x32a7, 0x321e, 0x2c2c, 0x3997, 0x3a41, 0x2c08,
    0x3435, 0x349f, 0x2baa, 0x3410, 0x3451, 0x2d6c, 0x33ac, 0x349e, 0x2b11, 0x2f78, 0x31c2, 0x2430,
    0x3632, 0x3728, 0x313b, 0x39eb, 0x3a76, 0x37e0, 0x3714, 0x3836, 0x29f1, 0x389a, 0x399a, 0x28a5,
    0x3415, 0x3526, 0x2a6d, 0x367d, 0x37dd, 0x2cb7, 0x36de, 0x3822, 0x29b8, 0x3802, 0x389d, 0x2d9f,
    0x30f2, 0x3021, 0x287c, 0x2edd, 0x2d21, 0x294f, 0x2ade, 0x2b25, 0x22f4, 0x2942, 0x293a, 0x1d9a,
    0x29e6, 0x2a33, 0x1dea, 0x288a, 0x286a, 0x2002, 0x29b0, 0x2bd3, 0x1c8d, 0x2902, 0x2ae3, 0x1d01,
    0x2baa, 0x2ed4, 0x20f0, 0x2e82, 0x2f23, 0x2904, 0x2bea, 0x2c1e, 0x2466, 0x2700, 0x26af, 0x1ef1,
    0x2de3, 0x2da2, 0x24dd, 0x2dd3, 0x2dba, 0x24c4, 0x2f1d, 0x2c37, 0x26f2, 0x2c88, 0x2b7d, 0x248f,
    0x2c69, 0x2c6f, 0x240f, 0x3013, 0x3049, 0x2a02, 0x3002, 0x303c, 0x297f, 0x2b07, 0x2e5b, 0x1b9f,
    0x2b28, 0x2d09, 0x1fb7, 0x2ba1, 0x2bd7, 0x241b, 0x3041, 0x3012, 0x28fc, 0x30e9, 0x30a4, 0x2a86,
    0x23cb, 0x22dd, 0x1aeb, 0x28de, 0x285f, 0x21ee, 0x2c9e, 0x2bf1, 0x245c, 0x2b35, 0x2a7c, 0x24dd,
    0x2c76, 0x2c18, 0x25c2, 0x3006, 0x2f92, 0x2abc, 0x2e29, 0x2e39, 0x2746, 0x33cc, 0x32e3, 0x2e84,
    0x2cd2, 0x2d52, 0x2632, 0x2e2b, 0x2e77, 0x2743, 0x2f21, 0x2f3b, 0x26f8, 0x2d63, 0x2e94, 0x25d6,
    0x2cf5, 0x2d44, 0x253d, 0x2d3f, 0x2d01, 0x240e, 0x2582, 0x243f, 0x1d2f, 0x2a1b, 0x29a3, 0x2269,
    0x2fb2, 0x3039, 0x28c4, 0x2d0c, 0x2e7f, 0x2801, 0x3219, 0x3184, 0x2c0f, 0x30e0, 0x3116, 0x2ad0,
    0x3080, 0x304c, 0x2a0a, 0x2f1f, 0x2e71, 0x2863, 0x34e9, 0x34ad, 0x2fc8, 0x3018, 0x320a, 0x2893,
    0x2e72, 0x2fdf, 0x2624, 0x335e, 0x33d1, 0x2507, 0x3364, 0x338d, 0x28fc, 0x328f, 0x3422, 0x26dd,
    0x366b, 0x37f8, 0x2a56, 0x3585, 0x3606, 0x2c61, 0x3644, 0x35fd, 0x2de8, 0x35b4, 0x366a, 0x2c8a,
    0x3585, 0x3637, 0x2ff9, 0x37d7, 0x38ec, 0x26d9, 0x34ac, 0x365d, 0x2687, 0x308c, 0x3259, 0x20f3,
    0x30a5, 0x3220, 0x2615, 0x369b, 0x37bb, 0x2e01, 0x38a4, 0x3913, 0x3044, 0x3a17, 0x3abc, 0x2fd9,
    0x32a9, 0x3216, 0x2ba7, 0x313a, 0x2f5e, 0x2a9a, 0x3048, 0x2f2d, 0x29a5, 0x2eb1, 0x2db1, 0x25f8,
    0x2ad9, 0x28c9, 0x2453, 0x30e5, 0x307b, 0x2811, 0x2927, 0x28bb, 0x2104, 0x28e8, 0x28ad, 0x21af,
    0x24bf, 0x25d3, 0x1a70, 0x263b, 0x2496, 0x1c26, 0x29b4, 0x293c, 0x1e79, 0x2a29, 0x2c3b, 0x210d,
    0x2e88, 0x2df7, 0x2952, 0x3048, 0x3047, 0x2bdd, 0x2911, 0x29c8, 0x2004, 0x2e4f, 0x2dfb, 0x285f,
    0x2ed5, 0x2eca, 0x292e, 0x2bf1, 0x2bc0, 0x241e, 0x2c52, 0x2c4f, 0x2640, 0x2d1b, 0x3011, 0x21d6,
    0x29e2, 0x2a8e, 0x2262, 0x24a4, 0x24e1, 0x1e46, 0x3027, 0x2f4a, 0x29d4, 0x2650, 0x253b, 0x1f5d,
    0x2a00, 0x29cf, 0x253d, 0x2509, 0x2483, 0x1c97, 0x2958, 0x2924, 0x23d2, 0x2e2c, 0x2d5f, 0x2712,
    0x320d, 0x318f, 0x2c8f, 0x2e6d, 0x2fac, 0x2813, 0x3293, 0x325a, 0x2cdd, 0x3070, 0x30e9, 0x26b7,
    0x2dd8, 0x2e47, 0x2702, 0x2e5c, 0x2e75, 0x277e, 0x34b7, 0x344f, 0x2fa4, 0x2860, 0x2813, 0x1fe5,
    0x3313, 0x3197, 0x2a11, 0x2fdd, 0x2e1e, 0x2543, 0x27aa, 0x2527, 0x1dea, 0x2b13, 0x29e9, 0x2410,
    0x2034, 0x1d36, 0x10a3, 0x310b, 0x30af, 0x2a47, 0x3243, 0x31d4, 0x2c37, 0x3341, 0x329b, 0x2c70,
    0x2cab, 0x2be6, 0x24e4, 0x3075, 0x302f, 0x2963, 0x30f5, 0x305f, 0x2ac4, 0x33f4, 0x33b0, 0x2e0d,
    0x30bd, 0x32ff, 0x2aac, 0x2aa5, 0x2b7e, 0x2665, 0x37b9, 0x3895, 0x27ac, 0x378c, 0x3883, 0x2859,
    0x34dd, 0x35f7, 0x27dd, 0x346c, 0x3599, 0x2754, 0x3524, 0x363c, 0x28f8, 0x35f7, 0x3673, 0x2796,
    0x3636, 0x3746, 0x286a, 0x3517, 0x3607, 0x2b6e, 0x35bf, 0x3678, 0x2e1d, 0x383c, 0x3885, 0x302a,
    0x3703, 0x380e, 0x2e5c, 0x3685, 0x3786, 0x2c5f, 0x39b1, 0x3a13, 0x2e77, 0x39b9, 0x3a9b, 0x2a9c,
    0x2b6f, 0x2b65, 0x2087, 0x2e9d, 0x2c86, 0x2716, 0x30c1, 0x3000, 0x28c8, 0x2970, 0x28d5, 0x201e,
    0x26ce, 0x2502, 0x1b9e, 0x300a, 0x2ffc, 0x2458, 0x2800, 0x2844, 0x1e24, 0x2c7e, 0x2ca6, 0x26f5,
    0x2b79, 0x2b47, 0x250f, 0x2c2a, 0x2c59, 0x256e, 0x2981, 0x293a, 0x2417, 0x2b1c, 0x2c98, 0x23c8,
    0x2ba4, 0x2ad9, 0x25f0, 0x2ce5, 0x2cf6, 0x257c, 0x3014, 0x302f, 0x29e2, 0x2d79, 0x2d24, 0x26e8,
    0x30c9, 0x3043, 0x2a3e, 0x2c76, 0x2cbb, 0x2445, 0x3098, 0x303b, 0x29a3, 0x2d8c, 0x2e3b, 0x275a,
    0x24f6, 0x2472, 0x1b5d, 0x2c32, 0x2aaf, 0x242c, 0x2c27, 0x2b96, 0x2452, 0x232e, 0x2217, 0x19a7,
    0x2c58, 0x2c2f, 0x287c, 0x2657, 0x25d3, 0x1cc1, 0x2e8b, 0x2efe, 0x2527, 0x2466, 0x25fd, 0x18b4,
    0x2947, 0x2a84, 0x1f77, 0x2e2e, 0x2dcc, 0x287c, 0x27c3, 0x2759, 0x2112, 0x2f1d, 0x2ecf, 0x2630,
    0x30c6, 0x307a, 0x2bf2, 0x2f46, 0x310c, 0x27df, 0x2f04, 0x2f81, 0x281d, 0x2a02, 0x2ad0, 0x2361,
    0x2edb, 0x2fe5, 0x2700, 0x2e88, 0x2e50, 0x25fe, 0x2c36, 0x2c49, 0x2818, 0x2ee6, 0x2d54, 0x28ee,
    0x2e4d, 0x2d26, 0x2624, 0x3054, 0x305a, 0x292f, 0x324a, 0x30da, 0x2977, 0x31c6, 0x3176, 0x2c78,
    0x2a2d, 0x2b50, 0x1fbe, 0x2f5a, 0x2fef, 0x285f, 0x2e56, 0x2fc5, 0x2a83, 0x30dd, 0x31dc, 0x2a66,
    0x32d0, 0x332c, 0x2d9d, 0x3102, 0x32b0, 0x2959, 0x33d6, 0x3585, 0x2b30, 0x34f7, 0x3622, 0x2dba,
    0x301a, 0x3217, 0x3039, 0x2d33, 0x3031, 0x23dd, 0x314c, 0x3148, 0x2896, 0x3761, 0x36fc, 0x3215,
    0x3973, 0x3a8f, 0x3894, 0x370a, 0x38d5, 0x37f0, 0x38b0, 0x3a30, 0x38fc, 0x38ad, 0x39f6, 0x38c9,
    0x375c, 0x38af, 0x3631, 0x3342, 0x3476, 0x2b50, 0x3896, 0x3942, 0x2919, 0x3525, 0x3668, 0x2366,
    0x2d91, 0x2dcd, 0x24f0, 0x2fa0, 0x2ebc, 0x2723, 0x3058, 0x2f97, 0x2871, 0x2e49, 0x2d6e, 0x26b5,
    0x2db9, 0x2c37, 0x24eb, 0x2dc7, 0x2c41, 0x2767, 0x2c95, 0x2b85, 0x2419, 0x2ef7, 0x2f34, 0x2978,
    0x3041, 0x2fee, 0x2a36, 0x2e76, 0x2e80, 0x2886, 0x2d47, 0x2cc1, 0x2693, 0x2d6f, 0x2e21, 0x259b,
    0x2e52, 0x2d51, 0x282d, 0x2f4e, 0x2e04, 0x2a05, 0x334d, 0x3240, 0x2e93, 0x253d, 0x249e, 0x1da3,
    0x2770, 0x2655, 0x1f0a, 0x2d2a, 0x2cd3, 0x263e, 0x2e4e, 0x2e0a, 0x290f, 0x2e83, 0x2e55, 0x2a32,
    0x2e06, 0x2e61, 0x2816, 0x2cb3, 0x2c66, 0x23eb, 0x2cc5, 0x2d32, 0x24ca, 0x2b29, 0x2b1d, 0x2253,
    0x2a22, 0x29f3, 0x21f5, 0x3073, 0x305a, 0x2b57, 0x2bb2, 0x2db9, 0x21d8, 0x291a, 0x2b50, 0x1812,
    0x2b6c, 0x2df9, 0x1daf, 0x30b3, 0x315c, 0x2b0a, 0x2c21, 0x2cd4, 0x2278, 0x285e, 0x288e, 0x2030,
    0x2b29, 0x2b5d, 0x24bf, 0x2d5f, 0x2f1c, 0x2388, 0x30f9, 0x30fa, 0x2ab6, 0x2abf, 0x2a3b, 0x2406,
    0x2c81, 0x2bd8, 0x250c, 0x2bb4, 0x2b28, 0x2481, 0x31bc, 0x31ef, 0x2cd2, 0x2f8d, 0x2e8f, 0x2b27,
    0x2f29, 0x2f2b, 0x28f7, 0x3049, 0x30af, 0x2574, 0x344c, 0x32f2, 0x2db1, 0x3385, 0x3196, 0x2c63,
    0x304b, 0x307e, 0x29da, 0x3499, 0x3547, 0x2c60, 0x309c, 0x30ef, 0x2a70, 0x3298, 0x33c3, 0x2c64,
    0x2ea8, 0x3079, 0x27c2, 0x3094, 0x30a8, 0x29b1, 0x3329, 0x3369, 0x2e03, 0x32ec, 0x338e, 0x2cfb,
    0x3904, 0x391b, 0x2d7c, 0x3a1b, 0x3a05, 0x2d21, 0x395a, 0x3946, 0x2e31, 0x38f1, 0x38fc, 0x2c18,
    0x382d, 0x37b5, 0x2e00, 0x377e, 0x360b, 0x309a, 0x3851, 0x3673, 0x32b3, 0x375f, 0x363d, 0x3034,
    0x3877, 0x38b6, 0x2ccd, 0x373f, 0x3874, 0x23d7, 0x37ff, 0x38e0, 0x2677, 0x3169, 0x330f, 0x1ee9,
    0x2b31, 0x2ac8, 0x2684, 0x24a8, 0x237b, 0x1c48, 0x2816, 0x271e, 0x2064, 0x2ca1, 0x2c96, 0x2655,
    0x2e7b, 0x2ede, 0x289e, 0x2cc6, 0x2ce0, 0x2686, 0x2d6b, 0x2cb6, 0x25a4, 0x2dc2, 0x2db4, 0x27c2,
    0x2fd6, 0x2f8f, 0x2a07, 0x2e79, 0x2df4, 0x2839, 0x2ead, 0x2de3, 0x28bb, 0x2e36, 0x2e9e, 0x285c,
    0x2b88, 0x2c6e, 0x21b4, 0x2b5d, 0x2ae3, 0x2454, 0x2887, 0x26c9, 0x2246, 0x289c, 0x28fa, 0x1f52,
    0x312d, 0x30c3, 0x2a88, 0x263f, 0x24b6, 0x1f0c, 0x2c59, 0x2c00, 0x2597, 0x29fd, 0x296b, 0x248d,
    0x2bfa, 0x2b74, 0x24eb, 0x2871, 0x28f5, 0x2192, 0x29dd, 0x2923, 0x219f, 0x29aa, 0x2a9a, 0x20ef,
    0x297d, 0x2b01, 0x1d76, 0x2bc9, 0x2ac1, 0x25d0, 0x2910, 0x2975, 0x2313, 0x2b40, 0x2e54, 0x1dab,
    0x2c35, 0x2cbd, 0x24a1, 0x2b75, 0x2ca5, 0x2323, 0x2f6d, 0x2ed7, 0x2955, 0x2c14, 0x2c40, 0x2537,
    0x2884, 0x27cc, 0x1ed2, 0x2d78, 0x2e0d, 0x24e6, 0x33ec, 0x32cb, 0x2d3e, 0x2c97, 0x2bd5, 0x27ef,
    0x2ae4, 0x293b, 0x25c4, 0x1d47, 0x1c9b, 0x1453, 0x3050, 0x2f2b, 0x2985, 0x2cda, 0x2c38, 0x264e,
    0x2ed9, 0x2dba, 0x2861, 0x2d5f, 0x2cff, 0x2621, 0x34ff, 0x3418, 0x2eb6, 0x3055, 0x301c, 0x297e,
    0x2df3, 0x2cf2, 0x24e7, 0x2ec3, 0x2ecc, 0x27cb, 0x30d7, 0x3052, 0x29f0, 0x3210, 0x30bf, 0x2bac,
    0x3019, 0x2ed9, 0x2729, 0x31ed, 0x3180, 0x2bf0, 0x2ca3, 0x2cea, 0x25e5, 0x32e4, 0x3370, 0x2cf3,
    0x32bb, 0x34d4, 0x2db8, 0x3354, 0x358b, 0x2e14, 0x33d2, 0x35d0, 0x2ec7, 0x344f, 0x363e, 0x2fc7,
    0x342b, 0x3634, 0x2f2a, 0x3404, 0x35df, 0x2e6b, 0x3463, 0x3648, 0x2fb9, 0x34f4, 0x36c9, 0x30db,
    0x34d4, 0x36b3, 0x3064, 0x34e8, 0x36b2, 0x3125, 0x35ff, 0x37a6, 0x326d, 0x36d0, 0x382a, 0x3457,
    0x2ad6, 0x2ab0, 0x2533, 0x2e32, 0x2d38, 0x2960, 0x2e1e, 0x2dda, 0x2961, 0x2a7d, 0x27d5, 0x2515,
    0x2d55, 0x2c75, 0x28a4, 0x2de5, 0x2e13, 0x285d, 0x2eaf, 0x2def, 0x29c9, 0x2ff9, 0x2f98, 0x2981,
    0x2ae8, 0x29fc, 0x2366, 0x301b, 0x2f66, 0x29c9, 0x3069, 0x2fb6, 0x2c6a, 0x2f4a, 0x2e96, 0x2a11,
    0x2a30, 0x2a5c, 0x2425, 0x28c7, 0x2642, 0x211e, 0x2896, 0x275c, 0x21b0, 0x2c44, 0x2b66, 0x24ae,
    0x2a6a, 0x2a0b, 0x22b9, 0x2d9d, 0x2ce7, 0x2896, 0x2c4b, 0x2b46, 0x27c7, 0x26a6, 0x2523, 0x1e63,
    0x2ab4, 0x29ec, 0x1fdc, 0x288a, 0x2aa6, 0x1e12, 0x21bd, 0x1f27, 0x19e5, 0x26fd, 0x2644, 0x1fdf,
    0x2c22, 0x2c42, 0x20c5, 0x29c7, 0x2918, 0x2446, 0x270e, 0x25ad, 0x2062, 0x2c7c, 0x2c89, 0x2399,
    0x2cf9, 0x2d0a, 0x25c4, 0x2c8f, 0x2cb5, 0x2405, 0x306a, 0x302b, 0x29ce, 0x2e22, 0x2dd8, 0x2838,
    0x3134, 0x3109, 0x2af7, 0x300b, 0x3026, 0x2979, 0x2c3f, 0x2c13, 0x26cf, 0x285f, 0x2806, 0x22c8,
    0x2d27, 0x2c0b, 0x273a, 0x222d, 0x222b, 0x1bd4, 0x2e05, 0x2cc8, 0x27ad, 0x2d11, 0x2c59, 0x269c,
    0x290c, 0x2844, 0x2223, 0x2d58, 0x2c0f, 0x268d, 0x2f13, 0x2db6, 0x29ca, 0x25e0, 0x23c0, 0x18f5,
    0x2b7c, 0x29fd, 0x229d, 0x31f8, 0x316f, 0x2bee, 0x325c, 0x325c, 0x2c87, 0x31f3, 0x3256, 0x2aa0,
    0x2cd8, 0x2e20, 0x252c, 0x3091, 0x3028, 0x2aa6, 0x2e0e, 0x2fdc, 0x26ee, 0x2fb4, 0x3004, 0x290d,
    0x3141, 0x31fa, 0x2aea, 0x31ca, 0x3330, 0x2ce3, 0x3116, 0x31fe, 0x2ed3, 0x2efe, 0x3082, 0x2c58,
    0x2ee6, 0x3052, 0x2b22, 0x3051, 0x3189, 0x2c2c, 0x31a8, 0x33b3, 0x2c06, 0x317b, 0x3405, 0x2bb8,
    0x2f05, 0x3216, 0x28cd, 0x2f77, 0x31a3, 0x299b, 0x3047, 0x323c, 0x2c4b, 0x3110, 0x3322, 0x2d49,
    0x3149, 0x309e, 0x300d, 0x2f9f, 0x2f5e, 0x2de6, 0x2f3c, 0x2de7, 0x2933, 0x30b3, 0x2ff2, 0x2c87,
    0x3174, 0x3107, 0x2c3e, 0x2e93, 0x2e17, 0x289d, 0x3063, 0x3030, 0x2b24, 0x2bc5, 0x2b81, 0x2421,
    0x28cb, 0x280f, 0x23cc, 0x290a, 0x2843, 0x2436, 0x2974, 0x2a28, 0x1e11, 0x2b23, 0x2b58, 0x230e,
    0x2898, 0x2909, 0x21c9, 0x283f, 0x285c, 0x1ed0, 0x2a0e, 0x28bf, 0x2360, 0x2bb2, 0x2a9a, 0x238a,
    0x3207, 0x3182, 0x2c6e, 0x2904, 0x28f5, 0x2364, 0x248f, 0x2575, 0x1c0f, 0x31e1, 0x3251, 0x2618,
    0x2e2b, 0x2c6e, 0x23de, 0x2c16, 0x2e0d, 0x2075, 0x2e1c, 0x2db1, 0x26ac, 0x2d5c, 0x2cf3, 0x2856,
    0x2539, 0x2435, 0x1eb6, 0x2cc2, 0x2c1f, 0x25d8, 0x26d6, 0x26a6, 0x2155, 0x3021, 0x30e4, 0x26c2,
    0x3016, 0x2f9b, 0x296a, 0x2b34, 0x2a0d, 0x24d6, 0x3127, 0x302b, 0x2aae, 0x344c, 0x32ba, 0x2de4,
    0x2c8d, 0x2b29, 0x2466, 0x2cbb, 0x2cad, 0x25ae, 0x2bcf, 0x2b66, 0x267a, 0x285c, 0x28de, 0x210e,
    0x298f, 0x29cb, 0x1e7e, 0x3101, 0x3058, 0x2c42, 0x2e3a, 0x2e70, 0x29ca, 0x301a, 0x2dc9, 0x2905,
    0x321c, 0x30cb, 0x2d0a, 0x3117, 0x3002, 0x2bec, 0x2ded, 0x2c80, 0x2927, 0x2d5d, 0x2c07, 0x2570,
    0x2f7e, 0x2e3e, 0x27bf, 0x30b6, 0x31d0, 0x27af, 0x3aba, 0x38c9, 0x3549, 0x2eeb, 0x2e83, 0x2990,
    0x32c3, 0x33c9, 0x2d2f, 0x312b, 0x3223, 0x2bd2, 0x2cbf, 0x3048, 0x2406, 0x31fa, 0x3232, 0x2a67,
    0x305a, 0x306c, 0x2af3, 0x3427, 0x3423, 0x3075, 0x35bd, 0x3503, 0x3409, 0x36bf, 0x35e4, 0x34c9,
    0x37b4, 0x36ba, 0x353e, 0x380c, 0x36dd, 0x3530, 0x368f, 0x3590, 0x348c, 0x370f, 0x360e, 0x3501,
    0x37cf, 0x36d1, 0x35a0, 0x3858, 0x37af, 0x3661, 0x3903, 0x386d, 0x3732, 0x38ef, 0x3850, 0x36bc,
    0x315f, 0x316c, 0x30dc, 0x2e3c, 0x2e96, 0x2de6, 0x2b9c, 0x2a94, 0x2777, 0x2f11, 0x2d35, 0x2beb,
    0x2d86, 0x2bb0, 0x293d, 0x2dc4, 0x2c31, 0x2877, 0x2f8f, 0x2eca, 0x2ab0, 0x28cc, 0x2667, 0x2259,
    0x28f4, 0x283d, 0x24f7, 0x2ab3, 0x2971, 0x267d, 0x2c8e, 0x2c14, 0x289c, 0x29e5, 0x295c, 0x2550,
    0x2956, 0x285d, 0x24fb, 0x2b38, 0x29cf, 0x2752, 0x2b9d, 0x2a74, 0x27f2, 0x2b0f, 0x2a2e, 0x2750,
    0x2925, 0x289a, 0x232e, 0x304a, 0x3101, 0x284e, 0x2be9, 0x2b9c, 0x2560, 0x262e, 0x249c, 0x1e7f,
    0x285a, 0x285d, 0x1f03, 0x284f, 0x28b2, 0x1e1c, 0x289c, 0x26ba, 0x2126, 0x2e8a, 0x2d3e, 0x2758,
    0x2eb7, 0x2d4d, 0x29cc, 0x30da, 0x3010, 0x2b0d, 0x2c35, 0x2954, 0x2289, 0x2d6e, 0x2abc, 0x2443,
    0x32f4, 0x32a0, 0x2ca0, 0x2f0f, 0x2ee6, 0x286b, 0x31e6, 0x307a, 0x2cb4, 0x3291, 0x3162, 0x2e4d,
    0x2e35, 0x2d60, 0x2b44, 0x3193, 0x3157, 0x2aea, 0x2a5e, 0x2a97, 0x23d6, 0x2c95, 0x2cf3, 0x2447,
    0x2e3b, 0x2dc5, 0x253d, 0x27d3, 0x2734, 0x1cf3, 0x2d11, 0x2d83, 0x24ee, 0x2a1c, 0x2a3e, 0x1ef5,
    0x3882, 0x36a9, 0x33f0, 0x2d3b, 0x2e66, 0x2648, 0x3023, 0x3055, 0x2b1a, 0x3127, 0x309e, 0x2bf6,
    0x30e8, 0x315a, 0x2a80, 0x3444, 0x3172, 0x2cc3, 0x38a9, 0x3601, 0x31c7, 0x2c66, 0x2b93, 0x2634,
    0x311f, 0x3047, 0x2923, 0x2ef9, 0x2efe, 0x28be, 0x2cf1, 0x2c92, 0x2451, 0x2f1e, 0x2e1d, 0x291d,
    0x2c21, 0x2c3e, 0x250c, 0x34e4, 0x340f, 0x307e, 0x346f, 0x3383, 0x31c7, 0x32b0, 0x31e8, 0x30a6,
    0x3436, 0x33ab, 0x32dd, 0x3554, 0x34ce, 0x3441, 0x3606, 0x3587, 0x3471, 0x378c, 0x36a1, 0x351c,
    0x36f0, 0x35e2, 0x3455, 0x36fa, 0x35d9, 0x3459, 0x36a8, 0x35a3, 0x3437, 0x360e, 0x34da, 0x32df,
    0x2f8a, 0x2fa9, 0x2e70, 0x2c60, 0x2b98, 0x28f9, 0x2c7e, 0x29c2, 0x2819, 0x3027, 0x2fa4, 0x2db0,
    0x2fd2, 0x2f7c, 0x2d7a, 0x2e78, 0x2ee1, 0x2d3d, 0x2ea4, 0x2e48, 0x2cf3, 0x2ee8, 0x2cdb, 0x2b92,
    0x2e21, 0x2cf3, 0x290a, 0x2bc6, 0x2a4e, 0x27b7, 0x2d05, 0x2c98, 0x2742, 0x29ce, 0x2983, 0x2517,
    0x2bd0, 0x2a8e, 0x25de, 0x2d2e, 0x2c98, 0x2964, 0x2d18, 0x2c68, 0x28bb, 0x29e6, 0x2906, 0x25df,
    0x2f2d, 0x2d96, 0x248e, 0x2c41, 0x2a7c, 0x24d9, 0x2f3c, 0x2d2c, 0x28a6, 0x2c03, 0x29a7, 0x2504,
    0x2be6, 0x2a1f, 0x2303, 0x2ec4, 0x2c61, 0x287e, 0x2ce5, 0x2bf7, 0x2672, 0x30e6, 0x2e38, 0x2b7f,
    0x30ad, 0x3105, 0x2885, 0x31c1, 0x3066, 0x2b8a, 0x340f, 0x3161, 0x2d17, 0x31fe, 0x3048, 0x29a5,
    0x2c58, 0x28d5, 0x244b, 0x3475, 0x3453, 0x2bba, 0x326a, 0x3204, 0x2b06, 0x2ebb, 0x2e06, 0x2905,
    0x2b87, 0x2c74, 0x2599, 0x3107, 0x3013, 0x2d87, 0x319f, 0x311f, 0x2c78, 0x345a, 0x33f4, 0x2d43,
    0x3637, 0x3561, 0x30b7, 0x31e0, 0x313a, 0x284f, 0x32c6, 0x31ea, 0x2917, 0x3133, 0x3087, 0x2a0f,
    0x366a, 0x346e, 0x309c, 0x31d1, 0x3110, 0x2b93, 0x2bf2, 0x2bec, 0x242c, 0x2ddf, 0x2e0e, 0x286c,
    0x320d, 0x301b, 0x2a9d, 0x301c, 0x2f63, 0x283d, 0x35e4, 0x33e1, 0x3072, 0x2989, 0x2937, 0x2305,
    0x2eb2, 0x2f13, 0x2860, 0x2a05, 0x2885, 0x20dd, 0x344f, 0x3393, 0x302b, 0x3030, 0x305c, 0x2d12,
    0x2f5d, 0x2e21, 0x2ac6, 0x2f6e, 0x2e36, 0x2cb3, 0x317f, 0x3064, 0x2ec2, 0x31e9, 0x30b1, 0x2f3a,
    0x32d2, 0x31d8, 0x30a3, 0x3429, 0x32ba, 0x30e8, 0x32aa, 0x313c, 0x2ef6, 0x3156, 0x3039, 0x2d57,
    0x32ac, 0x317e, 0x2fbc, 0x33b4, 0x32c0, 0x3135, 0x3438, 0x32fd, 0x3121, 0x3656, 0x34c9, 0x327d,
    0x34e6, 0x3469, 0x32c8, 0x30e1, 0x3053, 0x2f0e, 0x2f83, 0x2ec9, 0x2d95, 0x342f, 0x3395, 0x31b0,
    0x2ddf, 0x2d0d, 0x2b05, 0x2f66, 0x2eb2, 0x2d15, 0x2ae6, 0x2a1b, 0x2868, 0x2d75, 0x2d22, 0x2c3a,
    0x2ae9, 0x2ae2, 0x28c8, 0x31a3, 0x30fa, 0x3051, 0x2c7d, 0x2d8d, 0x252c, 0x2921, 0x2914, 0x237d,
    0x29cb, 0x29a0, 0x2178, 0x2c74, 0x2bc2, 0x2495, 0x2abf, 0x29e3, 0x248f, 0x2bcf, 0x28a6, 0x249b,
    0x2d5d, 0x2b3f, 0x24ad, 0x3194, 0x2f54, 0x2b0b, 0x2e9a, 0x2bcd, 0x2794, 0x31fd, 0x2f78, 0x2ca9,
    0x3106, 0x2e4b, 0x2add, 0x34c0, 0x3260, 0x2dd5, 0x3130, 0x3318, 0x2499, 0x3355, 0x31d7, 0x3065,
    0x34d6, 0x3370, 0x2f42, 0x313b, 0x30be, 0x2ab0, 0x324b, 0x312a, 0x2d11, 0x3232, 0x2fa8, 0x2c58,
    0x2f54, 0x2c3e, 0x28d7, 0x3486, 0x31a5, 0x2ce9, 0x30f5, 0x2e72, 0x2931, 0x3014, 0x2f99, 0x2618,
    0x3087, 0x30fd, 0x2698, 0x30bb, 0x300e, 0x2ca2, 0x34e9, 0x346b, 0x2f68, 0x3336, 0x30bc, 0x2af9,
    0x3318, 0x3377, 0x2a64, 0x3179, 0x3333, 0x2ab5, 0x30b6, 0x30c2, 0x287e, 0x30fb, 0x31f3, 0x2565,
    0x3678, 0x3459, 0x3061, 0x3012, 0x316f, 0x26db, 0x2e7d, 0x2ef3, 0x267f, 0x2c52, 0x2cd7, 0x253d,
    0x2e02, 0x2e5e, 0x265c, 0x300b, 0x2fed, 0x2817, 0x3323, 0x327d, 0x2cce, 0x30be, 0x317c, 0x299e,
    0x3229, 0x317d, 0x2cdd, 0x2e55, 0x2e30, 0x28e7, 0x2819, 0x26de, 0x214d, 0x2cb1, 0x2b8e, 0x2906,
    0x2e65, 0x2cff, 0x2b69, 0x307e, 0x2de7, 0x2c3e, 0x30a8, 0x2e3b, 0x2c59, 0x30ef, 0x3097, 0x2f86,
    0x33c6, 0x32d6, 0x31c4, 0x3481, 0x340a, 0x327d, 0x351c, 0x3470, 0x331d, 0x34a4, 0x33ff, 0x3275,
    0x34c2, 0x343c, 0x32e8, 0x342b, 0x3379, 0x325a, 0x3511, 0x347b, 0x3310, 0x35f1, 0x3508, 0x3380,
    0x3563, 0x346b, 0x3109, 0x317f, 0x30b8, 0x2f4d, 0x32ec, 0x3224, 0x305d, 0x315b, 0x30f0, 0x2f88,
    0x299e, 0x2923, 0x2806, 0x2ae7, 0x2a45, 0x2844, 0x2aba, 0x29a3, 0x267c, 0x2c59, 0x2b58, 0x28cf,
    0x2c22, 0x2a5b, 0x290c, 0x32b6, 0x3181, 0x306a, 0x2dd6, 0x2c93, 0x28cb, 0x3053, 0x2db4, 0x2b5c,
    0x30de, 0x3097, 0x29dc, 0x2f9d, 0x314e, 0x23e7, 0x32c3, 0x3078, 0x2de0, 0x30ec, 0x2e2e, 0x2ba2,
    0x3378, 0x3039, 0x2a64, 0x355c, 0x3267, 0x2f55, 0x34ce, 0x31e7, 0x2f8e, 0x3285, 0x2ef1, 0x2bc9,
    0x3183, 0x2eac, 0x2aa4, 0x3484, 0x3263, 0x2f4f, 0x322e, 0x3130, 0x2ace, 0x3205, 0x30c6, 0x2feb,
    0x3204, 0x3030, 0x2cb8, 0x3183, 0x2e4c, 0x29c0, 0x31dd, 0x301e, 0x2907, 0x31b0, 0x2e94, 0x2ade,
    0x351b, 0x323c, 0x2e3d, 0x3420, 0x311f, 0x2cdd, 0x3376, 0x3458, 0x28f6, 0x2fed, 0x31ab, 0x260b,
    0x2fe6, 0x2f35, 0x28f0, 0x3152, 0x309f, 0x2c9a, 0x2e5d, 0x313e, 0x2181, 0x2ce7, 0x2db0, 0x23c6,
    0x2906, 0x2bd7, 0x205a, 0x27aa, 0x2b7b, 0x1c1b, 0x2c81, 0x2ef6, 0x1f79, 0x2d4d, 0x2ed8, 0x24f1,
    0x354d, 0x33df, 0x2f1d, 0x2be3, 0x2c5f, 0x25e4, 0x2d80, 0x2f53, 0x25c6, 0x2dc7, 0x2e14, 0x285d,
    0x2e4d, 0x2db6, 0x27db, 0x2e2e, 0x2fdb, 0x26a8, 0x30fd, 0x2f72, 0x2999, 0x2a4e, 0x28b1, 0x24bd,
    0x2a51, 0x2748, 0x23a5, 0x2fd6, 0x2ce6, 0x2928, 0x2f24, 0x2c6c, 0x29cc, 0x30a9, 0x2dbe, 0x2b48,
    0x306c, 0x2e60, 0x2c26, 0x31c0, 0x304c, 0x2ea0, 0x3091, 0x3008, 0x2f89, 0x319c, 0x30cd, 0x3005,
    0x3376, 0x320d, 0x30af, 0x349f, 0x33a7, 0x321e, 0x3359, 0x32ad, 0x31fc, 0x3416, 0x3385, 0x3270,
    0x3404, 0x3382, 0x327b, 0x3478, 0x33d8, 0x32b7, 0x341e, 0x33b1, 0x32d3, 0x3427, 0x33bc, 0x32e7,
    0x289a, 0x262e, 0x241a, 0x33dc, 0x3269, 0x2fae, 0x311a, 0x304e, 0x2bec, 0x3390, 0x3266, 0x2c73,
    0x2966, 0x2836, 0x24df, 0x2fdf, 0x2c65, 0x29b7, 0x2eca, 0x2b45, 0x28a8, 0x2b93, 0x2a0d, 0x282f,
    0x2ed8, 0x2c27, 0x28aa, 0x321b, 0x30fb, 0x3000, 0x2f04, 0x2b6a, 0x26e7, 0x3137, 0x2e0d, 0x2abe,
    0x3428, 0x316a, 0x2d47, 0x3440, 0x3152, 0x2e6a, 0x325b, 0x2f8f, 0x2cd8, 0x2ff2, 0x2cda, 0x2a06,
    0x2f17, 0x2d81, 0x27aa, 0x306b, 0x2fcd, 0x275c, 0x2d31, 0x2b94, 0x269a, 0x309b, 0x3057, 0x2963,
    0x2f4f, 0x2c50, 0x28c8, 0x329a, 0x2f72, 0x2c5e, 0x33d1, 0x3078, 0x2b51, 0x31ce, 0x30c4, 0x2ed2,
    0x344d, 0x31be, 0x2e18, 0x31d0, 0x2ef6, 0x2b4e, 0x31d8, 0x2fca, 0x2c9a, 0x31f0, 0x2f75, 0x2c6e,
    0x3574, 0x32b9, 0x2f35, 0x348d, 0x319f, 0x2e49, 0x3235, 0x3016, 0x2c3a, 0x2ead, 0x2e29, 0x2719,
    0x2f3e, 0x2eb4, 0x2574, 0x32aa, 0x31b4, 0x2cfd, 0x2e39, 0x2cc1, 0x2640, 0x2ff0, 0x2e98, 0x2939,
    0x2a5c, 0x2951, 0x21ee, 0x2c58, 0x2cb2, 0x2153, 0x24ca, 0x2745, 0x1c0e, 0x2a34, 0x2baa, 0x2650,
    0x2ccd, 0x2b67, 0x2690, 0x33a6, 0x32f5, 0x2ecb, 0x2d65, 0x2ca8, 0x280b, 0x2d22, 0x2c3d, 0x26cc,
    0x2f5b, 0x2c4a, 0x2822, 0x2f83, 0x2d58, 0x2831, 0x3152, 0x2dbb, 0x297b, 0x313e, 0x2da6, 0x2a14,
    0x3351, 0x2fca, 0x2c5f, 0x34ed, 0x31eb, 0x2e38, 0x349f, 0x31ab, 0x2e96, 0x32d8, 0x3078, 0x2db0,
    0x33a3, 0x31ef, 0x3084, 0x32d6, 0x31de, 0x309c, 0x333f, 0x3250, 0x3151, 0x33bb, 0x325e, 0x30df,
    0x33f6, 0x3328, 0x31dc, 0x3385, 0x32e7, 0x31de, 0x33ad, 0x331d, 0x3204, 0x3387, 0x32e9, 0x3259,
    0x32b3, 0x3260, 0x31b4, 0x34a1, 0x340d, 0x326f, 0x3338, 0x32b1, 0x3217, 0x3503, 0x33ed, 0x3282,
    0x3166, 0x2f79, 0x2da5, 0x294a, 0x26d2, 0x2308, 0x2a0b, 0x292a, 0x231b, 0x2e72, 0x2c16, 0x2860,
    0x335d, 0x3057, 0x2c8d, 0x3223, 0x3068, 0x2c51, 0x3290, 0x2f2b, 0x2b63, 0x318f, 0x2fad, 0x2c93,
    0x31e0, 0x2fc1, 0x2c96, 0x3114, 0x301f, 0x2eea, 0x3179, 0x2e7b, 0x2b07, 0x3398, 0x30c7, 0x2e99,
    0x33c7, 0x3115, 0x2d7f, 0x348c, 0x320a, 0x2f42, 0x334d, 0x3048, 0x2ce2, 0x3115, 0x2eea, 0x2b97,
    0x341f, 0x306a, 0x2d2e, 0x33c6, 0x31c2, 0x2f7a, 0x2fb1, 0x2d67, 0x2968, 0x30b6, 0x2e5a, 0x2a59,
    0x30c9, 0x2e0c, 0x2a1b, 0x32b2, 0x3029, 0x2bac, 0x3180, 0x3074, 0x2b0b, 0x323b, 0x30e6, 0x2edb,
    0x3057, 0x2ed8, 0x2a87, 0x32ac, 0x3076, 0x2ae2, 0x3290, 0x307b, 0x2dee, 0x2d1b, 0x28ee, 0x2475,
    0x32bb, 0x3076, 0x2c25, 0x32dd, 0x3057, 0x2c99, 0x31e6, 0x2f3f, 0x2852, 0x344d, 0x3140, 0x2cdf,
    0x34ad, 0x31d7, 0x2d33, 0x3115, 0x3082, 0x2879, 0x2ef7, 0x2f6e, 0x276e, 0x2e24, 0x2ea7, 0x211d,
    0x2df2, 0x2e2b, 0x21ee, 0x2e94, 0x2cfe, 0x26b0, 0x2e8f, 0x2cff, 0x2851, 0x2e7b, 0x2cb3, 0x2934,
    0x2d42, 0x2bff, 0x2814, 0x3036, 0x2dcd, 0x2b69, 0x3401, 0x3186, 0x2e3c, 0x3388, 0x30f3, 0x2d16,
    0x3303, 0x3027, 0x2c8f, 0x3528, 0x32a6, 0x2e87, 0x3616, 0x32be, 0x2f07, 0x3638, 0x31fd, 0x2c37,
    0x32a0, 0x3075, 0x2bad, 0x33bf, 0x31b6, 0x2e26, 0x34ea, 0x3216, 0x2fe5, 0x33d8, 0x323e, 0x3083,
    0x34d9, 0x33c0, 0x315d, 0x35f8, 0x3478, 0x317c, 0x37fb, 0x364e, 0x3417, 0x375c, 0x35cb, 0x3383,
    0x34af, 0x340e, 0x3215, 0x326e, 0x325f, 0x31f6, 0x3239, 0x3229, 0x318f, 0x3258, 0x31ee, 0x319c,
    0x30cd, 0x309b, 0x308e, 0x31af, 0x31a9, 0x31a1, 0x318a, 0x31b2, 0x3215, 0x32af, 0x3278, 0x31e7,
    0x2b46, 0x2819, 0x2532, 0x2f20, 0x2d95, 0x2bd1, 0x2ca1, 0x2ad1, 0x2729, 0x330f, 0x3064, 0x2d6d,
    0x304f, 0x2d92, 0x2a00, 0x315f, 0x2f0b, 0x2b62, 0x3404, 0x3084, 0x2da4, 0x30dd, 0x2e6a, 0x2aa9,
    0x33bc, 0x317f, 0x2fc7, 0x307b, 0x2f4f, 0x2d58, 0x3078, 0x2d8e, 0x2a51, 0x2fa3, 0x2d4a, 0x2a72,
    0x3215, 0x309d, 0x2c70, 0x3191, 0x2f71, 0x2cfd, 0x3043, 0x2de3, 0x29ad, 0x2fd3, 0x2d86, 0x29c4,
    0x2d5a, 0x2b89, 0x25c7, 0x2e49, 0x2bc9, 0x2939, 0x2fd6, 0x2c99, 0x28b1, 0x345b, 0x3230, 0x3027,
    0x314d, 0x2efe, 0x2b38, 0x2cae, 0x2c56, 0x20d2, 0x2f69, 0x2e7b, 0x27a3, 0x304c, 0x2eec, 0x2c1d,
    0x2fcb, 0x2d95, 0x2698, 0x2c12, 0x2b52, 0x22fe, 0x308c, 0x2e8b, 0x294f, 0x315f, 0x3081, 0x2642,
    0x345a, 0x3389, 0x2b08, 0x3089, 0x2fa9, 0x258d, 0x3062, 0x2ea8, 0x262d, 0x3311, 0x2e9b, 0x28d6,
    0x341a, 0x3141, 0x2bea, 0x2e53, 0x2c28, 0x26f0, 0x3186, 0x2f3e, 0x2a02, 0x31b2, 0x2fd5, 0x2c97,
    0x3079, 0x2f0d, 0x2a4f, 0x32c2, 0x30eb, 0x2db4, 0x30a2, 0x2d97, 0x2a45, 0x30d1, 0x2e66, 0x2c0c,
    0x35c6, 0x33e1, 0x2c07, 0x317a, 0x2f5f, 0x2ce2, 0x31cd, 0x3015, 0x2cfb, 0x304c, 0x2d46, 0x2a20,
    0x304b, 0x2d81, 0x29b1, 0x3228, 0x2fa8, 0x2bdd, 0x30bd, 0x2eec, 0x2bb4, 0x327e, 0x30b4, 0x2dde,
    0x3275, 0x315a, 0x2f47, 0x333c, 0x3257, 0x303c, 0x34a8, 0x33c4, 0x3135, 0x3533, 0x3412, 0x31b9,
    0x3566, 0x3437, 0x31d5, 0x349e, 0x340d, 0x3230, 0x3465, 0x33b6, 0x321c, 0x32b1, 0x3243, 0x315e,
    0x325c, 0x3293, 0x31d4, 0x3495, 0x3384, 0x3208, 0x341d, 0x3346, 0x3274, 0x33d0, 0x3394, 0x3321,
    0x33bb, 0x33e3, 0x3346, 0x33d9, 0x33fe, 0x32d3, 0x32d8, 0x32ce, 0x321a, 0x321d, 0x3218, 0x31da,
    0x2ce5, 0x2a65, 0x27b8, 0x3251, 0x3080, 0x2db0, 0x3201, 0x2fd8, 0x2c8a, 0x33ff, 0x30af, 0x2cbf,
    0x317a, 0x2ed1, 0x29f1, 0x30fc, 0x304f, 0x2af8, 0x32d1, 0x31fb, 0x2ca6, 0x2fb3, 0x2e0b, 0x2818,
    0x304b, 0x2f4e, 0x29c5, 0x3044, 0x2eeb, 0x2c5a, 0x3296, 0x30af, 0x2f80, 0x31d7, 0x3021, 0x2d8e,
    0x31ea, 0x2f30, 0x2c0a, 0x3100, 0x2e92, 0x2afd, 0x3135, 0x2e57, 0x2af0, 0x2dee, 0x2d9d, 0x2503,
    0x2d3d, 0x2bc7, 0x25bf, 0x334b, 0x314a, 0x2ed2, 0x3134, 0x2fbe, 0x2c73, 0x308d, 0x2bc3, 0x2858,
    0x305d, 0x2ecf, 0x27b2, 0x3212, 0x308c, 0x2c31, 0x30b6, 0x2ee1, 0x2a87, 0x2cab, 0x2aa6, 0x2636,
    0x3263, 0x3088, 0x290d, 0x341e, 0x3213, 0x2ece, 0x38ad, 0x34df, 0x2f98, 0x32a3, 0x300b, 0x2b53,
    0x309f, 0x2f87, 0x288d, 0x30d4, 0x2f8b, 0x29a0, 0x33e0, 0x30e9, 0x2c31, 0x3376, 0x3138, 0x2cea,
    0x3850, 0x360f, 0x30e6, 0x34de, 0x327a, 0x2fea, 0x349c, 0x32bf, 0x2e5f, 0x3654, 0x3418, 0x2ea6,
    0x3403, 0x315a, 0x2d22, 0x34f1, 0x3273, 0x2f03, 0x3539, 0x32ab, 0x2fd7, 0x3575, 0x321f, 0x2dbf,
    0x3385, 0x30ad, 0x2c1f, 0x326f, 0x30ac, 0x2de7, 0x32a8, 0x30c7, 0x2e1b, 0x3243, 0x30ed, 0x2eee,
    0x3328, 0x3192, 0x2fa9, 0x3463, 0x3287, 0x3005, 0x348c, 0x3388, 0x3118, 0x345e, 0x334d, 0x3102,
    0x3277, 0x319c, 0x303f, 0x3330, 0x31a7, 0x2fc2, 0x3380, 0x31ed, 0x301e, 0x33b5, 0x3251, 0x3024,
    0x324f, 0x31b5, 0x3060, 0x3311, 0x3252, 0x3166, 0x335d, 0x3290, 0x30c2, 0x332b, 0x3298, 0x315d,
    0x346a, 0x33e4, 0x3290, 0x358a, 0x34fb, 0x336f, 0x34e2, 0x34b0, 0x334b, 0x34eb, 0x3485, 0x3352,
    0x34ea, 0x348e, 0x33c6, 0x3550, 0x3515, 0x334b, 0x349c, 0x3480, 0x3365, 0x33b1, 0x335e, 0x325c,
    0x3050, 0x2d96, 0x2b43, 0x3156, 0x2f5e, 0x2cbc, 0x3136, 0x2e83, 0x2b0a, 0x3074, 0x2df3, 0x293f,
    0x300d, 0x2e07, 0x28b4, 0x30ab, 0x30a5, 0x2831, 0x2ceb, 0x2e58, 0x2308, 0x2f72, 0x2f00, 0x284d,
    0x2fd9, 0x2db4, 0x2a4b, 0x30bc, 0x2f22, 0x2ccd, 0x2c54, 0x2a3b, 0x26b0, 0x2ccb, 0x2978, 0x2646,
    0x3108, 0x2e95, 0x2cb4, 0x2f08, 0x29e5, 0x25dd, 0x33fb, 0x3154, 0x2dfc, 0x2f5f, 0x2d61, 0x2635,
    0x2e82, 0x2e26, 0x2396, 0x2f8b, 0x3003, 0x25fd, 0x32b2, 0x303c, 0x28f7, 0x3072, 0x2fac, 0x2677,
    0x3233, 0x3061, 0x2bc3, 0x3439, 0x318f, 0x2f09, 0x30c6, 0x2c6b, 0x2661, 0x3511, 0x3328, 0x3009,
    0x3362, 0x300f, 0x2a39, 0x33d6, 0x319b, 0x2cf3, 0x34a3, 0x31ed, 0x2dfa, 0x344e, 0x3106, 0x2d2a,
    0x350f, 0x31dd, 0x2dfb, 0x3697, 0x3387, 0x2f5e, 0x3415, 0x3153, 0x2d68, 0x3495, 0x3275, 0x2f0b,
    0x3613, 0x340e, 0x3058, 0x3194, 0x2f9b, 0x2c8d, 0x3563, 0x33fc, 0x3134, 0x349d, 0x3334, 0x30bd,
    0x348d, 0x326e, 0x3007, 0x311c, 0x3037, 0x2de2, 0x32f8, 0x3199, 0x300c, 0x34a6, 0x32d4, 0x3030,
    0x34a1, 0x32b4, 0x305b, 0x3499, 0x32f4, 0x3046, 0x34ba, 0x33a3, 0x30ee, 0x3430, 0x32dd, 0x3047,
    0x3306, 0x31ca, 0x302f, 0x3233, 0x3178, 0x304a, 0x33b0, 0x31a2, 0x2ef4, 0x31fc, 0x30ef, 0x2f64,
    0x322a, 0x3179, 0x3037, 0x315d, 0x30d6, 0x303f, 0x30f6, 0x30a0, 0x2fb6, 0x3156, 0x30e6, 0x2ffd,
    0x3120, 0x30f9, 0x2fea, 0x32c5, 0x31fa, 0x30dc, 0x346f, 0x33ac, 0x30c7, 0x343d, 0x33a2, 0x31e7,
    0x344d, 0x3384, 0x3161, 0x334e, 0x32d2, 0x3227, 0x3522, 0x34b5, 0x335e, 0x3581, 0x34ca, 0x32e3,
    0x3560, 0x3490, 0x32f3, 0x348b, 0x341e, 0x3222, 0x3441, 0x3413, 0x30ec, 0x34f4, 0x345c, 0x31fa,
    0x313d, 0x2e8f, 0x2ae1, 0x3122, 0x2fb9, 0x2c6b, 0x31a0, 0x2f68, 0x2aee, 0x2c42, 0x2ae1, 0x250a,
    0x2d57, 0x2d38, 0x2572, 0x2ee3, 0x2ed0, 0x2704, 0x2ad5, 0x2cc0, 0x22de, 0x305a, 0x2ef6, 0x2a11,
    0x2ed8, 0x2ca7, 0x28a8, 0x2f69, 0x2d8c, 0x2b39, 0x3106, 0x2fd6, 0x29fa, 0x33e9, 0x324c, 0x3015,
    0x30b9, 0x2f79, 0x2793, 0x32e4, 0x31a0, 0x2d38, 0x2e72, 0x2c94, 0x2571, 0x3271, 0x300f, 0x2cb2,
    0x2f84, 0x2d3a, 0x28e5, 0x3555, 0x3374, 0x3061, 0x3217, 0x2fca, 0x2a9c, 0x31df, 0x3091, 0x2c08,
    0x334f, 0x3097, 0x2c5c, 0x343b, 0x30bb, 0x2c71, 0x3347, 0x311a, 0x2da0, 0x31fd, 0x3071, 0x2c21,
    0x3607, 0x3401, 0x2ff7, 0x35c5, 0x33b5, 0x3078, 0x37fa, 0x35aa, 0x32ca, 0x353a, 0x3335, 0x2f0f,
    0x35d1, 0x33ca, 0x2ffc, 0x3582, 0x332c, 0x2f42, 0x36b2, 0x3461, 0x305c, 0x32b9, 0x3090, 0x2d2b,
    0x34b5, 0x32fc, 0x3024, 0x3707, 0x3434, 0x3096, 0x320d, 0x30d0, 0x2fb7, 0x34ed, 0x331d, 0x3017,
    0x34a8, 0x3211, 0x2eea, 0x3371, 0x3210, 0x3032, 0x3310, 0x3178, 0x2ffb, 0x34cd, 0x32cb, 0x308f,
    0x3488, 0x32fa, 0x3064, 0x3416, 0x321f, 0x301e, 0x33bc, 0x3231, 0x3026, 0x348c, 0x336b, 0x30bb,
    0x32a4, 0x31b3, 0x3040, 0x3532, 0x33d0, 0x30f9, 0x3186, 0x310b, 0x2ffa, 0x3277, 0x31da, 0x3067,
    0x3071, 0x303e, 0x2f6b, 0x3129, 0x30d6, 0x2f6f, 0x30ba, 0x3071, 0x2fd6, 0x3036, 0x301d, 0x2fa8,
    0x3166, 0x3141, 0x30d8, 0x3267, 0x314a, 0x3014, 0x3286, 0x31d6, 0x30f2, 0x33b4, 0x3264, 0x30f9,
    0x33d0, 0x3371, 0x317d, 0x3544, 0x33f0, 0x31b0, 0x345a, 0x33dc, 0x329e, 0x3430, 0x33f2, 0x3277,
    0x3556, 0x34d1, 0x32f3, 0x34ae, 0x343a, 0x32ff, 0x3444, 0x33b2, 0x31f9, 0x345c, 0x337b, 0x3073,
    0x314b, 0x3034, 0x2bc7, 0x349e, 0x33ef, 0x3057, 0x2ed4, 0x2e86, 0x281a, 0x3161, 0x301c, 0x29f4,
    0x32af, 0x300d, 0x2b1e, 0x30f6, 0x2ea7, 0x289f, 0x2b72, 0x29c1, 0x2231, 0x3105, 0x2e89, 0x29bf,
    0x3349, 0x2ebd, 0x2901, 0x305a, 0x3018, 0x2713, 0x3096, 0x2ead, 0x2a3a, 0x30e7, 0x2f18, 0x2a5c,
    0x342c, 0x3153, 0x2e41, 0x32e2, 0x30d6, 0x2d5d, 0x3355, 0x3147, 0x2eb2, 0x3382, 0x315f, 0x2e4b,
    0x311b, 0x2e38, 0x2ae3, 0x3211, 0x301e, 0x2d8c, 0x318b, 0x2fe9, 0x2cf3, 0x32ac, 0x306e, 0x2cbd,
    0x367b, 0x3531, 0x32d4, 0x307b, 0x2e0d, 0x2acd, 0x3438, 0x3248, 0x300b, 0x3344, 0x3041, 0x2cc4,
    0x327d, 0x3089, 0x2ca8, 0x3518, 0x3275, 0x2f30, 0x3743, 0x3410, 0x3025, 0x33a2, 0x315f, 0x2ecc,
    0x348d, 0x3322, 0x30b4, 0x357e, 0x3330, 0x2fd5, 0x367d, 0x3482, 0x30ae, 0x35c4, 0x33b0, 0x3016,
    0x337b, 0x3204, 0x2fcc, 0x303e, 0x2f65, 0x2e75, 0x3590, 0x3445, 0x3142, 0x31b3, 0x310e, 0x2fc4,
    0x3551, 0x3407, 0x3102, 0x312f, 0x307e, 0x2e5d, 0x337c, 0x321e, 0x3005, 0x3304, 0x3115, 0x2e6a,
    0x30b9, 0x2fb2, 0x2e22, 0x3359, 0x31f0, 0x2f96, 0x33e7, 0x321f, 0x2ff5, 0x330c, 0x31b9, 0x300c,
    0x3303, 0x31b4, 0x302e, 0x315c, 0x307e, 0x2e87, 0x32d9, 0x31b1, 0x2fdf, 0x3416, 0x3280, 0x305c,
    0x3397, 0x32c3, 0x3069, 0x31a8, 0x30f0, 0x2fbc, 0x3247, 0x31a8, 0x3063, 0x32aa, 0x317d, 0x2fe7,
    0x3232, 0x3141, 0x3076, 0x3410, 0x332e, 0x318a, 0x3327, 0x32b4, 0x3182, 0x331f, 0x3285, 0x3107,
    0x3431, 0x3387, 0x31e5, 0x33bb, 0x3395, 0x326a, 0x3351, 0x3310, 0x31f7, 0x334b, 0x3301, 0x3222,
    0x33aa, 0x332f, 0x3258, 0x339f, 0x3316, 0x31f7, 0x33f7, 0x3325, 0x30d1, 0x3389, 0x3293, 0x311f,
    0x2f70, 0x2dfa, 0x2551, 0x310e, 0x2ed5, 0x2941, 0x2fb4, 0x2de6, 0x29ea, 0x348e, 0x318f, 0x2d17,
    0x348c, 0x31c1, 0x2cd0, 0x3792, 0x3560, 0x3332, 0x31e7, 0x2fe0, 0x2c81, 0x3450, 0x3081, 0x2baf,
    0x33a6, 0x3024, 0x2c1b, 0x35e1, 0x3337, 0x2fa0, 0x3476, 0x31bd, 0x2cd7, 0x32d6, 0x31aa, 0x2db5,
    0x3159, 0x3031, 0x2c84, 0x3358, 0x2f86, 0x2a1f, 0x33e1, 0x31f4, 0x2ebb, 0x31af, 0x3008, 0x2cb3,
    0x3151, 0x2f97, 0x2c76, 0x31f1, 0x305b, 0x2c74, 0x31f8, 0x3038, 0x2d9d, 0x33d2, 0x30ba, 0x2cf3,
    0x31f7, 0x3005, 0x2cc0, 0x33d3, 0x318d, 0x2eba, 0x324e, 0x3039, 0x2cf1, 0x32ea, 0x3130, 0x2e58,
    0x3292, 0x3103, 0x2dec, 0x33bf, 0x30c8, 0x2e08, 0x3469, 0x3182, 0x2e58, 0x33a0, 0x319a, 0x2ec6,
    0x3067, 0x2f7c, 0x2db1, 0x3280, 0x30da, 0x2e33, 0x3509, 0x33b8, 0x30ed, 0x3428, 0x32bb, 0x309a,
    0x3524, 0x3372, 0x301c, 0x32f8, 0x3240, 0x30e5, 0x33d1, 0x31f5, 0x2f92, 0x31ed, 0x30f1, 0x2efd,
    0x3313, 0x31c1, 0x3005, 0x347d, 0x336a, 0x311f, 0x33be, 0x31e3, 0x2f76, 0x32d2, 0x3184, 0x2f6d,
    0x3277, 0x3104, 0x2ede, 0x3254, 0x312f, 0x2e85, 0x314d, 0x30e4, 0x2fbd, 0x3441, 0x3250, 0x2ff4,
    0x314d, 0x308e, 0x2ee3, 0x3233, 0x314b, 0x3001, 0x31f4, 0x3130, 0x303c, 0x3180, 0x30e6, 0x2f4f,
    0x32c5, 0x31db, 0x302a, 0x3383, 0x325f, 0x3013, 0x32dd, 0x31d7, 0x307e, 0x3476, 0x33c5, 0x312b,
    0x33fb, 0x337e, 0x31a9, 0x342d, 0x337e, 0x3199, 0x342d, 0x3366, 0x31c1, 0x3468, 0x3384, 0x31ba,
    0x33da, 0x32c0, 0x309b, 0x3466, 0x3368, 0x30ea, 0x33df, 0x32c1, 0x3070, 0x3377, 0x3256, 0x3126,
    0x34a4, 0x339d, 0x311c, 0x33ba, 0x3305, 0x3121, 0x3402, 0x327d, 0x308a, 0x3369, 0x319d, 0x2f2c,
    0x345d, 0x31ed, 0x2ed6, 0x321f, 0x2f7c, 0x2aa3, 0x3215, 0x3017, 0x2bc2, 0x335a, 0x30af, 0x2de9,
    0x31c1, 0x2fd9, 0x2d32, 0x358d, 0x3281, 0x2e68, 0x305a, 0x2d4a, 0x2a65, 0x34fd, 0x320f, 0x2eac,
    0x33c0, 0x30fc, 0x2b26, 0x3441, 0x3201, 0x2f59, 0x329f, 0x3120, 0x2e7d, 0x35b4, 0x3416, 0x3053,
    0x31e1, 0x3093, 0x2d3f, 0x3116, 0x30b6, 0x2e91, 0x3021, 0x2d73, 0x2af9, 0x325c, 0x30af, 0x2dbf,
    0x343b, 0x324e, 0x2fd1, 0x323f, 0x3123, 0x2f29, 0x31c3, 0x302c, 0x2d18, 0x3421, 0x31e3, 0x2ef7,
    0x3386, 0x315a, 0x2e8b, 0x328f, 0x30d2, 0x2e82, 0x340a, 0x31fb, 0x2f52, 0x329b, 0x2e52, 0x2a3d,
    0x3478, 0x325b, 0x2f30, 0x344f, 0x325f, 0x2f86, 0x3406, 0x328a, 0x30c0, 0x311a, 0x30b3, 0x2f80,
    0x3333, 0x317d, 0x2f1a, 0x34bc, 0x32f5, 0x3034, 0x3260, 0x3119, 0x2f30, 0x34ad, 0x3418, 0x3247,
    0x30fe, 0x3026, 0x2da2, 0x310b, 0x305f, 0x2e32, 0x33af, 0x31da, 0x2f79, 0x32ab, 0x30eb, 0x2e7e,
    0x31a3, 0x308f, 0x2e57, 0x3403, 0x323b, 0x302a, 0x341e, 0x324e, 0x3013, 0x3382, 0x3202, 0x3026,
    0x3431, 0x3250, 0x300d, 0x31cc, 0x3105, 0x2fea, 0x3448, 0x32da, 0x3076, 0x32dc, 0x31e8, 0x3090,
    0x3529, 0x33f3, 0x30d2, 0x32cc, 0x322c, 0x30b5, 0x32f8, 0x3245, 0x30c2, 0x323d, 0x3195, 0x3061,
    0x346c, 0x3319, 0x30ed, 0x339e, 0x323e, 0x301c, 0x3625, 0x34cc, 0x3200, 0x3574, 0x349f, 0x3230,
    0x368b, 0x3533, 0x329d, 0x36f3, 0x3464, 0x31ba, 0x3661, 0x34ee, 0x3208, 0x354f, 0x3424, 0x3126,
    0x354b, 0x3418, 0x3125, 0x344a, 0x32c3, 0x3049, 0x3462, 0x32eb, 0x304b, 0x3387, 0x320e, 0x303b,
    0x3314, 0x3190, 0x2fe8, 0x31ef, 0x307f, 0x2dbb, 0x322a, 0x30d2, 0x2e4a, 0x3154, 0x300c, 0x2d35,
    0x30f0, 0x2f22, 0x2c99, 0x3183, 0x2f36, 0x2c91, 0x3329, 0x3115, 0x2dc7, 0x34bf, 0x3305, 0x3057,
    0x34fc, 0x31c4, 0x2db4, 0x3216, 0x302f, 0x2d38, 0x332d, 0x3097, 0x2d20, 0x3417, 0x3194, 0x2ef8,
    0x35b5, 0x33d4, 0x3061, 0x398a, 0x3697, 0x32bb, 0x313b, 0x2ecd, 0x2a43, 0x326f, 0x3071, 0x2d26,
    0x3289, 0x30e7, 0x2dff, 0x3199, 0x3095, 0x2eb8, 0x31f5, 0x3060, 0x2e3e, 0x3363, 0x31a8, 0x2f62,
    0x3231, 0x312b, 0x2f88, 0x3405, 0x323a, 0x2fe9, 0x344c, 0x322d, 0x2f9b, 0x350c, 0x3301, 0x3008,
    0x33dc, 0x31be, 0x2f99, 0x33c1, 0x30e6, 0x2dd1, 0x33a7, 0x3075, 0x2de3, 0x3332, 0x31d7, 0x3015,
    0x33e9, 0x3268, 0x3114, 0x3110, 0x3083, 0x2f4a, 0x34aa, 0x32bb, 0x2f96, 0x34d4, 0x3381, 0x30e8,
    0x35ec, 0x3416, 0x30a9, 0x3423, 0x320d, 0x2f3e, 0x340f, 0x3276, 0x3067, 0x307a, 0x3024, 0x2f47,
    0x344d, 0x3289, 0x3064, 0x32be, 0x313a, 0x2f65, 0x3277, 0x30fe, 0x2ec1, 0x33a1, 0x31c4, 0x2f4d,
    0x33f5, 0x31fd, 0x2f81, 0x321e, 0x3123, 0x2f9d, 0x3489, 0x32d5, 0x301f, 0x32ed, 0x31e0, 0x304d,
    0x3562, 0x3423, 0x3133, 0x374d, 0x3582, 0x31b8, 0x34dd, 0x33ce, 0x3131, 0x35db, 0x347e, 0x31ae,
    0x362e, 0x34b4, 0x317f, 0x3629, 0x3493, 0x3166, 0x352b, 0x3403, 0x312c, 0x34c4, 0x33c2, 0x3130,
    0x34cf, 0x340a, 0x31ab, 0x35e9, 0x3482, 0x31d9, 0x35be, 0x34b5, 0x32a3, 0x35bc, 0x34bb, 0x3230,
    0x3578, 0x3438, 0x31c0, 0x33cd, 0x32d7, 0x3061, 0x342d, 0x31c9, 0x2f05, 0x341d, 0x31e6, 0x2ed9,
    0x3444, 0x329b, 0x305d, 0x341c, 0x3217, 0x2fd9, 0x3383, 0x31a2, 0x2e45, 0x32d1, 0x3128, 0x2e70,
    0x3150, 0x2ff8, 0x2d42, 0x3103, 0x2f73, 0x2cca, 0x3128, 0x2f88, 0x2ca4, 0x30df, 0x2f19, 0x2c84,
    0x32ec, 0x3137, 0x2fb8, 0x34f8, 0x31fe, 0x2f29, 0x34ca, 0x3257, 0x2f46, 0x33b7, 0x3203, 0x3008,
    0x337b, 0x3140, 0x2eb2, 0x343d, 0x3232, 0x3000, 0x345b, 0x31e8, 0x2f2d, 0x3322, 0x31a7, 0x2f81,
    0x3356, 0x31fd, 0x2fbc, 0x30c5, 0x2fc7, 0x2e66, 0x34a1, 0x331b, 0x30db, 0x33f9, 0x3249, 0x30ba,
    0x2f83, 0x2dff, 0x2c86, 0x327b, 0x30a6, 0x2ed7, 0x3212, 0x30b9, 0x2e8c, 0x3439, 0x3298, 0x305c,
    0x330d, 0x3176, 0x2f95, 0x34eb, 0x3364, 0x30a2, 0x34a7, 0x3321, 0x3057, 0x33df, 0x3231, 0x2ff7,
    0x3433, 0x326d, 0x306e, 0x337d, 0x3147, 0x2e7d, 0x3131, 0x3042, 0x2edc, 0x3386, 0x325c, 0x3083,
    0x343c, 0x32d1, 0x308a, 0x3069, 0x301d, 0x2f42, 0x3044, 0x2f4b, 0x2df4, 0x34e1, 0x3344, 0x3071,
    0x3504, 0x3324, 0x3072, 0x3521, 0x33ab, 0x3102, 0x3500, 0x3327, 0x305d, 0x34da, 0x3323, 0x3092,
    0x3591, 0x3446, 0x3178, 0x3437, 0x327e, 0x3052, 0x34bc, 0x32a2, 0x2fdb, 0x338e, 0x31a3, 0x2f40,
    0x3230, 0x3148, 0x2f92, 0x30b9, 0x306a, 0x2f82, 0x329f, 0x31a6, 0x3081, 0x34db, 0x335c, 0x30b9,
    0x36de, 0x3521, 0x3258, 0x33a4, 0x3249, 0x308b, 0x32f0, 0x323a, 0x30a7, 0x32da, 0x3145, 0x2f0b,
    0x3423, 0x32dd, 0x30ac, 0x3553, 0x341d, 0x318b, 0x33ae, 0x32cb, 0x3109, 0x34b1, 0x337f, 0x30a7,
    0x332b, 0x3213, 0x305a, 0x356d, 0x342a, 0x312a, 0x3304, 0x3239, 0x30aa, 0x3468, 0x3326, 0x3108,
    0x33ee, 0x3296, 0x3084, 0x3364, 0x31d3, 0x3031, 0x33a8, 0x318e, 0x2e45, 0x33e3, 0x31a1, 0x2ef5,
    0x3361, 0x3158, 0x2e84, 0x328a, 0x30cd, 0x2dbb, 0x3324, 0x3180, 0x2e4e, 0x3248, 0x3086, 0x2d19,
    0x327f, 0x30fc, 0x2e11, 0x3070, 0x2e84, 0x2c29, 0x314d, 0x2fe6, 0x2d24, 0x30cf, 0x2f33, 0x2cdf,
    0x332c, 0x3145, 0x2e63, 0x3482, 0x32a7, 0x3020, 0x35a7, 0x3478, 0x326e, 0x347c, 0x328c, 0x2ff6,
    0x3528, 0x33bc, 0x30cb, 0x32da, 0x315d, 0x300c, 0x3310, 0x309c, 0x2e62, 0x31ff, 0x316e, 0x308e,
    0x328c, 0x30de, 0x2e74, 0x34c1, 0x3417, 0x3250, 0x33a8, 0x3177, 0x2dda, 0x328d, 0x318e, 0x2fcb,
    0x32c7, 0x30ed, 0x2eb4, 0x3490, 0x321b, 0x2f38, 0x311c, 0x2f36, 0x2c8f, 0x35a1, 0x32ce, 0x2ea1,
    0x32de, 0x3167, 0x2ef6, 0x32c9, 0x31a4, 0x3052, 0x348d, 0x32e1, 0x3072, 0x3357, 0x3204, 0x302c,
    0x33dc, 0x323c, 0x309c, 0x3408, 0x3263, 0x3066, 0x3374, 0x3160, 0x2f10, 0x3419, 0x326f, 0x3069,
    0x318a, 0x30db, 0x2f7b, 0x3148, 0x3087, 0x2f6a, 0x307d, 0x2fe3, 0x2e4c, 0x3507, 0x3370, 0x3083,
    0x348e, 0x32b5, 0x301f, 0x348b, 0x32f3, 0x305e, 0x30f8, 0x2fb7, 0x2d63, 0x349b, 0x32c7, 0x3023,
    0x33d2, 0x31c4, 0x2fd0, 0x34d3, 0x335f, 0x30ad, 0x30cf, 0x3039, 0x2eb5, 0x3099, 0x3068, 0x2f43,
    0x2e7e, 0x2efa, 0x2ead, 0x3220, 0x31a3, 0x30b2, 0x3035, 0x2ffe, 0x2e59, 0x3259, 0x3164, 0x3050,
    0x3158, 0x3048, 0x2e1a, 0x3587, 0x33af, 0x306e, 0x3242, 0x3202, 0x3132, 0x34cb, 0x3394, 0x30d9,
    0x336e, 0x327e, 0x3103, 0x32f7, 0x326b, 0x3139, 0x3351, 0x31bd, 0x3012, 0x33c6, 0x3268, 0x30bb,
    0x3235, 0x31a6, 0x30a2, 0x31e0, 0x3109, 0x2fcd, 0x3456, 0x330d, 0x3116, 0x31e5, 0x314f, 0x3046,
    0x31df, 0x3051, 0x2dea, 0x325c, 0x310a, 0x2eff, 0x33d9, 0x3244, 0x3048, 0x32ab, 0x3135, 0x2ee8,
    0x3313, 0x3148, 0x2e9b, 0x3268, 0x3082, 0x2d80, 0x3239, 0x3078, 0x2d52, 0x30eb, 0x2f1a, 0x2c77,
    0x324f, 0x307e, 0x2d46, 0x3241, 0x309e, 0x2dcd, 0x3112, 0x2f24, 0x2c2a, 0x2f6f, 0x2d81, 0x2ad3,
    0x325b, 0x3071, 0x2d84, 0x3603, 0x343f, 0x3147, 0x3404, 0x3197, 0x2ef8, 0x30fc, 0x307a, 0x2fee,
    0x32dd, 0x31d3, 0x3085, 0x3198, 0x3067, 0x2eac, 0x33e4, 0x31c8, 0x2ea7, 0x3080, 0x2e87, 0x2d25,
    0x31c2, 0x307d, 0x2e1c, 0x32ee, 0x3124, 0x2edf, 0x315c, 0x305b, 0x2e37, 0x3243, 0x3123, 0x2fad,
    0x33bc, 0x325f, 0x302c, 0x349a, 0x3248, 0x2fad, 0x3426, 0x31ea, 0x2f8e, 0x30b8, 0x2f20, 0x2ce1,
    0x3413, 0x32df, 0x30e4, 0x32ce, 0x31b0, 0x300f, 0x33c7, 0x31d6, 0x2fee, 0x33d6, 0x3252, 0x308e,
    0x331c, 0x3126, 0x2e78, 0x358c, 0x340e, 0x3128, 0x32ac, 0x3120, 0x2fad, 0x3323, 0x318a, 0x2f6b,
    0x3448, 0x325b, 0x3009, 0x33c2, 0x31e8, 0x2f64, 0x3430, 0x324b, 0x3026, 0x3432, 0x320d, 0x2fa4,
    0x33ef, 0x31dd, 0x2f84, 0x34f0, 0x330f, 0x3076, 0x3424, 0x3286, 0x3093, 0x3439, 0x3228, 0x2fbf,
    0x312a, 0x30dc, 0x2ff4, 0x30ef, 0x304c, 0x2ee1, 0x343a, 0x334c, 0x315a, 0x31b5, 0x3137, 0x3037,
    0x31eb, 0x310a, 0x2fcc, 0x3386, 0x32f4, 0x31f5, 0x30d7, 0x3070, 0x2f5f, 0x3502, 0x337d, 0x30f5,
    0x339e, 0x32dc, 0x31a3, 0x3161, 0x3155, 0x3049, 0x3021, 0x2f42, 0x2e0d, 0x3383, 0x3266, 0x3108,
    0x3457, 0x3286, 0x300e, 0x313b, 0x30e8, 0x3032, 0x3081, 0x3033, 0x2f32, 0x3172, 0x30f7, 0x3029,
    0x3248, 0x316f, 0x303e, 0x307e, 0x303f, 0x2f75, 0x31eb, 0x31aa, 0x309b, 0x306d, 0x300f, 0x2f55,
    0x32b6, 0x31c7, 0x3073, 0x33a2, 0x3240, 0x30a5, 0x325d, 0x3126, 0x2f91, 0x3180, 0x3040, 0x2e59,
    0x31f7, 0x302b, 0x2d32, 0x313b, 0x2fbe, 0x2d34, 0x3094, 0x2fa2, 0x2d93, 0x3309, 0x3118, 0x2e51,
    0x3243, 0x304d, 0x2d5f, 0x338d, 0x3187, 0x2f14, 0x345d, 0x3209, 0x2e56, 0x31d7, 0x3001, 0x2c85,
    0x3461, 0x324e, 0x2f99, 0x3494, 0x32c9, 0x304a, 0x34c1, 0x32e0, 0x3068, 0x35ec, 0x3368, 0x301a,
    0x3242, 0x306d, 0x2e63, 0x35b3, 0x3383, 0x3057, 0x3406, 0x3228, 0x2fdc, 0x34d2, 0x3369, 0x30c7,
    0x32e5, 0x3179, 0x300b, 0x314f, 0x3064, 0x2e68, 0x3206, 0x3179, 0x30b1, 0x30d3, 0x305b, 0x2efd,
    0x3440, 0x3249, 0x3006, 0x3302, 0x323a, 0x30e0, 0x32c9, 0x312c, 0x2f42, 0x32b3, 0x3199, 0x303a,
    0x346b, 0x32d4, 0x307d, 0x35ea, 0x34ac, 0x32ae, 0x30e1, 0x303c, 0x2e83, 0x3267, 0x309f, 0x2e10,
    0x323f, 0x30c9, 0x2e6c, 0x3226, 0x317a, 0x2f30, 0x3354, 0x3151, 0x2e67, 0x3401, 0x31d4, 0x2ef3,
    0x33c6, 0x3242, 0x302b, 0x3370, 0x319f, 0x2fbb, 0x337f, 0x31b0, 0x2fca, 0x3288, 0x30ed, 0x2e95,
    0x332d, 0x3184, 0x2f67, 0x318d, 0x30b0, 0x2f2a, 0x33bb, 0x319a, 0x2f4c, 0x3478, 0x327b, 0x302b,
    0x3143, 0x30d3, 0x2f55, 0x3278, 0x31c3, 0x30d5, 0x32a4, 0x31da, 0x30c2, 0x30f2, 0x306c, 0x2f54,
    0x3205, 0x3218, 0x3178, 0x3128, 0x3123, 0x30cc, 0x31d3, 0x3218, 0x3136, 0x314e, 0x30dc, 0x2f9a,
    0x3046, 0x3055, 0x2faa, 0x3036, 0x2e14, 0x2c48, 0x30d8, 0x310c, 0x308d, 0x3275, 0x3130, 0x2edf,
    0x3317, 0x3181, 0x2faf, 0x3097, 0x305e, 0x2f81, 0x3097, 0x300c, 0x2e8b, 0x2e28, 0x2dc5, 0x2d72,
    0x2f6f, 0x2f4a, 0x2e61, 0x2e43, 0x2da3, 0x2c8b, 0x2e78, 0x2e3a, 0x2d20, 0x2ea2, 0x2e4a, 0x2dc1,
    0x2f3e, 0x2e8f, 0x2d60, 0x3091, 0x3001, 0x2e9a, 0x3174, 0x3085, 0x2ee4, 0x303e, 0x2f03, 0x2d23,
    0x3013, 0x2de8, 0x2bde, 0x31b3, 0x301c, 0x2d79, 0x321b, 0x3074, 0x2d91, 0x32d5, 0x3055, 0x2d7c,
    0x3233, 0x3069, 0x2d55, 0x3259, 0x30ea, 0x2da1, 0x337b, 0x30fc, 0x2cf3, 0x3381, 0x30f6, 0x2dcb,
    0x3593, 0x3406, 0x3122, 0x3584, 0x3412, 0x30e4, 0x35c7, 0x3410, 0x30e0, 0x3610, 0x3449, 0x317d,
    0x3308, 0x3146, 0x2fab, 0x325c, 0x30cf, 0x2ee3, 0x310d, 0x305d, 0x2f58, 0x3074, 0x3002, 0x2e86,
    0x30b8, 0x304f, 0x2f3d, 0x31c1, 0x3116, 0x2ffd, 0x30e2, 0x3018, 0x2e63, 0x31a6, 0x3043, 0x2d2a,
    0x3145, 0x305a, 0x2e9a, 0x3251, 0x311d, 0x2f52, 0x3431, 0x3270, 0x304f, 0x3405, 0x31f1, 0x2f6e,
    0x3393, 0x317a, 0x2ea1, 0x316c, 0x3045, 0x2d7e, 0x31f0, 0x3083, 0x2df7, 0x34aa, 0x338f, 0x3154,
    0x3227, 0x304b, 0x2da0, 0x3455, 0x328a, 0x2fe9, 0x3299, 0x30e4, 0x2e55, 0x3025, 0x2efb, 0x2daf,
    0x32a3, 0x30f8, 0x2e8f, 0x3267, 0x30f0, 0x2eb8, 0x32c0, 0x31cf, 0x30dd, 0x3250, 0x3094, 0x2e3d,
    0x331c, 0x3139, 0x2eb9, 0x3427, 0x3209, 0x3025, 0x3407, 0x3201, 0x3002, 0x32e5, 0x3120, 0x2f0e,
    0x31a5, 0x3032, 0x2d7f, 0x317b, 0x3110, 0x2ffa, 0x30c0, 0x30ea, 0x30dd, 0x3139, 0x3054, 0x2e8d,
    0x3111, 0x3114, 0x30ca, 0x3065, 0x304d, 0x3005, 0x30e2, 0x3175, 0x30f9, 0x31d1, 0x31c5, 0x30ef,
    0x2fdc, 0x2fbd, 0x2ecc, 0x3083, 0x3098, 0x3030, 0x30c0, 0x3083, 0x2fd3, 0x3078, 0x3082, 0x2fe5,
    0x3131, 0x30f3, 0x304c, 0x2f30, 0x2e12, 0x2cb6, 0x3053, 0x2eba, 0x2cef, 0x2fa1, 0x2eca, 0x2de4,
    0x2f30, 0x2e3a, 0x2cca, 0x2e82, 0x2e2a, 0x2d87, 0x2ce7, 0x2d26, 0x2cf9, 0x2ec2, 0x2e96, 0x2e13,
    0x2f8a, 0x2ea5, 0x2d61, 0x2fe4, 0x2ebd, 0x2d91, 0x2e5e, 0x2db6, 0x2d02, 0x2f8c, 0x2ecb, 0x2da6,
    0x3106, 0x3059, 0x2f2d, 0x2ef0, 0x2e14, 0x2cb8, 0x30c6, 0x3010, 0x2df8, 0x2fd8, 0x2dbd, 0x2bad,
    0x30f5, 0x2fa6, 0x2d76, 0x2ce6, 0x2c2e, 0x2a62, 0x2e90, 0x2cae, 0x2af9, 0x3334, 0x30e7, 0x2c9c,
    0x3629, 0x3471, 0x3126, 0x36d6, 0x349f, 0x3121, 0x387b, 0x36cb, 0x34bf, 0x333d, 0x3177, 0x3012,
    0x328f, 0x3180, 0x3015, 0x382c, 0x367d, 0x32d6, 0x32a6, 0x31df, 0x3015, 0x3493, 0x32f7, 0x3052,
    0x3538, 0x341c, 0x3161, 0x344b, 0x328c, 0x303a, 0x334e, 0x31de, 0x3099, 0x33f8, 0x3244, 0x3020,
    0x341a, 0x3200, 0x2f61, 0x3467, 0x3261, 0x2fc9, 0x331d, 0x30f7, 0x2dd5, 0x3390, 0x3167, 0x2df6,
    0x323d, 0x30c7, 0x2eaa, 0x33e2, 0x31bb, 0x2ef5, 0x32e0, 0x310d, 0x2ea5, 0x345c, 0x3287, 0x30a9,
    0x3481, 0x3161, 0x2f6c, 0x2de5, 0x2c2c, 0x296c, 0x3283, 0x30f7, 0x2e9a, 0x326a, 0x310d, 0x2f38,
    0x311c, 0x2f44, 0x2d48, 0x30c2, 0x3003, 0x2e22, 0x324c, 0x30b1, 0x2e71, 0x3188, 0x307e, 0x2ea7,
    0x315b, 0x3011, 0x2dd9, 0x30b5, 0x302d, 0x2f0b, 0x300e, 0x2eeb, 0x2d81, 0x3004, 0x2fb9, 0x2e98,
    0x3014, 0x301f, 0x2f9a, 0x2f05, 0x2f6b, 0x2f12, 0x308b, 0x3083, 0x3054, 0x3210, 0x3133, 0x3039,
    0x2dd1, 0x2db8, 0x2dc8, 0x2f29, 0x2f0d, 0x2e2e, 0x2e62, 0x2e74, 0x2e2b, 0x31d0, 0x31e1, 0x317b,
    0x2fe6, 0x2fd5, 0x2ebf, 0x30de, 0x30bf, 0x3030, 0x3087, 0x3082, 0x2f9f, 0x3143, 0x310e, 0x3063,
    0x3012, 0x3056, 0x3037, 0x2e41, 0x2e50, 0x2dd4, 0x2ecb, 0x2f00, 0x2ead, 0x2fcf, 0x2fe3, 0x2f84,
    0x2e09, 0x2e2d, 0x2e18, 0x2e7e, 0x2de4, 0x2d22, 0x2eb9, 0x2e69, 0x2e0d, 0x2dd9, 0x2d9e, 0x2d36,
    0x2d48, 0x2d37, 0x2cb1, 0x2fc4, 0x2ece, 0x2dfc, 0x2f14, 0x2f4e, 0x2f1f, 0x2ff5, 0x2f4e, 0x2e34,
    0x2e97, 0x2db4, 0x2c34, 0x3007, 0x2f2e, 0x2d4d, 0x2fe7, 0x2fdf, 0x2e64, 0x3084, 0x2fc5, 0x2e05,
    0x3072, 0x2fa6, 0x2dd9, 0x302e, 0x2e9e, 0x2cb4, 0x2d8c, 0x2c6b, 0x29fa, 0x274a, 0x2442, 0x20d7,
    0x3651, 0x3506, 0x3292, 0x362c, 0x3497, 0x316c, 0x35f6, 0x3446, 0x30f3, 0x3556, 0x3411, 0x3127,
    0x35a4, 0x34aa, 0x32ab, 0x332d, 0x31d3, 0x306e, 0x3442, 0x330e, 0x30e0, 0x38f1, 0x3337, 0x3083,
    0x3408, 0x321b, 0x2f8d, 0x30b0, 0x300c, 0x2dfc, 0x311b, 0x3058, 0x2e9e, 0x326e, 0x311b, 0x2f1d,
    0x33e9, 0x319f, 0x2f14, 0x3186, 0x302a, 0x2d97, 0x307c, 0x3046, 0x2f3b, 0x3351, 0x3174, 0x2f56,
    0x3009, 0x2e6a, 0x2ce6, 0x32f2, 0x3144, 0x2ec3, 0x310c, 0x302d, 0x2e88, 0x32a2, 0x3119, 0x2eeb,
    0x3293, 0x305d, 0x2e23, 0x33ff, 0x3153, 0x2f69, 0x318e, 0x30c3, 0x2fc4, 0x313c, 0x304e, 0x2f04,
    0x308d, 0x2f74, 0x2d7d, 0x3155, 0x3061, 0x2e47, 0x2e5b, 0x2df9, 0x2d39, 0x2f97, 0x2eb8, 0x2e23,
    0x2fc6, 0x2f53, 0x2ea0, 0x2e0c, 0x2e1f, 0x2df9, 0x3088, 0x30ab, 0x3030, 0x2e34, 0x2df5, 0x2d19,
    0x3219, 0x3238, 0x3178, 0x2ed4, 0x2e2f, 0x2d35, 0x2fbb, 0x2e25, 0x2c9d, 0x3135, 0x2f49, 0x2ca9,
    0x2f5e, 0x2ebf, 0x2de0, 0x3052, 0x2faa, 0x2e21, 0x2f42, 0x2f34, 0x2ecd, 0x305b, 0x3086, 0x3032,
    0x2fee, 0x2eb0, 0x2daf, 0x31f3, 0x316c, 0x3066, 0x3018, 0x302a, 0x2fe5, 0x30cd, 0x30a9, 0x302d,
    0x2f7f, 0x2fa7, 0x2f41, 0x2e9b, 0x2e8c, 0x2dec, 0x2d6d, 0x2daa, 0x2d78, 0x2cb8, 0x2c79, 0x2caf,
    0x2d85, 0x2cfd, 0x2c7a, 0x2e11, 0x2e42, 0x2e51, 0x2caf, 0x2cdd, 0x2d42, 0x2d7b, 0x2d90, 0x2d87,
    0x2daf, 0x2db8, 0x2d80, 0x2f07, 0x2d79, 0x2b65, 0x2fba, 0x2f56, 0x2e51, 0x313f, 0x304b, 0x2e26,
    0x2fe0, 0x2e76, 0x2cdb, 0x2fed, 0x2efe, 0x2d82, 0x2eb2, 0x2e7d, 0x2d96, 0x2e96, 0x2db1, 0x2c81,
    0x302f, 0x2fa3, 0x2e96, 0x3014, 0x2f7c, 0x2e81, 0x32ff, 0x3106, 0x2e23, 0x2e8e, 0x2be7, 0x274d,
    0x32eb, 0x31b1, 0x304f, 0x33aa, 0x3238, 0x3081, 0x35ed, 0x344b, 0x3156, 0x3553, 0x341e, 0x30ec,
    0x3643, 0x34ce, 0x31e2, 0x3549, 0x33f3, 0x3154, 0x326a, 0x315c, 0x2ffd, 0x329f, 0x3078, 0x2d5b,
    0x329d, 0x30aa, 0x2d71, 0x32a8, 0x30c9, 0x2e11, 0x33bd, 0x31aa, 0x2fb5, 0x31aa, 0x3074, 0x2e71,
    0x328c, 0x3104, 0x2e74, 0x3323, 0x3196, 0x2fe8, 0x3434, 0x327d, 0x3050, 0x3381, 0x3198, 0x2f0c,
    0x3471, 0x3281, 0x2f93, 0x3218, 0x3182, 0x3072, 0x329c, 0x3171, 0x2ff8, 0x31d2, 0x308c, 0x2e34,
    0x3255, 0x30e6, 0x2ef4, 0x317d, 0x303f, 0x2e05, 0x322f, 0x30ed, 0x2ee7, 0x306a, 0x2ed7, 0x2cb6,
    0x3169, 0x3068, 0x2e53, 0x30cc, 0x2fb2, 0x2e22, 0x306b, 0x3038, 0x2f67, 0x2de6, 0x2dc2, 0x2d43,
    0x3134, 0x2fe5, 0x2dee, 0x2db4, 0x2dc0, 0x2d88, 0x30e4, 0x3139, 0x3102, 0x2f47, 0x2f48, 0x2f87,
    0x2d21, 0x2cfc, 0x2ccb, 0x2c71, 0x2c7d, 0x2c73, 0x2c3f, 0x2ce6, 0x2daf, 0x30d4, 0x2f1e, 0x2d25,
    0x304f, 0x2ede, 0x2d55, 0x2df9, 0x2e5f, 0x2e3f, 0x30ab, 0x2f6a, 0x2d97, 0x3250, 0x324e, 0x31dc,
    0x2e90, 0x2dc3, 0x2d16, 0x2f23, 0x2eec, 0x2e4d, 0x2db9, 0x2d77, 0x2d77, 0x2d85, 0x2dc1, 0x2dcf,
    0x2e5b, 0x2e61, 0x2e16, 0x2e1f, 0x2e94, 0x2e7b, 0x2bb1, 0x2c3b, 0x2cb5, 0x2d9a, 0x2e76, 0x2e86,
    0x2e82, 0x2c20, 0x2b55, 0x2c50, 0x2c04, 0x2ba1, 0x2d25, 0x2d4a, 0x2d4d, 0x30cc, 0x3071, 0x2fad,
    0x2dc1, 0x2db1, 0x2d6b, 0x2be7, 0x2c17, 0x2c6f, 0x2c52, 0x2c08, 0x2ac9, 0x2dde, 0x2d67, 0x2cc5,
    0x3029, 0x2f8b, 0x2e64, 0x2e75, 0x2d9d, 0x2c65, 0x2e8f, 0x2d52, 0x2c06, 0x2cf8, 0x2c02, 0x2a39,
    0x2e1d, 0x2de7, 0x2c96, 0x2cbe, 0x2c7a, 0x2b9a, 0x2d9c, 0x2c6e, 0x2ab5, 0x3205, 0x2f96, 0x2b4b,
    0x3458, 0x3278, 0x300a, 0x3571, 0x341c, 0x3110, 0x3593, 0x3420, 0x30d8, 0x33b8, 0x31ab, 0x2ef8,
    0x3420, 0x3246, 0x2ff3, 0x342a, 0x329b, 0x30ca, 0x35a1, 0x3438, 0x31ab, 0x3292, 0x3152, 0x2e3f,
    0x31a3, 0x3075, 0x2e48, 0x31be, 0x30cd, 0x2f44, 0x33eb, 0x3199, 0x2f6b, 0x31ad, 0x3048, 0x2df4,
    0x323e, 0x30d6, 0x2eae, 0x34c9, 0x3328, 0x3078, 0x33ec, 0x3224, 0x3087, 0x324b, 0x30fb, 0x2f19,
    0x314d, 0x3070, 0x2e51, 0x2ef2, 0x2e93, 0x2dc2, 0x319e, 0x3070, 0x2dee, 0x3170, 0x306a, 0x2e28,
    0x31a0, 0x30e9, 0x3000, 0x2f7d, 0x2ea8, 0x2daa, 0x305e, 0x2e84, 0x2cce, 0x30a8, 0x2f54, 0x2d84,
    0x3524, 0x3450, 0x325d, 0x30cc, 0x2d5d, 0x2c93, 0x2f40, 0x2db0, 0x2c53, 0x3129, 0x300a, 0x2e63,
    0x30d8, 0x3086, 0x2fef, 0x2f67, 0x2f75, 0x2f5d, 0x2dd5, 0x2e02, 0x2d71, 0x314f, 0x3025, 0x2e4d,
    0x2dcb, 0x2d76, 0x2d16, 0x2d24, 0x2d81, 0x2d65, 0x312d, 0x2f88, 0x2d47, 0x2f12, 0x2dd0, 0x2c9d,
    0x3121, 0x309f, 0x302d, 0x2fda, 0x2fae, 0x2f49, 0x2e4e, 0x2e65, 0x2ed6, 0x30f7, 0x30a1, 0x2fdf,
    0x2f12, 0x2f1a, 0x2e52, 0x3269, 0x301e, 0x2c96, 0x2e39, 0x2e8f, 0x2dfa, 0x2ce1, 0x2d49, 0x2cb7,
    0x2cea, 0x2d4f, 0x2d74, 0x2eac, 0x2f3b, 0x2f70, 0x2d77, 0x2d5d, 0x2cd6, 0x2dd6, 0x2ddb, 0x2df9,
    0x3166, 0x3147, 0x30d1, 0x2f58, 0x2f80, 0x2f7c, 0x2d77, 0x2d46, 0x2d13, 0x2c2d, 0x2c82, 0x2c94,
    0x2c07, 0x2bfb, 0x2c0a, 0x2e1e, 0x2e45, 0x2e3b, 0x2e46, 0x2dcf, 0x2d1e, 0x2d71, 0x2daf, 0x2d25,
    0x2eea, 0x2de0, 0x2cf8, 0x2d40, 0x2c38, 0x2a74, 0x2e55, 0x2d6e, 0x2c51, 0x2da7, 0x2d6c, 0x2c97,
    0x2c2d, 0x2bd4, 0x2b09, 0x2d23, 0x2ce5, 0x2c60, 0x283f, 0x263f, 0x2437, 0x3018, 0x2d54, 0x2953,
    0x3365, 0x318c, 0x2f08, 0x32e9, 0x3129, 0x2e77, 0x3426, 0x31ed, 0x2f0a, 0x3114, 0x2f65, 0x2d1f,
    0x33a1, 0x31e3, 0x2fc9, 0x336f, 0x31de, 0x3054, 0x322d, 0x3116, 0x2fec, 0x3216, 0x30d0, 0x2f08,
    0x3096, 0x3066, 0x2f5d, 0x31f2, 0x303c, 0x2de1, 0x32b3, 0x306e, 0x2d72, 0x3192, 0x302b, 0x2dee,
    0x3281, 0x3186, 0x3032, 0x320e, 0x308a, 0x2df5, 0x323f, 0x30b5, 0x2f36, 0x30ff, 0x3031, 0x2edb,
    0x2e82, 0x2e73, 0x2e5a, 0x2ef2, 0x2f6c, 0x2fa0, 0x3011, 0x2f1f, 0x2d7e, 0x2f5c, 0x2e38, 0x2cf1,
    0x3279, 0x306b, 0x2dca, 0x3021, 0x2c79, 0x291c, 0x30b9, 0x2d95, 0x2b6f, 0x3185, 0x3103, 0x3040,
    0x302b, 0x305a, 0x2fe2, 0x2edc, 0x2e12, 0x2d7e, 0x2c8f, 0x2c41, 0x2c2e, 0x3059, 0x2fe5, 0x2ec4,
    0x30b7, 0x30df, 0x3098, 0x3148, 0x3117, 0x3063, 0x2ea9, 0x2f39, 0x2fb2, 0x2cc4, 0x2cce, 0x2c0c,
    0x3168, 0x3082, 0x2ed3, 0x2dc0, 0x2dac, 0x2d68, 0x2f4a, 0x2ded, 0x2ca5, 0x2dca, 0x2c6f, 0x2abd,
    0x33de, 0x332d, 0x31e9, 0x2e68, 0x2e33, 0x2dbe, 0x2e98, 0x2ebc, 0x2e36, 0x30a1, 0x30f0, 0x3069,
    0x2ccc, 0x2c93, 0x2c62, 0x2d42, 0x2d4b, 0x2dab, 0x30a5, 0x310f, 0x30c0, 0x2d08, 0x2d88, 0x2d93,
    0x2c6f, 0x2c9d, 0x2c9e, 0x2d42, 0x2dd1, 0x2dff, 0x2f07, 0x2f56, 0x2f0d, 0x2e41, 0x2e74, 0x2e32,
    0x2e7a, 0x2e3a, 0x2db6, 0x2dda, 0x2e1a, 0x2e5e, 0x2c1b, 0x2bba, 0x2ae2, 0x2c5a, 0x2c45, 0x2c14,
    0x2c7f, 0x2c6a, 0x2c48, 0x2da4, 0x2cf9, 0x2c7b, 0x2e54, 0x2dcb, 0x2d20, 0x2ff0, 0x2e7e, 0x2d1e,
    0x2e41, 0x2d27, 0x2b6a, 0x2f69, 0x2ea8, 0x2d92, 0x2d49, 0x2d14, 0x2c79, 0x2d8d, 0x2d4f, 0x2d15,
    0x2cf0, 0x2c08, 0x2a15, 0x2c2a, 0x2ad4, 0x28e3, 0x2c14, 0x2a01, 0x2747, 0x3206, 0x2f66, 0x2a32,
    0x3100, 0x308d, 0x2f29, 0x3177, 0x307a, 0x2f00, 0x309c, 0x2ef4, 0x2ce7, 0x34ac, 0x3386, 0x3107,
    0x328a, 0x3185, 0x303a, 0x315b, 0x30b6, 0x3008, 0x2f89, 0x2f01, 0x2dcb, 0x30b3, 0x30d9, 0x309b,
    0x3024, 0x3107, 0x3120, 0x2db2, 0x2d9e, 0x2d6d, 0x3595, 0x319c, 0x2dec, 0x2e58, 0x2da4, 0x2ccc,
    0x3018, 0x2e8a, 0x2d24, 0x3165, 0x3116, 0x304e, 0x2fce, 0x301d, 0x2ffd, 0x301d, 0x2fd4, 0x2eea,
    0x2f67, 0x2f31, 0x2ed9, 0x2f2d, 0x2f5f, 0x2f33, 0x3027, 0x2eb6, 0x2d79, 0x2e3e, 0x2d1b, 0x2c24,
    0x3018, 0x2e20, 0x2c29, 0x2f15, 0x2e19, 0x2d41, 0x2cc5, 0x2ce0, 0x2d13, 0x2ca9, 0x2cce, 0x2cee,
    0x2ce9, 0x2d27, 0x2cba, 0x2ce4, 0x2d3e, 0x2d77, 0x2e30, 0x2de3, 0x2d5b, 0x2fe2, 0x3011, 0x2feb,
    0x2ea0, 0x2ebc, 0x2e4a, 0x2d3d, 0x2d74, 0x2d23, 0x2c66, 0x2cb7, 0x2c98, 0x2c2a, 0x2c49, 0x2c2b,
    0x2e24, 0x2e54, 0x2df2, 0x2d42, 0x2d60, 0x2d81, 0x2f22, 0x2f40, 0x2f09, 0x3180, 0x303d, 0x2e47,
    0x2f2c, 0x2d99, 0x2cd0, 0x2f20, 0x2f7a, 0x2f93, 0x2dff, 0x2e70, 0x2e78, 0x3074, 0x3070, 0x3010,
    0x2bf5, 0x2ca7, 0x2ba5, 0x2f50, 0x2fc2, 0x2fb3, 0x2d23, 0x2d77, 0x2d7c, 0x2d4f, 0x2dc6, 0x2dcf,
    0x2ce5, 0x2c0d, 0x2b5d, 0x2df6, 0x2d51, 0x2caa, 0x2c5e, 0x2cb6, 0x2ccd, 0x2c5c, 0x2c57, 0x2c4b,
    0x2e63, 0x2e01, 0x2d91, 0x2e78, 0x2e77, 0x2e65, 0x327b, 0x3258, 0x316f, 0x2c51, 0x2cb1, 0x2cdd,
    0x2f13, 0x2e4a, 0x2cfe, 0x2df1, 0x2ddc, 0x2dc0, 0x2d41, 0x2d21, 0x2c9e, 0x2d1f, 0x2d65, 0x2d86,
    0x2fdc, 0x2e1a, 0x2c96, 0x2e9e, 0x2dd1, 0x2c9d, 0x2b38, 0x2a78, 0x2911, 0x2cef, 0x2c35, 0x2ac8,
    0x2d62, 0x2c14, 0x2937, 0x2cfa, 0x2c7f, 0x2c16, 0x28f0, 0x27fa, 0x26d7, 0x35dd, 0x33cf, 0x2fe4,
    0x3238, 0x314c, 0x3010, 0x3408, 0x328b, 0x30c1, 0x346e, 0x330a, 0x30e8, 0x341d, 0x32bd, 0x30f5,
    0x313d, 0x308d, 0x2f49, 0x3037, 0x2fa6, 0x2e93, 0x2f7c, 0x2f1b, 0x2e89, 0x2fa2, 0x2fa7, 0x2f92,
    0x2f6e, 0x2e1a, 0x2ce9, 0x35f4, 0x34a8, 0x3337, 0x2e9f, 0x2e4f, 0x2d8f, 0x2cbd, 0x2c8b, 0x2c07,
    0x31a7, 0x3077, 0x2e75, 0x3014, 0x2f3b, 0x2e07, 0x2cad, 0x2c98, 0x2c9a, 0x2e11, 0x2e6f, 0x2ee1,
    0x2f4b, 0x2f89, 0x2f51, 0x2e95, 0x2e2a, 0x2d92, 0x2dd4, 0x2dd5, 0x2e2c, 0x2fdb, 0x2fce, 0x2fb1,
    0x31be, 0x307b, 0x2f12, 0x2d8e, 0x2db5, 0x2dab, 0x2e45, 0x2ec2, 0x2f13, 0x30d5, 0x3025, 0x2ea7,
    0x2ed3, 0x2e35, 0x2db7, 0x2f86, 0x2e9f, 0x2db7, 0x3057, 0x2ea2, 0x2cf6, 0x3051, 0x3085, 0x30ae,
    0x2d2b, 0x2d5a, 0x2d3a, 0x2f09, 0x2ec8, 0x2e5c, 0x3268, 0x304e, 0x2e7a, 0x2f3c, 0x2e0f, 0x2e43,
    0x2ecc, 0x2eff, 0x2e64, 0x2def, 0x2d6e, 0x2c8e, 0x2fbd, 0x2e9e, 0x2d8f, 0x2f98, 0x2e5b, 0x2c8d,
    0x33a6, 0x30ec, 0x2eef, 0x2d36, 0x2cde, 0x2c4f, 0x327b, 0x315e, 0x3048, 0x2cab, 0x2d07, 0x2d52,
    0x2e7d, 0x2e8f, 0x2ef9, 0x2f6c, 0x2ef6, 0x2de3, 0x2c7c, 0x2cb7, 0x2cf6, 0x29a6, 0x29bf, 0x2a13,
    0x2e77, 0x2e05, 0x2dd3, 0x2d8a, 0x2d80, 0x2db0, 0x2ea0, 0x2ed0, 0x2ecc, 0x2d2c, 0x2ccd, 0x2c53,
    0x2cba, 0x2ca4, 0x2c72, 0x2f1e, 0x2f3e, 0x2f4b, 0x2e41, 0x2df4, 0x2d80, 0x2da8, 0x2df6, 0x2c3c,
    0x2d65, 0x2d33, 0x2daa, 0x2cb8, 0x2c62, 0x2c06, 0x2c73, 0x2c60, 0x2c95, 0x2d18, 0x2c66, 0x2ba7,
    0x2d4a, 0x2d9c, 0x2d58, 0x2d51, 0x2cc2, 0x2b98, 0x2c93, 0x2bbb, 0x2a45, 0x2ccd, 0x2c28, 0x2a9e,
    0x2b3c, 0x2a0a, 0x28c6, 0x2da7, 0x2cca, 0x2b3a, 0x2d36, 0x2cbc, 0x2ba3, 0x35f9, 0x342e, 0x30a7,
    0x3286, 0x3121, 0x2f27, 0x3451, 0x32cd, 0x3092, 0x3413, 0x32b5, 0x30bb, 0x2ff3, 0x2eeb, 0x2d8b,
    0x2dff, 0x2dee, 0x2d75, 0x307a, 0x2ff5, 0x2eef, 0x3328, 0x30da, 0x2e60, 0x30f4, 0x310d, 0x30c6,
    0x3340, 0x3139, 0x2f91, 0x2db5, 0x2d5d, 0x2d74, 0x2cc1, 0x2cf0, 0x2d16, 0x2d07, 0x2d5d, 0x2dbe,
    0x2d8f, 0x2d5b, 0x2d38, 0x2f96, 0x2f83, 0x2f5b, 0x2cd1, 0x2d1e, 0x2d69, 0x2c4d, 0x2ce6, 0x2cce,
    0x3057, 0x3030, 0x3008, 0x2ca5, 0x2ca1, 0x2bfe, 0x2f2a, 0x2d66, 0x2c4f, 0x30c3, 0x2fd3, 0x2e21,
    0x303e, 0x2fc4, 0x2ef8, 0x2f1a, 0x2e8e, 0x2dd9, 0x3014, 0x3097, 0x30ef, 0x3169, 0x306d, 0x2f51,
    0x2f79, 0x2e66, 0x2d54, 0x30e3, 0x2ffb, 0x2df0, 0x300f, 0x2e37, 0x2c9c, 0x3007, 0x300f, 0x2f7d,
    0x2e46, 0x2e69, 0x2e20, 0x2d84, 0x2d39, 0x2cfc, 0x2f4a, 0x2ee8, 0x2e77, 0x2d42, 0x2cee, 0x2cdf,
    0x309b, 0x30a2, 0x308e, 0x2dda, 0x2e58, 0x2e7a, 0x2ca0, 0x2ce6, 0x2d0a, 0x2dcb, 0x2e07, 0x2e11,
    0x3027, 0x3002, 0x2e32, 0x2f1d, 0x2f51, 0x2f3c, 0x2fbf, 0x2d61, 0x2b66, 0x2efa, 0x2fc7, 0x2ff1,
    0x30ad, 0x3019, 0x2e70, 0x2ca6, 0x2d15, 0x2d99, 0x2c4e, 0x2c2e, 0x2c0b, 0x2e08, 0x2d22, 0x2c79,
    0x2cf7, 0x2cf7, 0x2c75, 0x2cbd, 0x2cb9, 0x2c88, 0x2cb6, 0x2ce7, 0x2d09, 0x2d4e, 0x2d95, 0x2d76,
    0x2ebf, 0x2e70, 0x2dea, 0x2d7e, 0x2cf4, 0x2bef, 0x3014, 0x2e37, 0x2d6e, 0x2c9b, 0x2c84, 0x2cec,
    0x2c8e, 0x2c7a, 0x2c74, 0x2aaa, 0x2abd, 0x2adf, 0x2eb7, 0x2e24, 0x2dab, 0x2fb7, 0x2e3b, 0x2d18,
    0x2cc9, 0x2d0d, 0x2d0f, 0x291b, 0x28cd, 0x289b, 0x2c8e, 0x2c4d, 0x2c01, 0x2acd, 0x2a5d, 0x29a0,
    0x2b50, 0x2ac1, 0x2a0c, 0x2dae, 0x2c0d, 0x287a, 0x2b79, 0x29f7, 0x276d, 0x34bc, 0x326e, 0x2f28,
    0x33a8, 0x31ea, 0x2fe9, 0x342e, 0x328b, 0x306a, 0x3173, 0x3124, 0x3065, 0x2fe1, 0x2f2a, 0x2e44,
    0x30d1, 0x3013, 0x2e56, 0x3260, 0x31bc, 0x30ae, 0x316f, 0x3148, 0x30e8, 0x34cd, 0x335a, 0x31b6,
    0x3111, 0x305c, 0x2eec, 0x3028, 0x2f58, 0x2e63, 0x2ebe, 0x2e44, 0x2d70, 0x2d0b, 0x2cbb, 0x2c5a,
    0x3057, 0x2f66, 0x2dcc, 0x30bf, 0x3010, 0x2ee9, 0x3106, 0x30d4, 0x305c, 0x2d55, 0x2d65, 0x2d6e,
    0x3111, 0x3109, 0x3095, 0x31eb, 0x3158, 0x304b, 0x2d6c, 0x2d02, 0x2c94, 0x2c41, 0x2c90, 0x2cd7,
    0x2c65, 0x2c7f, 0x2c81, 0x2e80, 0x2ecb, 0x2eea, 0x2e1d, 0x2e18, 0x2d4b, 0x2fcd, 0x2f14, 0x2e31,
    0x2e74, 0x2f1b, 0x2ed3, 0x2dbd, 0x2dd3, 0x2db1, 0x2e9d, 0x2df0, 0x2d53, 0x2dfa, 0x2e20, 0x2df0,
    0x2d81, 0x2d84, 0x2d34, 0x3045, 0x302d, 0x2f90, 0x3077, 0x3009, 0x2e8d, 0x2efe, 0x2f0f, 0x2eb0,
    0x2fe9, 0x3046, 0x304e, 0x2dd4, 0x2d96, 0x2d80, 0x2e9d, 0x2e7f, 0x2e68, 0x2f72, 0x2ea2, 0x2e6c,
    0x2d81, 0x2dfd, 0x2e82, 0x2c2f, 0x2c5e, 0x2c5c, 0x30fc, 0x301d, 0x2efc, 0x2b60, 0x2c82, 0x2d21,
    0x2dde, 0x2d75, 0x2d1e, 0x2b9f, 0x2b62, 0x2b3b, 0x2c8f, 0x2c9e, 0x2c71, 0x2ea3, 0x2e81, 0x2dbe,
    0x30aa, 0x300a, 0x2e9d, 0x30ff, 0x3068, 0x2f1b, 0x2f0e, 0x2f75, 0x2fc3, 0x2e92, 0x2e50, 0x2db7,
    0x3033, 0x2f4f, 0x2e41, 0x2caa, 0x2caa, 0x2c0c, 0x2cf5, 0x2c4b, 0x2b8f, 0x2d7d, 0x2d9d, 0x2d43,
    0x2e61, 0x2e15, 0x2d5f, 0x2d4b, 0x2d29, 0x2d1c, 0x2afe, 0x2a95, 0x2a9f, 0x2bc9, 0x2b7f, 0x2acc,
    0x2cba, 0x2ca0, 0x2b47, 0x2bb3, 0x2ae5, 0x2a3f, 0x2b5f, 0x2ba5, 0x2bcb, 0x2c69, 0x2c29, 0x2b70,
    0x2a0e, 0x2998, 0x295a, 0x2d39, 0x2c28, 0x2a76, 0x29ee, 0x2875, 0x263d, 0x31c0, 0x2fee, 0x2c44,
    0x4388, 0x431f, 0x4260, 0x40f5, 0x40c1, 0x4027, 0x3f50, 0x3f14, 0x3df3, 0x3d59, 0x3d40, 0x3c42,
    0x3cc7, 0x3cad, 0x3b5a, 0x3c72, 0x3c77, 0x3b67, 0x3ca9, 0x3c9e, 0x3ba3, 0x3a6a, 0x3aa4, 0x3933,
    0x3993, 0x39f7, 0x3881, 0x3a2f, 0x3ac5, 0x39c2, 0x3b4c, 0x3c0a, 0x3bae, 0x3b6a, 0x3c32, 0x3c2e,
    0x3c4b, 0x3cd4, 0x3cf7, 0x3ced, 0x3dc8, 0x3eb6, 0x3f2e, 0x4046, 0x41a9, 0x40e7, 0x41d4, 0x4418,
    0x40ff, 0x41f2, 0x4432, 0x3f3b, 0x4055, 0x41cc, 0x3da5, 0x3ee5, 0x4086, 0x3cfc, 0x3e3d, 0x4021,
    0x3c26, 0x3d48, 0x3eed, 0x3b33, 0x3ca9, 0x3e2c, 0x3a0c, 0x3bde, 0x3d07, 0x3903, 0x3a86, 0x3bfc,
    0x3921, 0x3aa7, 0x3c1f, 0x39be, 0x3b83, 0x3d21, 0x3972, 0x3b11, 0x3cf0, 0x3828, 0x3948, 0x3ae8,
    0x368a, 0x381a, 0x3943, 0x34b1, 0x35d7, 0x3738, 0x32dd, 0x3433, 0x34b9, 0x31a4, 0x32c4, 0x331e,
    0x43e7, 0x436f, 0x42b0, 0x4263, 0x4204, 0x4141, 0x4110, 0x40bd, 0x3fdd, 0x3f32, 0x3ed6, 0x3d8f,
    0x3de0, 0x3d8f, 0x3c3a, 0x3c1d, 0x3c19, 0x3a67, 0x3c10, 0x3c07, 0x3a4f, 0x3a07, 0x3a47, 0x38cf,
    0x39ee, 0x3a43, 0x38bc, 0x3a4c, 0x3ac6, 0x3994, 0x3b1a, 0x3be7, 0x3b85, 0x3c04, 0x3c7c, 0x3c7e,
    0x3c92, 0x3cfd, 0x3cec, 0x3c62, 0x3d04, 0x3d6e, 0x3dae, 0x3ea8, 0x4014, 0x401d, 0x40da, 0x4280,
    0x4085, 0x4160, 0x4365, 0x3e69, 0x3fbd, 0x411f, 0x3d8e, 0x3ee1, 0x40ad, 0x3cee, 0x3e3f, 0x404e,
    0x3c20, 0x3d57, 0x3f64, 0x3c27, 0x3d7f, 0x4001, 0x3b5b, 0x3ce1, 0x3eed, 0x3a46, 0x3c28, 0x3dc0,
    0x3ab4, 0x3c71, 0x3e63, 0x3b2a, 0x3cbb, 0x3f04, 0x39f4, 0x3bb3, 0x3d70, 0x3865, 0x398f, 0x3b86,
    0x36a3, 0x3821, 0x397a, 0x347a, 0x3576, 0x36b8, 0x32a3, 0x33eb, 0x3467, 0x31ca, 0x32c0, 0x3329,
    0x4483, 0x4433, 0x4370, 0x437d, 0x42fa, 0x4203, 0x4319, 0x429b, 0x4196, 0x40a9, 0x4059, 0x3f24,
    0x3e01, 0x3daf, 0x3c73, 0x3c85, 0x3c65, 0x3a9f, 0x3c19, 0x3c06, 0x3a09, 0x3c01, 0x3be4, 0x39fa,
    0x3ae7, 0x3b13, 0x3968, 0x3c2d, 0x3c44, 0x3ae8, 0x3b86, 0x3c25, 0x3bda, 0x3c89, 0x3d05, 0x3d22,
    0x3bae, 0x3c53, 0x3c55, 0x3c3d, 0x3cbe, 0x3ce0, 0x3cf3, 0x3dae, 0x3e7c, 0x3e7a, 0x3f9e, 0x40dc,
    0x3f4f, 0x4061, 0x41e1, 0x3dd4, 0x3f15, 0x409f, 0x3d25, 0x3e62, 0x4049, 0x3c99, 0x3dd5, 0x3ffc,
    0x3c2d, 0x3d76, 0x3fc8, 0x3c9d, 0x3e32, 0x40b8, 0x3c2a, 0x3d97, 0x4033, 0x3b3a, 0x3cd0, 0x3f0b,
    0x3b92, 0x3d06, 0x3f7a, 0x3b46, 0x3cc9, 0x3f08, 0x3a0f, 0x3bc6, 0x3d79, 0x390b, 0x3a48, 0x3c62,
    0x36e1, 0x3830, 0x399a, 0x3476, 0x3550, 0x367c, 0x3314, 0x3421, 0x34a2, 0x32e6, 0x33ef, 0x3479,
    0x45a0, 0x452b, 0x4481, 0x4471, 0x4410, 0x42cc, 0x4410, 0x4370, 0x4233, 0x4281, 0x41ed, 0x40cb,
    0x40cc, 0x4064, 0x3f0d, 0x3ffc, 0x3f54, 0x3d85, 0x3fcc, 0x3f50, 0x3de1, 0x3cb6, 0x3c97, 0x3b15,
    0x3d41, 0x3d22, 0x3c17, 0x3c7b, 0x3c94, 0x3bab, 0x3c1d, 0x3c6b, 0x3c04, 0x3c7b, 0x3cdf, 0x3cb0,
    0x3bea, 0x3c60, 0x3c2b, 0x3c1c, 0x3ca2, 0x3cbe, 0x3cf1, 0x3da2, 0x3e54, 0x3daa, 0x3ea3, 0x400e,
    0x3d2e, 0x3e3d, 0x3fc6, 0x3d13, 0x3e2a, 0x3fcc, 0x3d9c, 0x3ed9, 0x408d, 0x3c95, 0x3db6, 0x3f97,
    0x3c02, 0x3d3d, 0x3f66, 0x3c73, 0x3df5, 0x4078, 0x3bcd, 0x3d32, 0x3f8b, 0x3aed, 0x3c90, 0x3e71,
    0x3af9, 0x3c8e, 0x3e71, 0x3b87, 0x3cd8, 0x3ee9, 0x3b73, 0x3cad, 0x3eb8, 0x3a05, 0x3b53, 0x3d2a,
    0x378d, 0x387e, 0x39fd, 0x34bf, 0x358f, 0x36c6, 0x33ce, 0x347d, 0x351d, 0x3419, 0x34ab, 0x3569,
    0x475d, 0x46b1, 0x45cb, 0x45e4, 0x4554, 0x4479, 0x4485, 0x4418, 0x42b2, 0x440a, 0x4334, 0x419c,
    0x42ea, 0x4233, 0x40e7, 0x416e, 0x40db, 0x3f61, 0x401c, 0x3f76, 0x3d90, 0x3e0d, 0x3dab, 0x3c56,
    0x3e54, 0x3e11, 0x3cde, 0x3d88, 0x3d97, 0x3cc1, 0x3d63, 0x3da0, 0x3d06, 0x3c26, 0x3c7c, 0x3bed,
    0x3bca, 0x3c43, 0x3bb0, 0x3be8, 0x3c6e, 0x3c58, 0x3bfe, 0x3c90, 0x3cba, 0x3c3e, 0x3cf2, 0x3d82,
    0x3c04, 0x3cc2, 0x3d54, 0x3c58, 0x3d3d, 0x3e42, 0x3d7c, 0x3eaf, 0x4063, 0x3c89, 0x3da8, 0x3f81,
    0x3bbb, 0x3cf9, 0x3ebd, 0x3bbd, 0x3d0c, 0x3ee4, 0x3aa8, 0x3c4d, 0x3d8c, 0x3a62, 0x3c18, 0x3d48,
    0x3b62, 0x3cb3, 0x3e66, 0x3c88, 0x3db5, 0x401b, 0x3c29, 0x3d1a, 0x3f4f, 0x3a4a, 0x3b76, 0x3d27,
    0x37de, 0x3891, 0x39f3, 0x34b8, 0x356d, 0x3665, 0x3362, 0x3437, 0x34a3, 0x337c, 0x343c, 0x349a,
    0x47b6, 0x46e3, 0x45aa, 0x470d, 0x464d, 0x453b, 0x45d1, 0x4521, 0x441a, 0x454d, 0x449f, 0x4309,
    0x44f9, 0x4453, 0x428e, 0x4505, 0x445f, 0x42bb, 0x42c7, 0x41f9, 0x4085, 0x4025, 0x3f86, 0x3dac,
    0x4015, 0x3f84, 0x3dc0, 0x3ec7, 0x3e9d, 0x3d6d, 0x3ec2, 0x3ee4, 0x3e28, 0x3d2f, 0x3d6b, 0x3cbe,
    0x3cd0, 0x3d1f, 0x3ca0, 0x3c6b, 0x3cd0, 0x3c79, 0x3b63, 0x3c21, 0x3ba5, 0x3ad2, 0x3bd2, 0x3ba0,
    0x3b49, 0x3c3a, 0x3c59, 0x3be1, 0x3cb6, 0x3d54, 0x3cd2, 0x3df1, 0x3fa6, 0x3cb4, 0x3dea, 0x3fef,
    0x3c32, 0x3d4f, 0x3f04, 0x3c04, 0x3d0c, 0x3e61, 0x3ac2, 0x3c32, 0x3cec, 0x3ae6, 0x3c3f, 0x3d19,
    0x3c28, 0x3d1e, 0x3ebf, 0x3c8f, 0x3d89, 0x3fa3, 0x3bd1, 0x3c9c, 0x3e4a, 0x3a1f, 0x3b07, 0x3ca6,
    0x3784, 0x3842, 0x3958, 0x340f, 0x3496, 0x352a, 0x31c1, 0x3284, 0x329e, 0x3137, 0x31e2, 0x31b4,
    0x4924, 0x488d, 0x475c, 0x486b, 0x47ad, 0x4605, 0x483b, 0x474c, 0x45b7, 0x4880, 0x47c4, 0x4604,
    0x4828, 0x4718, 0x456f, 0x478f, 0x4675, 0x44ec, 0x45f3, 0x4519, 0x43af, 0x442f, 0x4350, 0x418c,
    0x4267, 0x41c1, 0x407a, 0x40dd, 0x4083, 0x3f1c, 0x3f86, 0x3f65, 0x3e31, 0x40a3, 0x40ac, 0x403f,
    0x3fbc, 0x4008, 0x3fad, 0x3ea9, 0x3f10, 0x3ebe, 0x3cdc, 0x3d47, 0x3ce0, 0x3bb5, 0x3c4e, 0x3bfc,
    0x3b61, 0x3c3c, 0x3c38, 0x3bb6, 0x3c9d, 0x3d2b, 0x3c9c, 0x3db3, 0x3f41, 0x3ce4, 0x3e16, 0x4002,
    0x3cfe, 0x3e14, 0x3fc9, 0x3cd9, 0x3ddb, 0x3f20, 0x3c60, 0x3d3d, 0x3e26, 0x3cbe, 0x3da4, 0x3ee1,
    0x3d30, 0x3e1b, 0x3fc0, 0x3cd8, 0x3d9e, 0x3f3e, 0x3bc3, 0x3c6c, 0x3dac, 0x3932, 0x39d6, 0x3b45,
    0x3571, 0x3616, 0x3710, 0x3218, 0x32d2, 0x3321, 0x3044, 0x30c1, 0x306d, 0x2f1d, 0x2ff0, 0x2f0e,
    0x4ae0, 0x49fc, 0x48a7, 0x4b00, 0x4a0b, 0x48ae, 0x4b9c, 0x4a83, 0x490e, 0x4d17, 0x4c52, 0x4ab7,
    0x4d1e, 0x4c54, 0x4aba, 0x4bc2, 0x4a84, 0x48f8, 0x4a3a, 0x493c, 0x47dd, 0x487f, 0x47b4, 0x45d5,
    0x45c8, 0x4515, 0x43df, 0x43b8, 0x42fb, 0x4181, 0x426e, 0x4213, 0x410c, 0x4187, 0x4183, 0x40f4,
    0x4204, 0x422f, 0x4205, 0x4179, 0x41bd, 0x41c0, 0x3f7b, 0x3fed, 0x3fb2, 0x3d85, 0x3df7, 0x3db4,
    0x3c6c, 0x3d02, 0x3d1a, 0x3bf8, 0x3cb8, 0x3d32, 0x3c6a, 0x3d52, 0x3e64, 0x3d86, 0x3e88, 0x4007,
    0x3e24, 0x3f35, 0x4083, 0x3e83, 0x3fa8, 0x40bf, 0x3e34, 0x3f3a, 0x4068, 0x3e49, 0x3f49, 0x4079,
    0x3eb5, 0x3fc0, 0x40de, 0x3da8, 0x3e81, 0x4018, 0x3b40, 0x3c1d, 0x3d09, 0x37fe, 0x3879, 0x3930,
    0x340b, 0x347f, 0x34bd, 0x30c9, 0x314e, 0x3113, 0x2f56, 0x3009, 0x2f1a, 0x2df2, 0x2e72, 0x2cb2,
    0x4bca, 0x4ab6, 0x491c, 0x4ca4, 0x4bf4, 0x4a12, 0x4deb, 0x4d0d, 0x4bce, 0x5181, 0x50b1, 0x4f65,
    0x53b5, 0x5292, 0x5142, 0x5095, 0x4fa4, 0x4de1, 0x4da3, 0x4ca7, 0x4ad3, 0x4b4a, 0x4a28, 0x4892,
    0x48c3, 0x481d, 0x4632, 0x4662, 0x45a4, 0x445b, 0x448d, 0x4433, 0x42dd, 0x42fd, 0x42d9, 0x4216,
    0x4340, 0x4350, 0x42f4, 0x4250, 0x427e, 0x4260, 0x405f, 0x4093, 0x4073, 0x3e27, 0x3ea1, 0x3e6c,
    0x3c67, 0x3cf6, 0x3ce3, 0x3c5a, 0x3cf9, 0x3d40, 0x3d8f, 0x3e46, 0x3f20, 0x3f0b, 0x3feb, 0x40ab,
    0x3f06, 0x3ff7, 0x40cf, 0x3ecc, 0x3fca, 0x40bd, 0x3dbe, 0x3e96, 0x3ff9, 0x3e85, 0x3f86, 0x40a4,
    0x3f4a, 0x4037, 0x4148, 0x3c38, 0x3ce0, 0x3dea, 0x384d, 0x38da, 0x396c, 0x34ca, 0x355a, 0x358c,
    0x31d5, 0x3272, 0x3212, 0x2fa3, 0x3037, 0x2f0a, 0x2dd3, 0x2e6e, 0x2c96, 0x2dac, 0x2e3e, 0x2c28,
    0x4a15, 0x492c, 0x47aa, 0x4c2d, 0x4b1c, 0x4950, 0x4d7a, 0x4caa, 0x4b1b, 0x50b1, 0x5002, 0x4e4a,
    0x5438, 0x5339, 0x51c9, 0x52f7, 0x51c2, 0x505a, 0x5090, 0x4f6e, 0x4d50, 0x4df0, 0x4ceb, 0x4b17,
    0x4b2e, 0x4a14, 0x4872, 0x4928, 0x487b, 0x46c6, 0x4618, 0x4576, 0x4445, 0x446a, 0x4430, 0x431b,
    0x436a, 0x4356, 0x42a5, 0x4212, 0x4213, 0x418c, 0x4094, 0x40b9, 0x407f, 0x3f34, 0x3fbe, 0x3fb8,
    0x3d44, 0x3dcb, 0x3db0, 0x3dc8, 0x3e54, 0x3e88, 0x3e96, 0x3f15, 0x3fa1, 0x3e22, 0x3eb1, 0x3f7a,
    0x3d52, 0x3de4, 0x3eb6, 0x3b85, 0x3c3d, 0x3cdc, 0x3a4e, 0x3b34, 0x3c33, 0x3c29, 0x3ccc, 0x3dcc,
    0x3c97, 0x3d48, 0x3e5e, 0x3922, 0x39df, 0x3aa4, 0x360e, 0x36c7, 0x3705, 0x33f5, 0x345f, 0x33f2,
    0x30f5, 0x3168, 0x3021, 0x2eac, 0x2f56, 0x2ce9, 0x2dfb, 0x2e92, 0x2c35, 0x2d2b, 0x2da3, 0x29b7,
    0x4582, 0x44b0, 0x42ba, 0x47db, 0x46a5, 0x44b9, 0x4a18, 0x4920, 0x476e, 0x4c8f, 0x4baa, 0x49b9,
    0x4e2b, 0x4d2a, 0x4bcd, 0x5006, 0x4e93, 0x4cbb, 0x4f60, 0x4df8, 0x4c20, 0x4e3d, 0x4d1c, 0x4b1b,
    0x4c61, 0x4b4d, 0x4931, 0x4b7e, 0x4a64, 0x48b9, 0x487a, 0x47d3, 0x45e9, 0x4582, 0x4516, 0x441a,
    0x448e, 0x445d, 0x4378, 0x4333, 0x42fc, 0x420d, 0x41c0, 0x41cb, 0x4161, 0x4109, 0x4142, 0x413c,
    0x402e, 0x4071, 0x4077, 0x3e98, 0x3f04, 0x3ee8, 0x3cbf, 0x3d03, 0x3cf8, 0x3a7d, 0x3aed, 0x3b05,
    0x3911, 0x398a, 0x39bc, 0x3823, 0x3894, 0x38d3, 0x374f, 0x3816, 0x3866, 0x373c, 0x381d, 0x3891,
    0x36f2, 0x37f4, 0x3851, 0x3587, 0x363b, 0x3648, 0x3443, 0x34af, 0x343c, 0x31da, 0x327a, 0x30c3,
    0x3060, 0x30b4, 0x2dde, 0x2dcd, 0x2e67, 0x2b4f, 0x2ced, 0x2d68, 0x2934, 0x2c98, 0x2d1b, 0x2876,
    0x404e, 0x3f58, 0x3cd3, 0x4310, 0x421b, 0x4075, 0x4502, 0x442a, 0x41b0, 0x47fc, 0x46a6, 0x44ba,
    0x48ce, 0x47f1, 0x45b0, 0x4a87, 0x4947, 0x4737, 0x4bda, 0x4a4f, 0x4833, 0x4c48, 0x4af1, 0x48a2,
    0x4c75, 0x4b4d, 0x48fc, 0x4c1f, 0x4ae2, 0x48dc, 0x497b, 0x48b4, 0x46de, 0x4666, 0x45c2, 0x4472,
    0x44ac, 0x4462, 0x4327, 0x4300, 0x42c0, 0x41a3, 0x43c6, 0x4390, 0x42bb, 0x43cb, 0x43b3, 0x4323,
    0x4198, 0x41b2, 0x4167, 0x3d4d, 0x3d8e, 0x3cfb, 0x3a7a, 0x3ac1, 0x3a18, 0x3865, 0x388e, 0x3819,
    0x35fc, 0x365d, 0x35b5, 0x3575, 0x35f4, 0x3577, 0x3424, 0x34a9, 0x3431, 0x3238, 0x3345, 0x32a0,
    0x319e, 0x32ab, 0x31bb, 0x3131, 0x321c, 0x30eb, 0x30c6, 0x3186, 0x2f6b, 0x3028, 0x30c8, 0x2d70,
    0x2e41, 0x2f10, 0x2b09, 0x2d16, 0x2dd2, 0x290c, 0x2cbe, 0x2d94, 0x285f, 0x2d0c, 0x2dff, 0x2753,
    0x3ca8, 0x3bfe, 0x38e2, 0x3d08, 0x3c42, 0x393d, 0x4012, 0x3ef4, 0x3cc6, 0x4219, 0x4116, 0x3eef,
    0x4445, 0x42d7, 0x4065, 0x47fa, 0x4656, 0x4420, 0x48e8, 0x47b5, 0x44d5, 0x4976, 0x485b, 0x45ac,
    0x4b80, 0x4a03, 0x47e6, 0x4c35, 0x4adb, 0x48a5, 0x49b7, 0x48c9, 0x46b5, 0x45c9, 0x450e, 0x4346,
    0x41a6, 0x413a, 0x3f87, 0x40a5, 0x406d, 0x3e8f, 0x441d, 0x43a2, 0x4234, 0x4482, 0x4435, 0x4325,
    0x406f, 0x4055, 0x3f5d, 0x3ad6, 0x3b04, 0x39aa, 0x38b6, 0x38d1, 0x37c8, 0x3718, 0x3743, 0x35c6,
    0x3464, 0x34b2, 0x32d5, 0x3242, 0x3315, 0x3094, 0x310e, 0x31e6, 0x2ff9, 0x303d, 0x310a, 0x2f23,
    0x2f59, 0x3084, 0x2d63, 0x2e48, 0x2fe8, 0x2c08, 0x2e85, 0x3010, 0x2c13, 0x2d95, 0x2eec, 0x2a37,
    0x2ca7, 0x2dcc, 0x2804, 0x2d07, 0x2e4e, 0x26f6, 0x2dc4, 0x2f1b, 0x2721, 0x2dd5, 0x2f3c, 0x265d,
    0x3ae8, 0x3a2f, 0x37d4, 0x3bac, 0x3ac9, 0x3862, 0x3b8b, 0x3a5b, 0x375b, 0x3c6a, 0x3b56, 0x3885,
    0x3fc8, 0x3e48, 0x3bc6, 0x42e8, 0x4171, 0x3e8d, 0x4609, 0x44b0, 0x41a4, 0x47c3, 0x4606, 0x4356,
    0x4934, 0x4818, 0x4532, 0x492d, 0x482f, 0x459b, 0x46ae, 0x4587, 0x437b, 0x41e3, 0x4117, 0x3ec2,
    0x3ea8, 0x3e12, 0x3b7b, 0x3d8e, 0x3d42, 0x3aa8, 0x3fc5, 0x3f39, 0x3d30, 0x406b, 0x4012, 0x3e22,
    0x3c78, 0x3c4e, 0x3a38, 0x37b8, 0x37d3, 0x356a, 0x34ed, 0x3512, 0x330e, 0x3326, 0x338a, 0x3107,
    0x313b, 0x31cf, 0x2ec3, 0x317d, 0x3244, 0x2eab, 0x3151, 0x3226, 0x2e6a, 0x3123, 0x3206, 0x2df9,
    0x3068, 0x314c, 0x2d0b, 0x2e2d, 0x2fc4, 0x2a59, 0x2cd2, 0x2e1d, 0x2884, 0x2caa, 0x2ddb, 0x2770,
    0x2d1b, 0x2e7e, 0x2711, 0x2dca, 0x2f60, 0x2632, 0x2dfe, 0x2f98, 0x25e1, 0x2db6, 0x2ef0, 0x263e,
    0x3516, 0x34dc, 0x303e, 0x3c1a, 0x3ba6, 0x39ed, 0x37b4, 0x36d5, 0x3355, 0x3873, 0x37a5, 0x344c,
    0x3a83, 0x3964, 0x3653, 0x3db6, 0x3cae, 0x39a2, 0x4011, 0x3e72, 0x3b8b, 0x41c7, 0x408d, 0x3d6d,
    0x434f, 0x41d2, 0x3f4c, 0x4258, 0x4130, 0x3eb4, 0x403c, 0x3f29, 0x3c90, 0x3c8f, 0x3c08, 0x3901,
    0x3c7b, 0x3c29, 0x39c9, 0x394e, 0x3934, 0x3564, 0x3962, 0x395f, 0x35b5, 0x398b, 0x3976, 0x363d,
    0x375b, 0x377d, 0x3481, 0x34d4, 0x34fc, 0x3219, 0x31d3, 0x322d, 0x2ef3, 0x309c, 0x30de, 0x2e84,
    0x2ff7, 0x304f, 0x2d4f, 0x2ed5, 0x2ff7, 0x2b60, 0x308a, 0x316b, 0x2c33, 0x30c7, 0x31ec, 0x2b8c,
    0x2fcf, 0x30ec, 0x29ba, 0x2dc6, 0x2f61, 0x27d3, 0x2ca2, 0x2df3, 0x2652, 0x2cd9, 0x2e1d, 0x2689,
    0x2d2e, 0x2e81, 0x252f, 0x2e06, 0x2f85, 0x2583, 0x2dfa, 0x2f1b, 0x2615, 0x2dab, 0x2e23, 0x25f2,
    0x331f, 0x32e0, 0x2d49, 0x34e5, 0x3464, 0x2fe5, 0x3583, 0x34ea, 0x30e8, 0x3611, 0x3541, 0x31a7,
    0x37da, 0x36a2, 0x33b8, 0x3918, 0x382b, 0x34e7, 0x3a39, 0x391f, 0x3611, 0x3b03, 0x39bc, 0x36c3,
    0x3bac, 0x3a57, 0x37ab, 0x3b6e, 0x3a53, 0x376e, 0x39ed, 0x393a, 0x35e6, 0x379a, 0x36f5, 0x339b,
    0x348c, 0x347c, 0x30a4, 0x341d, 0x3440, 0x3018, 0x3478, 0x3493, 0x3072, 0x33f0, 0x3420, 0x2fd1,
    0x3246, 0x3280, 0x2ee1, 0x30c7, 0x3125, 0x2cdc, 0x30dc, 0x311f, 0x2d11, 0x2f5f, 0x2fac, 0x2cdc,
    0x2de2, 0x2e16, 0x2bf4, 0x2d26, 0x2d8c, 0x294c, 0x2df3, 0x2ef1, 0x2894, 0x2e0a, 0x2f48, 0x27eb,
    0x2dac, 0x2efe, 0x26ad, 0x2c88, 0x2d7f, 0x25aa, 0x2c10, 0x2cb8, 0x25f3, 0x2c05, 0x2c7e, 0x2509,
    0x2ca0, 0x2d30, 0x25bf, 0x2d5c, 0x2dfc, 0x262c, 0x2d89, 0x2dd5, 0x263a, 0x2e1c, 0x2e04, 0x278c,
    0x3509, 0x345b, 0x30d6, 0x3423, 0x3340, 0x2fa8, 0x348d, 0x33f9, 0x30ae, 0x3239, 0x317b, 0x2dea,
    0x3277, 0x318e, 0x2e50, 0x3438, 0x330b, 0x303c, 0x341d, 0x32dc, 0x3010, 0x3709, 0x35d5, 0x3363,
    0x3562, 0x3495, 0x3166, 0x35e8, 0x3543, 0x31e5, 0x34ff, 0x3493, 0x30ec, 0x3429, 0x33be, 0x3055,
    0x325f, 0x31f5, 0x2e36, 0x31a4, 0x316a, 0x2dec, 0x3046, 0x3036, 0x2cac, 0x3021, 0x2fca, 0x2c38,
    0x2f2d, 0x2ede, 0x2bc9, 0x2e86, 0x2e63, 0x2a61, 0x2e1c, 0x2e51, 0x2a54, 0x2dbb, 0x2d9d, 0x2a62,
    0x2cc5, 0x2c90, 0x289c, 0x2c90, 0x2c63, 0x27b6, 0x2d29, 0x2d1b, 0x2879, 0x2cba, 0x2cd4, 0x2798,
    0x2cfe, 0x2d42, 0x2735, 0x2c29, 0x2c46, 0x263b, 0x2c26, 0x2c2c, 0x2719, 0x2c26, 0x2c0f, 0x2688,
    0x2c42, 0x2c22, 0x263e, 0x2c93, 0x2c61, 0x26ab, 0x2cfc, 0x2cc1, 0x27cc, 0x2d95, 0x2d44, 0x286f,
    0x2f93, 0x2f0b, 0x2b6f, 0x2eec, 0x2e8e, 0x2ac3, 0x365c, 0x356e, 0x3352, 0x2fec, 0x2ee6, 0x2c25,
    0x2f2b, 0x2e24, 0x2b93, 0x3484, 0x3371, 0x30e4, 0x305e, 0x2f6f, 0x2c9e, 0x3249, 0x3143, 0x2ea8,
    0x32bf, 0x31e0, 0x2f83, 0x3236, 0x3185, 0x2ebc, 0x31c1, 0x312d, 0x2e60, 0x327f, 0x31be, 0x2f48,
    0x320b, 0x3159, 0x2e89, 0x312e, 0x309c, 0x2d71, 0x3032, 0x2f89, 0x2c86, 0x2fbf, 0x2ed1, 0x2c04,
    0x2fdf, 0x2edc, 0x2c03, 0x2f32, 0x2e42, 0x2b1a, 0x2df5, 0x2d5c, 0x297b, 0x2e4b, 0x2d8e, 0x29f6,
    0x2d44, 0x2cb5, 0x28a8, 0x2cc4, 0x2c41, 0x27c6, 0x2dc6, 0x2cf0, 0x291c, 0x2dae, 0x2cc4, 0x2926,
    0x2ddd, 0x2d0b, 0x2977, 0x2cca, 0x2c34, 0x2851, 0x2c3e, 0x2b75, 0x278f, 0x2c4b, 0x2b83, 0x2799,
    0x2c69, 0x2ba7, 0x2760, 0x2cd0, 0x2c2c, 0x282e, 0x2db8, 0x2d16, 0x29b4, 0x2e77, 0x2de2, 0x2ae8,
    0x3035, 0x2faa, 0x2cf2, 0x2d36, 0x2ce8, 0x29b4, 0x2df7, 0x2d6a, 0x2aeb, 0x314a, 0x3079, 0x2dd5,
    0x2e8c, 0x2d84, 0x2ade, 0x3010, 0x2ee0, 0x2c4e, 0x309e, 0x2fe8, 0x2d1c, 0x305d, 0x2f79, 0x2d02,
    0x30d7, 0x301f, 0x2d80, 0x300d, 0x2f12, 0x2cc1, 0x3189, 0x30c4, 0x2e5c, 0x31af, 0x30ee, 0x2e85,
    0x3406, 0x32b3, 0x3060, 0x3390, 0x3265, 0x3042, 0x3252, 0x3177, 0x2efc, 0x314f, 0x309d, 0x2dca,
    0x30dd, 0x3022, 0x2cc2, 0x308b, 0x2fc0, 0x2ca0, 0x2f7e, 0x2e81, 0x2b68, 0x2f18, 0x2e2e, 0x2b7e,
    0x2e78, 0x2daf, 0x2b13, 0x2e5e, 0x2d92, 0x2aff, 0x2eef, 0x2dd2, 0x2b98, 0x2f04, 0x2db3, 0x2b4e,
    0x2e99, 0x2d56, 0x2a3f, 0x2e4f, 0x2d1a, 0x2994, 0x2ee2, 0x2d8d, 0x2a75, 0x2eb3, 0x2d64, 0x2a6d,
    0x2e64, 0x2cf1, 0x2972, 0x2ec4, 0x2d46, 0x2a25, 0x2f5a, 0x2e15, 0x2bca, 0x2fba, 0x2ec5, 0x2c91,
    0x2eb2, 0x2dfc, 0x2bf1, 0x2cb2, 0x2c53, 0x2999, 0x2cf6, 0x2c80, 0x29ef, 0x2e04, 0x2d48, 0x2ad3,
    0x2dcd, 0x2d17, 0x2ad4, 0x2d67, 0x2cc2, 0x2a53, 0x2ead, 0x2dbf, 0x2b9f, 0x2fa1, 0x2e7a, 0x2c77,
    0x30e5, 0x301e, 0x2de3, 0x3151, 0x3060, 0x2e1b, 0x2fc1, 0x2e92, 0x2c8d, 0x3081, 0x2fd3, 0x2d93,
    0x31a1, 0x30e7, 0x2f59, 0x3368, 0x3255, 0x30bb, 0x33b9, 0x328d, 0x30c4, 0x33f5, 0x32a9, 0x30c0,
    0x3337, 0x31f3, 0x302a, 0x32a7, 0x3194, 0x2fed, 0x31a6, 0x30e1, 0x2f3e, 0x3122, 0x3077, 0x2ecd,
    0x3086, 0x2fc1, 0x2dd0, 0x306e, 0x2f66, 0x2d4d, 0x3056, 0x2f22, 0x2cb5, 0x301a, 0x2eaf, 0x2c05,
    0x2f69, 0x2e11, 0x29f1, 0x2fd7, 0x2e1f, 0x2a0f, 0x3054, 0x2e99, 0x2b6e, 0x3095, 0x2f02, 0x2c3e,
    0x309d, 0x2ec8, 0x2be9, 0x3036, 0x2e1b, 0x2b15, 0x2fff, 0x2e1f, 0x2b99, 0x2ff6, 0x2e83, 0x2c3b,
    0x2b43, 0x2b08, 0x28e7, 0x2dce, 0x2d5d, 0x2bae, 0x2d15, 0x2cb9, 0x2af3, 0x2c89, 0x2c32, 0x2a26,
    0x2c58, 0x2c01, 0x29f4, 0x2eb0, 0x2e0b, 0x2cb2, 0x2feb, 0x2ec7, 0x2cf4, 0x3212, 0x30fa, 0x2f04,
    0x3087, 0x2f4c, 0x2d2d, 0x3142, 0x3027, 0x2da7, 0x3032, 0x2ef9, 0x2cff, 0x3008, 0x2f14, 0x2d80,
    0x30ea, 0x3069, 0x2f31, 0x323c, 0x3187, 0x3078, 0x330c, 0x3224, 0x30e2, 0x33f3, 0x32b7, 0x312c,
    0x340d, 0x32bc, 0x311a, 0x333f, 0x31fc, 0x307b, 0x32bc, 0x31b0, 0x3069, 0x3260, 0x3168, 0x3034,
    0x3246, 0x312f, 0x2fca, 0x3224, 0x30e9, 0x2eed, 0x31da, 0x3081, 0x2d91, 0x3167, 0x3029, 0x2ca6,
    0x30c5, 0x2fc8, 0x2b14, 0x3086, 0x2f45, 0x2a7a, 0x306b, 0x2ebe, 0x2abe, 0x3066, 0x2e95, 0x2b29,
    0x30b0, 0x2ed6, 0x2bcf, 0x3008, 0x2de2, 0x2aca, 0x2ef6, 0x2d1d, 0x2a19, 0x2f34, 0x2d68, 0x2a9e,
    0x2b65, 0x2b19, 0x290b, 0x2cc1, 0x2c65, 0x2a1a, 0x2b50, 0x2af8, 0x28ec, 0x2c91, 0x2c2d, 0x2a26,
    0x2e6f, 0x2db3, 0x2c69, 0x301f, 0x2f2e, 0x2d97, 0x30af, 0x2fcf, 0x2dc0, 0x30aa, 0x2f6c, 0x2d36,
    0x30b9, 0x2f77, 0x2d26, 0x2f16, 0x2db5, 0x2c17, 0x2f61, 0x2e3a, 0x2cba, 0x3054, 0x2f9c, 0x2e2a,
    0x317e, 0x30e3, 0x300f, 0x3224, 0x3184, 0x30a5, 0x3260, 0x31ac, 0x30bb, 0x32df, 0x320c, 0x30f7,
    0x32b8, 0x31d5, 0x30b7, 0x32c0, 0x31bb, 0x3081, 0x32c0, 0x31c2, 0x3093, 0x32a8, 0x31a8, 0x3069,
    0x3314, 0x31e6, 0x307b, 0x33a2, 0x321c, 0x3050, 0x33a0, 0x31e2, 0x2fc1, 0x331e, 0x3156, 0x2e67,
    0x3298, 0x30df, 0x2d3f, 0x3200, 0x3068, 0x2c7c, 0x3159, 0x2ff3, 0x2bcf, 0x3101, 0x2f44, 0x2b5d,
    0x311f, 0x2f44, 0x2bd6, 0x3045, 0x2e1f, 0x2ab3, 0x2f58, 0x2d46, 0x29fa, 0x2f5f, 0x2d47, 0x2a24,
    0x2ad0, 0x2a78, 0x28af, 0x2b34, 0x2af6, 0x28d2, 0x2cdb, 0x2c8d, 0x2a5e, 0x2df0, 0x2d5e, 0x2c10,
    0x2e3a, 0x2d70, 0x2c30, 0x2e63, 0x2d69, 0x2c11, 0x3045, 0x2f07, 0x2d10, 0x300d, 0x2e78, 0x2c8f,
    0x2f08, 0x2d95, 0x2be9, 0x2eac, 0x2d81, 0x2c2e, 0x2f44, 0x2e4a, 0x2d1d, 0x3069, 0x2fd9, 0x2e92,
    0x31f5, 0x3143, 0x3056, 0x3204, 0x314e, 0x3064, 0x3205, 0x3155, 0x3072, 0x3263, 0x3197, 0x30a0,
    0x328d, 0x31ac, 0x3096, 0x31d5, 0x310a, 0x301e, 0x31d6, 0x3113, 0x302a, 0x32c4, 0x31c7, 0x308d,
    0x3325, 0x3202, 0x3099, 0x33c4, 0x324b, 0x308e, 0x33f9, 0x3263, 0x307d, 0x33cd, 0x321d, 0x3021,
    0x33d7, 0x31e2, 0x2f62, 0x33c8, 0x31a1, 0x2e83, 0x3321, 0x3116, 0x2d8f, 0x3278, 0x3092, 0x2cdd,
    0x321c, 0x303f, 0x2c99, 0x3162, 0x2f87, 0x2c0b, 0x30c7, 0x2ebe, 0x2b52, 0x308f, 0x2e75, 0x2b1b,
    0x2a85, 0x2a11, 0x2887, 0x2c35, 0x2bc9, 0x29c1, 0x2dd6, 0x2d41, 0x2bf6, 0x2da3, 0x2cf9, 0x2b9c,
    0x2d6e, 0x2ca4, 0x2af5, 0x2e3f, 0x2d2c, 0x2b8e, 0x2ebb, 0x2d82, 0x2bfa, 0x2e9c, 0x2d4f, 0x2b71,
    0x2e6b, 0x2d3f, 0x2bbb, 0x2f24, 0x2e0c, 0x2cc5, 0x2fd7, 0x2ecb, 0x2d96, 0x3047, 0x2f80, 0x2e36,
    0x30a4, 0x301e, 0x2eeb, 0x31c5, 0x30f4, 0x2fe9, 0x322b, 0x313f, 0x3029, 0x31e2, 0x3112, 0x3027,
    0x31cc, 0x3105, 0x301d, 0x3145, 0x3092, 0x2f98, 0x3184, 0x30c4, 0x2fdb, 0x319d, 0x30d8, 0x2fea,
    0x31c9, 0x30fc, 0x3001, 0x323d, 0x3146, 0x3018, 0x32ea, 0x31b8, 0x3041, 0x336f, 0x31fa, 0x3045,
    0x33a3, 0x3200, 0x3029, 0x33ce, 0x31f3, 0x2fdf, 0x33ff, 0x31de, 0x2f33, 0x33a9, 0x3179, 0x2e5e,
    0x3350, 0x311b, 0x2dd3, 0x32e0, 0x30c6, 0x2d62, 0x3233, 0x3055, 0x2cc8, 0x31c0, 0x3017, 0x2c69,
    0x2d2a, 0x2c8b, 0x2b18, 0x2e2e, 0x2d55, 0x2c03, 0x2dc3, 0x2d08, 0x2ba7, 0x2d59, 0x2c9e, 0x2b00,
    0x2ce7, 0x2c1a, 0x2a13, 0x2d4c, 0x2c5b, 0x2a56, 0x2dbc, 0x2caa, 0x2ab3, 0x2d8f, 0x2c8b, 0x2aa8,
    0x2e7f, 0x2d76, 0x2c36, 0x2f3b, 0x2e2b, 0x2ce6, 0x2f96, 0x2e84, 0x2d4e, 0x3042, 0x2f43, 0x2dd9,
    0x3088, 0x2fa7, 0x2e1f, 0x316e, 0x3076, 0x2ed7, 0x3237, 0x310d, 0x2f9c, 0x320f, 0x30f9, 0x2faf,
    0x31d4, 0x30e4, 0x2fc5, 0x314f, 0x309b, 0x2f95, 0x3103, 0x3060, 0x2f54, 0x3133, 0x3083, 0x2f7e,
    0x314d, 0x309e, 0x2f8a, 0x3196, 0x30d5, 0x2fbf, 0x3204, 0x311c, 0x2ff3, 0x3264, 0x314f, 0x3006,
    0x32a5, 0x3167, 0x2ff1, 0x334a, 0x31c6, 0x3012, 0x340f, 0x322d, 0x3010, 0x343c, 0x323e, 0x2fd2,
    0x3435, 0x3209, 0x2f4b, 0x3404, 0x31a9, 0x2ebb, 0x3386, 0x3141, 0x2e27, 0x32ee, 0x30e2, 0x2d93,
    0x2d6e, 0x2cc1, 0x2b81, 0x2db4, 0x2ce8, 0x2b60, 0x2d6a, 0x2c9f, 0x2ad4, 0x2ceb, 0x2c26, 0x2a22,
    0x2cb6, 0x2bc2, 0x29ae, 0x2c8a, 0x2b68, 0x293c, 0x2cb5, 0x2bbd, 0x2988, 0x2cc7, 0x2c02, 0x2a31,
    0x2d83, 0x2cc0, 0x2bbe, 0x2e1a, 0x2d3c, 0x2c48, 0x2f7f, 0x2e44, 0x2cef, 0x3062, 0x2f44, 0x2da8,
    0x3108, 0x3015, 0x2e2e, 0x318e, 0x3071, 0x2e8d, 0x323c, 0x30f8, 0x2f43, 0x32c9, 0x316a, 0x2ff1,
    0x32a2, 0x315c, 0x3008, 0x3214, 0x3114, 0x3004, 0x319a, 0x30cb, 0x2fce, 0x31cd, 0x30f6, 0x3001,
    0x3191, 0x30d8, 0x2fd6, 0x319f, 0x30e3, 0x2fdd, 0x31e6, 0x310f, 0x2ffc, 0x31fb, 0x310b, 0x2fd1,
    0x3212, 0x3110, 0x2fbd, 0x3295, 0x315f, 0x2fec, 0x339d, 0x31fa, 0x3023, 0x3444, 0x3278, 0x303a,
    0x347d, 0x329e, 0x302c, 0x3471, 0x326f, 0x2ff3, 0x3449, 0x3221, 0x2f74, 0x3412, 0x31ca, 0x2ef3,
    0x2daf, 0x2ce6, 0x2b54, 0x2da8, 0x2cd1, 0x2af5, 0x2d3c, 0x2c72, 0x2a69, 0x2d03, 0x2c39, 0x2a4f,
    0x2c8f, 0x2b7f, 0x298a, 0x2c52, 0x2b0f, 0x2925, 0x2c3e, 0x2b06, 0x2944, 0x2cd7, 0x2c14, 0x2a75,
    0x2d95, 0x2cca, 0x2bd5, 0x2e85, 0x2d7b, 0x2c68, 0x2fc3, 0x2e69, 0x2d02, 0x3084, 0x2f70, 0x2db7,
    0x3173, 0x305b, 0x2e60, 0x3221, 0x30d7, 0x2eed, 0x3308, 0x318b, 0x2fde, 0x339d, 0x3201, 0x3043,
    0x3401, 0x3244, 0x3071, 0x33d1, 0x3238, 0x3087, 0x32f7, 0x31ba, 0x305a, 0x32bd, 0x319f, 0x3058,
    0x32a5, 0x319a, 0x3059, 0x3239, 0x314f, 0x3029, 0x3216, 0x3134, 0x3014, 0x321d, 0x312c, 0x3001,
    0x31f9, 0x3107, 0x2fc9, 0x3227, 0x3124, 0x2fe1, 0x32da, 0x318f, 0x3015, 0x33d2, 0x321d, 0x303d,
    0x345b, 0x3296, 0x3056, 0x34aa, 0x32e2, 0x305b, 0x34b1, 0x32db, 0x3042, 0x3496, 0x32a8, 0x301a,
    0x2de1, 0x2d12, 0x2b13, 0x2d9e, 0x2cd7, 0x2ab9, 0x2d2c, 0x2c69, 0x2a62, 0x2c98, 0x2bad, 0x29b7,
    0x2c2c, 0x2adf, 0x291f, 0x2bf0, 0x2a8b, 0x28e4, 0x2c32, 0x2afc, 0x2966, 0x2cff, 0x2c40, 0x2ad9,
    0x2da4, 0x2ccb, 0x2bde, 0x2ec5, 0x2d96, 0x2c6e, 0x2fcc, 0x2e5b, 0x2ce3, 0x3075, 0x2f3d, 0x2d74,
    0x3188, 0x3064, 0x2e5a, 0x3261, 0x3113, 0x2f52, 0x33d6, 0x322c, 0x3052, 0x342a, 0x3283, 0x3089,
    0x3452, 0x32ad, 0x3094, 0x347a, 0x32ea, 0x30b9, 0x3449, 0x32c2, 0x30bd, 0x3408, 0x327f, 0x30b4,
    0x33c7, 0x325c, 0x30af, 0x335c, 0x3211, 0x3083, 0x32bd, 0x31a5, 0x3048, 0x3260, 0x3161, 0x3024,
    0x3225, 0x312d, 0x3005, 0x31f7, 0x310e, 0x2fe7, 0x3241, 0x3137, 0x2fff, 0x3306, 0x31aa, 0x3023,
    0x33fb, 0x3235, 0x304a, 0x3468, 0x32b4, 0x3070, 0x34b5, 0x3310, 0x3089, 0x34d8, 0x332d, 0x3085,
    0x2e01, 0x2d41, 0x2b1e, 0x2d9d, 0x2cd9, 0x2abe, 0x2ca2, 0x2bcf, 0x299e, 0x2bee, 0x2a8b, 0x28c9,
    0x2b85, 0x2a2e, 0x289e, 0x2bc7, 0x2a7a, 0x2900, 0x2c52, 0x2b60, 0x29df, 0x2d37, 0x2c7f, 0x2b55,
    0x2dde, 0x2cf2, 0x2c0a, 0x2ea1, 0x2d6c, 0x2c43, 0x2f7c, 0x2e0f, 0x2ca6, 0x305d, 0x2f10, 0x2d5d,
    0x313a, 0x3041, 0x2e74, 0x3233, 0x310e, 0x2f9e, 0x33f4, 0x3256, 0x3085, 0x346d, 0x32ed, 0x30cd,
    0x3482, 0x32f2, 0x30b4, 0x3491, 0x32fc, 0x30a8, 0x349d, 0x331d, 0x30c5, 0x3479, 0x3306, 0x30d6,
    0x3457, 0x32ee, 0x30e6, 0x341c, 0x32a7, 0x30cd, 0x339c, 0x323c, 0x3092, 0x330c, 0x31d6, 0x305e,
    0x32b4, 0x3193, 0x3034, 0x327d, 0x316a, 0x3019, 0x326f, 0x3155, 0x3006, 0x32bd, 0x317f, 0x3015,
    0x3355, 0x31d1, 0x3029, 0x3400, 0x323a, 0x304f, 0x3448, 0x32a0, 0x3076, 0x3492, 0x32f7, 0x3093,
    0x2e32, 0x2d4f, 0x2b7c, 0x2d38, 0x2c63, 0x2a52, 0x2c53, 0x2b21, 0x2925, 0x2b74, 0x2a14, 0x287d,
    0x2b32, 0x29e5, 0x287f, 0x2bd6, 0x2a9d, 0x2956, 0x2c81, 0x2bdb, 0x2a90, 0x2d38, 0x2c97, 0x2bc6,
    0x2df6, 0x2d0b, 0x2c1f, 0x2e54, 0x2d3f, 0x2c31, 0x2f03, 0x2dcb, 0x2c97, 0x302d, 0x2eed, 0x2d7a,
    0x30d3, 0x300c, 0x2e74, 0x31e1, 0x30dd, 0x2f8b, 0x33d2, 0x3248, 0x3092, 0x348a, 0x331e, 0x30f1,
    0x34bc, 0x334e, 0x30f3, 0x34bc, 0x3335, 0x30c2, 0x34b3, 0x332b, 0x30bb, 0x3496, 0x331e, 0x30ce,
    0x348f, 0x3328, 0x30ea, 0x3464, 0x32fb, 0x30e3, 0x3420, 0x32a4, 0x30bd, 0x33d1, 0x3259, 0x3098,
    0x338a, 0x3226, 0x3079, 0x3324, 0x31da, 0x3045, 0x32de, 0x319f, 0x3020, 0x32cd, 0x3187, 0x3011,
    0x3317, 0x31af, 0x301e, 0x3366, 0x31d8, 0x3027, 0x33a2, 0x31fe, 0x3031, 0x3407, 0x3246, 0x304a,
    0x2dca, 0x2cce, 0x2ae5, 0x2d07, 0x2c15, 0x29ee, 0x2c4d, 0x2af4, 0x291f, 0x2b5e, 0x29f6, 0x287e,
    0x2b72, 0x2a2e, 0x28ed, 0x2c24, 0x2b2f, 0x2a1a, 0x2c95, 0x2c1a, 0x2b29, 0x2d53, 0x2cb7, 0x2c0b,
    0x2e26, 0x2d41, 0x2c50, 0x2e49, 0x2d4a, 0x2c4e, 0x2ebc, 0x2da8, 0x2c9b, 0x2fdb, 0x2eab, 0x2d79,
    0x306b, 0x2f8b, 0x2e35, 0x3181, 0x3095, 0x2f3f, 0x336b, 0x320e, 0x3085, 0x3497, 0x3342, 0x311b,
    0x3504, 0x33ba, 0x3138, 0x3507, 0x33a7, 0x310d, 0x34e8, 0x337b, 0x30ec, 0x34bd, 0x3349, 0x30d9,
    0x349f, 0x332e, 0x30dc, 0x347a, 0x3305, 0x30d1, 0x343a, 0x32b8, 0x30b8, 0x3407, 0x327a, 0x309f,
    0x33dc, 0x3258, 0x3088, 0x3399, 0x322b, 0x306a, 0x3319, 0x31cb, 0x3033, 0x32d3, 0x318d, 0x3014,
    0x32ee, 0x3196, 0x3013, 0x3323, 0x31b0, 0x3018, 0x3334, 0x31b6, 0x3016, 0x3340, 0x31be, 0x3012,
    0x2d5b, 0x2c4a, 0x2a0c, 0x2cbe, 0x2b89, 0x2967, 0x2c0c, 0x2a70, 0x28b1, 0x2b5d, 0x29fe, 0x28a2,
    0x2bbb, 0x2a90, 0x2979, 0x2c47, 0x2ba4, 0x2ac0, 0x2ca3, 0x2c32, 0x2b82, 0x2d73, 0x2cd1, 0x2c24,
    0x2e3f, 0x2d61, 0x2c80, 0x2e5c, 0x2d6b, 0x2c82, 0x2eb6, 0x2dba, 0x2ccb, 0x2f89, 0x2e89, 0x2d87,
    0x3037, 0x2f3d, 0x2e0f, 0x3140, 0x3063, 0x2f0d, 0x32f1, 0x31bd, 0x3060, 0x3462, 0x3306, 0x3109,
    0x3509, 0x33cd, 0x314e, 0x353f, 0x3401, 0x314e, 0x352f, 0x33ec, 0x3138, 0x3506, 0x33ac, 0x310b,
    0x34bc, 0x3346, 0x30d8, 0x3477, 0x32f7, 0x30bf, 0x343c, 0x32b5, 0x30af, 0x33d7, 0x3253, 0x308c,
    0x33a4, 0x322c, 0x306e, 0x3396, 0x3221, 0x3060, 0x3344, 0x31e5, 0x303c, 0x32d9, 0x3192, 0x3015,
    0x32a6, 0x3169, 0x3002, 0x32bc, 0x3171, 0x3001, 0x32d2, 0x317b, 0x3002, 0x32d0, 0x317a, 0x2ff3,
    0x3220, 0x347c, 0x3151, 0x3214, 0x3482, 0x31af, 0x328b, 0x34d9, 0x335f, 0x3438, 0x3628, 0x366a,
    0x35ae, 0x381b, 0x393e, 0x36ef, 0x38f8, 0x3ac9, 0x362d, 0x386c, 0x39d9, 0x346e, 0x3659, 0x3783,
    0x32a4, 0x34cc, 0x3522, 0x3238, 0x348d, 0x34ab, 0x323b, 0x34a0, 0x34be, 0x3229, 0x349d, 0x34bc,
    0x317e, 0x3434, 0x339f, 0x308e, 0x331a, 0x31c4, 0x2f60, 0x31e0, 0x3034, 0x2f88, 0x31f6, 0x2ff6,
    0x307a, 0x32dc, 0x308f, 0x31a9, 0x341e, 0x3208, 0x3304, 0x34e8, 0x33f8, 0x345d, 0x35ef, 0x353f,
    0x3632, 0x3815, 0x383d, 0x36bc, 0x3868, 0x3901, 0x35a5, 0x3792, 0x37b1, 0x360a, 0x3810, 0x37e5,
    0x37bc, 0x391a, 0x3943, 0x399d, 0x3b29, 0x3c35, 0x3c68, 0x3d75, 0x3f41, 0x3e52, 0x3fb4, 0x4178,
    0x3fa4, 0x40a1, 0x42bc, 0x4046, 0x412b, 0x439b, 0x40ae, 0x41a3, 0x442c, 0x410f, 0x420e, 0x4479,
    0x3277, 0x34af, 0x31e3, 0x32a4, 0x34d1, 0x3292, 0x334f, 0x3554, 0x3431, 0x34cc, 0x36e9, 0x3733,
    0x374b, 0x3937, 0x3b1d, 0x38c9, 0x3ad8, 0x3d3f, 0x38b1, 0x3ab3, 0x3d2c, 0x3655, 0x3881, 0x3a3c,
    0x33ea, 0x35a8, 0x367c, 0x328e, 0x34c5, 0x34e6, 0x3277, 0x34b7, 0x34e4, 0x3177, 0x3411, 0x33fd,
    0x30be, 0x333d, 0x3205, 0x2fb1, 0x31f3, 0x3008, 0x2e11, 0x30db, 0x2d86, 0x2e14, 0x30d3, 0x2d99,
    0x2eea, 0x3152, 0x2e7b, 0x3055, 0x324d, 0x3028, 0x3180, 0x33cd, 0x3184, 0x333d, 0x34f3, 0x33f9,
    0x349f, 0x3630, 0x35d1, 0x3502, 0x36b8, 0x36a6, 0x34ec, 0x36ae, 0x362f, 0x35aa, 0x379e, 0x3702,
    0x3716, 0x38a9, 0x38a0, 0x3901, 0x3a61, 0x3b43, 0x3bcc, 0x3cd6, 0x3e36, 0x3da9, 0x3eed, 0x40cc,
    0x3f1e, 0x4056, 0x423d, 0x4034, 0x411a, 0x4379, 0x40c9, 0x41c4, 0x443f, 0x4138, 0x423e, 0x4493,
    0x32e8, 0x3509, 0x32db, 0x32cb, 0x34f0, 0x3367, 0x3368, 0x355b, 0x3461, 0x34d1, 0x36e2, 0x36d6,
    0x3743, 0x3921, 0x3a70, 0x3914, 0x3b2c, 0x3d51, 0x3955, 0x3b91, 0x3de7, 0x380e, 0x39bd, 0x3c41,
    0x34e7, 0x36f7, 0x384b, 0x33c6, 0x3596, 0x3614, 0x337f, 0x3568, 0x35f4, 0x3239, 0x3488, 0x34e5,
    0x3132, 0x33b4, 0x3376, 0x2fa7, 0x31c3, 0x300f, 0x2de3, 0x3093, 0x2cf1, 0x2d14, 0x2ff1, 0x2c35,
    0x2d79, 0x3027, 0x2cc4, 0x2e56, 0x30a6, 0x2d4d, 0x305d, 0x3230, 0x3009, 0x31d9, 0x340a, 0x31ec,
    0x33cf, 0x3543, 0x3491, 0x34b1, 0x3653, 0x35dd, 0x34ec, 0x36a4, 0x35ec, 0x358f, 0x3766, 0x36c8,
    0x364d, 0x3821, 0x381a, 0x3844, 0x3976, 0x3a0e, 0x3a49, 0x3bde, 0x3ccf, 0x3c8b, 0x3d9c, 0x3f66,
    0x3e5b, 0x3fc5, 0x4169, 0x4031, 0x4114, 0x4350, 0x40f3, 0x41f4, 0x4456, 0x415f, 0x426c, 0x44ac,
    0x331a, 0x3534, 0x338b, 0x32ff, 0x351e, 0x3445, 0x33a3, 0x3580, 0x34ef, 0x34aa, 0x369d, 0x3641,
    0x366b, 0x387e, 0x38df, 0x3825, 0x39c6, 0x3b55, 0x38b6, 0x3a8b, 0x3c8f, 0x388a, 0x3a49, 0x3c6b,
    0x3672, 0x387a, 0x39d2, 0x350a, 0x370f, 0x3830, 0x344c, 0x3623, 0x36f2, 0x339d, 0x357f, 0x366f,
    0x3232, 0x3482, 0x352c, 0x2fe9, 0x31d3, 0x30d0, 0x2e43, 0x30b8, 0x2ded, 0x2cf2, 0x2f8e, 0x2bb7,
    0x2d20, 0x2f80, 0x2c36, 0x2d5a, 0x2fb0, 0x2c90, 0x2f0f, 0x3106, 0x2e93, 0x310a, 0x3316, 0x30d3,
    0x331a, 0x34ce, 0x3397, 0x3483, 0x3613, 0x3540, 0x34ff, 0x36b0, 0x35dd, 0x35af, 0x3779, 0x3713,
    0x36f8, 0x3883, 0x38ca, 0x3860, 0x3997, 0x3a50, 0x39c0, 0x3b36, 0x3c45, 0x3c33, 0x3d2e, 0x3e97,
    0x3e77, 0x3fdf, 0x4161, 0x4079, 0x4166, 0x43b2, 0x4131, 0x4239, 0x447d, 0x418f, 0x42a2, 0x44c6,
    0x3350, 0x355d, 0x345b, 0x3381, 0x357a, 0x3524, 0x3400, 0x35c5, 0x35cb, 0x34b5, 0x36a6, 0x36a8,
    0x3647, 0x385e, 0x38ae, 0x379a, 0x3943, 0x3a44, 0x384a, 0x39e1, 0x3b87, 0x38fa, 0x3abf, 0x3c80,
    0x383f, 0x39bd, 0x3bc4, 0x3716, 0x38d0, 0x3a7a, 0x3571, 0x3798, 0x38bd, 0x340e, 0x35c2, 0x36ad,
    0x3200, 0x3449, 0x34e4, 0x2f9b, 0x317f, 0x3105, 0x2dd6, 0x3054, 0x2dd4, 0x2d19, 0x2f88, 0x2baf,
    0x2d24, 0x2f4d, 0x2bff, 0x2d12, 0x2f31, 0x2c85, 0x2f2b, 0x3115, 0x2f31, 0x3199, 0x33d7, 0x31ec,
    0x3428, 0x3589, 0x34d7, 0x3521, 0x36c6, 0x363d, 0x35de, 0x37b4, 0x374f, 0x3776, 0x38cd, 0x3910,
    0x390c, 0x3a6d, 0x3b9f, 0x39a0, 0x3b12, 0x3c42, 0x3a9f, 0x3c17, 0x3ced, 0x3d09, 0x3e22, 0x3fe4,
    0x3fad, 0x40a1, 0x425d, 0x40f8, 0x41f3, 0x4435, 0x4189, 0x4297, 0x44ad, 0x41ca, 0x42dd, 0x44d9,
    0x33eb, 0x35c0, 0x350f, 0x3431, 0x360f, 0x3617, 0x3429, 0x35f7, 0x3660, 0x3498, 0x367f, 0x36e7,
    0x3611, 0x3836, 0x3899, 0x3817, 0x39a3, 0x3aee, 0x38dc, 0x3aa2, 0x3c68, 0x39c1, 0x3bd1, 0x3d8d,
    0x38b0, 0x3a53, 0x3c6f, 0x37d4, 0x394a, 0x3b88, 0x36bc, 0x38a3, 0x3a8d, 0x34e1, 0x36c3, 0x3873,
    0x3170, 0x33a5, 0x346b, 0x2eb2, 0x30cd, 0x3080, 0x2cfb, 0x2f44, 0x2d13, 0x2cdd, 0x2ed5, 0x2bf7,
    0x2cc1, 0x2ea2, 0x2c0d, 0x2d59, 0x2f7b, 0x2dd7, 0x3032, 0x31da, 0x3147, 0x33b3, 0x3540, 0x3574,
    0x360e, 0x37d4, 0x3862, 0x3733, 0x3898, 0x3907, 0x37ef, 0x390f, 0x397a, 0x3909, 0x3a5c, 0x3b1c,
    0x3a8d, 0x3c10, 0x3ce5, 0x3b00, 0x3c45, 0x3d3f, 0x3c89, 0x3d78, 0x3ee8, 0x3ee2, 0x401e, 0x4174,
    0x40bc, 0x419f, 0x43b3, 0x419b, 0x429d, 0x4492, 0x41fe, 0x4308, 0x44d7, 0x422c, 0x4333, 0x44ea,
    0x34b7, 0x36b2, 0x36de, 0x348a, 0x367f, 0x36ba, 0x3471, 0x364f, 0x36cd, 0x348f, 0x366e, 0x36f2,
    0x356f, 0x378d, 0x380a, 0x36c5, 0x38a7, 0x3945, 0x3854, 0x39ef, 0x3bb9, 0x3939, 0x3b28, 0x3d2b,
    0x381c, 0x399e, 0x3c05, 0x35c0, 0x37dc, 0x3980, 0x357b, 0x3793, 0x3973, 0x34c1, 0x3698, 0x38ae,
    0x313b, 0x333b, 0x3482, 0x2d7d, 0x2fc0, 0x2f7d, 0x2c20, 0x2ddd, 0x2c73, 0x2c28, 0x2dc3, 0x2c27,
    0x2c58, 0x2df9, 0x2c9b, 0x2d6d, 0x2f8a, 0x2f39, 0x321a, 0x3432, 0x352e, 0x3638, 0x3834, 0x39a0,
    0x37c4, 0x38f9, 0x3a4d, 0x38bf, 0x39e3, 0x3b22, 0x3a4f, 0x3bc1, 0x3cbd, 0x3bc6, 0x3cb8, 0x3db7,
    0x3cce, 0x3dbd, 0x3f32, 0x3d8b, 0x3e86, 0x4028, 0x3f4c, 0x4043, 0x418a, 0x40eb, 0x41b9, 0x439b,
    0x41d2, 0x42bb, 0x447b, 0x4241, 0x4330, 0x44c0, 0x4281, 0x436c, 0x44d9, 0x4278, 0x4355, 0x44bf,
    0x3648, 0x3864, 0x3956, 0x3665, 0x3875, 0x396b, 0x3523, 0x373a, 0x3817, 0x3481, 0x365b, 0x36c8,
    0x34be, 0x369d, 0x36d3, 0x3586, 0x378e, 0x37cb, 0x3626, 0x382e, 0x38aa, 0x3622, 0x3834, 0x3931,
    0x353d, 0x3730, 0x38b1, 0x33d3, 0x3557, 0x36ef, 0x3301, 0x34d3, 0x3658, 0x32bd, 0x34b2, 0x3650,
    0x2fb3, 0x3154, 0x3253, 0x2c97, 0x2e46, 0x2e07, 0x2ab3, 0x2ca2, 0x2ad5, 0x2abd, 0x2ca3, 0x2b39,
    0x2c82, 0x2dfa, 0x2d93, 0x2ee6, 0x3091, 0x312f, 0x3448, 0x35c2, 0x380d, 0x3853, 0x39bc, 0x3c34,
    0x3983, 0x3afa, 0x3ccc, 0x3bb8, 0x3ca2, 0x3e2e, 0x3ded, 0x3f09, 0x40b6, 0x3f4f, 0x4045, 0x4193,
    0x4077, 0x4126, 0x42bd, 0x4111, 0x41c6, 0x437f, 0x418d, 0x4247, 0x4409, 0x41ed, 0x42ac, 0x443f,
    0x41f4, 0x42af, 0x4434, 0x41dd, 0x4291, 0x4416, 0x4206, 0x42b5, 0x4425, 0x4189, 0x4224, 0x438a,
    0x37d4, 0x398a, 0x3b36, 0x3824, 0x39c8, 0x3b86, 0x36b3, 0x38ad, 0x39ad, 0x353f, 0x3754, 0x3802,
    0x3543, 0x3745, 0x379d, 0x36bd, 0x3884, 0x38f9, 0x36ac, 0x3869, 0x38e4, 0x34db, 0x368a, 0x373c,
    0x3497, 0x3644, 0x37cf, 0x34b3, 0x366c, 0x3861, 0x327f, 0x346d, 0x35c9, 0x30cf, 0x3291, 0x33ff,
    0x2ecf, 0x3090, 0x30ea, 0x2cc6, 0x2e49, 0x2e15, 0x2b8a, 0x2d01, 0x2ca2, 0x2b0a, 0x2cb0, 0x2c58,
    0x2cb4, 0x2e0d, 0x2df0, 0x303a, 0x315f, 0x325e, 0x34ce, 0x3620, 0x381a, 0x3909, 0x3a4e, 0x3c60,
    0x3b1c, 0x3c56, 0x3dd4, 0x3d2d, 0x3dfc, 0x3fd7, 0x40a1, 0x4143, 0x42f0, 0x4212, 0x42d6, 0x4471,
    0x42aa, 0x436c, 0x44be, 0x4278, 0x4327, 0x447b, 0x415e, 0x41f2, 0x434b, 0x405c, 0x40da, 0x41d6,
    0x3fa1, 0x4043, 0x410d, 0x3fec, 0x406c, 0x413a, 0x4027, 0x409d, 0x4177, 0x3ed3, 0x3f94, 0x4075,
    0x39da, 0x3c2a, 0x3dca, 0x3aa5, 0x3cac, 0x3e89, 0x39b4, 0x3be0, 0x3d3f, 0x3821, 0x399f, 0x3ac3,
    0x3779, 0x3911, 0x39cb, 0x37d1, 0x393c, 0x3a11, 0x3771, 0x38eb, 0x39d0, 0x34f4, 0x3696, 0x379d,
    0x34c1, 0x3673, 0x3829, 0x380a, 0x39a0, 0x3c3d, 0x35bc, 0x37ee, 0x39eb, 0x3406, 0x356b, 0x378d,
    0x3236, 0x3418, 0x353e, 0x2f5a, 0x30c2, 0x314e, 0x2c7e, 0x2dd8, 0x2de5, 0x2d89, 0x2ef1, 0x2fa6,
    0x3048, 0x314e, 0x3246, 0x31d7, 0x3334, 0x3445, 0x36b2, 0x380e, 0x3924, 0x3bcc, 0x3c9a, 0x3dfd,
    0x3c92, 0x3d47, 0x3e90, 0x3e34, 0x3ee9, 0x4041, 0x41f2, 0x428a, 0x4416, 0x435c, 0x4406, 0x44ff,
    0x432d, 0x43cf, 0x44c8, 0x4195, 0x4218, 0x4351, 0x3ec3, 0x3f7d, 0x4059, 0x3cd7, 0x3d6c, 0x3e1a,
    0x3c9e, 0x3d2e, 0x3dc6, 0x3d09, 0x3da5, 0x3e55, 0x3ca0, 0x3d32, 0x3dd2, 0x3b00, 0x3be4, 0x3c59,
    0x3b6a, 0x3d1b, 0x3ef1, 0x3cde, 0x3eaf, 0x40ab, 0x3c9d, 0x3e37, 0x4031, 0x3b13, 0x3ca3, 0x3db7,
    0x3a71, 0x3c2f, 0x3cfd, 0x39fe, 0x3bd5, 0x3cce, 0x37f8, 0x3936, 0x3a3e, 0x346e, 0x35d2, 0x369c,
    0x32e8, 0x34a3, 0x3591, 0x3568, 0x377b, 0x3965, 0x36e9, 0x38bb, 0x3b13, 0x382e, 0x399a, 0x3c25,
    0x35a8, 0x3781, 0x3918, 0x31e8, 0x33c9, 0x34a5, 0x2e2c, 0x2fe6, 0x3024, 0x30e5, 0x3204, 0x3328,
    0x3704, 0x3866, 0x39f8, 0x35ec, 0x373e, 0x3873, 0x3697, 0x37c3, 0x3870, 0x3b6e, 0x3c48, 0x3d2e,
    0x3d5c, 0x3e09, 0x3f21, 0x3eee, 0x3f8f, 0x4069, 0x424e, 0x42d6, 0x4418, 0x4311, 0x43a2, 0x4491,
    0x417f, 0x41f4, 0x4300, 0x3eaa, 0x3f4e, 0x4024, 0x3cc8, 0x3d46, 0x3dbf, 0x3c4b, 0x3cbd, 0x3d15,
    0x3c5e, 0x3cd4, 0x3d2b, 0x3bef, 0x3c6e, 0x3cb6, 0x39d8, 0x3a9c, 0x3ae2, 0x384a, 0x38e1, 0x38f5,
    0x3c06, 0x3d22, 0x3e2a, 0x3cc9, 0x3e37, 0x3fad, 0x3c3f, 0x3d91, 0x3e8e, 0x3b20, 0x3c9b, 0x3cee,
    0x3c5c, 0x3d88, 0x3e32, 0x3d7e, 0x3ef5, 0x4056, 0x3a89, 0x3c2a, 0x3d2d, 0x3570, 0x36f8, 0x37e1,
    0x323b, 0x340b, 0x344c, 0x3240, 0x340d, 0x34cf, 0x3401, 0x3528, 0x36ba, 0x35e8, 0x3794, 0x3927,
    0x3402, 0x3538, 0x364b, 0x3101, 0x3289, 0x3292, 0x2f3d, 0x3089, 0x3030, 0x31b7, 0x32c4, 0x335d,
    0x368f, 0x3800, 0x3915, 0x35b6, 0x36da, 0x37e4, 0x343d, 0x34fb, 0x34e0, 0x36c3, 0x37d8, 0x3797,
    0x39d4, 0x3a86, 0x3a56, 0x3d47, 0x3db8, 0x3e1c, 0x40d4, 0x4139, 0x41f2, 0x40cc, 0x412c, 0x41e7,
    0x3dbc, 0x3e44, 0x3eeb, 0x3bdf, 0x3c59, 0x3c96, 0x3c17, 0x3c81, 0x3cbb, 0x3be0, 0x3c58, 0x3c93,
    0x3b65, 0x3c1a, 0x3c45, 0x3b42, 0x3c0b, 0x3c31, 0x39a6, 0x3a53, 0x3a6c, 0x37d5, 0x3866, 0x384d,
    0x3c32, 0x3d08, 0x3d3e, 0x3ca3, 0x3dae, 0x3e01, 0x3ad9, 0x3c56, 0x3c19, 0x39a0, 0x3b33, 0x3a06,
    0x3bd6, 0x3ce8, 0x3ccf, 0x3eac, 0x401f, 0x40d3, 0x3d58, 0x3e99, 0x3fef, 0x3856, 0x395c, 0x3a14,
    0x3401, 0x34f3, 0x3512, 0x32c7, 0x3418, 0x340c, 0x3452, 0x3510, 0x3577, 0x34ac, 0x3571, 0x3603,
    0x3230, 0x3372, 0x3338, 0x3168, 0x3286, 0x31a1, 0x300c, 0x30d7, 0x2f7b, 0x3240, 0x32f4, 0x3290,
    0x3490, 0x350a, 0x354d, 0x32f4, 0x33f0, 0x33d0, 0x3138, 0x321b, 0x312b, 0x33b3, 0x346c, 0x32dc,
    0x3713, 0x37bd, 0x363b, 0x3985, 0x3a13, 0x3962, 0x3b47, 0x3c0d, 0x3bf0, 0x3a64, 0x3b22, 0x3b41,
    0x384c, 0x38df, 0x38d2, 0x377f, 0x3848, 0x380b, 0x383f, 0x38d4, 0x389e, 0x38e5, 0x3984, 0x3970,
    0x3a16, 0x3ac9, 0x3ac0, 0x3ae0, 0x3ba4, 0x3ba9, 0x38f7, 0x3989, 0x3966, 0x36d5, 0x3796, 0x3718,
    0x398d, 0x3a94, 0x390c, 0x39c1, 0x3af7, 0x3992, 0x38ba, 0x39ec, 0x3830, 0x3848, 0x396f, 0x370c,
    0x39ca, 0x3b2b, 0x39ce, 0x3d4c, 0x3e58, 0x3e89, 0x3cec, 0x3ddb, 0x3e60, 0x383f, 0x391c, 0x394e,
    0x3435, 0x3509, 0x3493, 0x346f, 0x3529, 0x33f2, 0x3616, 0x36f3, 0x35c1, 0x37da, 0x3872, 0x381c,
    0x3447, 0x34f3, 0x334b, 0x34de, 0x35a4, 0x3452, 0x32c7, 0x33ff, 0x30da, 0x3298, 0x3349, 0x31c7,
    0x346e, 0x34c4, 0x3497, 0x3198, 0x3247, 0x3186, 0x2f11, 0x301d, 0x2e00, 0x308b, 0x313e, 0x2ed1,
    0x333b, 0x33e1, 0x3143, 0x352e, 0x35e1, 0x33f0, 0x351b, 0x35f3, 0x349d, 0x34ca, 0x3593, 0x34ba,
    0x3469, 0x351a, 0x3470, 0x342e, 0x34de, 0x33f9, 0x346a, 0x3535, 0x342c, 0x3575, 0x365a, 0x3545,
    0x3773, 0x3843, 0x3733, 0x37a4, 0x3850, 0x378a, 0x363f, 0x36fb, 0x361b, 0x34ea, 0x356d, 0x34a1,
    0x3824, 0x38e6, 0x349d, 0x375e, 0x387a, 0x346f, 0x3620, 0x37b6, 0x33a4, 0x35dd, 0x3771, 0x3378,
    0x36cc, 0x3840, 0x3505, 0x3825, 0x3906, 0x3791, 0x3758, 0x385b, 0x377d, 0x345b, 0x3521, 0x3442,
    0x3217, 0x3308, 0x30db, 0x33a1, 0x3467, 0x3041, 0x357a, 0x3673, 0x3147, 0x35d4, 0x36f8, 0x320d,
    0x34bb, 0x35b8, 0x3081, 0x348c, 0x3580, 0x3069, 0x3419, 0x351d, 0x2ebf, 0x31f5, 0x32ea, 0x2e8b,
    0x3002, 0x304b, 0x2dd3, 0x2d55, 0x2e1b, 0x2bd1, 0x2d72, 0x2e73, 0x2b1e, 0x2f33, 0x3033, 0x2c56,
    0x3114, 0x3153, 0x2e6e, 0x32fc, 0x3327, 0x30aa, 0x3182, 0x3235, 0x3060, 0x323f, 0x3326, 0x31b7,
    0x3340, 0x3418, 0x32bf, 0x323f, 0x332e, 0x315c, 0x3251, 0x3353, 0x3107, 0x33a5, 0x3464, 0x31f9,
    0x3439, 0x34da, 0x327e, 0x3419, 0x349f, 0x3283, 0x3380, 0x3423, 0x3220, 0x32f4, 0x3382, 0x31a8,
    0x369a, 0x37c2, 0x311e, 0x35c8, 0x36e2, 0x315a, 0x350a, 0x35fb, 0x311d, 0x34c0, 0x3590, 0x3112,
    0x34b3, 0x358a, 0x3140, 0x34d2, 0x3591, 0x3203, 0x345a, 0x34d0, 0x3192, 0x3404, 0x343a, 0x30d9,
    0x337a, 0x33be, 0x2fee, 0x3438, 0x3477, 0x2f78, 0x3514, 0x3597, 0x301d, 0x352f, 0x35ed, 0x2fb6,
    0x34ad, 0x357b, 0x2e65, 0x338d, 0x3472, 0x2d4b, 0x322d, 0x3387, 0x2c6c, 0x30ac, 0x3152, 0x2c52,
    0x2e2f, 0x2e94, 0x2a4b, 0x2cde, 0x2d9b, 0x2933, 0x2d2a, 0x2e06, 0x2923, 0x2ed9, 0x2f8f, 0x2bc4,
    0x31c8, 0x313f, 0x2e7f, 0x3314, 0x321d, 0x3009, 0x2ff8, 0x300e, 0x2dfe, 0x2f3a, 0x3001, 0x2ec1,
    0x303e, 0x30c8, 0x2fbd, 0x310f, 0x31b1, 0x3019, 0x31ed, 0x3284, 0x304b, 0x3239, 0x32d9, 0x3033,
    0x3260, 0x3304, 0x302d, 0x3258, 0x32e2, 0x3074, 0x319b, 0x31f7, 0x300a, 0x3176, 0x31c0, 0x302f,
    0x35dd, 0x3689, 0x315b, 0x359f, 0x3627, 0x31ac, 0x35c2, 0x3622, 0x3231, 0x35fc, 0x3630, 0x3268,
    0x362b, 0x364d, 0x3296, 0x3692, 0x368e, 0x32af, 0x372b, 0x36ec, 0x3313, 0x37da, 0x375e, 0x3396,
    0x379a, 0x3727, 0x32ea, 0x37d3, 0x375a, 0x32eb, 0x384d, 0x37f0, 0x336b, 0x3815, 0x37ae, 0x3328,
    0x36cb, 0x36ac, 0x3229, 0x34a4, 0x34aa, 0x305b, 0x317a, 0x3194, 0x2c75, 0x3054, 0x3042, 0x2bb2,
    0x2f0f, 0x2ef7, 0x29bd, 0x2e1a, 0x2e87, 0x295c, 0x2efb, 0x2f50, 0x2aa6, 0x306d, 0x3055, 0x2c9b,
    0x3359, 0x3215, 0x2f30, 0x3368, 0x3205, 0x2fbb, 0x2f4e, 0x2ede, 0x2d41, 0x2d3c, 0x2d76, 0x2c89,
    0x2ddf, 0x2e6c, 0x2d9d, 0x2f90, 0x302e, 0x2edc, 0x30b9, 0x3125, 0x2fd7, 0x3113, 0x3182, 0x2fe4,
    0x3125, 0x3193, 0x2f7b, 0x3107, 0x3168, 0x2f4e, 0x30a2, 0x30ee, 0x2edf, 0x3063, 0x30a6, 0x2ee1,
    0x360e, 0x35fb, 0x3323, 0x35ea, 0x35a1, 0x329a, 0x35ef, 0x3588, 0x3297, 0x3638, 0x35a8, 0x32b4,
    0x36a4, 0x35f9, 0x3343, 0x36d2, 0x360f, 0x334a, 0x36f1, 0x360b, 0x3311, 0x3741, 0x3632, 0x334f,
    0x36e6, 0x35cd, 0x32a2, 0x3717, 0x35e4, 0x326c, 0x385a, 0x371a, 0x33ae, 0x3873, 0x3743, 0x339d,
    0x36c6, 0x35c7, 0x3230, 0x349d, 0x3407, 0x305b, 0x3308, 0x3210, 0x2e2f, 0x335f, 0x3244, 0x2e78,
    0x3177, 0x30d6, 0x2d13, 0x306f, 0x305d, 0x2c2c, 0x3053, 0x3066, 0x2ba4, 0x31a5, 0x316f, 0x2daf,
    0x3485, 0x3398, 0x3052, 0x348d, 0x3367, 0x3093, 0x30bc, 0x3054, 0x2dfc, 0x2ecf, 0x2eb3, 0x2cea,
    0x2f02, 0x2f37, 0x2e01, 0x2fa1, 0x3001, 0x2eb6, 0x3031, 0x3066, 0x2f20, 0x304e, 0x3079, 0x2eec,
    0x301a, 0x3049, 0x2e73, 0x2f6d, 0x2fc9, 0x2dd5, 0x2efd, 0x2f5a, 0x2db5, 0x2e6f, 0x2ed2, 0x2d8f,
    0x355f, 0x34c6, 0x3246, 0x352c, 0x347c, 0x31b8, 0x34fb, 0x3437, 0x312b, 0x34ef, 0x3412, 0x30df,
    0x34d6, 0x33e2, 0x30ca, 0x34c3, 0x33c3, 0x30ca, 0x34c0, 0x33a9, 0x30b8, 0x354b, 0x3428, 0x3114,
    0x35bc, 0x3465, 0x310e, 0x3687, 0x3500, 0x315a, 0x37d2, 0x3605, 0x3238, 0x37db, 0x3628, 0x323a,
    0x3567, 0x3477, 0x307c, 0x32f8, 0x3211, 0x2deb, 0x3274, 0x3192, 0x2d7c, 0x3306, 0x3220, 0x2e2f,
    0x3170, 0x30e4, 0x2cea, 0x3068, 0x304d, 0x2c06, 0x3063, 0x3098, 0x2c05, 0x3187, 0x317b, 0x2d93,
    0x3414, 0x330b, 0x3004, 0x3405, 0x32c0, 0x303a, 0x30f2, 0x3073, 0x2e32, 0x2fdd, 0x2f76, 0x2d8e,
    0x3095, 0x3078, 0x2f08, 0x306f, 0x306f, 0x2f21, 0x3072, 0x308b, 0x2f8a, 0x3076, 0x308a, 0x2f8b,
    0x2fdb, 0x2fef, 0x2e54, 0x2ed1, 0x2ede, 0x2d81, 0x2dfe, 0x2e19, 0x2d15, 0x2d7c, 0x2db7, 0x2d0b,
    0x34dc, 0x3440, 0x3218, 0x34bc, 0x3408, 0x316b, 0x34a3, 0x33bd, 0x30f7, 0x345e, 0x3323, 0x306d,
    0x3410, 0x3292, 0x3019, 0x33a3, 0x320d, 0x2f7a, 0x335f, 0x31bb, 0x2f21, 0x348d, 0x32dd, 0x302c,
    0x3582, 0x3410, 0x3094, 0x3601, 0x348b, 0x30c3, 0x3702, 0x3569, 0x3185, 0x3707, 0x3584, 0x3166,
    0x3529, 0x3448, 0x3013, 0x3249, 0x31b5, 0x2cf0, 0x3148, 0x30cc, 0x2c23, 0x3193, 0x3100, 0x2cbf,
    0x3216, 0x3197, 0x2dad, 0x31d0, 0x3180, 0x2d7b, 0x31ed, 0x31a4, 0x2dae, 0x32b4, 0x3223, 0x2eb4,
    0x34a2, 0x335f, 0x3068, 0x3404, 0x3282, 0x302b, 0x314b, 0x309e, 0x2e72, 0x3010, 0x2f70, 0x2d75,
    0x3045, 0x3010, 0x2e4e, 0x3045, 0x302a, 0x2ead, 0x3001, 0x2fdd, 0x2e52, 0x2fde, 0x2fc6, 0x2e49,
    0x2fbf, 0x2f94, 0x2e16, 0x2f22, 0x2ef9, 0x2d80, 0x2e69, 0x2e4c, 0x2d0e, 0x2db6, 0x2dc8, 0x2ce8,
    0x3496, 0x3409, 0x31ff, 0x34b8, 0x340c, 0x319e, 0x34a5, 0x33ee, 0x3153, 0x33e4, 0x32ac, 0x305f,
    0x32dd, 0x3195, 0x2f2f, 0x32ab, 0x3120, 0x2e49, 0x3278, 0x30ec, 0x2e05, 0x3369, 0x31b4, 0x2f02,
    0x34b7, 0x332f, 0x3026, 0x35b1, 0x345f, 0x30ba, 0x360e, 0x34bb, 0x310a, 0x35dc, 0x34b8, 0x308f,
    0x34c6, 0x342a, 0x2ecb, 0x3302, 0x329e, 0x2c8e, 0x3233, 0x31c8, 0x2bea, 0x3277, 0x31dc, 0x2cc2,
    0x3394, 0x32ce, 0x2e97, 0x33d6, 0x3315, 0x2f41, 0x337a, 0x329f, 0x2f55, 0x328e, 0x3178, 0x2e37,
    0x344d, 0x3278, 0x2f6b, 0x3341, 0x319c, 0x2eff, 0x32a6, 0x3182, 0x2f64, 0x318b, 0x30da, 0x2ef0,
    0x30ee, 0x307d, 0x2ea9, 0x3084, 0x302d, 0x2e30, 0x303a, 0x2fe4, 0x2de3, 0x3065, 0x3023, 0x2e18,
    0x30b6, 0x305c, 0x2e34, 0x30e5, 0x3087, 0x2e61, 0x30f7, 0x309a, 0x2e75, 0x3053, 0x3020, 0x2e49,
    0x3432, 0x336e, 0x3177, 0x3428, 0x3329, 0x30ec, 0x33e5, 0x32bc, 0x3077, 0x3320, 0x31f1, 0x2fbd,
    0x3287, 0x311f, 0x2e72, 0x324c, 0x30b0, 0x2d92, 0x3296, 0x30f0, 0x2deb, 0x326f, 0x3111, 0x2e5e,
    0x337b, 0x31fa, 0x2f5b, 0x3466, 0x330e, 0x3027, 0x3473, 0x335b, 0x300a, 0x3366, 0x32a3, 0x2dcd,
    0x31d4, 0x31c5, 0x2b0b, 0x315d, 0x3168, 0x297e, 0x320f, 0x319d, 0x2a5d, 0x326a, 0x31bf, 0x2b86,
    0x32ed, 0x322c, 0x2d83, 0x32a7, 0x31e7, 0x2eb3, 0x31a6, 0x30db, 0x2e17, 0x3154, 0x304b, 0x2d38,
    0x32eb, 0x3137, 0x2e12, 0x3269, 0x30e3, 0x2deb, 0x3410, 0x327a, 0x303a, 0x33bc, 0x3275, 0x3068,
    0x322a, 0x316f, 0x2fe6, 0x30e5, 0x3087, 0x2e84, 0x30a8, 0x305b, 0x2e32, 0x3159, 0x30f3, 0x2ef1,
    0x3247, 0x31ac, 0x2fb9, 0x32f5, 0x3237, 0x2ffb, 0x33bb, 0x32e9, 0x3060, 0x3268, 0x31ce, 0x2f9e,
    0x33ae, 0x32a3, 0x30b6, 0x3317, 0x31f6, 0x300c, 0x329a, 0x316a, 0x2f43, 0x3245, 0x30f8, 0x2e6f,
    0x31d2, 0x307a, 0x2da5, 0x31fa, 0x3066, 0x2d1b, 0x3255, 0x30bd, 0x2d8e, 0x31b0, 0x3092, 0x2e12,
    0x31b4, 0x30c9, 0x2ea3, 0x319c, 0x30df, 0x2e89, 0x3185, 0x3107, 0x2dc0, 0x30a0, 0x308c, 0x2b3b,
    0x2fe6, 0x3019, 0x28a1, 0x2f74, 0x2fe1, 0x2794, 0x3066, 0x303b, 0x28ca, 0x315e, 0x30b0, 0x2ac3,
    0x32c5, 0x3195, 0x2d24, 0x312a, 0x3072, 0x2d52, 0x2fef, 0x2ee7, 0x2c89, 0x30aa, 0x2fc6, 0x2cfb,
    0x3207, 0x30e4, 0x2e0e, 0x317d, 0x307d, 0x2daf, 0x32b4, 0x31af, 0x301e, 0x3354, 0x3252, 0x309d,
    0x3266, 0x31b1, 0x305e, 0x30c1, 0x3063, 0x2e81, 0x300c, 0x2f88, 0x2d4d, 0x30c8, 0x304d, 0x2df7,
    0x31ea, 0x3142, 0x2f0a, 0x332d, 0x3258, 0x3013, 0x3422, 0x334d, 0x3081, 0x3366, 0x328d, 0x302f,
    0x3290, 0x3182, 0x2fb5, 0x31e0, 0x30cf, 0x2e91, 0x3194, 0x3075, 0x2e0b, 0x3126, 0x3007, 0x2d60,
    0x30bd, 0x2f34, 0x2c8d, 0x30ac, 0x2efd, 0x2c1b, 0x30db, 0x2f8e, 0x2cbb, 0x30c0, 0x2fda, 0x2d83,
    0x30ca, 0x300f, 0x2db4, 0x307b, 0x2fd9, 0x2d62, 0x3017, 0x2f7e, 0x2c65, 0x2f43, 0x2ef0, 0x2a24,
    0x2f4f, 0x2eef, 0x2948, 0x2f95, 0x2f70, 0x28ed, 0x2f1e, 0x2ef0, 0x28b0, 0x30c4, 0x3016, 0x2aad,
    0x327c, 0x3118, 0x2d34, 0x30fa, 0x3034, 0x2cf4, 0x303f, 0x2fab, 0x2c9a, 0x312a, 0x3086, 0x2d82,
    0x32c5, 0x31e4, 0x2f89, 0x312c, 0x309a, 0x2ddb, 0x30f6, 0x306a, 0x2e9b, 0x3129, 0x3080, 0x2eda,
    0x30a4, 0x2ffc, 0x2df1, 0x303e, 0x2f4d, 0x2d4d, 0x3043, 0x2f4b, 0x2d1d, 0x3105, 0x303a, 0x2dd0,
    0x31fc, 0x3110, 0x2ece, 0x3297, 0x3199, 0x2f41, 0x3325, 0x3211, 0x2fc0, 0x32f2, 0x31ed, 0x2fd3,
    0x3178, 0x306b, 0x2e1d, 0x30e2, 0x2fd3, 0x2d61, 0x309c, 0x2f41, 0x2cea, 0x3069, 0x2ecd, 0x2c83,
    0x3040, 0x2e68, 0x2bf0, 0x2fb7, 0x2df0, 0x2b6d, 0x2f90, 0x2e13, 0x2c0c, 0x3029, 0x2edc, 0x2cd0,
    0x306f, 0x2f60, 0x2d27, 0x3033, 0x2f0c, 0x2cb0, 0x2fb2, 0x2e90, 0x2c10, 0x2f58, 0x2e55, 0x2b25,
    0x2fba, 0x2ea4, 0x2aee, 0x2fab, 0x2eb5, 0x2a44, 0x2fca, 0x2ea9, 0x2a01, 0x3089, 0x2f35, 0x2af2,
    0x316c, 0x303f, 0x2c7d, 0x31ad, 0x30ba, 0x2d14, 0x31b3, 0x30da, 0x2d54, 0x3199, 0x30ad, 0x2d82,
    0x31c8, 0x30d6, 0x2e4b, 0x30fa, 0x302a, 0x2d8e, 0x308a, 0x2f7e, 0x2d43, 0x30a8, 0x2f83, 0x2d62,
    0x316d, 0x3048, 0x2e08, 0x324d, 0x30eb, 0x2ea8, 0x32e5, 0x315c, 0x2f0d, 0x3416, 0x324b, 0x3007,
    0x34ae, 0x3340, 0x30a1, 0x3476, 0x3309, 0x3084, 0x346e, 0x32fc, 0x3075, 0x3458, 0x32e2, 0x3078,
    0x30fd, 0x2fc9, 0x2d3b, 0x3082, 0x2f04, 0x2cbb, 0x307e, 0x2ef2, 0x2cb2, 0x3095, 0x2efd, 0x2c93,
    0x308a, 0x2ef9, 0x2c94, 0x3004, 0x2e50, 0x2c3b, 0x3026, 0x2ea6, 0x2c87, 0x30b5, 0x2f97, 0x2d39,
    0x315d, 0x3041, 0x2db6, 0x30e9, 0x2fe1, 0x2d40, 0x30bc, 0x2f92, 0x2ced, 0x30da, 0x2fb1, 0x2cce,
    0x3197, 0x3059, 0x2d54, 0x3110, 0x2fe9, 0x2cab, 0x317e, 0x3032, 0x2ccc, 0x31c6, 0x305a, 0x2d0f,
    0x32df, 0x3121, 0x2df0, 0x335c, 0x318f, 0x2e45, 0x33ed, 0x31fc, 0x2ef4, 0x3345, 0x31a1, 0x2f0e,
    0x3252, 0x3105, 0x2ec8, 0x32b6, 0x313d, 0x2f1f, 0x331b, 0x318f, 0x2fc5, 0x32c6, 0x3147, 0x2f76,
    0x33bb, 0x31d9, 0x2ffd, 0x356d, 0x3409, 0x3148, 0x3639, 0x34a1, 0x31ec, 0x376c, 0x3578, 0x32c8,
    0x3837, 0x363a, 0x33ae, 0x37cc, 0x35d6, 0x334b, 0x36dc, 0x3528, 0x3274, 0x3676, 0x34e4, 0x323f,
    0x30c5, 0x2f43, 0x2ccc, 0x30ca, 0x2f58, 0x2cf9, 0x3150, 0x3013, 0x2d81, 0x3176, 0x3040, 0x2ddc,
    0x3156, 0x3039, 0x2ded, 0x314b, 0x3041, 0x2e0f, 0x31ae, 0x307c, 0x2e2c, 0x3242, 0x30ea, 0x2eb6,
    0x32fe, 0x3175, 0x2f74, 0x32cd, 0x3154, 0x2f5e, 0x3315, 0x3160, 0x2eef, 0x33c7, 0x31de, 0x2f87,
    0x3407, 0x3205, 0x2f9d, 0x3403, 0x3206, 0x2f9b, 0x345f, 0x3273, 0x2fda, 0x34b1, 0x32f9, 0x3067,
    0x34e9, 0x333d, 0x3075, 0x347f, 0x32ac, 0x3016, 0x3494, 0x32cb, 0x3029, 0x3456, 0x32b8, 0x305b,
    0x3409, 0x325c, 0x3042, 0x3418, 0x3248, 0x3038, 0x346f, 0x32d8, 0x30c1, 0x3433, 0x327e, 0x308f,
    0x348c, 0x32df, 0x30b4, 0x3681, 0x34cb, 0x3236, 0x37c3, 0x35b2, 0x332a, 0x387a, 0x3686, 0x33fa,
    0x391a, 0x3778, 0x3493, 0x38c4, 0x370c, 0x345a, 0x3814, 0x3607, 0x336e, 0x374b, 0x356a, 0x32c4,
    0x3076, 0x2ec7, 0x2c84, 0x30c7, 0x2f44, 0x2cdf, 0x3140, 0x300b, 0x2d85, 0x3156, 0x302f, 0x2dd9,
    0x317b, 0x3063, 0x2e3e, 0x31d6, 0x30b0, 0x2ea3, 0x3229, 0x30d0, 0x2e9a, 0x326b, 0x3101, 0x2eef,
    0x32f7, 0x3169, 0x2f7b, 0x333e, 0x318c, 0x2f7a, 0x3430, 0x3216, 0x2f66, 0x34b8, 0x32df, 0x3034,
    0x34b6, 0x32d7, 0x301d, 0x348a, 0x32b2, 0x3025, 0x3477, 0x3281, 0x2fda, 0x3484, 0x32af, 0x303d,
    0x345e, 0x326c, 0x3001, 0x33f5, 0x31e4, 0x2f61, 0x33be, 0x31af, 0x2ee6, 0x338c, 0x31d5, 0x2f49,
    0x33ac, 0x320a, 0x2fab, 0x340c, 0x3236, 0x2ff0, 0x341e, 0x325b, 0x3053, 0x33b1, 0x31f2, 0x3028,
    0x3410, 0x3226, 0x3031, 0x35a8, 0x342e, 0x3169, 0x36ec, 0x3513, 0x3252, 0x37f9, 0x35c1, 0x32e7,
    0x3868, 0x3669, 0x33c3, 0x3828, 0x3620, 0x338d, 0x3776, 0x357c, 0x32c3, 0x3686, 0x34d1, 0x31fe,
    0x3017, 0x2e32, 0x2c1f, 0x3047, 0x2e7f, 0x2c56, 0x308c, 0x2f05, 0x2cca, 0x30ad, 0x2f64, 0x2d38,
    0x3113, 0x3011, 0x2dd2, 0x3165, 0x304f, 0x2e24, 0x3173, 0x3042, 0x2de7, 0x31a3, 0x306a, 0x2e30,
    0x3239, 0x30d5, 0x2eb2, 0x32e0, 0x312b, 0x2ebd, 0x344e, 0x321d, 0x2f15, 0x34ba, 0x32c1, 0x2fdd,
    0x34ac, 0x32ba, 0x2fe2, 0x344b, 0x3253, 0x2fc4, 0x33f3, 0x31c8, 0x2eef, 0x3373, 0x3184, 0x2ef6,
    0x32d3, 0x3108, 0x2e5c, 0x3271, 0x30c6, 0x2e08, 0x32a5, 0x30df, 0x2dec, 0x3254, 0x30e0, 0x2de6,
    0x3295, 0x3126, 0x2e21, 0x3348, 0x3193, 0x2eb3, 0x3335, 0x3189, 0x2f1c, 0x321d, 0x30b3, 0x2e71,
    0x32c3, 0x311e, 0x2ef3, 0x3456, 0x3277, 0x3043, 0x3524, 0x338f, 0x30bc, 0x365f, 0x3496, 0x3181,
    0x3707, 0x3510, 0x321d, 0x36ac, 0x34db, 0x31f9, 0x369b, 0x34cc, 0x31e5, 0x3621, 0x347f, 0x31a0,
    0x2fac, 0x2dcc, 0x2bb6, 0x2fc1, 0x2de5, 0x2be0, 0x300f, 0x2e4a, 0x2c53, 0x301e, 0x2e80, 0x2c96,
    0x307d, 0x2f16, 0x2cf6, 0x309f, 0x2f4e, 0x2d24, 0x30b1, 0x2f54, 0x2d16, 0x30f4, 0x2fb3, 0x2d45,
    0x315f, 0x3020, 0x2d87, 0x31a0, 0x303d, 0x2d69, 0x32ad, 0x30d6, 0x2dbe, 0x32e3, 0x3101, 0x2dfa,
    0x3328, 0x313d, 0x2e50, 0x3279, 0x30d6, 0x2e04, 0x3288, 0x30d2, 0x2deb, 0x31f6, 0x3074, 0x2db4,
    0x31b8, 0x3050, 0x2db3, 0x3190, 0x302f, 0x2d81, 0x3239, 0x309e, 0x2dda, 0x3215, 0x30b7, 0x2dfe,
    0x322c, 0x30d7, 0x2dfd, 0x3317, 0x3169, 0x2eb1, 0x3304, 0x316f, 0x2f2f, 0x31f4, 0x309c, 0x2e59,
    0x3223, 0x30a9, 0x2e5b, 0x3394, 0x31b7, 0x2fbd, 0x343d, 0x3251, 0x301e, 0x3517, 0x335f, 0x3090,
    0x35ca, 0x3429, 0x311e, 0x35d7, 0x3439, 0x3142, 0x35bf, 0x3426, 0x3128, 0x356b, 0x33e2, 0x30f0,
    0x2f5a, 0x2d8e, 0x2b63, 0x2f12, 0x2d67, 0x2b4c, 0x2f8c, 0x2ddd, 0x2c0f, 0x2fdd, 0x2e22, 0x2c3e,
    0x3035, 0x2e9b, 0x2c9f, 0x3076, 0x2f0b, 0x2cfd, 0x30b2, 0x2f5b, 0x2d22, 0x30e9, 0x2fb0, 0x2d5c,
    0x3136, 0x3012, 0x2d99, 0x3182, 0x303e, 0x2d98, 0x3240, 0x30a1, 0x2dbb, 0x324d, 0x30bc, 0x2e18,
    0x323b, 0x30b5, 0x2e22, 0x320e, 0x309b, 0x2e11, 0x3253, 0x30bb, 0x2e0e, 0x31d9, 0x306e, 0x2de3,
    0x3199, 0x304f, 0x2ded, 0x318f, 0x303e, 0x2db4, 0x3218, 0x3088, 0x2dd4, 0x31fa, 0x3092, 0x2dfe,
    0x31cc, 0x307f, 0x2dce, 0x3227, 0x30ae, 0x2def, 0x3220, 0x30bd, 0x2e48, 0x3156, 0x3020, 0x2d96,
    0x318c, 0x3030, 0x2d8e, 0x3251, 0x30c0, 0x2e4b, 0x32b5, 0x3105, 0x2e8b, 0x338d, 0x3182, 0x2ee6,
    0x3439, 0x3211, 0x2f7b, 0x3458, 0x3240, 0x2fca, 0x3478, 0x326c, 0x3002, 0x341f, 0x3201, 0x2fac,
    0x2f0a, 0x2d4e, 0x2b0e, 0x2f1c, 0x2d75, 0x2b75, 0x2fb2, 0x2df6, 0x2c1f, 0x3007, 0x2e52, 0x2c6d,
    0x305d, 0x2ee7, 0x2ce5, 0x30b4, 0x2f68, 0x2d34, 0x30c7, 0x2f7e, 0x2d3a, 0x30dd, 0x2fa8, 0x2d57,
    0x30fc, 0x2fdf, 0x2d71, 0x3132, 0x3004, 0x2d47, 0x3197, 0x3030, 0x2d43, 0x3173, 0x301d, 0x2d52,
    0x3155, 0x3004, 0x2d39, 0x312a, 0x2fbf, 0x2d06, 0x315e, 0x2ffa, 0x2d07, 0x3104, 0x2f8b, 0x2cd5,
    0x3069, 0x2ece, 0x2c88, 0x307b, 0x2ecf, 0x2c73, 0x312a, 0x2fa3, 0x2cc3, 0x3108, 0x2f8a, 0x2cb8,
    0x30ad, 0x2f14, 0x2c71, 0x30be, 0x2f1a, 0x2c63, 0x309f, 0x2f11, 0x2c82, 0x301d, 0x2e4e, 0x2c0e,
    0x30bb, 0x2f21, 0x2c87, 0x3126, 0x2fc1, 0x2cff, 0x3148, 0x2ff6, 0x2d34, 0x31cb, 0x3047, 0x2d72,
    0x321a, 0x306e, 0x2d87, 0x3270, 0x30a7, 0x2dd8, 0x32d6, 0x30f0, 0x2e48, 0x3266, 0x30b0, 0x2e25,
    0x31ca, 0x344a, 0x305a, 0x3220, 0x347d, 0x302c, 0x32e7, 0x34ef, 0x30b7, 0x3320, 0x34fa, 0x308b,
    0x335c, 0x34ec, 0x308d, 0x33cc, 0x3515, 0x3077, 0x33f5, 0x353a, 0x2fc8, 0x33ec, 0x3538, 0x2f68,
    0x33cf, 0x352d, 0x2ff3, 0x33cd, 0x352d, 0x303a, 0x33a9, 0x350a, 0x30e6, 0x3327, 0x34b6, 0x311b,
    0x32a8, 0x347a, 0x30d3, 0x328e, 0x347b, 0x31b4, 0x326f, 0x345d, 0x32d6, 0x3397, 0x3523, 0x34e9,
    0x349c, 0x3665, 0x3747, 0x3624, 0x3854, 0x39ea, 0x36ea, 0x38f0, 0x3bb8, 0x3518, 0x373b, 0x3994,
    0x3365, 0x3517, 0x36f5, 0x326f, 0x345c, 0x3558, 0x313d, 0x32e9, 0x32d2, 0x30d5, 0x3227, 0x3151,
    0x3068, 0x318b, 0x302d, 0x3054, 0x3167, 0x2f26, 0x3077, 0x3189, 0x2f0d, 0x30d6, 0x31fa, 0x3051,
    0x30fa, 0x3234, 0x317c, 0x3100, 0x3229, 0x31ec, 0x3104, 0x321f, 0x321f, 0x31b8, 0x32f2, 0x3360,
    0x318d, 0x3428, 0x3078, 0x31b9, 0x343c, 0x2fd9, 0x3264, 0x349d, 0x3071, 0x32b2, 0x34c2, 0x307b,
    0x32ce, 0x34b7, 0x300b, 0x33cf, 0x3539, 0x30ef, 0x344c, 0x35bf, 0x30f5, 0x343f, 0x35a6, 0x2f37,
    0x3430, 0x3599, 0x2f59, 0x342b, 0x3598, 0x2f88, 0x340b, 0x355d, 0x2fe8, 0x3383, 0x34f4, 0x3091,
    0x3317, 0x34c6, 0x30ee, 0x32e9, 0x34b9, 0x319a, 0x3331, 0x34df, 0x33b9, 0x3433, 0x35ab, 0x35a4,
    0x354b, 0x376a, 0x38bc, 0x3729, 0x3931, 0x3c1a, 0x37ca, 0x399d, 0x3cc0, 0x3520, 0x373a, 0x39aa,
    0x32eb, 0x34b7, 0x3650, 0x3192, 0x335c, 0x3417, 0x30d1, 0x322e, 0x317e, 0x30bd, 0x3206, 0x30e2,
    0x3085, 0x31b3, 0x302f, 0x30b4, 0x31d9, 0x2fd5, 0x3135, 0x3265, 0x3051, 0x31c8, 0x3331, 0x3201,
    0x319f, 0x3313, 0x32b0, 0x3178, 0x32c7, 0x3298, 0x321e, 0x3390, 0x3413, 0x32ee, 0x344a, 0x34de,
    0x31a0, 0x343a, 0x31c7, 0x312f, 0x33c3, 0x2fbd, 0x3176, 0x3403, 0x2f96, 0x31d2, 0x343b, 0x3024,
    0x31e2, 0x344b, 0x2f1f, 0x32c0, 0x34ca, 0x2f99, 0x3419, 0x35a6, 0x3076, 0x3460, 0x35ec, 0x2f8a,
    0x346b, 0x35ef, 0x2efa, 0x3464, 0x35e5, 0x2f5e, 0x3444, 0x35ad, 0x2f87, 0x340f, 0x3553, 0x307c,
    0x33b3, 0x351b, 0x30f0, 0x33dd, 0x354f, 0x321f, 0x33f4, 0x3553, 0x33e8, 0x34e7, 0x3697, 0x36b3,
    0x3647, 0x386f, 0x39ff, 0x3754, 0x3974, 0x3cab, 0x36f3, 0x391c, 0x3c7e, 0x34e8, 0x36f2, 0x398e,
    0x327f, 0x3466, 0x35d3, 0x30e1, 0x324d, 0x3269, 0x308b, 0x31ba, 0x30c8, 0x30dd, 0x323a, 0x3127,
    0x30be, 0x320c, 0x3089, 0x30e8, 0x3223, 0x2fe0, 0x31e3, 0x334a, 0x3117, 0x324c, 0x33ec, 0x326c,
    0x3228, 0x33c0, 0x32dd, 0x3260, 0x33f8, 0x33c1, 0x3391, 0x34be, 0x3555, 0x3462, 0x357d, 0x3692,
    0x3246, 0x34ac, 0x341b, 0x30f7, 0x337d, 0x30cb, 0x30d1, 0x332e, 0x2fcb, 0x311b, 0x338b, 0x3019,
    0x318f, 0x341f, 0x3005, 0x321c, 0x348c, 0x2f0c, 0x334c, 0x3547, 0x2f22, 0x344d, 0x35fb, 0x2eff,
    0x349c, 0x3644, 0x2f5f, 0x34a1, 0x3640, 0x3031, 0x3479, 0x35ff, 0x3008, 0x3472, 0x35cc, 0x3091,
    0x3488, 0x35e2, 0x31de, 0x34ba, 0x363e, 0x337d, 0x34db, 0x3671, 0x3531, 0x35ff, 0x3810, 0x388b,
    0x374e, 0x393c, 0x3baa, 0x374f, 0x3982, 0x3ce2, 0x3635, 0x38a3, 0x3c1e, 0x345d, 0x3649, 0x3912,
    0x3195, 0x3382, 0x34b1, 0x306d, 0x319d, 0x3111, 0x305c, 0x3183, 0x3032, 0x30c3, 0x3218, 0x305f,
    0x30be, 0x320d, 0x2f93, 0x3129, 0x3282, 0x2f3e, 0x31f1, 0x3375, 0x3052, 0x3294, 0x341e, 0x314c,
    0x32f2, 0x345a, 0x32a9, 0x33b4, 0x34d5, 0x3480, 0x346f, 0x3598, 0x3614, 0x3588, 0x36fc, 0x382e,
    0x33a3, 0x359f, 0x35dd, 0x315d, 0x340a, 0x3274, 0x30f0, 0x3367, 0x3112, 0x3166, 0x33e2, 0x3127,
    0x325d, 0x3493, 0x3197, 0x32f9, 0x3515, 0x3163, 0x3354, 0x3564, 0x3064, 0x3466, 0x3643, 0x3094,
    0x3510, 0x36f9, 0x312e, 0x351d, 0x36f3, 0x315a, 0x34f8, 0x36b0, 0x315c, 0x3507, 0x3692, 0x31dc,
    0x3586, 0x3715, 0x343a, 0x35f7, 0x37cc, 0x3639, 0x3632, 0x382e, 0x3868, 0x3711, 0x38f2, 0x3ae9,
    0x37e1, 0x39c9, 0x3ccd, 0x3710, 0x393d, 0x3c9b, 0x35f0, 0x3862, 0x3b91, 0x33f9, 0x35b5, 0x3873,
    0x314b, 0x3316, 0x3438, 0x3065, 0x319f, 0x30e3, 0x306b, 0x319d, 0x2fa0, 0x30ca, 0x3213, 0x2e9a,
    0x3131, 0x3293, 0x2ee0, 0x31a1, 0x3319, 0x2ea6, 0x3221, 0x33b9, 0x2f03, 0x32f7, 0x345d, 0x3092,
    0x33f8, 0x34fe, 0x3336, 0x3446, 0x356e, 0x34f2, 0x3551, 0x36c8, 0x373e, 0x36db, 0x385e, 0x3947,
    0x34a0, 0x36b6, 0x378e, 0x3273, 0x34cb, 0x3447, 0x31f7, 0x346a, 0x32eb, 0x3332, 0x3520, 0x3414,
    0x3425, 0x35c3, 0x345f, 0x344e, 0x3604, 0x33ff, 0x3453, 0x362a, 0x32dd, 0x34d4, 0x36e2, 0x3385,
    0x35ce, 0x380b, 0x34d7, 0x361f, 0x382c, 0x3500, 0x35d4, 0x37ca, 0x3437, 0x35e7, 0x37be, 0x349f,
    0x367d, 0x3836, 0x3647, 0x36e0, 0x3890, 0x38a6, 0x3748, 0x38fe, 0x3a6f, 0x37b0, 0x3976, 0x3c49,
    0x3823, 0x3a11, 0x3d4f, 0x3775, 0x397b, 0x3cd9, 0x3679, 0x38c4, 0x3c24, 0x3480, 0x3673, 0x3914,
    0x31ef, 0x33fa, 0x34c8, 0x3111, 0x328c, 0x319c, 0x30fa, 0x3260, 0x301e, 0x310b, 0x326d, 0x2dc5,
    0x3190, 0x32ff, 0x2eb6, 0x31cc, 0x3350, 0x2e41, 0x3297, 0x341e, 0x2f45, 0x3358, 0x348f, 0x30e3,
    0x3433, 0x3549, 0x3408, 0x354c, 0x36cd, 0x36c3, 0x361b, 0x37d7, 0x3843, 0x37ec, 0x391a, 0x3a5d,
    0x344c, 0x3638, 0x36d1, 0x32b9, 0x34f2, 0x348a, 0x3291, 0x34cf, 0x3405, 0x3441, 0x35fa, 0x3547,
    0x3546, 0x3731, 0x36a1, 0x3517, 0x36fc, 0x35a0, 0x3511, 0x370d, 0x3500, 0x3596, 0x37e2, 0x3603,
    0x371b, 0x38f6, 0x38c0, 0x37e2, 0x396a, 0x396d, 0x3724, 0x38c6, 0x3787, 0x3725, 0x38c1, 0x3803,
    0x3805, 0x396f, 0x3a08, 0x37dd, 0x395d, 0x3ae0, 0x37e1, 0x396e, 0x3b64, 0x37d9, 0x3987, 0x3c43,
    0x37fb, 0x39c5, 0x3cf4, 0x3800, 0x39ea, 0x3d56, 0x3790, 0x39a7, 0x3d1c, 0x3568, 0x37d1, 0x3a44,
    0x3340, 0x34f8, 0x362b, 0x3224, 0x3403, 0x3318, 0x31c9, 0x3378, 0x30a7, 0x3178, 0x32ef, 0x2e21,
    0x31b1, 0x3314, 0x2dee, 0x3283, 0x3406, 0x2f98, 0x3344, 0x346f, 0x3045, 0x3400, 0x34e0, 0x315e,
    0x350a, 0x364b, 0x3525, 0x35cb, 0x375b, 0x3700, 0x3660, 0x3807, 0x380e, 0x3833, 0x3961, 0x3a49,
    0x334e, 0x3545, 0x3597, 0x32d5, 0x34f4, 0x34ee, 0x32f1, 0x3500, 0x34c3, 0x3454, 0x3611, 0x35ed,
    0x3573, 0x376d, 0x3790, 0x35a6, 0x37af, 0x3784, 0x358e, 0x37a5, 0x367e, 0x3646, 0x3859, 0x37cf,
    0x37cd, 0x3970, 0x3a44, 0x3813, 0x39b3, 0x3ae6, 0x37f0, 0x3974, 0x39c7, 0x3818, 0x399d, 0x3a4a,
    0x388e, 0x3a73, 0x3ca7, 0x383b, 0x39ec, 0x3c38, 0x37b4, 0x394f, 0x3b08, 0x37c4, 0x3970, 0x3bc4,
    0x37ab, 0x397b, 0x3c65, 0x3784, 0x3974, 0x3c96, 0x3781, 0x3983, 0x3cb9, 0x364e, 0x3890, 0x3b1e,
    0x34ca, 0x36b2, 0x386d, 0x3397, 0x3503, 0x3493, 0x3262, 0x3412, 0x30c2, 0x31f7, 0x3370, 0x2e8d,
    0x32b1, 0x340f, 0x2f93, 0x3376, 0x3478, 0x307f, 0x340d, 0x34d8, 0x3056, 0x3489, 0x356e, 0x3124,
    0x3540, 0x3654, 0x3400, 0x35ea, 0x372d, 0x3559, 0x36a9, 0x381c, 0x3709, 0x3813, 0x3927, 0x395b,
    0x323e, 0x348b, 0x34c5, 0x32d3, 0x34ec, 0x3553, 0x3397, 0x3565, 0x35d6, 0x34e3, 0x36bc, 0x379a,
    0x35be, 0x37c8, 0x386b, 0x3602, 0x3813, 0x3872, 0x3616, 0x3825, 0x37c3, 0x3663, 0x3862, 0x3810,
    0x3671, 0x3888, 0x38dc, 0x363a, 0x3878, 0x3946, 0x369d, 0x38c0, 0x39d2, 0x37ae, 0x3982, 0x3b40,
    0x3860, 0x3a79, 0x3d2a, 0x384c, 0x3a38, 0x3cbb, 0x37ab, 0x394f, 0x3ae2, 0x37b2, 0x3966, 0x3b67,
    0x37cd, 0x3990, 0x3c38, 0x37ca, 0x3994, 0x3c55, 0x3764, 0x394e, 0x3c1b, 0x3782, 0x396f, 0x3c4c,
    0x360c, 0x383a, 0x399f, 0x34cc, 0x364a, 0x35d2, 0x339c, 0x34be, 0x312b, 0x3331, 0x3465, 0x2f8f,
    0x33da, 0x34ab, 0x2fd1, 0x3474, 0x353b, 0x30c8, 0x348b, 0x3559, 0x306f, 0x354a, 0x362f, 0x31d2,
    0x35ac, 0x36b5, 0x336d, 0x365e, 0x3797, 0x34ff, 0x373e, 0x3876, 0x379a, 0x3843, 0x396a, 0x39bb,
    0x3244, 0x349a, 0x34dd, 0x3334, 0x3536, 0x35f4, 0x33ff, 0x35b5, 0x367c, 0x3467, 0x3630, 0x36e2,
    0x34ce, 0x36ae, 0x3739, 0x354d, 0x3757, 0x37c5, 0x35b9, 0x37eb, 0x37e6, 0x3527, 0x3745, 0x369e,
    0x3478, 0x3681, 0x35eb, 0x3467, 0x3685, 0x3684, 0x34ca, 0x3718, 0x37f9, 0x35c7, 0x384b, 0x39a7,
    0x37ca, 0x39e8, 0x3ce2, 0x3899, 0x3ae6, 0x3e0b, 0x384c, 0x3a13, 0x3c77, 0x3814, 0x39b1, 0x3bf8,
    0x37d5, 0x3971, 0x3b5d, 0x37c7, 0x3973, 0x3b54, 0x381a, 0x39d8, 0x3c6e, 0x37a3, 0x3963, 0x3c07,
    0x364e, 0x384d, 0x3947, 0x34e9, 0x3659, 0x353b, 0x3464, 0x3566, 0x31de, 0x3437, 0x351d, 0x3078,
    0x349b, 0x3572, 0x3068, 0x34df, 0x35ae, 0x30a2, 0x350e, 0x35ed, 0x31d6, 0x35d6, 0x36e4, 0x341d,
    0x369c, 0x37ec, 0x35b0, 0x373e, 0x3869, 0x36ec, 0x3838, 0x393e, 0x38ef, 0x3909, 0x3a69, 0x3b23,
    0x333b, 0x3552, 0x35fc, 0x3470, 0x3665, 0x37d2, 0x3499, 0x3698, 0x37e2, 0x342d, 0x3606, 0x3672,
    0x33b3, 0x3595, 0x3561, 0x340e, 0x35dd, 0x357b, 0x3431, 0x3618, 0x356b, 0x3354, 0x357a, 0x3402,
    0x32c5, 0x3524, 0x3316, 0x334c, 0x3584, 0x3480, 0x3474, 0x36a4, 0x36ca, 0x3638, 0x3894, 0x3a12,
    0x3892, 0x3ac6, 0x3dc9, 0x3942, 0x3bd9, 0x3f50, 0x3911, 0x3b51, 0x3e6b, 0x389b, 0x3a63, 0x3cdf,
    0x3835, 0x39a6, 0x3ae4, 0x3838, 0x39aa, 0x3a83, 0x383a, 0x39c0, 0x3b35, 0x36dc, 0x3892, 0x3924,
    0x3607, 0x37d7, 0x3795, 0x3505, 0x3650, 0x346a, 0x34fb, 0x360d, 0x32b2, 0x34e9, 0x35ec, 0x3201,
    0x3525, 0x361c, 0x3221, 0x35a4, 0x368a, 0x3219, 0x3624, 0x372b, 0x340a, 0x36e0, 0x3816, 0x35f5,
    0x37c0, 0x38a9, 0x37a2, 0x3835, 0x391b, 0x385b, 0x38e5, 0x3a09, 0x39db, 0x39fc, 0x3b89, 0x3c48,
    0x3415, 0x35fa, 0x371e, 0x35a4, 0x3806, 0x396e, 0x368b, 0x389e, 0x3a6b, 0x3584, 0x37e0, 0x38ec,
    0x3462, 0x3660, 0x36b1, 0x3408, 0x35eb, 0x359c, 0x3334, 0x3564, 0x345f, 0x32e5, 0x3537, 0x336f,
    0x3252, 0x34e5, 0x31c9, 0x32e0, 0x3541, 0x333a, 0x34d5, 0x370f, 0x3745, 0x377e, 0x3956, 0x3b89,
    0x39b6, 0x3c08, 0x3ef4, 0x3a0e, 0x3c54, 0x3fd6, 0x39db, 0x3c25, 0x3f5b, 0x3966, 0x3b47, 0x3d78,
    0x38dc, 0x3a39, 0x3aa2, 0x38e8, 0x3a31, 0x39aa, 0x38b4, 0x39f2, 0x394b, 0x382b, 0x3941, 0x3861,
    0x36aa, 0x3833, 0x368c, 0x35e5, 0x373f, 0x3489, 0x3648, 0x3778, 0x3441, 0x3694, 0x37c3, 0x34f7,
    0x3678, 0x37ac, 0x34ed, 0x36de, 0x3801, 0x34d0, 0x381a, 0x38d1, 0x3739, 0x38aa, 0x3997, 0x390f,
    0x3924, 0x3a2c, 0x39a3, 0x39e0, 0x3b16, 0x3abd, 0x3a6f, 0x3bd7, 0x3c0c, 0x3b53, 0x3c8b, 0x3d45,
    0x33e2, 0x35d8, 0x36ad, 0x3696, 0x38ae, 0x3aa4, 0x38a5, 0x3a76, 0x3cfa, 0x3838, 0x39e0, 0x3c50,
    0x364d, 0x386a, 0x39a1, 0x3576, 0x37b7, 0x387a, 0x34a8, 0x36c2, 0x36c9, 0x335e, 0x3596, 0x3421,
    0x322f, 0x34da, 0x312f, 0x326e, 0x34f2, 0x324a, 0x343f, 0x3633, 0x35b5, 0x3659, 0x386e, 0x3962,
    0x3944, 0x3b12, 0x3d48, 0x3a4f, 0x3c32, 0x3e7b, 0x3ab5, 0x3c71, 0x3ee2, 0x3a33, 0x3c08, 0x3d74,
    0x39d9, 0x3b4a, 0x3b9f, 0x39a2, 0x3ae0, 0x39ce, 0x399e, 0x3adf, 0x39bb, 0x398d, 0x3ada, 0x3a3c,
    0x38a8, 0x39c7, 0x3931, 0x37fc, 0x38c9, 0x3652, 0x3802, 0x38bc, 0x35fb, 0x385b, 0x392d, 0x3841,
    0x3877, 0x394d, 0x3874, 0x3862, 0x392d, 0x3802, 0x3968, 0x3a7f, 0x3a76, 0x3aa0, 0x3c05, 0x3c71,
    0x3c0d, 0x3cf1, 0x3dc6, 0x3cc7, 0x3dd0, 0x3f19, 0x3c99, 0x3d93, 0x3ea6, 0x3c90, 0x3d96, 0x3ec5,
    0x32bd, 0x3512, 0x354f, 0x35da, 0x3835, 0x39a4, 0x3852, 0x3a0c, 0x3c82, 0x384e, 0x39f8, 0x3c45,
    0x36d5, 0x38c0, 0x3a08, 0x3659, 0x3870, 0x3957, 0x3665, 0x387d, 0x3931, 0x34c7, 0x36fd, 0x364b,
    0x32ae, 0x3532, 0x3219, 0x3298, 0x351b, 0x31d1, 0x3441, 0x3635, 0x350d, 0x356d, 0x379c, 0x378e,
    0x37bd, 0x392e, 0x3a39, 0x3950, 0x3ad6, 0x3c4d, 0x3b5d, 0x3c9f, 0x3e42, 0x3b14, 0x3c6b, 0x3d68,
    0x3af1, 0x3c47, 0x3cd8, 0x3aa3, 0x3c03, 0x3b90, 0x3b37, 0x3c5b, 0x3c4d, 0x3bd5, 0x3ccb, 0x3d7f,
    0x3a4d, 0x3bb4, 0x3ba5, 0x39a6, 0x3ac7, 0x395a, 0x397e, 0x3a8e, 0x3928, 0x396d, 0x3a86, 0x3998,
    0x3973, 0x3a9d, 0x39fa, 0x3971, 0x3a8b, 0x39f0, 0x3a6d, 0x3ba4, 0x3bcb, 0x3c63, 0x3d4f, 0x3e85,
    0x3dcc, 0x3f25, 0x40ef, 0x3e29, 0x3f93, 0x413a, 0x3d7d, 0x3ea7, 0x403c, 0x3d60, 0x3e7e, 0x4007,
    0x30e4, 0x339e, 0x32a0, 0x3339, 0x3569, 0x35b8, 0x3587, 0x37f7, 0x38db, 0x3619, 0x3859, 0x3919,
    0x3558, 0x37ac, 0x37d8, 0x354d, 0x37ae, 0x3781, 0x355c, 0x37cf, 0x3752, 0x3488, 0x36bd, 0x3544,
    0x3376, 0x35c0, 0x333a, 0x3328, 0x3583, 0x3285, 0x345e, 0x3675, 0x34cd, 0x35bb, 0x380e, 0x37f9,
    0x379e, 0x391e, 0x39e0, 0x38f3, 0x3a5a, 0x3bd4, 0x3a94, 0x3c15, 0x3d17, 0x3c66, 0x3d5e, 0x3eb5,
    0x3c66, 0x3d59, 0x3e6e, 0x3c40, 0x3d17, 0x3d82, 0x3d0f, 0x3e03, 0x3f40, 0x3d62, 0x3e7f, 0x4071,
    0x3c5b, 0x3d4b, 0x3e72, 0x3c39, 0x3d21, 0x3e1e, 0x3ca0, 0x3da2, 0x3f20, 0x3cd2, 0x3de6, 0x3f8b,
    0x3d0d, 0x3e2c, 0x4006, 0x3ccb, 0x3dcb, 0x3f2a, 0x3c9f, 0x3d80, 0x3e55, 0x3d89, 0x3eaa, 0x4041,
    0x3efd, 0x4049, 0x4220, 0x3f41, 0x4077, 0x426f, 0x3ef9, 0x4040, 0x41d3, 0x3f54, 0x4067, 0x41e9,
    0x30c9, 0x336e, 0x31c4, 0x3211, 0x349a, 0x3407, 0x33ca, 0x35c9, 0x357a, 0x349e, 0x36c0, 0x3620,
    0x34dd, 0x3713, 0x361c, 0x3514, 0x3770, 0x3692, 0x34ee, 0x374d, 0x3612, 0x348a, 0x36cb, 0x350f,
    0x3482, 0x36ba, 0x34f3, 0x33ea, 0x3603, 0x3413, 0x3450, 0x3672, 0x34c1, 0x35a8, 0x380f, 0x3800,
    0x376d, 0x3914, 0x39e1, 0x38ff, 0x3a76, 0x3c16, 0x3c25, 0x3d12, 0x3f06, 0x3da9, 0x3ed8, 0x40da,
    0x3dea, 0x3f22, 0x410d, 0x3e20, 0x3f59, 0x413a, 0x3efe, 0x401a, 0x41de, 0x3ef6, 0x4016, 0x41ee,
    0x3d7f, 0x3e93, 0x4097, 0x3d7a, 0x3e8d, 0x4084, 0x3f8b, 0x4068, 0x423d, 0x3f61, 0x4077, 0x42b5,
    0x3f60, 0x407f, 0x42d3, 0x3f2e, 0x4062, 0x4280, 0x3f18, 0x4050, 0x422e, 0x3f91, 0x409e, 0x42b3,
    0x4038, 0x412e, 0x43c5, 0x4072, 0x4178, 0x441e, 0x4096, 0x419e, 0x442a, 0x40e1, 0x41e5, 0x4447,
    0x31c8, 0x3459, 0x32ae, 0x32f4, 0x3525, 0x344a, 0x341f, 0x35fe, 0x3557, 0x3533, 0x375e, 0x3725,
    0x361e, 0x3846, 0x387b, 0x35f1, 0x3831, 0x3865, 0x35a1, 0x3808, 0x380c, 0x35b4, 0x3816, 0x37f7,
    0x3599, 0x3805, 0x3777, 0x3524, 0x378a, 0x3641, 0x35b3, 0x3821, 0x3787, 0x37b4, 0x3972, 0x3ac5,
    0x3899, 0x3a60, 0x3c5a, 0x38bc, 0x3a46, 0x3c16, 0x3a21, 0x3bb9, 0x3d44, 0x3cab, 0x3db9, 0x4019,
    0x3d70, 0x3e92, 0x40c3, 0x3ec6, 0x4007, 0x420b, 0x3ffd, 0x40a2, 0x42d9, 0x3fc1, 0x407e, 0x428c,
    0x3e30, 0x3f3f, 0x410a, 0x3f23, 0x402d, 0x41e6, 0x4074, 0x413b, 0x43ad, 0x40a9, 0x417f, 0x4418,
    0x4098, 0x4173, 0x441b, 0x4063, 0x4148, 0x4408, 0x4053, 0x4140, 0x4404, 0x4069, 0x4163, 0x441f,
    0x409c, 0x41a4, 0x444e, 0x40c5, 0x41d9, 0x4471, 0x40f2, 0x420a, 0x4485, 0x4117, 0x4222, 0x4477,
    0x337a, 0x355a, 0x3489, 0x3490, 0x366f, 0x35f8, 0x3605, 0x381d, 0x3872, 0x3741, 0x38de, 0x39f4,
    0x375a, 0x38f4, 0x3a30, 0x3711, 0x38d5, 0x39db, 0x36db, 0x38c2, 0x398c, 0x36c4, 0x38ba, 0x393a,
    0x363f, 0x3868, 0x385e, 0x3641, 0x3870, 0x383a, 0x3842, 0x39e8, 0x3b4e, 0x39de, 0x3c12, 0x3e6b,
    0x3a15, 0x3c40, 0x3f08, 0x390d, 0x3aeb, 0x3d02, 0x39a9, 0x3b65, 0x3d1e, 0x3c96, 0x3dbd, 0x4059,
    0x3e01, 0x3f4f, 0x419a, 0x3f70, 0x406a, 0x42b9, 0x4045, 0x40fb, 0x437a, 0x4069, 0x411c, 0x4388,
    0x403c, 0x40e5, 0x42fd, 0x40c6, 0x4184, 0x43f0, 0x4150, 0x4229, 0x447c, 0x416d, 0x4244, 0x4491,
    0x414f, 0x4226, 0x4484, 0x40c7, 0x41a5, 0x4439, 0x4078, 0x4156, 0x43fb, 0x4062, 0x4144, 0x43d8,
    0x407c, 0x416a, 0x4401, 0x4090, 0x4186, 0x440d, 0x4066, 0x4155, 0x43ad, 0x4024, 0x40fa, 0x42e9,
    0x34ae, 0x366c, 0x3600, 0x35e7, 0x37fa, 0x3802, 0x36eb, 0x38a3, 0x3913, 0x3641, 0x383e, 0x38a1,
    0x357a, 0x3792, 0x37c3, 0x356b, 0x378e, 0x3782, 0x35fc, 0x382a, 0x3851, 0x36a8, 0x38a0, 0x3905,
    0x36db, 0x38c4, 0x38e2, 0x36f9, 0x38d4, 0x38d9, 0x38b9, 0x3a70, 0x3c25, 0x3a8b, 0x3c71, 0x3f15,
    0x3a4e, 0x3c52, 0x3f09, 0x39f5, 0x3c06, 0x3e35, 0x3bf7, 0x3d32, 0x4011, 0x3d5b, 0x3eca, 0x4175,
    0x3e65, 0x3fe9, 0x4254, 0x3f7d, 0x4083, 0x430c, 0x4062, 0x4127, 0x43cf, 0x40fa, 0x41c0, 0x443e,
    0x4151, 0x421e, 0x4471, 0x4199, 0x4270, 0x44a8, 0x41e8, 0x42c4, 0x44db, 0x41f5, 0x42c6, 0x44d8,
    0x4197, 0x4266, 0x449b, 0x4094, 0x4153, 0x43a2, 0x3f26, 0x4032, 0x41c8, 0x3e92, 0x3fb6, 0x4129,
    0x3eae, 0x3fdd, 0x413f, 0x3ec5, 0x4002, 0x414c, 0x3e35, 0x3f5a, 0x40aa, 0x3dab, 0x3eb3, 0x4019,
    0x3590, 0x3771, 0x3717, 0x36f0, 0x3893, 0x38a7, 0x36f1, 0x389a, 0x38c9, 0x357a, 0x3782, 0x36f9,
    0x34ee, 0x36dc, 0x35da, 0x34fd, 0x36eb, 0x3605, 0x3577, 0x3786, 0x36e0, 0x3694, 0x3879, 0x388c,
    0x37fc, 0x395d, 0x39de, 0x37b4, 0x3932, 0x3955, 0x3821, 0x3993, 0x3a26, 0x38eb, 0x3aa3, 0x3c8f,
    0x38a1, 0x3a3d, 0x3c40, 0x3950, 0x3b06, 0x3cc7, 0x3c0f, 0x3d36, 0x3fd9, 0x3de4, 0x3f64, 0x41ec,
    0x3ecb, 0x4031, 0x42b2, 0x3fdb, 0x40ba, 0x435d, 0x408d, 0x415c, 0x4410, 0x411a, 0x41f0, 0x4469,
    0x4181, 0x425f, 0x44ac, 0x41f0, 0x42d1, 0x44e9, 0x4262, 0x4334, 0x4514, 0x4253, 0x431f, 0x4503,
    0x41c5, 0x428a, 0x4496, 0x401e, 0x40b9, 0x4259, 0x3d66, 0x3e3b, 0x3fa3, 0x3cc1, 0x3d7c, 0x3e75,
    0x3d66, 0x3e31, 0x3f74, 0x3d94, 0x3e68, 0x3fb0, 0x3d0f, 0x3dd3, 0x3eb1, 0x3c9f, 0x3d50, 0x3dd7,
    0x3828, 0x3959, 0x3a0c, 0x392b, 0x3a83, 0x3bd7, 0x38b0, 0x39f4, 0x3ae3, 0x36cf, 0x3881, 0x3861,
    0x3675, 0x384c, 0x37bc, 0x37d4, 0x3906, 0x3904, 0x3828, 0x394c, 0x3967, 0x3931, 0x3a93, 0x3b44,
    0x3a75, 0x3c11, 0x3cfe, 0x39ba, 0x3b53, 0x3c4c, 0x38e5, 0x3a69, 0x3b72, 0x3881, 0x39fe, 0x3b3b,
    0x38f5, 0x3a90, 0x3c27, 0x39dc, 0x3b97, 0x3d06, 0x3c48, 0x3d65, 0x3fdf, 0x3e60, 0x3fe1, 0x4235,
    0x3f81, 0x408f, 0x4326, 0x403e, 0x4113, 0x43cf, 0x4083, 0x415e, 0x441a, 0x40ed, 0x41ce, 0x4460,
    0x4169, 0x424f, 0x44a9, 0x4214, 0x42f1, 0x44f5, 0x4278, 0x4340, 0x4513, 0x4236, 0x42f9, 0x44d6,
    0x41b4, 0x4268, 0x4458, 0x4067, 0x40f2, 0x425f, 0x3de6, 0x3ea3, 0x3fcc, 0x3d3a, 0x3ddb, 0x3eae,
    0x3d30, 0x3ddb, 0x3ed0, 0x3ce7, 0x3d91, 0x3e63, 0x3c51, 0x3ceb, 0x3d61, 0x3bf8, 0x3c8a, 0x3cc4,
    0x38a1, 0x39e5, 0x3b50, 0x3948, 0x3aa0, 0x3c2e, 0x38b3, 0x39ef, 0x3b16, 0x3722, 0x38a2, 0x38b6,
    0x37d0, 0x3904, 0x38f1, 0x39f1, 0x3b4b, 0x3c13, 0x3bd3, 0x3cb5, 0x3d8e, 0x3d7a, 0x3e79, 0x403e,
    0x3e0f, 0x3f2d, 0x40ff, 0x3d45, 0x3e57, 0x4069, 0x3c8d, 0x3da6, 0x400c, 0x3b0a, 0x3c7c, 0x3e16,
    0x3b41, 0x3ca4, 0x3e52, 0x3c17, 0x3d2c, 0x3f61, 0x3cd9, 0x3e12, 0x4080, 0x3ebd, 0x4028, 0x4289,
    0x3fcd, 0x40bc, 0x4366, 0x4035, 0x4112, 0x43de, 0x405b, 0x4141, 0x4412, 0x40c6, 0x41af, 0x4453,
    0x416f, 0x4254, 0x44a6, 0x41d5, 0x42a9, 0x44c2, 0x41b6, 0x4274, 0x4485, 0x411a, 0x41bf, 0x43c7,
    0x4052, 0x40d5, 0x422d, 0x3fdc, 0x405b, 0x4153, 0x3ee0, 0x3f89, 0x405a, 0x3ea2, 0x3f3c, 0x4021,
    0x3d76, 0x3e00, 0x3eaa, 0x3c30, 0x3ca7, 0x3cdd, 0x3b7f, 0x3c2d, 0x3c26, 0x3acf, 0x3ba3, 0x3b58,
    0x36e3, 0x3886, 0x38f6, 0x37b1, 0x3904, 0x39a8, 0x37a1, 0x38f8, 0x398a, 0x36b5, 0x386f, 0x3850,
    0x3816, 0x3946, 0x390a, 0x3aa7, 0x3c14, 0x3c94, 0x3daf, 0x3eac, 0x4049, 0x400c, 0x40a6, 0x4267,
    0x4075, 0x411b, 0x4333, 0x4031, 0x40d9, 0x42f7, 0x3f51, 0x4051, 0x4253, 0x3df7, 0x3f36, 0x4137,
    0x3d8c, 0x3ece, 0x40ef, 0x3dae, 0x3ef7, 0x4122, 0x3e4a, 0x3fb8, 0x41dc, 0x3f42, 0x4075, 0x4302,
    0x3fe1, 0x40ce, 0x438a, 0x4020, 0x4105, 0x43de, 0x4073, 0x415c, 0x4425, 0x4106, 0x41ee, 0x4477,
    0x4183, 0x4262, 0x44ab, 0x413a, 0x41fd, 0x4441, 0x4014, 0x40aa, 0x4243, 0x3e88, 0x3f73, 0x40b1,
    0x3d9c, 0x3e4d, 0x3f4f, 0x3da2, 0x3e3b, 0x3f00, 0x3db3, 0x3e3b, 0x3eea, 0x3e12, 0x3e93, 0x3f4c,
    0x3d80, 0x3df5, 0x3e64, 0x3c4e, 0x3ca8, 0x3c99, 0x3ad4, 0x3b84, 0x3aff, 0x39f9, 0x3aa2, 0x39d2,
    0x3691, 0x3866, 0x3873, 0x36db, 0x3893, 0x38cd, 0x36b2, 0x3876, 0x3899, 0x36bf, 0x3880, 0x383a,
    0x3870, 0x39bb, 0x39a8, 0x3b2f, 0x3c6b, 0x3d35, 0x3dd4, 0x3ee6, 0x4099, 0x4026, 0x40ca, 0x42c3,
    0x4105, 0x41b3, 0x4408, 0x4149, 0x41fb, 0x4438, 0x4121, 0x41d1, 0x441f, 0x40ac, 0x415e, 0x43b7,
    0x406c, 0x4123, 0x437a, 0x404e, 0x410b, 0x436d, 0x4028, 0x40f1, 0x4374, 0x4035, 0x410b, 0x43bd,
    0x4050, 0x4130, 0x43fe, 0x4066, 0x414c, 0x4419, 0x40cd, 0x41b5, 0x4458, 0x4160, 0x4246, 0x44a9,
    0x41a6, 0x4283, 0x44c2, 0x410b, 0x41cc, 0x441d, 0x3e80, 0x3f72, 0x40b0, 0x3c6c, 0x3d12, 0x3d9c,
    0x3bc4, 0x3c66, 0x3c8b, 0x3bc6, 0x3c55, 0x3c58, 0x3b7f, 0x3c29, 0x3c2a, 0x3b44, 0x3bfb, 0x3bcc,
    0x3c35, 0x3c66, 0x3c06, 0x3a59, 0x3af6, 0x3a36, 0x39c2, 0x3a4f, 0x3955, 0x396e, 0x39e6, 0x38ad,
    0x3824, 0x3973, 0x39eb, 0x3826, 0x3971, 0x3a17, 0x37cb, 0x3920, 0x398e, 0x380b, 0x394d, 0x397d,
    0x3926, 0x3a92, 0x3b2e, 0x3c15, 0x3d06, 0x3e61, 0x3e31, 0x3f6e, 0x414a, 0x3fbf, 0x4093, 0x42c8,
    0x408c, 0x4145, 0x43bc, 0x4144, 0x41fc, 0x4447, 0x41e2, 0x4298, 0x449c, 0x420f, 0x42c3, 0x44b2,
    0x41f3, 0x42a9, 0x44a6, 0x41d0, 0x428b, 0x449d, 0x4172, 0x4237, 0x4478, 0x414b, 0x4218, 0x4473,
    0x4115, 0x41ed, 0x4467, 0x4101, 0x41e3, 0x446c, 0x414d, 0x4235, 0x44a1, 0x41ca, 0x42b0, 0x44e7,
    0x4210, 0x42ec, 0x44fe, 0x4184, 0x424b, 0x4472, 0x3f79, 0x403f, 0x4164, 0x3cb6, 0x3d56, 0x3dc9,
    0x3b3a, 0x3c11, 0x3bdb, 0x3aba, 0x3b7a, 0x3ad1, 0x3a4a, 0x3af8, 0x3a3f, 0x3a37, 0x3ad1, 0x3a08,
    0x3963, 0x39f0, 0x38ee, 0x39b3, 0x3a25, 0x38e6, 0x3a13, 0x3a76, 0x392e, 0x39e8, 0x3a42, 0x38f7,
    0x3a34, 0x3be3, 0x3ce8, 0x3a96, 0x3c2d, 0x3d6b, 0x39da, 0x3b73, 0x3ca8, 0x3945, 0x3abb, 0x3bdc,
    0x3a2e, 0x3bca, 0x3c9f, 0x3cba, 0x3dd1, 0x3fe2, 0x3ead, 0x4008, 0x41fd, 0x3fb7, 0x409c, 0x4303,
    0x402a, 0x40ed, 0x437a, 0x409d, 0x4160, 0x43ff, 0x4158, 0x4219, 0x4462, 0x4219, 0x42d5, 0x44c6,
    0x4290, 0x4348, 0x4505, 0x42ae, 0x4368, 0x451b, 0x4296, 0x4355, 0x4517, 0x42a5, 0x4367, 0x4527,
    0x426a, 0x4334, 0x4515, 0x4208, 0x42e1, 0x44f4, 0x4206, 0x42e8, 0x4502, 0x4247, 0x432a, 0x452b,
    0x4270, 0x4352, 0x4540, 0x4242, 0x4314, 0x44fe, 0x4137, 0x41d5, 0x43ba, 0x3eec, 0x3faa, 0x407e,
    0x3ca1, 0x3d1c, 0x3d2e, 0x3c27, 0x3c7d, 0x3c27, 0x3c1d, 0x3c64, 0x3bf6, 0x3c2f, 0x3c6b, 0x3bf6,
    0x3b56, 0x3bc9, 0x3aaf, 0x3abf, 0x3b11, 0x39a3, 0x3b86, 0x3bc2, 0x3a50, 0x3c36, 0x3c48, 0x3b35,
    0x3ce4, 0x3e0e, 0x4033, 0x3cef, 0x3e1c, 0x404e, 0x3bf4, 0x3cf4, 0x3ea0, 0x3abd, 0x3c39, 0x3d3f,
    0x3bcb, 0x3cda, 0x3e2d, 0x3dac, 0x3ef1, 0x40ef, 0x3f51, 0x406c, 0x42b1, 0x4000, 0x40cd, 0x435c,
    0x4032, 0x4100, 0x43a6, 0x406e, 0x413c, 0x43eb, 0x40c0, 0x418d, 0x4422, 0x4126, 0x41f0, 0x4457,
    0x41c4, 0x428a, 0x44ab, 0x426b, 0x432e, 0x4504, 0x42db, 0x439c, 0x4541, 0x433e, 0x43fe, 0x4578,
    0x437d, 0x4420, 0x459e, 0x433a, 0x4404, 0x458b, 0x4317, 0x43eb, 0x4584, 0x4321, 0x43f7, 0x4593,
    0x4310, 0x43ed, 0x4592, 0x4310, 0x43de, 0x4571, 0x4220, 0x42c2, 0x4478, 0x4070, 0x40d4, 0x41c6,
    0x3f2d, 0x3fa4, 0x4020, 0x3dbd, 0x3e1f, 0x3e36, 0x3da2, 0x3ded, 0x3ddd, 0x3da8, 0x3ddc, 0x3da1,
    0x3ce2, 0x3d0a, 0x3c8c, 0x3bdb, 0x3c0e, 0x3ab6, 0x3c2a, 0x3c2d, 0x3a96, 0x3db2, 0x3da2, 0x3cc0,
    0x3e80, 0x3fee, 0x41b7, 0x3e01, 0x3f55, 0x4139, 0x3ce1, 0x3dfc, 0x400c, 0x3caf, 0x3dbf, 0x3f8e,
    0x3dac, 0x3eed, 0x40c8, 0x3f46, 0x4067, 0x4280, 0x4017, 0x40ec, 0x437a, 0x4041, 0x411a, 0x43ce,
    0x4058, 0x4130, 0x43f0, 0x4076, 0x414e, 0x440a, 0x4095, 0x416d, 0x441c, 0x40ac, 0x4184, 0x4428,
    0x40d6, 0x41ae, 0x4442, 0x4144, 0x421a, 0x447d, 0x41e8, 0x42bb, 0x44d4, 0x429d, 0x436c, 0x4533,
    0x4354, 0x440f, 0x4590, 0x43dd, 0x4451, 0x45d4, 0x4409, 0x446b, 0x45f1, 0x4409, 0x446b, 0x45fa,
    0x43c1, 0x4448, 0x45e0, 0x43cd, 0x444b, 0x45d1, 0x42f9, 0x439a, 0x44ef, 0x4130, 0x4190, 0x4296,
    0x40da, 0x411f, 0x41c5, 0x3fdf, 0x4027, 0x4076, 0x3e2b, 0x3e75, 0x3e7b, 0x3da6, 0x3dd6, 0x3d92,
    0x3d5c, 0x3d7e, 0x3d03, 0x3cce, 0x3ce5, 0x3c33, 0x3c7f, 0x3c8b, 0x3b7e, 0x3c6b, 0x3c73, 0x3b3f,
    0x3f94, 0x4095, 0x42a8, 0x3f0d, 0x4042, 0x4211, 0x3ea6, 0x4001, 0x4193, 0x3f26, 0x404b, 0x420c,
    0x400c, 0x40da, 0x430e, 0x406c, 0x4148, 0x43e0, 0x4094, 0x4175, 0x441d, 0x409b, 0x417e, 0x442a,
    0x4095, 0x4177, 0x4429, 0x4097, 0x417a, 0x442c, 0x409a, 0x417d, 0x442e, 0x4097, 0x417c, 0x442f,
    0x4098, 0x4180, 0x4434, 0x40b7, 0x419e, 0x4447, 0x4102, 0x41e9, 0x4471, 0x4177, 0x425c, 0x44af,
    0x423b, 0x4319, 0x4510, 0x4341, 0x4409, 0x458b, 0x4428, 0x4486, 0x4602, 0x4468, 0x44c0, 0x463f,
    0x4456, 0x44b4, 0x463e, 0x445f, 0x44be, 0x4640, 0x4434, 0x4489, 0x45d3, 0x42ec, 0x435f, 0x4474,
    0x41b6, 0x41ff, 0x42ca, 0x40b0, 0x40e6, 0x414b, 0x3f10, 0x3f5c, 0x3f71, 0x3dcb, 0x3df9, 0x3daa,
    0x3df2, 0x3df9, 0x3d63, 0x3e80, 0x3e79, 0x3dc4, 0x3e8b, 0x3e6b, 0x3d7d, 0x3dfc, 0x3dd6, 0x3cdd,
    0x404c, 0x412c, 0x4391, 0x4051, 0x412a, 0x437b, 0x4071, 0x4148, 0x439b, 0x40bc, 0x419a, 0x440f,
    0x40f8, 0x41dd, 0x444c, 0x4118, 0x4200, 0x446f, 0x4121, 0x420a, 0x447d, 0x410e, 0x41f8, 0x4476,
    0x40f0, 0x41dc, 0x4468, 0x40de, 0x41cd, 0x4460, 0x40d1, 0x41c1, 0x445b, 0x40c5, 0x41b8, 0x4459,
    0x40bf, 0x41b4, 0x4459, 0x40d1, 0x41c6, 0x4467, 0x40f1, 0x41e5, 0x4479, 0x4130, 0x4223, 0x4499,
    0x418f, 0x427b, 0x44c1, 0x4229, 0x4307, 0x4502, 0x433b, 0x4401, 0x4577, 0x443c, 0x4493, 0x4605,
    0x44a1, 0x44f4, 0x4664, 0x44ec, 0x453e, 0x46ad, 0x4507, 0x4555, 0x46ad, 0x44b9, 0x44f7, 0x4606,
    0x436c, 0x43bc, 0x4471, 0x41be, 0x41f0, 0x426b, 0x40df, 0x4101, 0x412f, 0x3f9b, 0x3fb7, 0x3f82,
    0x3ec0, 0x3ecc, 0x3e4c, 0x3ff2, 0x3fd8, 0x3f27, 0x4013, 0x4002, 0x3f2f, 0x3f26, 0x3f05, 0x3e11,
    0x40bc, 0x41ac, 0x442f, 0x40ed, 0x41da, 0x444a, 0x412a, 0x4218, 0x4470, 0x416e, 0x425d, 0x449f,
    0x419d, 0x428b, 0x44c1, 0x41ad, 0x429a, 0x44cf, 0x41b0, 0x429d, 0x44d4, 0x4199, 0x4289, 0x44ca,
    0x4176, 0x4269, 0x44b9, 0x4153, 0x424b, 0x44a9, 0x4131, 0x422b, 0x449b, 0x4120, 0x421e, 0x4497,
    0x411e, 0x421d, 0x449b, 0x4133, 0x4233, 0x44aa, 0x4155, 0x4254, 0x44bd, 0x4187, 0x4280, 0x44cf,
    0x4190, 0x4279, 0x44b9, 0x4191, 0x4261, 0x4490, 0x4207, 0x42c3, 0x44b3, 0x42f4, 0x439f, 0x451c,
    0x4416, 0x4464, 0x45ae, 0x44bc, 0x4509, 0x465a, 0x455b, 0x45a0, 0x46eb, 0x45a6, 0x45dd, 0x46ff,
    0x44dc, 0x4501, 0x45c0, 0x4366, 0x438d, 0x4416, 0x4269, 0x427f, 0x42c6, 0x4150, 0x4159, 0x415d,
    0x40b2, 0x40a7, 0x406b, 0x40b2, 0x409f, 0x4045, 0x4106, 0x40e4, 0x4072, 0x40c6, 0x409f, 0x4019,
    0x4118, 0x4213, 0x447c, 0x4152, 0x424b, 0x449e, 0x4197, 0x428f, 0x44c6, 0x41d6, 0x42cd, 0x44ea,
    0x4212, 0x4305, 0x450d, 0x422f, 0x4320, 0x451c, 0x4235, 0x4326, 0x4520, 0x422d, 0x4322, 0x451e,
    0x421a, 0x4313, 0x4516, 0x41f8, 0x42f5, 0x4508, 0x41c9, 0x42c9, 0x44f3, 0x41ae, 0x42b2, 0x44eb,
    0x41ac, 0x42b3, 0x44f0, 0x41bb, 0x42c3, 0x44fd, 0x41d1, 0x42d8, 0x4508, 0x41d3, 0x42cd, 0x44f4,
    0x4169, 0x423d, 0x447b, 0x40a5, 0x4143, 0x435f, 0x4085, 0x4108, 0x42dd, 0x40ef, 0x416a, 0x4339,
    0x41c6, 0x423d, 0x4408, 0x434f, 0x43d4, 0x44f6, 0x44a2, 0x44e4, 0x4608, 0x459e, 0x45d5, 0x46f6,
    0x45af, 0x45d2, 0x46b2, 0x4506, 0x4516, 0x4599, 0x4475, 0x4479, 0x44c3, 0x4401, 0x43f7, 0x4417,
    0x42e3, 0x42cb, 0x42b2, 0x424e, 0x4226, 0x41d0, 0x4239, 0x4204, 0x418f, 0x4279, 0x422f, 0x419c,
    0x3155, 0x3001, 0x2d99, 0x30ca, 0x2f7d, 0x2d9e, 0x30b1, 0x2f8b, 0x2dde, 0x30ac, 0x2f8e, 0x2df4,
    0x313b, 0x3033, 0x2e82, 0x31d4, 0x30a8, 0x2f0f, 0x31f8, 0x30cd, 0x2f4b, 0x31f7, 0x30c1, 0x2f3c,
    0x318a, 0x3066, 0x2ec9, 0x31c6, 0x3082, 0x2edc, 0x3283, 0x3108, 0x2f6d, 0x3266, 0x30ea, 0x2f14,
    0x3216, 0x30a2, 0x2e67, 0x31b1, 0x305c, 0x2dc9, 0x31df, 0x305f, 0x2d8b, 0x31d8, 0x3026, 0x2d5f,
    0x310e, 0x2f40, 0x2cd5, 0x3033, 0x2e25, 0x2c19, 0x2dfc, 0x2c75, 0x29e6, 0x2d6b, 0x2be9, 0x2931,
    0x2e0a, 0x2c78, 0x29d5, 0x2f5a, 0x2d9b, 0x2b1e, 0x30a0, 0x2f38, 0x2c79, 0x30f8, 0x2f94, 0x2cc1,
    0x306e, 0x2e71, 0x2c2b, 0x3053, 0x2e28, 0x2c05, 0x2fc0, 0x2d9b, 0x2b28, 0x2e1f, 0x2ca2, 0x29c1,
    0x2d6d, 0x2c5c, 0x2925, 0x2db1, 0x2c95, 0x295b, 0x2db1, 0x2c81, 0x299f, 0x2d3b, 0x2c26, 0x299b,
    0x31ac, 0x3032, 0x2daa, 0x3139, 0x2ff7, 0x2dcd, 0x30dd, 0x2fa9, 0x2ddb, 0x3096, 0x2f64, 0x2dcd,
    0x30f9, 0x2ffe, 0x2e33, 0x3194, 0x3070, 0x2eb8, 0x31d3, 0x30af, 0x2f16, 0x31d2, 0x30b4, 0x2f27,
    0x318b, 0x3075, 0x2eea, 0x3173, 0x3057, 0x2ec0, 0x31da, 0x3095, 0x2ef8, 0x31a6, 0x3067, 0x2ea4,
    0x318b, 0x3054, 0x2e61, 0x315d, 0x3029, 0x2deb, 0x31a1, 0x303b, 0x2dc1, 0x315d, 0x2ffe, 0x2d8c,
    0x3073, 0x2eab, 0x2cb4, 0x2ef3, 0x2d35, 0x2b42, 0x2d45, 0x2bd7, 0x2943, 0x2e18, 0x2c59, 0x298b,
    0x2eae, 0x2cdb, 0x2a46, 0x2fac, 0x2daa, 0x2b35, 0x301d, 0x2e37, 0x2bec, 0x2ffc, 0x2df4, 0x2bb4,
    0x2f60, 0x2d54, 0x2b08, 0x2eee, 0x2cf6, 0x2a7a, 0x2e18, 0x2c6c, 0x2995, 0x2d4d, 0x2bff, 0x28e4,
    0x2ccd, 0x2b8d, 0x2891, 0x2cf4, 0x2bc1, 0x28cc, 0x2ccf, 0x2b85, 0x28dd, 0x2ca2, 0x2b4f, 0x290d,
    0x3169, 0x2ffd, 0x2d49, 0x312f, 0x2fd8, 0x2d99, 0x310f, 0x2fc4, 0x2dd2, 0x3082, 0x2f31, 0x2da3,
    0x30a4, 0x2f84, 0x2dec, 0x312a, 0x3025, 0x2e5d, 0x3184, 0x3075, 0x2ed1, 0x31a8, 0x309d, 0x2f15,
    0x313f, 0x3052, 0x2ed2, 0x30e2, 0x3008, 0x2e89, 0x30fc, 0x300a, 0x2e7f, 0x30eb, 0x2fd7, 0x2e37,
    0x30ed, 0x2fe8, 0x2e2e, 0x3114, 0x3009, 0x2e1b, 0x30dc, 0x2f95, 0x2d9b, 0x304b, 0x2eca, 0x2d2d,
    0x2ee2, 0x2d78, 0x2c36, 0x2d7d, 0x2c52, 0x2a73, 0x2ca5, 0x2b1a, 0x28f5, 0x2dc9, 0x2c41, 0x299c,
    0x2e56, 0x2ca9, 0x2a33, 0x2efc, 0x2d2b, 0x2afe, 0x2e8d, 0x2ced, 0x2abb, 0x2e1c, 0x2c8e, 0x2a35,
    0x2dc9, 0x2c40, 0x29cd, 0x2d7a, 0x2bff, 0x2959, 0x2d22, 0x2ba3, 0x2905, 0x2cc5, 0x2b54, 0x28c5,
    0x2c9a, 0x2b2f, 0x28bf, 0x2c9b, 0x2b28, 0x28be, 0x2c45, 0x2ab4, 0x2888, 0x2c07, 0x2a63, 0x2890,
    0x3143, 0x2fd1, 0x2d29, 0x30d5, 0x2f59, 0x2d27, 0x30b8, 0x2f55, 0x2d70, 0x305a, 0x2ef2, 0x2d6f,
    0x3064, 0x2f1e, 0x2da3, 0x30d4, 0x2fc4, 0x2e02, 0x312f, 0x3031, 0x2e70, 0x3142, 0x304e, 0x2ebb,
    0x30db, 0x300f, 0x2e95, 0x307a, 0x2f93, 0x2e50, 0x305e, 0x2f52, 0x2e1b, 0x304b, 0x2f19, 0x2ddd,
    0x3061, 0x2f3d, 0x2deb, 0x3093, 0x2f7a, 0x2df2, 0x304d, 0x2eed, 0x2d6b, 0x2f47, 0x2dff, 0x2cdd,
    0x2dce, 0x2cd0, 0x2be0, 0x2cb5, 0x2bcf, 0x2a45, 0x2c29, 0x2ac5, 0x2924, 0x2cb2, 0x2b55, 0x293c,
    0x2d25, 0x2be1, 0x29aa, 0x2d88, 0x2c33, 0x2a1d, 0x2d32, 0x2be5, 0x29ab, 0x2cfa, 0x2b9f, 0x297a,
    0x2ce8, 0x2b5d, 0x2944, 0x2cbd, 0x2b22, 0x290f, 0x2c8d, 0x2b0f, 0x28f2, 0x2c7c, 0x2b0d, 0x28ec,
    0x2c58, 0x2ad9, 0x28e4, 0x2c2c, 0x2a96, 0x28b5, 0x2bbd, 0x2a33, 0x2890, 0x2b72, 0x2a0c, 0x28a4,
    0x30fe, 0x2f7e, 0x2cf5, 0x3094, 0x2f08, 0x2ce5, 0x3071, 0x2f03, 0x2d2c, 0x301d, 0x2eb4, 0x2d3e,
    0x3019, 0x2ec9, 0x2d73, 0x3065, 0x2f31, 0x2daf, 0x30bd, 0x2fbf, 0x2e0a, 0x30a6, 0x2fbb, 0x2e29,
    0x3063, 0x2f73, 0x2e21, 0x3041, 0x2f3d, 0x2e0f, 0x301a, 0x2ee3, 0x2dbc, 0x2ff2, 0x2ea9, 0x2d91,
    0x3007, 0x2ed5, 0x2dbb, 0x302d, 0x2efa, 0x2dbd, 0x2fed, 0x2e8d, 0x2d59, 0x2e80, 0x2d83, 0x2caf,
    0x2d87, 0x2cb5, 0x2bf7, 0x2c8e, 0x2bdc, 0x2aaf, 0x2c51, 0x2b44, 0x29ed, 0x2c58, 0x2b0e, 0x297b,
    0x2cbd, 0x2b73, 0x29ac, 0x2d04, 0x2ba9, 0x29ba, 0x2cd9, 0x2b92, 0x29bf, 0x2c73, 0x2b0e, 0x2969,
    0x2c6d, 0x2aef, 0x2946, 0x2c39, 0x2ab3, 0x2917, 0x2c32, 0x2acc, 0x2932, 0x2c37, 0x2ac5, 0x293a,
    0x2c09, 0x2a8c, 0x2921, 0x2bc0, 0x2a68, 0x2921, 0x2b8c, 0x2a5b, 0x293a, 0x2b9c, 0x2a8a, 0x2985,
    0x30a5, 0x2f13, 0x2ca6, 0x302f, 0x2e80, 0x2c77, 0x3014, 0x2e7e, 0x2cb7, 0x2f95, 0x2e36, 0x2cda,
    0x2fa2, 0x2e5f, 0x2d26, 0x2fd4, 0x2e93, 0x2d59, 0x302c, 0x2ef2, 0x2d99, 0x3017, 0x2ef0, 0x2db2,
    0x2ff6, 0x2ee1, 0x2dc0, 0x3019, 0x2ef3, 0x2dca, 0x302f, 0x2ee0, 0x2d95, 0x2fef, 0x2e97, 0x2d67,
    0x2fa7, 0x2e8d, 0x2d8c, 0x2f85, 0x2e6d, 0x2d6d, 0x2efb, 0x2dfd, 0x2d24, 0x2e43, 0x2d71, 0x2cbf,
    0x2d70, 0x2cba, 0x2c1e, 0x2cbd, 0x2c2f, 0x2b62, 0x2c7a, 0x2b9e, 0x2a7c, 0x2ca6, 0x2b99, 0x2a23,
    0x2d09, 0x2c04, 0x2a4f, 0x2d0c, 0x2c09, 0x2a67, 0x2cc8, 0x2bdf, 0x2a67, 0x2c48, 0x2b2b, 0x29d7,
    0x2c02, 0x2aa9, 0x2968, 0x2c00, 0x2aab, 0x2971, 0x2c16, 0x2ae6, 0x29bc, 0x2c33, 0x2af7, 0x29c8,
    0x2bd1, 0x2aaf, 0x29b9, 0x2b8b, 0x2aa2, 0x29d2, 0x2bd2, 0x2b01, 0x2a3c, 0x2c2c, 0x2b83, 0x2ac2,
    0x3098, 0x2eff, 0x2c77, 0x3008, 0x2e3f, 0x2c2a, 0x2f9c, 0x2e0a, 0x2c50, 0x2f63, 0x2df4, 0x2c86,
    0x2f72, 0x2e08, 0x2cb1, 0x2f8f, 0x2e48, 0x2cff, 0x2f72, 0x2e4f, 0x2d32, 0x2f6d, 0x2e6b, 0x2d72,
    0x2f61, 0x2e6c, 0x2d84, 0x2fad, 0x2e90, 0x2d8c, 0x302c, 0x2ecd, 0x2d6d, 0x2f9a, 0x2e53, 0x2d28,
    0x2ed6, 0x2df6, 0x2d23, 0x2ec9, 0x2df2, 0x2d2e, 0x2eba, 0x2de6, 0x2d26, 0x2e58, 0x2d92, 0x2cdc,
    0x2d69, 0x2ccd, 0x2c3f, 0x2caa, 0x2c36, 0x2bb6, 0x2c70, 0x2bb4, 0x2acb, 0x2d06, 0x2c21, 0x2ac8,
    0x2d73, 0x2c70, 0x2b27, 0x2d31, 0x2c70, 0x2b85, 0x2cd6, 0x2c34, 0x2b34, 0x2c5d, 0x2b8d, 0x2a6d,
    0x2c22, 0x2b05, 0x29f1, 0x2c36, 0x2b2e, 0x2a2a, 0x2c43, 0x2b5a, 0x2a58, 0x2c34, 0x2b4b, 0x2a56,
    0x2c16, 0x2b37, 0x2a60, 0x2c1c, 0x2b6d, 0x2ab7, 0x2c58, 0x2be7, 0x2b2b, 0x2ca0, 0x2c33, 0x2b95,
    0x3055, 0x2e8b, 0x2c15, 0x2fd7, 0x2e10, 0x2be9, 0x2f9c, 0x2e00, 0x2c35, 0x2f66, 0x2df2, 0x2c70,
    0x2f16, 0x2dc0, 0x2c68, 0x2f64, 0x2e10, 0x2caf, 0x2f21, 0x2df5, 0x2cd4, 0x2f46, 0x2e2c, 0x2d27,
    0x2f34, 0x2e27, 0x2d39, 0x2f75, 0x2e49, 0x2d3f, 0x2fa6, 0x2e5a, 0x2d22, 0x2eb5, 0x2dc7, 0x2cda,
    0x2df2, 0x2d53, 0x2ccb, 0x2e0f, 0x2d7c, 0x2d01, 0x2e1c, 0x2d81, 0x2cfa, 0x2dcf, 0x2d34, 0x2cb6,
    0x2d1d, 0x2cb1, 0x2c58, 0x2ca9, 0x2c44, 0x2be8, 0x2c91, 0x2c06, 0x2b25, 0x2d23, 0x2c5b, 0x2b5d,
    0x2d5d, 0x2c99, 0x2be0, 0x2d4b, 0x2cb2, 0x2c28, 0x2cf5, 0x2c6a, 0x2be0, 0x2cba, 0x2c1a, 0x2b30,
    0x2c8d, 0x2bca, 0x2add, 0x2cd4, 0x2bfb, 0x2b13, 0x2c95, 0x2bf1, 0x2b0d, 0x2c96, 0x2c11, 0x2b40,
    0x2c98, 0x2c24, 0x2b80, 0x2cb3, 0x2c44, 0x2bc3, 0x2d12, 0x2c96, 0x2c23, 0x2d52, 0x2cc4, 0x2c38,
    0x2f14, 0x2d62, 0x2ad6, 0x2ee7, 0x2d56, 0x2b00, 0x2ef3, 0x2d8e, 0x2bbf, 0x2eb3, 0x2d71, 0x2c0a,
    0x2e81, 0x2d56, 0x2c24, 0x2ebe, 0x2d89, 0x2c5e, 0x2ef1, 0x2d9e, 0x2c85, 0x2f7a, 0x2df5, 0x2cd4,
    0x2f90, 0x2e27, 0x2cf5, 0x2f68, 0x2e0e, 0x2cde, 0x2efe, 0x2de1, 0x2cdc, 0x2e3c, 0x2d75, 0x2cc2,
    0x2d88, 0x2d15, 0x2cbb, 0x2d77, 0x2d10, 0x2cca, 0x2d4e, 0x2cf9, 0x2cc3, 0x2d22, 0x2cd1, 0x2c9f,
    0x2cc7, 0x2c7a, 0x2c49, 0x2c98, 0x2c48, 0x2c08, 0x2cc5, 0x2c46, 0x2b9c, 0x2cd1, 0x2c5e, 0x2bc0,
    0x2cdb, 0x2c61, 0x2bed, 0x2d01, 0x2c97, 0x2c44, 0x2d11, 0x2c96, 0x2c39, 0x2d02, 0x2c75, 0x2c0a,
    0x2cdf, 0x2c5b, 0x2c07, 0x2d08, 0x2c6a, 0x2c07, 0x2d03, 0x2c7d, 0x2c16, 0x2d2a, 0x2cad, 0x2c3f,
    0x2d4e, 0x2ccb, 0x2c58, 0x2d8d, 0x2cf8, 0x2c75, 0x2de2, 0x2d3a, 0x2ca0, 0x2e1b, 0x2d5a, 0x2c9e,
    0x2f1a, 0x2d6b, 0x2ae8, 0x2e89, 0x2d11, 0x2aa0, 0x2e60, 0x2d1f, 0x2af2, 0x2e38, 0x2d11, 0x2b63,
    0x2e3f, 0x2d05, 0x2b93, 0x2e67, 0x2d2d, 0x2c08, 0x2e60, 0x2d3d, 0x2c43, 0x2f1c, 0x2da2, 0x2c8a,
    0x2f12, 0x2da7, 0x2c8a, 0x2efe, 0x2d9f, 0x2c87, 0x2e4f, 0x2d70, 0x2cae, 0x2e39, 0x2d87, 0x2ce6,
    0x2e41, 0x2daa, 0x2d21, 0x2d8d, 0x2d30, 0x2ce3, 0x2d26, 0x2cdd, 0x2cb4, 0x2cda, 0x2ca1, 0x2c87,
    0x2cc7, 0x2c88, 0x2c6d, 0x2cf5, 0x2c93, 0x2c4e, 0x2ce1, 0x2c77, 0x2c25, 0x2ca5, 0x2c4b, 0x2c02,
    0x2cd0, 0x2c57, 0x2be2, 0x2cd3, 0x2c7d, 0x2c39, 0x2cdf, 0x2c98, 0x2c62, 0x2cd7, 0x2c8d, 0x2c5a,
    0x2d1f, 0x2cb9, 0x2c6e, 0x2d5c, 0x2ce8, 0x2c8b, 0x2d96, 0x2d1b, 0x2cad, 0x2dd3, 0x2d3e, 0x2cb9,
    0x2de8, 0x2d45, 0x2cb9, 0x2e3e, 0x2d79, 0x2ccf, 0x2e82, 0x2d9e, 0x2cce, 0x2e67, 0x2d81, 0x2ca9,
    0x3007, 0x2e02, 0x2b66, 0x2eee, 0x2d50, 0x2ae6, 0x2e85, 0x2d2e, 0x2aff, 0x2e5e, 0x2d25, 0x2b37,
    0x2e21, 0x2cef, 0x2b47, 0x2e35, 0x2d09, 0x2bc1, 0x2dee, 0x2cfe, 0x2c1b, 0x2e26, 0x2d27, 0x2c44,
    0x2e71, 0x2d56, 0x2c74, 0x2e84, 0x2d60, 0x2c77, 0x2e6d, 0x2d76, 0x2c92, 0x2e55, 0x2d81, 0x2cb3,
    0x2e68, 0x2da4, 0x2ce6, 0x2df0, 0x2d64, 0x2ce7, 0x2e14, 0x2d72, 0x2cee, 0x2d70, 0x2cf7, 0x2c8d,
    0x2ce3, 0x2c8b, 0x2c4e, 0x2cd1, 0x2c85, 0x2c58, 0x2cc3, 0x2c75, 0x2c47, 0x2cc7, 0x2c74, 0x2c34,
    0x2d04, 0x2c8c, 0x2c23, 0x2cd6, 0x2c7a, 0x2c30, 0x2cd7, 0x2ca4, 0x2c7e, 0x2d25, 0x2ce6, 0x2cbc,
    0x2dbb, 0x2d48, 0x2cec, 0x2e13, 0x2d8b, 0x2d0f, 0x2e3a, 0x2da5, 0x2d19, 0x2e8d, 0x2dd0, 0x2d27,
    0x2e74, 0x2db8, 0x2d14, 0x2e71, 0x2daa, 0x2cf8, 0x2e84, 0x2da6, 0x2cda, 0x2e9f, 0x2db8, 0x2ce0,
    0x3010, 0x2e0d, 0x2b5f, 0x2f82, 0x2da7, 0x2b01, 0x2f01, 0x2d62, 0x2af4, 0x2e87, 0x2d32, 0x2b04,
    0x2e02, 0x2cea, 0x2b0f, 0x2de9, 0x2ce7, 0x2b7f, 0x2dee, 0x2d0d, 0x2c08, 0x2ddc, 0x2d08, 0x2c23,
    0x2e17, 0x2d24, 0x2c3f, 0x2ea9, 0x2d77, 0x2c59, 0x2f30, 0x2dd1, 0x2c78, 0x2f49, 0x2dfb, 0x2c9b,
    0x2ed8, 0x2d9d, 0x2c72, 0x2dae, 0x2d07, 0x2c74, 0x2dd7, 0x2d37, 0x2cac, 0x2d5f, 0x2ce3, 0x2c5a,
    0x2d04, 0x2c97, 0x2c35, 0x2cc9, 0x2c70, 0x2c2e, 0x2c6a, 0x2c30, 0x2c0d, 0x2c96, 0x2c48, 0x2c09,
    0x2cd8, 0x2c6e, 0x2c0e, 0x2cce, 0x2c5c, 0x2bfb, 0x2d04, 0x2cc6, 0x2c93, 0x2d9a, 0x2d5d, 0x2d23,
    0x2e93, 0x2dfd, 0x2d70, 0x2ee2, 0x2e32, 0x2d89, 0x2f0d, 0x2e39, 0x2d79, 0x2f83, 0x2e7c, 0x2d93,
    0x2f66, 0x2e6f, 0x2d9c, 0x2efa, 0x2e27, 0x2d6d, 0x2ed5, 0x2e05, 0x2d43, 0x2f2e, 0x2e47, 0x2d67,
    0x3034, 0x2e46, 0x2b9e, 0x2f23, 0x2d84, 0x2abb, 0x2ec8, 0x2d5f, 0x2a97, 0x2e4f, 0x2d0e, 0x2aae,
    0x2df6, 0x2cdc, 0x2adc, 0x2dbc, 0x2cc2, 0x2b3e, 0x2df9, 0x2d09, 0x2bf8, 0x2de1, 0x2d08, 0x2c1f,
    0x2e3c, 0x2d3e, 0x2c4c, 0x2eb6, 0x2d77, 0x2c48, 0x2f3b, 0x2dd5, 0x2c80, 0x2f54, 0x2e0a, 0x2cb4,
    0x2e43, 0x2d7c, 0x2c70, 0x2d39, 0x2cc8, 0x2c51, 0x2cde, 0x2c7d, 0x2c1f, 0x2ccd, 0x2c8b, 0x2c3a,
    0x2cf2, 0x2c8a, 0x2c25, 0x2c9f, 0x2c44, 0x2bef, 0x2c24, 0x2c02, 0x2bd7, 0x2c2c, 0x2bf7, 0x2bba,
    0x2c3e, 0x2c00, 0x2baf, 0x2cac, 0x2c59, 0x2c28, 0x2d36, 0x2d08, 0x2ce8, 0x2e0d, 0x2dd2, 0x2d86,
    0x2e5a, 0x2dfc, 0x2d90, 0x2eb4, 0x2e23, 0x2d93, 0x2f41, 0x2e5b, 0x2d8a, 0x3000, 0x2ece, 0x2dcc,
    0x3029, 0x2f16, 0x2e0f, 0x2f86, 0x2e92, 0x2db7, 0x2f7f, 0x2e91, 0x2dad, 0x3000, 0x2ef1, 0x2de4,
    0x304b, 0x2e5d, 0x2bb3, 0x2f53, 0x2d93, 0x2ad5, 0x2e67, 0x2d0f, 0x2a65, 0x2df4, 0x2cd0, 0x2a7e,
    0x2de9, 0x2ccf, 0x2ad2, 0x2e46, 0x2d16, 0x2b9e, 0x2e46, 0x2d2e, 0x2c16, 0x2e01, 0x2d10, 0x2c24,
    0x2e12, 0x2d26, 0x2c43, 0x2e6e, 0x2d46, 0x2c3f, 0x2f11, 0x2db1, 0x2c72, 0x2f55, 0x2de8, 0x2cbc,
    0x2dd3, 0x2d27, 0x2c8d, 0x2d20, 0x2ca7, 0x2c2f, 0x2cd4, 0x2c6f, 0x2c0c, 0x2c97, 0x2c73, 0x2c21,
    0x2cac, 0x2c75, 0x2c27, 0x2d00, 0x2c80, 0x2c01, 0x2cb2, 0x2c5f, 0x2c10, 0x2c69, 0x2c34, 0x2c0b,
    0x2c71, 0x2c3e, 0x2c20, 0x2cc3, 0x2c8d, 0x2c7f, 0x2d28, 0x2d09, 0x2d01, 0x2db3, 0x2d7e, 0x2d45,
    0x2e25, 0x2dcb, 0x2d6a, 0x2ea3, 0x2e0b, 0x2d7c, 0x2f4e, 0x2e67, 0x2d9b, 0x2ff5, 0x2ed1, 0x2dd0,
    0x2fde, 0x2ed3, 0x2de1, 0x2ffa, 0x2ef9, 0x2e04, 0x3058, 0x2f85, 0x2e59, 0x30ca, 0x3014, 0x2eb5,
    0x2f66, 0x2d9d, 0x2b18, 0x2eb5, 0x2d1e, 0x2a68, 0x2e21, 0x2cbe, 0x2a14, 0x2df0, 0x2caf, 0x2a63,
    0x2e1f, 0x2ce8, 0x2af4, 0x2ea5, 0x2d41, 0x2ba4, 0x2e8b, 0x2d51, 0x2c1a, 0x2e18, 0x2d23, 0x2c2a,
    0x2e0c, 0x2d1c, 0x2c2b, 0x2e3a, 0x2d42, 0x2c52, 0x2eda, 0x2da9, 0x2c88, 0x2e51, 0x2d65, 0x2c97,
    0x2d72, 0x2cdf, 0x2c5c, 0x2d31, 0x2c9a, 0x2c0d, 0x2d22, 0x2c95, 0x2c13, 0x2d34, 0x2ce6, 0x2c86,
    0x2d1a, 0x2cd0, 0x2c58, 0x2def, 0x2d2a, 0x2c47, 0x2dde, 0x2d10, 0x2c3b, 0x2d76, 0x2cfa, 0x2c75,
    0x2d52, 0x2cfd, 0x2ca1, 0x2d70, 0x2d25, 0x2cf0, 0x2d98, 0x2d5b, 0x2d2e, 0x2e14, 0x2dbb, 0x2d62,
    0x2e91, 0x2e05, 0x2d7d, 0x2ecc, 0x2e32, 0x2d9e, 0x2f45, 0x2e82, 0x2dc8, 0x2fee, 0x2ef2, 0x2e02,
    0x302d, 0x2f31, 0x2e0f, 0x3093, 0x2fd1, 0x2e77, 0x3136, 0x306a, 0x2f24, 0x321c, 0x3120, 0x3006,
    0x2ede, 0x2d54, 0x2acc, 0x2e59, 0x2cf9, 0x2a3a, 0x2e63, 0x2d00, 0x2a3b, 0x2ec6, 0x2d40, 0x2ae9,
    0x2f40, 0x2d99, 0x2bad, 0x2fa6, 0x2ddd, 0x2c1b, 0x2f0e, 0x2da6, 0x2c3f, 0x2e80, 0x2d6a, 0x2c4d,
    0x2ea1, 0x2d79, 0x2c42, 0x2eb8, 0x2dbf, 0x2c6d, 0x2e9f, 0x2db9, 0x2cb1, 0x2e48, 0x2d83, 0x2cac,
    0x2e02, 0x2d54, 0x2c8b, 0x2dae, 0x2cdf, 0x2c2c, 0x2d74, 0x2cb1, 0x2c16, 0x2da7, 0x2cfd, 0x2c69,
    0x2d76, 0x2cec, 0x2c56, 0x2e98, 0x2d8e, 0x2c7d, 0x2e7a, 0x2d8c, 0x2ca2, 0x2e34, 0x2d80, 0x2cd3,
    0x2f2d, 0x2dc9, 0x2d06, 0x2ef9, 0x2dd4, 0x2d35, 0x2e3a, 0x2db9, 0x2d44, 0x2dfb, 0x2dac, 0x2d5a,
    0x2e5a, 0x2ded, 0x2d79, 0x2ef1, 0x2e5d, 0x2dc1, 0x2fcc, 0x2ed8, 0x2df6, 0x3058, 0x2f5b, 0x2e27,
    0x309a, 0x2fe8, 0x2e90, 0x3130, 0x306a, 0x2f29, 0x322f, 0x312b, 0x3007, 0x3388, 0x322a, 0x3095,
    0x303b, 0x2e58, 0x2bb4, 0x2fd7, 0x2df9, 0x2ae1, 0x2fdc, 0x2e10, 0x2ad7, 0x2feb, 0x2e19, 0x2b93,
    0x304d, 0x2e86, 0x2c57, 0x3043, 0x2e7b, 0x2c70, 0x2f75, 0x2de0, 0x2c3b, 0x2f2d, 0x2dcd, 0x2c57,
    0x2f02, 0x2ddf, 0x2c88, 0x2e3c, 0x2d6a, 0x2c43, 0x2e33, 0x2d5c, 0x2c73, 0x2e4c, 0x2d88, 0x2cbc,
    0x2e5c, 0x2da5, 0x2cd9, 0x2dd3, 0x2d17, 0x2c74, 0x2e11, 0x2d2d, 0x2c6e, 0x2e2d, 0x2d57, 0x2c9a,
    0x2daa, 0x2d10, 0x2c6b, 0x2f23, 0x2df8, 0x2cbd, 0x2f7e, 0x2e2f, 0x2cef, 0x2f2f, 0x2e09, 0x2d0a,
    0x2fc1, 0x2e1c, 0x2d1e, 0x2f47, 0x2e2a, 0x2d7e, 0x2e6f, 0x2df3, 0x2d7d, 0x2dfd, 0x2dc5, 0x2d6b,
    0x2e6d, 0x2e1b, 0x2daf, 0x2f2f, 0x2ea4, 0x2dff, 0x2ff8, 0x2f29, 0x2e49, 0x3064, 0x2fb9, 0x2e97,
    0x3112, 0x3064, 0x2f42, 0x3203, 0x3114, 0x3001, 0x336e, 0x3217, 0x308d, 0x3482, 0x3324, 0x3109,
    0x30d3, 0x2f16, 0x2c3d, 0x30ab, 0x2ee0, 0x2be7, 0x304c, 0x2e6b, 0x2b6d, 0x300d, 0x2e31, 0x2bf2,
    0x3015, 0x2e47, 0x2c4c, 0x2fe9, 0x2e17, 0x2c3d, 0x2f66, 0x2dd8, 0x2c24, 0x2f29, 0x2dd8, 0x2c47,
    0x2ef3, 0x2dd2, 0x2c64, 0x2e8e, 0x2d7b, 0x2c5d, 0x2e54, 0x2d4c, 0x2c54, 0x2e09, 0x2d4b, 0x2c90,
    0x2e2f, 0x2d68, 0x2caa, 0x2ddb, 0x2d4d, 0x2cb7, 0x2dcf, 0x2d1d, 0x2c7a, 0x2db1, 0x2d34, 0x2cae,
    0x2e4e, 0x2da3, 0x2cd8, 0x2f27, 0x2e3e, 0x2d0e, 0x2f4f, 0x2e63, 0x2d2d, 0x2f57, 0x2e3d, 0x2d31,
    0x2f08, 0x2df6, 0x2d12, 0x2e79, 0x2ddb, 0x2d3b, 0x2e59, 0x2ddf, 0x2d5c, 0x2e20, 0x2dd8, 0x2d72,
    0x2e97, 0x2e3c, 0x2db9, 0x2f97, 0x2f04, 0x2e48, 0x3052, 0x2fcb, 0x2ec1, 0x3101, 0x305f, 0x2f47,
    0x3234, 0x3129, 0x3008, 0x3384, 0x320f, 0x3079, 0x348f, 0x3331, 0x310e, 0x3524, 0x33f2, 0x315e,
    0x3073, 0x2e9b, 0x2c18, 0x3027, 0x2e35, 0x2b8e, 0x2fed, 0x2df9, 0x2b96, 0x3009, 0x2e29, 0x2c2a,
    0x302a, 0x2e6d, 0x2c84, 0x2fe8, 0x2e26, 0x2c57, 0x2f28, 0x2db6, 0x2c00, 0x2ee1, 0x2da3, 0x2bda,
    0x2e99, 0x2d9e, 0x2c03, 0x2e94, 0x2d6f, 0x2c35, 0x2e80, 0x2d62, 0x2c55, 0x2e7f, 0x2d6a, 0x2c7e,
    0x2e80, 0x2d8e, 0x2ca6, 0x2e00, 0x2d6c, 0x2cba, 0x2de9, 0x2d6a, 0x2ccf, 0x2df1, 0x2d85, 0x2cec,
    0x2e60, 0x2ddb, 0x2d20, 0x2f3d, 0x2e79, 0x2d60, 0x300a, 0x2efc, 0x2d8b, 0x2f02, 0x2e65, 0x2d8e,
    0x2e71, 0x2def, 0x2d4b, 0x2e3e, 0x2dc2, 0x2d2e, 0x2e67, 0x2dd3, 0x2d49, 0x2ed9, 0x2e35, 0x2da5,
    0x2fa2, 0x2f00, 0x2e36, 0x304a, 0x2fdc, 0x2ee5, 0x30f4, 0x3066, 0x2f5d, 0x31e7, 0x3101, 0x2fe3,
    0x3372, 0x31f5, 0x3061, 0x3476, 0x32fb, 0x30e3, 0x351c, 0x33e0, 0x314a, 0x3559, 0x3419, 0x3169,
    0x307f, 0x2eb5, 0x2c29, 0x3004, 0x2e01, 0x2b70, 0x2fae, 0x2dca, 0x2b8a, 0x301b, 0x2e3e, 0x2c43,
    0x305a, 0x2ea8, 0x2caf, 0x2ffc, 0x2e43, 0x2c8c, 0x2f10, 0x2d97, 0x2c0d, 0x2ea5, 0x2d42, 0x2b64,
    0x2e8f, 0x2d61, 0x2bd8, 0x2efd, 0x2da9, 0x2c4c, 0x2f47, 0x2df9, 0x2c7f, 0x2f2b, 0x2dc1, 0x2c95,
    0x2e82, 0x2d8f, 0x2ca4, 0x2e79, 0x2d9b, 0x2c9b, 0x2e1b, 0x2d76, 0x2ca5, 0x2e06, 0x2da4, 0x2cfe,
    0x2eb5, 0x2e3e, 0x2d78, 0x2f1f, 0x2e84, 0x2d94, 0x2f4d, 0x2e62, 0x2d60, 0x2eb1, 0x2e26, 0x2d73,
    0x2e97, 0x2e24, 0x2d88, 0x2ef5, 0x2e61, 0x2da5, 0x2f56, 0x2e73, 0x2da7, 0x3014, 0x2eaa, 0x2db8,
    0x3029, 0x2f67, 0x2e6a, 0x30ae, 0x3032, 0x2f23, 0x319e, 0x30d8, 0x2fbc, 0x3317, 0x31d2, 0x304a,
    0x3422, 0x3293, 0x30a6, 0x34ac, 0x333c, 0x30e7, 0x3524, 0x33d6, 0x3123, 0x3543, 0x33fd, 0x3130,
    0x305b, 0x2e90, 0x2c15, 0x2fba, 0x2dce, 0x2b21, 0x2fc6, 0x2dd8, 0x2b65, 0x2fd6, 0x2df0, 0x2bff,
    0x2fbf, 0x2dee, 0x2c2f, 0x2f72, 0x2ddd, 0x2c4e, 0x2f15, 0x2d9d, 0x2c1e, 0x2eec, 0x2d78, 0x2bec,
    0x2f53, 0x2dc6, 0x2c39, 0x2fbd, 0x2e03, 0x2c62, 0x2f61, 0x2e00, 0x2c92, 0x2ef9, 0x2de7, 0x2ccc,
    0x2e6f, 0x2dae, 0x2cd4, 0x2e7c, 0x2dbb, 0x2cc4, 0x2e63, 0x2db0, 0x2cb8, 0x2e3e, 0x2ddb, 0x2d24,
    0x2e8b, 0x2e1b, 0x2d59, 0x2e7e, 0x2e0b, 0x2d4c, 0x2e61, 0x2de9, 0x2d45, 0x2e78, 0x2e25, 0x2d9a,
    0x2edd, 0x2e69, 0x2dc2, 0x2f95, 0x2ed6, 0x2de1, 0x3028, 0x2f5c, 0x2e36, 0x304b, 0x2f98, 0x2e6f,
    0x309e, 0x3025, 0x2efb, 0x310f, 0x308b, 0x2f7b, 0x31cd, 0x3110, 0x2ff6, 0x32e9, 0x31cd, 0x3057,
    0x33e1, 0x326a, 0x309f, 0x346d, 0x32f7, 0x30cb, 0x34c3, 0x3354, 0x30dd, 0x34df, 0x3370, 0x30e3,
    0x3085, 0x2ecc, 0x2c2f, 0x300b, 0x2e12, 0x2b63, 0x2f47, 0x2d77, 0x2adc, 0x2eee, 0x2d43, 0x2b1e,
    0x2e83, 0x2d18, 0x2b6a, 0x2e89, 0x2d3f, 0x2bee, 0x2ec4, 0x2d6c, 0x2c19, 0x2f16, 0x2da1, 0x2c35,
    0x2f9a, 0x2e08, 0x2c7b, 0x2f65, 0x2df3, 0x2c7d, 0x2f58, 0x2e09, 0x2ca7, 0x2f47, 0x2e44, 0x2d10,
    0x2eb7, 0x2df0, 0x2ce6, 0x2e61, 0x2dc2, 0x2cc5, 0x2e29, 0x2daf, 0x2cdc, 0x2e16, 0x2da3, 0x2ce8,
    0x2e42, 0x2db1, 0x2cea, 0x2e8c, 0x2dee, 0x2d19, 0x2eb1, 0x2e0c, 0x2d36, 0x2ec8, 0x2e4c, 0x2d8c,
    0x2f7a, 0x2eb6, 0x2dc0, 0x3050, 0x2f8a, 0x2e31, 0x30bd, 0x3024, 0x2eb9, 0x30fe, 0x3069, 0x2f32,
    0x3117, 0x308d, 0x2f75, 0x3149, 0x30c0, 0x2f93, 0x3202, 0x314c, 0x3000, 0x32b5, 0x31b9, 0x3051,
    0x336b, 0x322e, 0x3095, 0x3419, 0x329f, 0x30b9, 0x345f, 0x32e2, 0x30c0, 0x346f, 0x32ea, 0x30b4,
    0x301f, 0x2e5f, 0x2c0f, 0x2ef2, 0x2d5d, 0x2ace, 0x2e6e, 0x2cef, 0x2a69, 0x2e30, 0x2cd2, 0x2aa9,
    0x2e0d, 0x2cd8, 0x2b2d, 0x2e3c, 0x2d19, 0x2bd4, 0x2e92, 0x2d5d, 0x2c28, 0x2f31, 0x2dc0, 0x2c5d,
    0x2fd0, 0x2e2e, 0x2c90, 0x2fda, 0x2e56, 0x2cc2, 0x2fd5, 0x2e74, 0x2cf2, 0x2f7c, 0x2e79, 0x2d29,
    0x2ede, 0x2e24, 0x2d0b, 0x2e92, 0x2e13, 0x2cbb, 0x2e4f, 0x2ddb, 0x2ce4, 0x2e7c, 0x2ddf, 0x2cfb,
    0x2f3a, 0x2e42, 0x2d1c, 0x2f26, 0x2e2f, 0x2d14, 0x2f55, 0x2e69, 0x2d47, 0x2f69, 0x2ec1, 0x2d95,
    0x3039, 0x2f71, 0x2e1e, 0x30de, 0x3042, 0x2ee7, 0x3147, 0x309d, 0x2f63, 0x3192, 0x30e2, 0x2fcf,
    0x3167, 0x30ce, 0x2fc9, 0x3189, 0x30e5, 0x2fdd, 0x320a, 0x3145, 0x301b, 0x32ae, 0x31b4, 0x305e,
    0x3301, 0x31e8, 0x307e, 0x3371, 0x3228, 0x3094, 0x33d4, 0x325b, 0x309d, 0x341d, 0x3290, 0x30a2,
    0x3021, 0x2e74, 0x2c49, 0x2f21, 0x2d83, 0x2b2f, 0x2e9d, 0x2d1a, 0x2aad, 0x2eaa, 0x2d39, 0x2b27,
    0x2e52, 0x2d16, 0x2b70, 0x2e42, 0x2d2c, 0x2c01, 0x2e9e, 0x2d78, 0x2c4c, 0x2eb3, 0x2d7d, 0x2c4a,
    0x2f2c, 0x2dcc, 0x2c68, 0x3003, 0x2e79, 0x2cd6, 0x3052, 0x2f04, 0x2d39, 0x2fea, 0x2ec7, 0x2d4d,
    0x2ea6, 0x2e0d, 0x2d08, 0x2e74, 0x2e0a, 0x2cf1, 0x2eac, 0x2e1f, 0x2d13, 0x2f97, 0x2ebe, 0x2d7b,
    0x303b, 0x2f12, 0x2d7a, 0x3013, 0x2f05, 0x2da6, 0x3036, 0x2f53, 0x2dee, 0x3038, 0x2f60, 0x2e01,
    0x30fa, 0x3019, 0x2e94, 0x31ac, 0x30cf, 0x2f9f, 0x3192, 0x30e2, 0x2fd0, 0x316f, 0x30d6, 0x2fd9,
    0x318c, 0x30f3, 0x3003, 0x31b8, 0x30fd, 0x2ffd, 0x31cc, 0x310c, 0x3009, 0x326a, 0x3180, 0x3051,
    0x329a, 0x3199, 0x3058, 0x32d5, 0x31ba, 0x305d, 0x331b, 0x31e2, 0x3066, 0x336c, 0x3210, 0x3071,
    0x302f, 0x2e85, 0x2c5f, 0x2f8c, 0x2dc7, 0x2b79, 0x2f91, 0x2dbf, 0x2b53, 0x2eed, 0x2d69, 0x2b2b,
    0x2e41, 0x2d1c, 0x2b67, 0x2e22, 0x2d20, 0x2bf7, 0x2e0a, 0x2d19, 0x2c19, 0x2e06, 0x2d14, 0x2c15,
    0x2ebb, 0x2d91, 0x2c57, 0x2f91, 0x2e3d, 0x2cd2, 0x2fec, 0x2e91, 0x2d0e, 0x2f88, 0x2e73, 0x2d11,
    0x2f02, 0x2e4b, 0x2d27, 0x2f33, 0x2e6f, 0x2d41, 0x2ffd, 0x2ee7, 0x2d7a, 0x300d, 0x2f0c, 0x2da2,
    0x307a, 0x2fa2, 0x2dfa, 0x30c7, 0x3012, 0x2e52, 0x30ea, 0x303e, 0x2eb2, 0x3143, 0x306d, 0x2eed,
    0x324a, 0x30f0, 0x2f7d, 0x332d, 0x31a5, 0x3030, 0x31fe, 0x3117, 0x2ff1, 0x317d, 0x30cc, 0x2fb1,
    0x3152, 0x30ba, 0x2fb0, 0x3199, 0x30df, 0x2fbb, 0x318b, 0x30c8, 0x2f9d, 0x31b9, 0x30d8, 0x2fbb,
    0x3215, 0x3120, 0x300c, 0x328a, 0x3179, 0x3033, 0x32fc, 0x31c4, 0x3048, 0x3343, 0x31ed, 0x3052,
    0x3049, 0x2ea1, 0x2c72, 0x2fe2, 0x2dfd, 0x2baa, 0x2f46, 0x2d94, 0x2b0b, 0x2e83, 0x2d36, 0x2ad2,
    0x2e01, 0x2cf2, 0x2b1c, 0x2da8, 0x2cb8, 0x2b4c, 0x2d92, 0x2cc6, 0x2bb9, 0x2df6, 0x2d21, 0x2c25,
    0x2ed3, 0x2dc9, 0x2c9a, 0x2f9d, 0x2e64, 0x2d0d, 0x2fae, 0x2e83, 0x2d23, 0x2f8a, 0x2e83, 0x2d27,
    0x2f5d, 0x2e7b, 0x2d40, 0x3014, 0x2eff, 0x2d7c, 0x30bf, 0x2fda, 0x2df1, 0x3031, 0x2f3c, 0x2dcf,
    0x302a, 0x2f63, 0x2e15, 0x308b, 0x2ff1, 0x2e5a, 0x311a, 0x3056, 0x2eb9, 0x31b3, 0x30c3, 0x2f52,
    0x32a1, 0x314e, 0x2fee, 0x32d3, 0x3184, 0x3022, 0x3243, 0x3145, 0x300e, 0x31b2, 0x30ed, 0x2fd2,
    0x316e, 0x30bc, 0x2f9c, 0x3184, 0x30cc, 0x2f98, 0x3147, 0x3093, 0x2f3e, 0x3115, 0x3061, 0x2f23,
    0x3170, 0x309a, 0x2f74, 0x3227, 0x3127, 0x2fff, 0x32e6, 0x31ad, 0x3035, 0x3359, 0x31f6, 0x304b,
    0x3040, 0x2e9b, 0x2c7a, 0x2f7f, 0x2dbf, 0x2b81, 0x2f4c, 0x2da4, 0x2b55, 0x2f02, 0x2d85, 0x2b68,
    0x2dd9, 0x2cc2, 0x2aec, 0x2d4e, 0x2c71, 0x2ae7, 0x2d6c, 0x2cb1, 0x2ba5, 0x2df5, 0x2d36, 0x2c47,
    0x2f02, 0x2dfd, 0x2cd4, 0x301f, 0x2ee6, 0x2d66, 0x3033, 0x2f17, 0x2d89, 0x3020, 0x2f14, 0x2d98,
    0x3009, 0x2f04, 0x2daa, 0x305f, 0x2f5d, 0x2db5, 0x30b6, 0x2fcc, 0x2df2, 0x3056, 0x2f5f, 0x2de6,
    0x3001, 0x2f17, 0x2de9, 0x3036, 0x2f77, 0x2e38, 0x3085, 0x2fff, 0x2e8f, 0x3136, 0x307c, 0x2f2d,
    0x3270, 0x312f, 0x2fcb, 0x32b6, 0x3179, 0x301b, 0x3279, 0x3169, 0x3020, 0x31b6, 0x30ee, 0x2fd8,
    0x3165, 0x30ac, 0x2f7e, 0x313c, 0x308a, 0x2f47, 0x30ec, 0x304f, 0x2ef6, 0x309b, 0x3015, 0x2ecd,
    0x30f4, 0x3052, 0x2f25, 0x31d0, 0x30ed, 0x2fc3, 0x32b3, 0x3183, 0x301c, 0x332a, 0x31cf, 0x3032,
    0x300d, 0x2e54, 0x2c5e, 0x2f72, 0x2dbf, 0x2bb7, 0x2fa0, 0x2ddb, 0x2bc2, 0x2e95, 0x2d2a, 0x2b27,
    0x2d6b, 0x2c73, 0x2ab8, 0x2d2d, 0x2c6f, 0x2b24, 0x2d88, 0x2cdb, 0x2c09, 0x2e30, 0x2d69, 0x2c79,
    0x2f36, 0x2e30, 0x2cff, 0x3016, 0x2ef1, 0x2d84, 0x3049, 0x2f61, 0x2de1, 0x3027, 0x2f5f, 0x2dec,
    0x3019, 0x2f41, 0x2dd8, 0x306a, 0x2f83, 0x2deb, 0x30f5, 0x3015, 0x2e5d, 0x303a, 0x2f4b, 0x2e01,
    0x2f85, 0x2eda, 0x2ded, 0x2f6a, 0x2eec, 0x2e1f, 0x2fd8, 0x2f43, 0x2e5c, 0x3078, 0x3009, 0x2edf,
    0x3183, 0x30ad, 0x2f6d, 0x3222, 0x311c, 0x2fdf, 0x31f9, 0x310a, 0x2fdc, 0x3170, 0x30af, 0x2f85,
    0x3122, 0x3075, 0x2f3d, 0x30ed, 0x3047, 0x2ef8, 0x30b9, 0x3029, 0x2ee1, 0x3085, 0x300a, 0x2ecf,
    0x30d9, 0x304e, 0x2f2f, 0x3180, 0x30bf, 0x2f9f, 0x323f, 0x3135, 0x2ff2, 0x32cb, 0x318c, 0x3015,
    0x2fc4, 0x2e0a, 0x2c2b, 0x2f62, 0x2da8, 0x2b99, 0x2f02, 0x2d59, 0x2b2b, 0x2e0a, 0x2cc0, 0x2ab7,
    0x2d47, 0x2c6c, 0x2aed, 0x2d41, 0x2c93, 0x2b8d, 0x2dc1, 0x2d0f, 0x2c39, 0x2e7b, 0x2db3, 0x2cc0,
    0x2f55, 0x2e61, 0x2d43, 0x3004, 0x2ef9, 0x2dc0, 0x3031, 0x2f61, 0x2e1a, 0x3002, 0x2f39, 0x2dfa,
    0x3012, 0x2f36, 0x2dc6, 0x3043, 0x2f5e, 0x2df8, 0x305e, 0x2f81, 0x2e27, 0x2fa4, 0x2edf, 0x2dec,
    0x2f01, 0x2e96, 0x2de8, 0x2edd, 0x2e91, 0x2df6, 0x2f57, 0x2ef8, 0x2e4b, 0x3027, 0x2fa8, 0x2eb1,
    0x30b0, 0x302f, 0x2f0e, 0x311f, 0x3075, 0x2f44, 0x311f, 0x3070, 0x2f39, 0x3106, 0x3059, 0x2f13,
    0x30ca, 0x3033, 0x2ef0, 0x30ad, 0x3021, 0x2ee0, 0x30aa, 0x3027, 0x2ef6, 0x30b3, 0x3031, 0x2f04,
    0x30f3, 0x3064, 0x2f4b, 0x3168, 0x30b4, 0x2fa0, 0x31ed, 0x3103, 0x2fd1, 0x325b, 0x313e, 0x2fe8,
    0x2f7c, 0x2dc3, 0x2be2, 0x2f0e, 0x2d52, 0x2b12, 0x2ea4, 0x2d08, 0x2ac3, 0x2db0, 0x2c8c, 0x2aaf,
    0x2d2e, 0x2c6e, 0x2b2b, 0x2d49, 0x2cad, 0x2bf1, 0x2ddd, 0x2d3c, 0x2c7a, 0x2e84, 0x2dd1, 0x2cf6,
    0x2f6c, 0x2e78, 0x2d69, 0x3017, 0x2f1c, 0x2df3, 0x300f, 0x2f47, 0x2e36, 0x2fa3, 0x2efa, 0x2e02,
    0x2fdb, 0x2f00, 0x2dd6, 0x2fd8, 0x2f0c, 0x2dfc, 0x2f92, 0x2ede, 0x2df1, 0x2f06, 0x2e93, 0x2ddf,
    0x2ed8, 0x2e88, 0x2df0, 0x2ee5, 0x2ea6, 0x2e0f, 0x2f2a, 0x2eef, 0x2e51, 0x2fa5, 0x2f48, 0x2e91,
    0x3006, 0x2f95, 0x2ec9, 0x302c, 0x2fac, 0x2eb1, 0x304a, 0x2fbf, 0x2ea4, 0x307f, 0x2fed, 0x2ea2,
    0x307b, 0x2fe5, 0x2e9d, 0x307d, 0x3001, 0x2eca, 0x30a7, 0x301e, 0x2ee0, 0x30cd, 0x303f, 0x2f10,
    0x3108, 0x306e, 0x2f4c, 0x3158, 0x30a6, 0x2f8a, 0x31d3, 0x30ec, 0x2fb4, 0x324a, 0x312f, 0x2fd7,
    0x2ef9, 0x2d48, 0x2b17, 0x2ed0, 0x2d21, 0x2ad1, 0x2e07, 0x2cb5, 0x2aa9, 0x2d5b, 0x2c77, 0x2af5,
    0x2d37, 0x2c99, 0x2bbe, 0x2d84, 0x2cf7, 0x2c4d, 0x2df6, 0x2d72, 0x2cc8, 0x2e7d, 0x2dee, 0x2d37,
    0x2f1e, 0x2e74, 0x2da0, 0x2faa, 0x2eee, 0x2e04, 0x2f65, 0x2ed8, 0x2e10, 0x2f06, 0x2e9d, 0x2ded,
    0x2f19, 0x2ea4, 0x2de5, 0x2f2e, 0x2eb7, 0x2dff, 0x2f0d, 0x2ea1, 0x2df2, 0x2f21, 0x2eb7, 0x2e03,
    0x2f15, 0x2ec4, 0x2e21, 0x2f4d, 0x2f03, 0x2e4a, 0x2f71, 0x2f31, 0x2e70, 0x2f8c, 0x2f41, 0x2e93,
    0x2f8d, 0x2f37, 0x2e91, 0x2f98, 0x2f27, 0x2e71, 0x2fac, 0x2f17, 0x2e49, 0x3006, 0x2f42, 0x2e4a,
    0x302f, 0x2f75, 0x2e62, 0x3058, 0x2fc1, 0x2ea2, 0x30ad, 0x3013, 0x2ec5, 0x30df, 0x3035, 0x2edd,
    0x3105, 0x305d, 0x2f24, 0x316d, 0x30ad, 0x2f8a, 0x31e1, 0x30f4, 0x2fb7, 0x3267, 0x313e, 0x2fdc,
    0x2edf, 0x2d34, 0x2b00, 0x2e5a, 0x2d00, 0x2b2e, 0x2da8, 0x2cb7, 0x2b52, 0x2d5e, 0x2cb3, 0x2bd2,
    0x2d86, 0x2cf6, 0x2c45, 0x2dd3, 0x2d51, 0x2ca9, 0x2e15, 0x2dab, 0x2d16, 0x2e62, 0x2e05, 0x2d71,
    0x2eb2, 0x2e46, 0x2da9, 0x2f03, 0x2e7c, 0x2dcf, 0x2ee7, 0x2e76, 0x2dd1, 0x2eaa, 0x2e5c, 0x2dcb,
    0x2edf, 0x2e82, 0x2de6, 0x2ef7, 0x2e8f, 0x2df7, 0x2f0f, 0x2e9c, 0x2df1, 0x2f35, 0x2ec9, 0x2e1b,
    0x2f63, 0x2efd, 0x2e44, 0x2f86, 0x2f30, 0x2e68, 0x2fbe, 0x2f62, 0x2e79, 0x2fdc, 0x2f65, 0x2e90,
    0x2f8d, 0x2f1c, 0x2e6e, 0x2f64, 0x2eec, 0x2e40, 0x2f78, 0x2ee9, 0x2e2a, 0x2fb3, 0x2f06, 0x2e2a,
    0x3007, 0x2f3a, 0x2e43, 0x3051, 0x2f9e, 0x2e78, 0x30ae, 0x3001, 0x2e95, 0x30ee, 0x302d, 0x2ec1,
    0x311a, 0x305c, 0x2f0e, 0x3161, 0x309a, 0x2f5e, 0x31ec, 0x30f8, 0x2fae, 0x3272, 0x3148, 0x2fe0,
    0x4159, 0x425b, 0x44ac, 0x4190, 0x4290, 0x44cc, 0x41c9, 0x42c8, 0x44ec, 0x4209, 0x4306, 0x450e,
    0x424d, 0x4345, 0x4531, 0x4286, 0x437a, 0x454d, 0x42a4, 0x4396, 0x455a, 0x42b5, 0x43aa, 0x4564,
    0x42b5, 0x43ae, 0x4566, 0x42a6, 0x43a3, 0x4562, 0x4285, 0x4386, 0x4557, 0x426e, 0x4373, 0x4553,
    0x4258, 0x4361, 0x454e, 0x424e, 0x435a, 0x454e, 0x4244, 0x434e, 0x4546, 0x41f9, 0x42ed, 0x44f8,
    0x40cc, 0x417e, 0x43c1, 0x3ecb, 0x3f96, 0x4126, 0x3ddc, 0x3e68, 0x4030, 0x3e14, 0x3e92, 0x4035,
    0x3f36, 0x3fb8, 0x40d4, 0x40d5, 0x4126, 0x4262, 0x4307, 0x4367, 0x4482, 0x450a, 0x453b, 0x463a,
    0x45fc, 0x4621, 0x4715, 0x4620, 0x4631, 0x46ef, 0x45c7, 0x45c6, 0x4645, 0x4538, 0x4527, 0x455d,
    0x44a0, 0x4485, 0x4481, 0x440a, 0x43d0, 0x4377, 0x4404, 0x43b0, 0x432c, 0x4412, 0x43bf, 0x4329,
    0x4180, 0x428b, 0x44c6, 0x41b4, 0x42bd, 0x44e5, 0x41eb, 0x42f2, 0x4504, 0x4227, 0x432b, 0x4524,
    0x4269, 0x4366, 0x4544, 0x42a7, 0x439f, 0x4560, 0x42e2, 0x43d6, 0x457b, 0x4313, 0x4402, 0x458f,
    0x432d, 0x4411, 0x459c, 0x433b, 0x4419, 0x45a7, 0x4335, 0x4419, 0x45a9, 0x4325, 0x4413, 0x45a9,
    0x4306, 0x4406, 0x45a3, 0x42dd, 0x43e8, 0x4593, 0x42ac, 0x43b3, 0x4572, 0x4201, 0x42e7, 0x44de,
    0x4037, 0x40c7, 0x429c, 0x3d37, 0x3dbd, 0x3f92, 0x3c0f, 0x3c55, 0x3d63, 0x3c2b, 0x3c63, 0x3d51,
    0x3ccb, 0x3d08, 0x3e00, 0x3e59, 0x3ea9, 0x3fed, 0x4134, 0x4168, 0x425f, 0x44a0, 0x44c0, 0x4589,
    0x4662, 0x467e, 0x4770, 0x46e8, 0x46f4, 0x47c3, 0x46e1, 0x46cb, 0x473f, 0x45df, 0x45c3, 0x45e9,
    0x4501, 0x44d9, 0x44bc, 0x44b8, 0x4485, 0x444a, 0x452e, 0x44e3, 0x448b, 0x44ac, 0x4466, 0x440a,
    0x4193, 0x42a4, 0x44d2, 0x41c5, 0x42d4, 0x44f1, 0x41f8, 0x4305, 0x450c, 0x4239, 0x4343, 0x452f,
    0x4281, 0x4384, 0x4552, 0x42c0, 0x43bb, 0x456c, 0x42fb, 0x43ef, 0x4584, 0x4342, 0x4419, 0x459f,
    0x4378, 0x4432, 0x45b6, 0x43a0, 0x4447, 0x45ca, 0x43b8, 0x4456, 0x45da, 0x43c4, 0x445e, 0x45e9,
    0x43aa, 0x4454, 0x45e6, 0x4378, 0x443d, 0x45d1, 0x4311, 0x4407, 0x458e, 0x41f0, 0x42c0, 0x44a7,
    0x3f8a, 0x4038, 0x41b2, 0x3c32, 0x3c90, 0x3ddc, 0x3a33, 0x3a80, 0x3bca, 0x3ae4, 0x3b12, 0x3c17,
    0x3c00, 0x3c21, 0x3cc4, 0x3cbe, 0x3ceb, 0x3da6, 0x4009, 0x4020, 0x40ad, 0x442c, 0x4439, 0x44c7,
    0x467b, 0x4685, 0x474e, 0x470c, 0x4709, 0x47ab, 0x4707, 0x46eb, 0x473d, 0x4611, 0x45ed, 0x45fc,
    0x4559, 0x452d, 0x4510, 0x45d6, 0x458c, 0x4548, 0x45b2, 0x4560, 0x4508, 0x4520, 0x44ca, 0x4457,
    0x41aa, 0x42bf, 0x44dc, 0x41c9, 0x42de, 0x44f3, 0x41f5, 0x4308, 0x450d, 0x4231, 0x4341, 0x452d,
    0x4271, 0x437b, 0x454c, 0x42b1, 0x43b0, 0x4564, 0x42eb, 0x43e1, 0x4575, 0x4332, 0x440e, 0x4588,
    0x4378, 0x442d, 0x459c, 0x43be, 0x444e, 0x45ba, 0x43f3, 0x446c, 0x45da, 0x4413, 0x4488, 0x45ff,
    0x4417, 0x448f, 0x460c, 0x4406, 0x447f, 0x45fe, 0x4371, 0x4429, 0x4591, 0x41b5, 0x425d, 0x443e,
    0x3eac, 0x3f53, 0x40ca, 0x3b5e, 0x3be2, 0x3ced, 0x397a, 0x39b1, 0x3aa4, 0x3975, 0x3997, 0x3a48,
    0x3b0e, 0x3b43, 0x3c1d, 0x3c52, 0x3c70, 0x3ce7, 0x3e4a, 0x3e60, 0x3ee7, 0x4289, 0x4290, 0x4327,
    0x455f, 0x4562, 0x45dc, 0x4620, 0x4617, 0x4678, 0x464c, 0x4632, 0x465b, 0x465d, 0x4636, 0x4641,
    0x46bb, 0x467f, 0x466d, 0x474d, 0x46ef, 0x46ac, 0x4744, 0x46d1, 0x4661, 0x46ea, 0x4669, 0x45cb,
    0x41d8, 0x42ee, 0x44e7, 0x41db, 0x42f2, 0x44f3, 0x41fa, 0x4310, 0x450a, 0x4222, 0x4335, 0x4522,
    0x4250, 0x435e, 0x4539, 0x426d, 0x4373, 0x4541, 0x4287, 0x437e, 0x4538, 0x4292, 0x4372, 0x4516,
    0x42af, 0x4375, 0x44f8, 0x4310, 0x43cc, 0x4519, 0x439a, 0x442f, 0x456d, 0x4407, 0x446f, 0x45bc,
    0x4431, 0x449e, 0x45f8, 0x4431, 0x449f, 0x45fb, 0x4345, 0x43ff, 0x452d, 0x4094, 0x4102, 0x4272,
    0x3d55, 0x3dbc, 0x3f40, 0x3bb0, 0x3c0b, 0x3ced, 0x3921, 0x3953, 0x3a20, 0x3862, 0x387a, 0x38df,
    0x3953, 0x3972, 0x39e2, 0x3a6d, 0x3a89, 0x3ac8, 0x3c7e, 0x3c87, 0x3c9c, 0x4002, 0x4009, 0x4028,
    0x4216, 0x4222, 0x425f, 0x4339, 0x4334, 0x4346, 0x4457, 0x4446, 0x443a, 0x460d, 0x45e2, 0x45d3,
    0x47ca, 0x477d, 0x475e, 0x4892, 0x484e, 0x4818, 0x487f, 0x4831, 0x47bb, 0x485e, 0x4800, 0x4718,
    0x4219, 0x4321, 0x44e5, 0x4206, 0x4316, 0x44f0, 0x4215, 0x4328, 0x4505, 0x422e, 0x433d, 0x4519,
    0x4241, 0x434e, 0x4525, 0x4234, 0x433b, 0x4519, 0x41fd, 0x42ef, 0x44dc, 0x416a, 0x422f, 0x443c,
    0x40ae, 0x413c, 0x42e5, 0x40a9, 0x411e, 0x4286, 0x4166, 0x41e6, 0x4376, 0x425e, 0x42f4, 0x4464,
    0x435c, 0x4404, 0x450e, 0x4404, 0x4461, 0x4585, 0x4271, 0x4304, 0x446c, 0x3e4c, 0x3ecc, 0x403d,
    0x3c13, 0x3c51, 0x3d49, 0x3a35, 0x3a7b, 0x3bb1, 0x3855, 0x3877, 0x3902, 0x3860, 0x386f, 0x38bb,
    0x38b1, 0x38bb, 0x38cb, 0x39d1, 0x39c2, 0x398a, 0x3b0b, 0x3b0b, 0x3ac0, 0x3cfc, 0x3d08, 0x3ce7,
    0x3e2b, 0x3e3e, 0x3dfd, 0x3f7c, 0x3f82, 0x3eef, 0x4150, 0x413f, 0x40df, 0x446f, 0x4449, 0x440c,
    0x46c4, 0x4668, 0x4601, 0x4828, 0x47b9, 0x4701, 0x47cf, 0x4730, 0x4651, 0x4832, 0x4794, 0x4660,
    0x4227, 0x4303, 0x4493, 0x4206, 0x42f4, 0x44a7, 0x4219, 0x4314, 0x44d1, 0x423c, 0x4339, 0x44f4,
    0x4255, 0x4351, 0x450a, 0x423d, 0x4335, 0x44fd, 0x41b8, 0x429c, 0x4494, 0x4093, 0x413f, 0x4324,
    0x3eb2, 0x3f8e, 0x40f6, 0x3d3e, 0x3dc8, 0x3f33, 0x3d46, 0x3dba, 0x3ef1, 0x3e64, 0x3eee, 0x4036,
    0x404e, 0x40a7, 0x41a2, 0x4234, 0x42b3, 0x4418, 0x4166, 0x41d4, 0x432d, 0x3d67, 0x3dc9, 0x3f0b,
    0x3b00, 0x3b63, 0x3c69, 0x3893, 0x38c4, 0x397e, 0x3866, 0x387a, 0x38d7, 0x39ae, 0x39b5, 0x39f1,
    0x3bfa, 0x3baa, 0x3b0d, 0x3991, 0x3992, 0x3931, 0x3b88, 0x3b72, 0x3aea, 0x3cb7, 0x3cb0, 0x3c71,
    0x3c63, 0x3c66, 0x3bbe, 0x3eb2, 0x3e82, 0x3d79, 0x3ee9, 0x3ecc, 0x3dc5, 0x41b3, 0x4171, 0x40ae,
    0x4491, 0x4442, 0x4361, 0x4649, 0x45c0, 0x44de, 0x4839, 0x479b, 0x4655, 0x491d, 0x488f, 0x477b,
    0x4138, 0x41ce, 0x432a, 0x4145, 0x41ec, 0x437a, 0x4189, 0x4248, 0x4411, 0x41a5, 0x4270, 0x4442,
    0x41b9, 0x4287, 0x445e, 0x41e7, 0x42b9, 0x4482, 0x41cb, 0x4294, 0x4468, 0x40f2, 0x4199, 0x4373,
    0x3f0e, 0x3ff5, 0x4136, 0x3c5f, 0x3cdc, 0x3e0b, 0x3aa6, 0x3b40, 0x3c42, 0x3b98, 0x3c1b, 0x3ccc,
    0x3d48, 0x3db6, 0x3eb1, 0x4061, 0x40bf, 0x41a0, 0x413a, 0x41ad, 0x42e0, 0x3f96, 0x4015, 0x40ea,
    0x3c32, 0x3c78, 0x3d51, 0x3860, 0x3896, 0x393b, 0x37af, 0x37c8, 0x3805, 0x394e, 0x3947, 0x3936,
    0x390c, 0x3914, 0x38af, 0x396c, 0x3966, 0x38c6, 0x3b47, 0x3b2c, 0x3a91, 0x3c01, 0x3bdf, 0x3b37,
    0x3b5a, 0x3b3c, 0x3a33, 0x3bdc, 0x3bc0, 0x3a4b, 0x3d50, 0x3d29, 0x3c02, 0x3f5e, 0x3f04, 0x3d5c,
    0x42ba, 0x4225, 0x40c0, 0x462b, 0x4598, 0x4491, 0x489e, 0x4819, 0x468c, 0x49fb, 0x4947, 0x4837,
    0x3e8e, 0x3f41, 0x4044, 0x3f6c, 0x4019, 0x40e2, 0x3fbd, 0x404b, 0x4137, 0x3f8e, 0x4038, 0x4145,
    0x3f3b, 0x400e, 0x4132, 0x3feb, 0x4071, 0x41c1, 0x4042, 0x40c3, 0x422b, 0x402d, 0x40a9, 0x4202,
    0x3e1d, 0x3eca, 0x404a, 0x3b28, 0x3be3, 0x3cc3, 0x38e7, 0x395a, 0x3a04, 0x39e4, 0x3a64, 0x3b2f,
    0x3d21, 0x3d9b, 0x3e82, 0x3fbc, 0x4045, 0x40fe, 0x41b6, 0x425a, 0x43a7, 0x4182, 0x4213, 0x4357,
    0x3e49, 0x3ed3, 0x4018, 0x38cd, 0x391a, 0x39cb, 0x3683, 0x36a3, 0x36a2, 0x36aa, 0x36b4, 0x3632,
    0x3654, 0x366b, 0x3572, 0x386e, 0x3865, 0x377f, 0x39d0, 0x39b6, 0x38f9, 0x3b5d, 0x3b36, 0x3a54,
    0x3c43, 0x3c1f, 0x3afc, 0x3be5, 0x3ba0, 0x3a02, 0x3be7, 0x3bb3, 0x3980, 0x3e53, 0x3de3, 0x3c0f,
    0x40fc, 0x4090, 0x3e92, 0x4535, 0x44a2, 0x4309, 0x4800, 0x4705, 0x4567, 0x499d, 0x48dd, 0x4761,
    0x3a8e, 0x3b5c, 0x3c0e, 0x3bcf, 0x3c57, 0x3cdc, 0x3c21, 0x3c92, 0x3d2d, 0x3bc5, 0x3c4a, 0x3cf3,
    0x3bb3, 0x3c38, 0x3d04, 0x3c40, 0x3c9e, 0x3d95, 0x3cca, 0x3d28, 0x3e38, 0x3d24, 0x3d81, 0x3e94,
    0x3c7e, 0x3cd2, 0x3db1, 0x393b, 0x39b1, 0x3a86, 0x36ed, 0x3797, 0x3814, 0x388f, 0x38fe, 0x394a,
    0x3d0e, 0x3d92, 0x3e35, 0x3f06, 0x3fdd, 0x4062, 0x4016, 0x409d, 0x4138, 0x412c, 0x41c7, 0x42c7,
    0x3eb1, 0x3f50, 0x404c, 0x38ab, 0x38f2, 0x3972, 0x35c8, 0x35ef, 0x35d2, 0x350d, 0x352a, 0x34ab,
    0x3545, 0x3559, 0x348b, 0x363f, 0x366b, 0x351f, 0x3839, 0x3847, 0x36d1, 0x3c98, 0x3c6b, 0x3b43,
    0x3be1, 0x3baa, 0x3a31, 0x3ada, 0x3aa9, 0x3905, 0x3c1b, 0x3bbb, 0x394d, 0x3d6f, 0x3d11, 0x3aca,
    0x4188, 0x410b, 0x3f6c, 0x43ad, 0x42c8, 0x40ee, 0x4595, 0x44e1, 0x4348, 0x47f3, 0x46da, 0x4515,
    0x376b, 0x3837, 0x383e, 0x37c3, 0x385f, 0x3874, 0x380e, 0x3889, 0x38aa, 0x3836, 0x38aa, 0x38db,
    0x38c9, 0x3931, 0x39a5, 0x396c, 0x39c4, 0x3a69, 0x3b40, 0x3b90, 0x3c36, 0x3c15, 0x3c3c, 0x3cb7,
    0x3a93, 0x3ade, 0x3b90, 0x36d6, 0x3757, 0x37e6, 0x3487, 0x34fc, 0x351a, 0x36ae, 0x375a, 0x3738,
    0x3c2b, 0x3c8d, 0x3ca6, 0x3dee, 0x3e8e, 0x3eca, 0x3e93, 0x3f5e, 0x3fb7, 0x4069, 0x40e2, 0x4181,
    0x3c4b, 0x3ca8, 0x3d31, 0x371a, 0x3770, 0x37a6, 0x3735, 0x3752, 0x371f, 0x3810, 0x3822, 0x37db,
    0x35c6, 0x35ee, 0x351d, 0x3528, 0x3560, 0x3397, 0x36fb, 0x3737, 0x34f0, 0x38fb, 0x3906, 0x3776,
    0x3aca, 0x3abe, 0x3956, 0x3b6e, 0x3b42, 0x3974, 0x3ae5, 0x3aab, 0x3863, 0x3cc7, 0x3c72, 0x39ae,
    0x3dbb, 0x3d53, 0x3adc, 0x4046, 0x3fa1, 0x3d30, 0x4129, 0x4087, 0x3e43, 0x43df, 0x42c4, 0x40c9,
    0x3649, 0x370a, 0x36a5, 0x3553, 0x35f8, 0x357e, 0x34f8, 0x358a, 0x3508, 0x355f, 0x35ed, 0x357f,
    0x35fb, 0x3677, 0x364c, 0x372c, 0x3795, 0x37bb, 0x3964, 0x399f, 0x39f0, 0x3a3e, 0x3a7c, 0x3ae6,
    0x372c, 0x378c, 0x37d7, 0x342a, 0x348b, 0x3480, 0x32bb, 0x3381, 0x32dd, 0x35da, 0x3661, 0x35b2,
    0x39ff, 0x3a6f, 0x39e0, 0x3c0d, 0x3c61, 0x3c19, 0x3c1c, 0x3c87, 0x3c3f, 0x3c43, 0x3ca1, 0x3c9c,
    0x39a2, 0x39f2, 0x39e1, 0x389b, 0x38ab, 0x3880, 0x3c3c, 0x3c2e, 0x3c08, 0x3a71, 0x3a5e, 0x39f3,
    0x3669, 0x367b, 0x3543, 0x344c, 0x348a, 0x31ba, 0x357f, 0x35e6, 0x32d9, 0x3929, 0x393f, 0x3764,
    0x3c2e, 0x3c25, 0x3a6c, 0x3b5a, 0x3b41, 0x3941, 0x3a08, 0x39e4, 0x3746, 0x3adc, 0x3a9b, 0x37e6,
    0x3b0e, 0x3acb, 0x37f8, 0x3cbf, 0x3c57, 0x395b, 0x3cda, 0x3c62, 0x3964, 0x3deb, 0x3d35, 0x3aa6,
    0x35c9, 0x3657, 0x35b7, 0x34e3, 0x355c, 0x349f, 0x343b, 0x34a4, 0x339e, 0x342b, 0x3490, 0x335a,
    0x3481, 0x34ea, 0x342c, 0x355c, 0x35c1, 0x3550, 0x36a1, 0x3716, 0x373b, 0x36b7, 0x3724, 0x3742,
    0x342c, 0x3486, 0x345e, 0x3169, 0x324c, 0x3103, 0x31ca, 0x32f4, 0x30f2, 0x3577, 0x3620, 0x34cc,
    0x3808, 0x386c, 0x3739, 0x3820, 0x388b, 0x378c, 0x383e, 0x38ae, 0x37a7, 0x3937, 0x398f, 0x38ae,
    0x37e6, 0x3831, 0x3724, 0x3b45, 0x3b3e, 0x3aa1, 0x3ec7, 0x3ea6, 0x3e46, 0x3a90, 0x3a6c, 0x39db,
    0x3704, 0x3702, 0x3595, 0x338c, 0x3421, 0x3107, 0x3499, 0x352c, 0x319b, 0x38ef, 0x390f, 0x36bc,
    0x3b8e, 0x3b7b, 0x3962, 0x38f0, 0x3912, 0x3681, 0x3806, 0x3827, 0x3496, 0x398e, 0x396f, 0x36af,
    0x3902, 0x38df, 0x357b, 0x3896, 0x3871, 0x34bd, 0x3c79, 0x3c23, 0x3a00, 0x3cbc, 0x3c33, 0x39c9,
    0x3465, 0x34c7, 0x33fd, 0x33f8, 0x3455, 0x32bb, 0x33cc, 0x344c, 0x3243, 0x338a, 0x343b, 0x31da,
    0x33c4, 0x345d, 0x326d, 0x3462, 0x34da, 0x3416, 0x3551, 0x35d7, 0x35d6, 0x3501, 0x357f, 0x359b,
    0x3261, 0x3336, 0x3224, 0x3037, 0x314a, 0x2ed4, 0x2f33, 0x30cf, 0x2d74, 0x30e9, 0x3235, 0x2fcc,
    0x31fd, 0x335b, 0x30bb, 0x33d3, 0x3480, 0x3257, 0x3572, 0x35f2, 0x3463, 0x369e, 0x3709, 0x357e,
    0x3513, 0x357e, 0x3447, 0x370f, 0x374c, 0x3601, 0x393d, 0x3939, 0x3882, 0x36cd, 0x36c0, 0x35b5,
    0x33e0, 0x341a, 0x31e8, 0x31de, 0x32a4, 0x2f7b, 0x32a7, 0x33d4, 0x2f73, 0x3502, 0x358c, 0x31e8,
    0x359d, 0x3623, 0x32b1, 0x353a, 0x35c4, 0x31bc, 0x35f6, 0x364b, 0x3252, 0x35e8, 0x3618, 0x322c,
    0x3871, 0x384d, 0x34fb, 0x37a9, 0x376f, 0x33ca, 0x39c2, 0x3961, 0x369b, 0x3789, 0x3702, 0x331c,
    0x32cc, 0x3336, 0x3165, 0x32d4, 0x3343, 0x3127, 0x335c, 0x3405, 0x316e, 0x334e, 0x3417, 0x3141,
    0x3352, 0x3423, 0x3182, 0x3384, 0x343b, 0x3235, 0x3464, 0x34ea, 0x3494, 0x34b2, 0x3545, 0x3585,
    0x326a, 0x3363, 0x3277, 0x2f6c, 0x3081, 0x2e58, 0x2ce0, 0x2e1d, 0x2b51, 0x2d01, 0x2e4c, 0x2b96,
    0x2eda, 0x3036, 0x2d11, 0x32ab, 0x3354, 0x3108, 0x3545, 0x3556, 0x3420, 0x3504, 0x3511, 0x33f7,
    0x32f2, 0x3356, 0x3191, 0x333b, 0x3396, 0x3192, 0x3465, 0x3482, 0x32d8, 0x32f1, 0x3317, 0x3156,
    0x302a, 0x3089, 0x2dc7, 0x3025, 0x30bd, 0x2cc3, 0x2ff4, 0x30ee, 0x2b83, 0x30d6, 0x31c8, 0x2d10,
    0x3146, 0x322a, 0x2d9a, 0x3117, 0x3200, 0x2cc6, 0x3284, 0x3330, 0x2e4d, 0x3418, 0x3429, 0x2fc5,
    0x3257, 0x32ee, 0x2dd5, 0x33d5, 0x3412, 0x2e90, 0x36f3, 0x3684, 0x3294, 0x34a7, 0x3498, 0x2fd1,
    0x3144, 0x3182, 0x3001, 0x3141, 0x3187, 0x2fd9, 0x315b, 0x31be, 0x3002, 0x3153, 0x31d0, 0x3016,
    0x3182, 0x320d, 0x3097, 0x31c8, 0x326b, 0x3136, 0x3280, 0x335a, 0x32b6, 0x3392, 0x3446, 0x3483,
    0x322e, 0x32ee, 0x32d6, 0x2eee, 0x2faf, 0x2e67, 0x2cf3, 0x2d83, 0x2c40, 0x2c0e, 0x2ca7, 0x2a4a,
    0x2ce4, 0x2d88, 0x2b9c, 0x2dd2, 0x2e6b, 0x2cbb, 0x2ee8, 0x2f3b, 0x2de3, 0x2f5e, 0x2fa7, 0x2e46,
    0x2e0e, 0x2e76, 0x2caa, 0x2fd1, 0x301c, 0x2df1, 0x2f9b, 0x2ff5, 0x2de1, 0x2f7b, 0x2fb2, 0x2d88,
    0x2d9f, 0x2de7, 0x2b93, 0x3050, 0x3042, 0x2cec, 0x30db, 0x30dd, 0x2ceb, 0x2f54, 0x2fe4, 0x2ae3,
    0x3529, 0x34bf, 0x319c, 0x302b, 0x3084, 0x2c13, 0x30c1, 0x3110, 0x2ccb, 0x3096, 0x30d6, 0x2c5b,
    0x30f9, 0x3105, 0x2cc3, 0x3208, 0x31ed, 0x2d1c, 0x32cd, 0x32ab, 0x2de1, 0x3466, 0x3424, 0x2f81,
    0x3049, 0x3088, 0x2eed, 0x3052, 0x3092, 0x2f21, 0x2ff2, 0x303c, 0x2ebf, 0x2fea, 0x303c, 0x2f2e,
    0x300b, 0x3049, 0x2f78, 0x301b, 0x305b, 0x2fc5, 0x3111, 0x316b, 0x3110, 0x3270, 0x32eb, 0x3307,
    0x3206, 0x325b, 0x3244, 0x302c, 0x303c, 0x2f90, 0x2d97, 0x2d91, 0x2cbc, 0x2b72, 0x2b8c, 0x29f2,
    0x2b35, 0x2b91, 0x2a18, 0x2aff, 0x2b85, 0x2aba, 0x2bf1, 0x2c30, 0x2bba, 0x2aeb, 0x2b56, 0x2a44,
    0x2b68, 0x2ba0, 0x29fe, 0x2cc7, 0x2cdd, 0x2c05, 0x2c76, 0x2ca8, 0x2bdc, 0x2c4c, 0x2c7c, 0x2af9,
    0x2bcd, 0x2c00, 0x29d7, 0x2c03, 0x2c1d, 0x2975, 0x2b8f, 0x2c3c, 0x2824, 0x2c85, 0x2d43, 0x2878,
    0x2d52, 0x2e2c, 0x2906, 0x2e98, 0x2f64, 0x2a26, 0x2ea2, 0x2f74, 0x2a0f, 0x3011, 0x302a, 0x2c25,
    0x300b, 0x2ff8, 0x2c71, 0x3119, 0x30bb, 0x2d3c, 0x30c1, 0x308d, 0x2cc5, 0x30a8, 0x306e, 0x2bef,
    0x2e8a, 0x2ef9, 0x2df1, 0x2e7a, 0x2ee6, 0x2e03, 0x2dfd, 0x2e63, 0x2dc2, 0x2d46, 0x2d8b, 0x2cf3,
    0x2d6c, 0x2d94, 0x2cf1, 0x2e72, 0x2e88, 0x2ded, 0x2f68, 0x2f69, 0x2edd, 0x30ab, 0x309e, 0x3056,
    0x3207, 0x31bb, 0x314a, 0x32b8, 0x323a, 0x31b9, 0x310f, 0x30b4, 0x3021, 0x2d6f, 0x2d23, 0x2c33,
    0x2baf, 0x2b4d, 0x29ca, 0x28cf, 0x28df, 0x281c, 0x286c, 0x28a7, 0x2848, 0x28df, 0x2915, 0x28aa,
    0x2a5f, 0x2a91, 0x29fb, 0x290a, 0x2945, 0x2856, 0x2b09, 0x2b58, 0x2a22, 0x2b8d, 0x2c19, 0x2aae,
    0x2b20, 0x2b92, 0x2a17, 0x29a7, 0x2a00, 0x28bb, 0x2aa3, 0x2b28, 0x295f, 0x2ad6, 0x2b9a, 0x290b,
    0x2c29, 0x2cb5, 0x29e6, 0x2b90, 0x2c92, 0x2871, 0x2d1a, 0x2ded, 0x29ba, 0x2c4b, 0x2cea, 0x28cf,
    0x3076, 0x3022, 0x2d36, 0x3044, 0x2fb3, 0x2cc4, 0x306e, 0x3003, 0x2cc3, 0x2faa, 0x2f24, 0x2c09,
    0x2d79, 0x2dca, 0x2d4a, 0x2d67, 0x2dbf, 0x2d67, 0x2d21, 0x2d58, 0x2d03, 0x2c7d, 0x2c93, 0x2c27,
    0x2d1c, 0x2d08, 0x2c74, 0x2ea2, 0x2e87, 0x2de2, 0x2ff6, 0x2fd2, 0x2ef8, 0x3191, 0x3141, 0x309b,
    0x3426, 0x338d, 0x32a3, 0x3479, 0x33f0, 0x32c1, 0x3177, 0x30d8, 0x2fba, 0x2d99, 0x2d1d, 0x2c03,
    0x2baa, 0x2b37, 0x29ed, 0x2b1c, 0x2ac8, 0x29c2, 0x290a, 0x2907, 0x2874, 0x28a6, 0x28a2, 0x280e,
    0x2962, 0x297a, 0x28ad, 0x29a0, 0x29fa, 0x28a7, 0x2a16, 0x2aaa, 0x2969, 0x2b05, 0x2ba4, 0x2a37,
    0x2af4, 0x2b78, 0x2a63, 0x2a13, 0x2a75, 0x2971, 0x2a3a, 0x2ab5, 0x2955, 0x2b9b, 0x2c32, 0x2a66,
    0x2a57, 0x2b85, 0x2956, 0x2b84, 0x2c51, 0x29ea, 0x2bc0, 0x2c75, 0x2973, 0x2c2d, 0x2c92, 0x29d2,
    0x2cb7, 0x2cb9, 0x2a65, 0x2e61, 0x2df4, 0x2c0f, 0x2ecc, 0x2e54, 0x2c41, 0x3023, 0x2f9c, 0x2d30,
    0x2da4, 0x2dc8, 0x2d2c, 0x2d4b, 0x2d79, 0x2d0c, 0x2cd5, 0x2ce3, 0x2c67, 0x2c9b, 0x2c8c, 0x2c0d,
    0x2dc4, 0x2da6, 0x2cfe, 0x3084, 0x3079, 0x2fe9, 0x327c, 0x324a, 0x3138, 0x3434, 0x33ca, 0x3217,
    0x34f9, 0x3480, 0x32c4, 0x3490, 0x33ed, 0x31e7, 0x313d, 0x308a, 0x2ec2, 0x2e8f, 0x2dd1, 0x2c62,
    0x2cd8, 0x2c4a, 0x2ab3, 0x2c1a, 0x2b87, 0x2a3e, 0x2abe, 0x2a70, 0x2995, 0x2add, 0x2a96, 0x29ab,
    0x2bdd, 0x2c06, 0x2ae4, 0x2c01, 0x2cba, 0x2b5d, 0x2c3a, 0x2d4d, 0x2b68, 0x2c52, 0x2d7f, 0x2be5,
    0x2c51, 0x2cee, 0x2bec, 0x2c23, 0x2c49, 0x2b2f, 0x2d77, 0x2d34, 0x2c1d, 0x2c3c, 0x2c76, 0x2af4,
    0x2bb9, 0x2c56, 0x2a9e, 0x2c5a, 0x2cc4, 0x2ba8, 0x2ca2, 0x2ce2, 0x2bbb, 0x2c02, 0x2c25, 0x2a3f,
    0x2c30, 0x2c0f, 0x299d, 0x2c55, 0x2c27, 0x2984, 0x2bd2, 0x2bb4, 0x294f, 0x2bdf, 0x2bae, 0x2935,
    0x2ea9, 0x2e81, 0x2d4e, 0x2d8d, 0x2d6a, 0x2c9b, 0x2ca4, 0x2c7a, 0x2b9d, 0x2cdd, 0x2cac, 0x2c11,
    0x2f63, 0x2f37, 0x2e7e, 0x318d, 0x3173, 0x30df, 0x3337, 0x32e3, 0x31d9, 0x34a7, 0x343d, 0x32b2,
    0x3534, 0x3494, 0x32ed, 0x34f1, 0x343f, 0x324f, 0x32c4, 0x31b9, 0x3023, 0x302f, 0x2f2b, 0x2d53,
    0x2f04, 0x2e1c, 0x2cdb, 0x2d9c, 0x2d18, 0x2c29, 0x2d08, 0x2cb4, 0x2bda, 0x2e1a, 0x2d8f, 0x2c7a,
    0x2dea, 0x2e03, 0x2d08, 0x2d01, 0x2e41, 0x2c8e, 0x2c92, 0x2e70, 0x2bfd, 0x2cd1, 0x2ebe, 0x2c02,
    0x2cab, 0x2ddd, 0x2bc7, 0x2c8c, 0x2cad, 0x2b6f, 0x2c20, 0x2bf1, 0x2a56, 0x2b30, 0x2b36, 0x29e6,
    0x2bc9, 0x2bf2, 0x2a86, 0x2abf, 0x2b47, 0x2a3b, 0x2b54, 0x2b73, 0x2a1a, 0x29dc, 0x29e1, 0x2848,
    0x2a39, 0x2a39, 0x282a, 0x2bd1, 0x2bac, 0x2955, 0x2a70, 0x2a87, 0x2892, 0x2d91, 0x2cfa, 0x2abb,
    0x3069, 0x3012, 0x2de8, 0x2e53, 0x2de4, 0x2ca5, 0x2d9a, 0x2d08, 0x2c00, 0x2e57, 0x2d91, 0x2c70,
    0x3047, 0x2fa1, 0x2e5c, 0x3144, 0x30e1, 0x303b, 0x3268, 0x31eb, 0x3112, 0x3413, 0x3359, 0x3213,
    0x349e, 0x340d, 0x3281, 0x3508, 0x3443, 0x327c, 0x3445, 0x32fd, 0x30fa, 0x3135, 0x3033, 0x2e09,
    0x3005, 0x2ec4, 0x2d32, 0x2f60, 0x2e6d, 0x2d26, 0x2efb, 0x2e09, 0x2cb9, 0x3079, 0x2f8a, 0x2d8d,
    0x30b9, 0x3039, 0x2e31, 0x2fd9, 0x3001, 0x2d9e, 0x2e3c, 0x2f24, 0x2ca0, 0x2d9f, 0x2e80, 0x2bfb,
    0x2cab, 0x2d31, 0x2abc, 0x2c9f, 0x2c77, 0x2a85, 0x2c50, 0x2bbc, 0x29b5, 0x2abb, 0x2a41, 0x28f6,
    0x2ab3, 0x2a9b, 0x299c, 0x2b8a, 0x2b94, 0x2a8e, 0x2a18, 0x2a13, 0x2901, 0x29da, 0x299c, 0x2869,
    0x2b60, 0x2af7, 0x2948, 0x29e6, 0x29e1, 0x2840, 0x2a58, 0x2a3b, 0x2887, 0x29e4, 0x29e5, 0x284e,
    0x3142, 0x30b1, 0x2e92, 0x3057, 0x2f8e, 0x2d96, 0x304d, 0x2f21, 0x2d30, 0x3163, 0x3042, 0x2dfd,
    0x3242, 0x30f7, 0x2f38, 0x3249, 0x313e, 0x3027, 0x32ce, 0x31c5, 0x30a6, 0x3353, 0x3236, 0x30f1,
    0x33fd, 0x3287, 0x30f5, 0x343a, 0x329c, 0x30b0, 0x332b, 0x3181, 0x2f8c, 0x3197, 0x3037, 0x2dc5,
    0x309a, 0x2f32, 0x2d2d, 0x302f, 0x2eb4, 0x2cda, 0x302c, 0x2eb1, 0x2ccd, 0x30e5, 0x2fdd, 0x2d9f,
    0x3122, 0x304d, 0x2e29, 0x3030, 0x2f88, 0x2d8e, 0x2fcc, 0x2f1d, 0x2d28, 0x3004, 0x2f36, 0x2d22,
    0x2e3e, 0x2da3, 0x2bdf, 0x2d68, 0x2cc4, 0x2abf, 0x2cc3, 0x2c13, 0x29c5, 0x2bac, 0x2ac9, 0x2930,
    0x2b85, 0x2ae4, 0x296e, 0x2a82, 0x2a52, 0x294c, 0x2aa0, 0x2a62, 0x2943, 0x2916, 0x2903, 0x2833,
    0x2a3f, 0x29fe, 0x28e4, 0x2967, 0x293e, 0x2829, 0x2a56, 0x29f9, 0x288e, 0x29b7, 0x298e, 0x2838,
    0x3234, 0x313a, 0x2f34, 0x3289, 0x314a, 0x2f4b, 0x3396, 0x31e7, 0x2ff4, 0x3407, 0x3217, 0x2ffa,
    0x3302, 0x3152, 0x2f37, 0x320d, 0x30b3, 0x2ed7, 0x31f4, 0x30a0, 0x2eb9, 0x31e9, 0x3091, 0x2e88,
    0x323a, 0x30a5, 0x2e62, 0x3242, 0x3089, 0x2e17, 0x31f7, 0x3047, 0x2da2, 0x31b1, 0x3022, 0x2d87,
    0x313d, 0x2fcc, 0x2d4c, 0x30ac, 0x2f39, 0x2cae, 0x3091, 0x2f39, 0x2c74, 0x3131, 0x300b, 0x2d81,
    0x319e, 0x3097, 0x2eb3, 0x300d, 0x2ee7, 0x2d27, 0x2f35, 0x2e3f, 0x2cac, 0x30ba, 0x3009, 0x2dfe,
    0x3122, 0x305c, 0x2e4d, 0x3058, 0x2f52, 0x2d1e, 0x2e8e, 0x2d6e, 0x2b7c, 0x2cfd, 0x2c53, 0x2a83,
    0x2c6d, 0x2c12, 0x2aa2, 0x2b64, 0x2aeb, 0x29c6, 0x29a7, 0x295f, 0x2876, 0x2a0e, 0x29b6, 0x28b7,
    0x29e4, 0x29ab, 0x28c2, 0x29ab, 0x2949, 0x284f, 0x2a11, 0x2975, 0x2845, 0x2a07, 0x2988, 0x2842,
    0x346e, 0x32f7, 0x30a0, 0x3538, 0x33fc, 0x313b, 0x3548, 0x33f4, 0x3129, 0x345c, 0x3274, 0x301b,
    0x32ae, 0x30e5, 0x2e57, 0x3240, 0x3083, 0x2dfc, 0x3277, 0x309d, 0x2e18, 0x3272, 0x309a, 0x2e23,
    0x32a5, 0x30a9, 0x2e32, 0x32b7, 0x309d, 0x2e09, 0x32ee, 0x30c6, 0x2e2e, 0x32e2, 0x30db, 0x2e51,
    0x328f, 0x30a2, 0x2ddd, 0x3201, 0x307a, 0x2d0a, 0x31ca, 0x306b, 0x2cad, 0x321f, 0x309b, 0x2de8,
    0x31f5, 0x30ad, 0x2e9f, 0x3109, 0x302d, 0x2e57, 0x3014, 0x2ed7, 0x2d17, 0x2fc3, 0x2e81, 0x2cb5,
    0x317e, 0x3096, 0x2e74, 0x31a3, 0x30b6, 0x2e9a, 0x315c, 0x3068, 0x2e0a, 0x2fa2, 0x2e74, 0x2ca5,
    0x2de5, 0x2d41, 0x2c15, 0x2d2d, 0x2cb0, 0x2b9a, 0x2c30, 0x2b87, 0x2a22, 0x2bb7, 0x2b1c, 0x29f5,
    0x2bfd, 0x2b71, 0x2a3f, 0x2c0d, 0x2b72, 0x2a33, 0x2c63, 0x2bc3, 0x2a4d, 0x2c5d, 0x2bb4, 0x2a27,
    0x3649, 0x34c3, 0x3226, 0x360d, 0x3487, 0x31c9, 0x3507, 0x3375, 0x30c0, 0x33ad, 0x3195, 0x2f11,
    0x32df, 0x30d3, 0x2e07, 0x33ca, 0x3142, 0x2e7d, 0x340e, 0x3174, 0x2ec2, 0x33f6, 0x315d, 0x2ece,
    0x33d1, 0x3145, 0x2ea6, 0x33c3, 0x3121, 0x2e37, 0x33d9, 0x3147, 0x2e69, 0x33d6, 0x316e, 0x2ec4,
    0x3345, 0x3116, 0x2e0f, 0x32fc, 0x3107, 0x2d88, 0x32e7, 0x30e1, 0x2d5d, 0x32b6, 0x30de, 0x2dfb,
    0x3271, 0x30d8, 0x2e77, 0x314b, 0x303e, 0x2e46, 0x3032, 0x2edc, 0x2d18, 0x2eb9, 0x2d91, 0x2bf4,
    0x30b1, 0x2fc4, 0x2d67, 0x3165, 0x307b, 0x2e65, 0x31cb, 0x30d1, 0x2eed, 0x313d, 0x3064, 0x2e68,
    0x2fd6, 0x2ec7, 0x2d37, 0x2f30, 0x2e5c, 0x2d18, 0x2e19, 0x2d63, 0x2c64, 0x2d8d, 0x2cf0, 0x2c0e,
    0x2d8e, 0x2d0c, 0x2c37, 0x2de0, 0x2d53, 0x2c6c, 0x2de4, 0x2d41, 0x2c54, 0x2daa, 0x2cfa, 0x2c09,
    0x368f, 0x34e4, 0x3235, 0x3578, 0x340d, 0x311f, 0x344c, 0x324f, 0x3007, 0x32d3, 0x30eb, 0x2e3d,
    0x32db, 0x30ba, 0x2dd9, 0x33b2, 0x3138, 0x2e7d, 0x33b0, 0x3141, 0x2eab, 0x32d7, 0x30c7, 0x2e5b,
    0x3290, 0x30a0, 0x2e23, 0x3264, 0x3079, 0x2dd8, 0x3225, 0x3068, 0x2dd0, 0x3245, 0x308f, 0x2e09,
    0x3285, 0x30b7, 0x2df2, 0x32c7, 0x30da, 0x2dd1, 0x3241, 0x307e, 0x2d4b, 0x3219, 0x3072, 0x2d79,
    0x3283, 0x30e0, 0x2e83, 0x30c4, 0x2f65, 0x2d41, 0x2f35, 0x2dc9, 0x2c42, 0x2e0f, 0x2cf0, 0x2b09,
    0x301a, 0x2eba, 0x2ccb, 0x30e4, 0x3009, 0x2df4, 0x3150, 0x3071, 0x2e9f, 0x30de, 0x3015, 0x2e18,
    0x2fa9, 0x2e79, 0x2cee, 0x2f41, 0x2e3a, 0x2ccc, 0x2ec7, 0x2dd6, 0x2c87, 0x2e34, 0x2d55, 0x2c1e,
    0x2e17, 0x2d56, 0x2c2d, 0x2e1e, 0x2d71, 0x2c4c, 0x2e1e, 0x2d65, 0x2c37, 0x2dd6, 0x2d11, 0x2bd3,
    0x35b0, 0x3438, 0x3154, 0x34ed, 0x3349, 0x30a5, 0x3378, 0x3182, 0x2f18, 0x31ec, 0x3049, 0x2d92,
    0x31b1, 0x301e, 0x2d89, 0x31d7, 0x303e, 0x2dde, 0x319d, 0x3026, 0x2de4, 0x315d, 0x3008, 0x2dd2,
    0x316b, 0x3006, 0x2db3, 0x3157, 0x2fe9, 0x2d95, 0x3158, 0x2ff9, 0x2da1, 0x321f, 0x3084, 0x2e24,
    0x32a5, 0x30df, 0x2e6e, 0x328b, 0x30cf, 0x2e39, 0x3176, 0x3015, 0x2d38, 0x310e, 0x2f92, 0x2ce2,
    0x3192, 0x302b, 0x2d99, 0x30af, 0x2f1b, 0x2cf4, 0x2ec3, 0x2d49, 0x2b80, 0x2d94, 0x2c7f, 0x2a57,
    0x2fac, 0x2e2c, 0x2c4c, 0x30ac, 0x2f6e, 0x2d20, 0x3142, 0x3040, 0x2dfc, 0x3102, 0x300e, 0x2db9,
    0x2fa8, 0x2e36, 0x2c7c, 0x2efd, 0x2dbc, 0x2c2d, 0x2ec3, 0x2d99, 0x2c13, 0x2eb0, 0x2d90, 0x2c0c,
    0x2e89, 0x2d8f, 0x2c16, 0x2ea6, 0x2dc0, 0x2c39, 0x2e72, 0x2d92, 0x2c12, 0x2e15, 0x2d3b, 0x2b7d,
    0x3555, 0x33e7, 0x3108, 0x340c, 0x3200, 0x2fb7, 0x3202, 0x3071, 0x2de3, 0x312f, 0x2fb9, 0x2d5c,
    0x309f, 0x2f1f, 0x2d46, 0x30c7, 0x2f77, 0x2daf, 0x30f1, 0x2fbc, 0x2dd5, 0x3146, 0x3017, 0x2dfe,
    0x31cc, 0x3062, 0x2e47, 0x3178, 0x3024, 0x2e06, 0x31db, 0x3069, 0x2e4f, 0x32bd, 0x3100, 0x2ee6,
    0x32d1, 0x3107, 0x2ed6, 0x32c6, 0x30ff, 0x2ea6, 0x3170, 0x3014, 0x2d8a, 0x30a9, 0x2efa, 0x2cbc,
    0x30e8, 0x2f3f, 0x2cd6, 0x30be, 0x2f1c, 0x2cf5, 0x2e8f, 0x2d0b, 0x2b0a, 0x2d30, 0x2c20, 0x29ca,
    0x2ed7, 0x2d70, 0x2b72, 0x30ac, 0x2f51, 0x2ce0, 0x31ae, 0x3072, 0x2dfc, 0x317b, 0x3043, 0x2db9,
    0x304f, 0x2eb5, 0x2ca0, 0x2f81, 0x2df5, 0x2c37, 0x2eeb, 0x2d9e, 0x2c0e, 0x2ec0, 0x2d91, 0x2c07,
    0x2ef5, 0x2de8, 0x2c4a, 0x2f1e, 0x2e22, 0x2c64, 0x2edf, 0x2dec, 0x2c23, 0x2e3b, 0x2d64, 0x2b67,
    0x3453, 0x3264, 0x3017, 0x322b, 0x309b, 0x2e22, 0x30eb, 0x2f7e, 0x2d51, 0x308b, 0x2f21, 0x2d6a,
    0x306e, 0x2f1d, 0x2da3, 0x30aa, 0x2f83, 0x2df2, 0x3137, 0x302b, 0x2e5f, 0x3193, 0x306a, 0x2e9f,
    0x31cb, 0x3082, 0x2ebc, 0x31a0, 0x3060, 0x2e99, 0x32d5, 0x3121, 0x2f41, 0x3391, 0x318b, 0x2f88,
    0x332e, 0x3140, 0x2f11, 0x3329, 0x312d, 0x2ec3, 0x31c4, 0x303b, 0x2db5, 0x30bb, 0x2ee4, 0x2cae,
    0x30b5, 0x2ecf, 0x2c8d, 0x308d, 0x2eaf, 0x2c80, 0x2e97, 0x2cfd, 0x2ac0, 0x2cd9, 0x2b8f, 0x2926,
    0x2e26, 0x2cda, 0x2a96, 0x309b, 0x2f2f, 0x2cad, 0x3262, 0x30e9, 0x2e4a, 0x327f, 0x30e0, 0x2e4e,
    0x315f, 0x3009, 0x2d6a, 0x30ba, 0x2f47, 0x2d18, 0x2f96, 0x2e09, 0x2c53, 0x2ef9, 0x2db5, 0x2c1e,
    0x2f3e, 0x2e1d, 0x2c66, 0x2fc6, 0x2ea9, 0x2cc5, 0x2f96, 0x2e7a, 0x2c8b, 0x2ed0, 0x2dd2, 0x2c0d,
    0x3268, 0x30c1, 0x2e49, 0x3112, 0x2fc7, 0x2d88, 0x3094, 0x2f3f, 0x2d87, 0x3085, 0x2f44, 0x2dc1,
    0x307f, 0x2f58, 0x2df3, 0x30f7, 0x300f, 0x2e76, 0x3167, 0x305e, 0x2ec4, 0x31b8, 0x3096, 0x2efd,
    0x31cf, 0x309f, 0x2f15, 0x31dc, 0x309b, 0x2f07, 0x333d, 0x3171, 0x2fb6, 0x336e, 0x3180, 0x2f8e,
    0x330c, 0x312e, 0x2ef0, 0x3300, 0x3111, 0x2e73, 0x3206, 0x3059, 0x2d97, 0x314f, 0x2f64, 0x2cd3,
    0x30e7, 0x2ee4, 0x2c81, 0x304c, 0x2e3d, 0x2c14, 0x2e4e, 0x2cbe, 0x2a4f, 0x2cec, 0x2b87, 0x2912,
    0x2e0b, 0x2cc0, 0x2a85, 0x3061, 0x2ee7, 0x2c94, 0x325a, 0x30f9, 0x2e73, 0x32b8, 0x3113, 0x2e99,
    0x31ba, 0x3039, 0x2d98, 0x3164, 0x3010, 0x2d96, 0x3051, 0x2eb2, 0x2cad, 0x2f0b, 0x2daa, 0x2be1,
    0x2ef9, 0x2dd2, 0x2bec, 0x2f6d, 0x2e41, 0x2c40, 0x2f31, 0x2e03, 0x2c2b, 0x2e8c, 0x2d72, 0x2ba5,
    0x3168, 0x3012, 0x2dad, 0x30d2, 0x2f89, 0x2d9a, 0x3082, 0x2f3e, 0x2da7, 0x3092, 0x2f6c, 0x2def,
    0x30e9, 0x3001, 0x2e62, 0x3174, 0x306d, 0x2ee5, 0x31df, 0x30bc, 0x2f44, 0x3203, 0x30ca, 0x2f48,
    0x3195, 0x3075, 0x2ee7, 0x31ef, 0x30a3, 0x2f05, 0x330c, 0x3161, 0x2fbf, 0x32e5, 0x3136, 0x2f52,
    0x32af, 0x3100, 0x2eb4, 0x3270, 0x30d3, 0x2e1b, 0x320e, 0x3072, 0x2d87, 0x31bb, 0x2fed, 0x2d0d,
    0x3112, 0x2f0d, 0x2c95, 0x3044, 0x2e2f, 0x2c0d, 0x2e38, 0x2ca6, 0x2a2b, 0x2cea, 0x2b64, 0x28f1,
    0x2dbf, 0x2c66, 0x29ea, 0x2f95, 0x2dee, 0x2bc5, 0x3147, 0x302e, 0x2d5b, 0x31da, 0x3087, 0x2dd7,
    0x311a, 0x2f80, 0x2cec, 0x30fc, 0x2f35, 0x2cc5, 0x3062, 0x2e8b, 0x2c4f, 0x2ec2, 0x2d3e, 0x2ad7,
    0x2e20, 0x2d03, 0x2a48, 0x2e82, 0x2d60, 0x2a8f, 0x2e78, 0x2d3e, 0x2abf, 0x2ddd, 0x2cbe, 0x2a7c,
    0x312d, 0x3232, 0x3272, 0x311b, 0x3226, 0x324b, 0x3109, 0x3226, 0x3203, 0x30b9, 0x31d5, 0x3106,
    0x3084, 0x319b, 0x3019, 0x3061, 0x3175, 0x2f8a, 0x3041, 0x3150, 0x2f65, 0x3074, 0x318b, 0x302f,
    0x30b3, 0x31f3, 0x3106, 0x3134, 0x32cf, 0x3299, 0x327c, 0x3462, 0x3540, 0x33a1, 0x3544, 0x3726,
    0x34c8, 0x36c0, 0x38fa, 0x3597, 0x37e4, 0x3996, 0x3520, 0x3722, 0x3867, 0x343d, 0x35c7, 0x35f8,
    0x3325, 0x34c7, 0x3412, 0x31d0, 0x33cd, 0x31d6, 0x31fb, 0x3413, 0x3120, 0x3233, 0x342b, 0x311c,
    0x32ac, 0x3465, 0x3197, 0x3343, 0x34ca, 0x3184, 0x339a, 0x34f9, 0x312a, 0x33bf, 0x3504, 0x30cd,
    0x33b4, 0x34fe, 0x303d, 0x337e, 0x34d3, 0x2fe3, 0x335b, 0x34a7, 0x301f, 0x334b, 0x34d0, 0x30f7,
    0x332a, 0x34fe, 0x3129, 0x32e1, 0x34eb, 0x310f, 0x3241, 0x348f, 0x30be, 0x3219, 0x3474, 0x3101,
    0x3187, 0x3274, 0x32f0, 0x31af, 0x32c7, 0x338a, 0x31e6, 0x3325, 0x33df, 0x318d, 0x32d0, 0x32e8,
    0x30fb, 0x322e, 0x315c, 0x30c6, 0x31fb, 0x30bb, 0x30af, 0x31e2, 0x30b5, 0x30bb, 0x31e1, 0x30b6,
    0x30de, 0x320c, 0x30e3, 0x30f3, 0x3251, 0x3171, 0x31d5, 0x33b7, 0x3427, 0x332b, 0x34e9, 0x3654,
    0x3481, 0x3652, 0x387a, 0x34ed, 0x36e7, 0x3893, 0x34ad, 0x3683, 0x37ae, 0x3429, 0x3593, 0x355b,
    0x334e, 0x34d6, 0x3385, 0x3176, 0x3340, 0x311a, 0x3160, 0x334d, 0x30d2, 0x31ce, 0x33c9, 0x3199,
    0x3276, 0x3457, 0x32b1, 0x32e5, 0x3494, 0x31b6, 0x3387, 0x34c8, 0x312f, 0x33cc, 0x34ea, 0x3119,
    0x3397, 0x34d7, 0x3101, 0x3336, 0x3474, 0x3055, 0x3336, 0x3467, 0x30a8, 0x330b, 0x34af, 0x3178,
    0x32da, 0x34ce, 0x3169, 0x32cb, 0x34df, 0x31ca, 0x3293, 0x34c0, 0x31be, 0x327b, 0x34ae, 0x3195,
    0x32d5, 0x33d8, 0x347b, 0x32b2, 0x33d5, 0x3491, 0x3341, 0x3461, 0x355f, 0x3319, 0x3458, 0x3520,
    0x3255, 0x33d4, 0x342c, 0x31de, 0x335d, 0x3323, 0x31d2, 0x3359, 0x3306, 0x31bd, 0x3328, 0x32b8,
    0x317e, 0x32cc, 0x31f9, 0x31ae, 0x331c, 0x3248, 0x3237, 0x340f, 0x345b, 0x3381, 0x3523, 0x36c6,
    0x3487, 0x364c, 0x3867, 0x34cb, 0x36a4, 0x383a, 0x34a2, 0x365f, 0x3705, 0x3494, 0x3617, 0x35e4,
    0x33e3, 0x353b, 0x341f, 0x31b4, 0x339b, 0x314e, 0x30fd, 0x32aa, 0x309d, 0x31c2, 0x33c0, 0x3256,
    0x32eb, 0x34d3, 0x34b2, 0x32ce, 0x3497, 0x3295, 0x3333, 0x3489, 0x312d, 0x335d, 0x349a, 0x318d,
    0x33ac, 0x34d3, 0x3252, 0x3343, 0x343d, 0x30e8, 0x32a6, 0x33fd, 0x3089, 0x3244, 0x342c, 0x30a5,
    0x325d, 0x3474, 0x30ee, 0x32b8, 0x34cd, 0x31ad, 0x32ca, 0x34e5, 0x31a7, 0x32fd, 0x3510, 0x3222,
    0x3442, 0x34d3, 0x35b6, 0x343e, 0x34d5, 0x35ca, 0x347e, 0x353e, 0x368a, 0x3486, 0x356a, 0x36e5,
    0x340c, 0x34eb, 0x35e9, 0x33ae, 0x34cc, 0x35a0, 0x33f6, 0x350f, 0x35f4, 0x33a9, 0x34d0, 0x3553,
    0x3327, 0x346c, 0x3493, 0x32eb, 0x344b, 0x345b, 0x334e, 0x34b8, 0x3565, 0x34a6, 0x365d, 0x387e,
    0x3514, 0x3717, 0x391b, 0x34fc, 0x36f2, 0x3883, 0x34e2, 0x36ae, 0x3786, 0x3502, 0x36a9, 0x36f7,
    0x3477, 0x35f0, 0x359e, 0x325f, 0x3447, 0x32db, 0x30f6, 0x328d, 0x307a, 0x319e, 0x3395, 0x31b2,
    0x328d, 0x349b, 0x342b, 0x3262, 0x3465, 0x3247, 0x3260, 0x3431, 0x3128, 0x326b, 0x3419, 0x3150,
    0x3313, 0x344d, 0x3161, 0x32d3, 0x33ad, 0x307f, 0x31ec, 0x335b, 0x3067, 0x31cb, 0x33de, 0x306f,
    0x31ee, 0x343b, 0x3070, 0x328c, 0x34c2, 0x316d, 0x32eb, 0x350a, 0x320f, 0x32f3, 0x3517, 0x3268,
    0x340f, 0x348f, 0x3524, 0x349a, 0x3520, 0x3606, 0x351a, 0x35b4, 0x36d8, 0x3523, 0x35d5, 0x3724,
    0x34e6, 0x35b2, 0x36fe, 0x349f, 0x358c, 0x36d6, 0x3521, 0x3656, 0x3814, 0x34df, 0x3609, 0x3772,
    0x34ec, 0x3621, 0x3753, 0x34c2, 0x35ef, 0x3706, 0x34ba, 0x3607, 0x3790, 0x353d, 0x36f1, 0x38d8,
    0x3545, 0x3729, 0x38ed, 0x358e, 0x37ae, 0x3909, 0x354b, 0x3735, 0x3840, 0x3597, 0x377c, 0x3884,
    0x3546, 0x3727, 0x384f, 0x331c, 0x34c1, 0x3448, 0x311e, 0x32c1, 0x3068, 0x30fc, 0x32ad, 0x3069,
    0x31b2, 0x33f7, 0x325c, 0x312c, 0x334a, 0x308c, 0x3153, 0x334e, 0x3005, 0x3176, 0x3310, 0x3049,
    0x3218, 0x3332, 0x3093, 0x3258, 0x339a, 0x3145, 0x322e, 0x3428, 0x3214, 0x31c6, 0x3419, 0x310e,
    0x31f3, 0x3456, 0x312e, 0x3269, 0x34ad, 0x3203, 0x32bb, 0x34ea, 0x329a, 0x330c, 0x352b, 0x3369,
    0x3133, 0x31cf, 0x31b2, 0x32cc, 0x337e, 0x3409, 0x349c, 0x350c, 0x35c7, 0x34eb, 0x3562, 0x3631,
    0x34b0, 0x3537, 0x360d, 0x3512, 0x35d0, 0x3703, 0x35f6, 0x36fe, 0x386c, 0x3514, 0x3607, 0x3751,
    0x355d, 0x3692, 0x380a, 0x3608, 0x377d, 0x38c8, 0x3619, 0x37aa, 0x391a, 0x360e, 0x37bc, 0x3963,
    0x3578, 0x370d, 0x38b4, 0x3587, 0x374a, 0x38a5, 0x35e2, 0x37cd, 0x38bc, 0x360d, 0x380a, 0x3912,
    0x3626, 0x3832, 0x399d, 0x33f3, 0x353f, 0x34f5, 0x31a0, 0x3380, 0x30ba, 0x30c7, 0x3260, 0x3019,
    0x3087, 0x3226, 0x308b, 0x305f, 0x3212, 0x2f82, 0x3100, 0x32e8, 0x301c, 0x31b5, 0x335a, 0x31a0,
    0x31d6, 0x3301, 0x3192, 0x3266, 0x3429, 0x32fe, 0x3294, 0x349b, 0x338a, 0x323b, 0x3485, 0x32bd,
    0x3245, 0x3498, 0x32c9, 0x328e, 0x34bf, 0x3305, 0x32d6, 0x34f1, 0x3324, 0x333a, 0x353a, 0x33fd,
    0x2f08, 0x2fcb, 0x2ee2, 0x3034, 0x30a1, 0x3050, 0x31c4, 0x3244, 0x3252, 0x3370, 0x3406, 0x3449,
    0x3311, 0x33a9, 0x33fb, 0x33a6, 0x343c, 0x3493, 0x34fc, 0x359f, 0x368e, 0x34c0, 0x3569, 0x3621,
    0x34f2, 0x35c8, 0x367e, 0x361f, 0x374d, 0x3853, 0x3762, 0x3875, 0x39d0, 0x3728, 0x385e, 0x39f4,
    0x3605, 0x3776, 0x38ea, 0x36ab, 0x3841, 0x39bb, 0x373c, 0x38b5, 0x3a2f, 0x366b, 0x3815, 0x38c0,
    0x359d, 0x3729, 0x382d, 0x3411, 0x3538, 0x34c0, 0x3242, 0x3427, 0x3235, 0x3180, 0x3347, 0x31c8,
    0x30dc, 0x3278, 0x31db, 0x3048, 0x31aa, 0x306f, 0x3168, 0x3332, 0x317d, 0x329f, 0x3411, 0x3312,
    0x32bd, 0x340b, 0x3376, 0x33b8, 0x3537, 0x357f, 0x337c, 0x3551, 0x3523, 0x32c2, 0x34e4, 0x342a,
    0x3298, 0x34cb, 0x3379, 0x32f0, 0x34fd, 0x33ed, 0x336b, 0x354f, 0x3489, 0x343b, 0x3607, 0x35cc,
    0x2d84, 0x2e00, 0x2c27, 0x2e38, 0x2ec8, 0x2d18, 0x2f34, 0x2fcc, 0x2e44, 0x3052, 0x30a7, 0x3017,
    0x3076, 0x30cc, 0x303e, 0x30b6, 0x311a, 0x3087, 0x31ed, 0x327f, 0x3226, 0x32d0, 0x338b, 0x331b,
    0x3456, 0x34f0, 0x34de, 0x36d0, 0x37dd, 0x385a, 0x3803, 0x38a8, 0x39b0, 0x37ea, 0x38a1, 0x39f6,
    0x3774, 0x3875, 0x39ba, 0x38a3, 0x39dd, 0x3c0c, 0x3a77, 0x3c36, 0x3e3a, 0x38c8, 0x39f8, 0x3bc7,
    0x35b8, 0x36e5, 0x379a, 0x347e, 0x35ae, 0x35d1, 0x3469, 0x35cf, 0x361f, 0x3458, 0x35c0, 0x3681,
    0x32af, 0x3464, 0x34e1, 0x30c2, 0x31d1, 0x30fa, 0x31dd, 0x32da, 0x3175, 0x3344, 0x33f9, 0x326e,
    0x33da, 0x34db, 0x3506, 0x34bb, 0x3696, 0x37ed, 0x3455, 0x3625, 0x369d, 0x3394, 0x356b, 0x3510,
    0x3340, 0x3537, 0x349c, 0x33ac, 0x3582, 0x3535, 0x3473, 0x365c, 0x36ba, 0x3547, 0x377b, 0x3849,
    0x2dc4, 0x2e40, 0x2be5, 0x2ded, 0x2e61, 0x2b57, 0x2df9, 0x2e74, 0x2bc9, 0x2d8c, 0x2df2, 0x2b82,
    0x2dc3, 0x2e23, 0x2c28, 0x2e47, 0x2e9d, 0x2c7d, 0x2fa1, 0x301b, 0x2d6d, 0x3105, 0x3197, 0x2fd2,
    0x3324, 0x3418, 0x32e0, 0x35f6, 0x36e3, 0x3722, 0x36ce, 0x37df, 0x3882, 0x3642, 0x374a, 0x3842,
    0x38e2, 0x39bb, 0x3b42, 0x3ad9, 0x3c2c, 0x3daf, 0x3d46, 0x3e9a, 0x40d4, 0x3c59, 0x3d5a, 0x3f80,
    0x37b2, 0x3889, 0x3943, 0x3572, 0x36ca, 0x36b2, 0x36bd, 0x385a, 0x3923, 0x364c, 0x3818, 0x3903,
    0x3376, 0x34c0, 0x34c3, 0x3249, 0x3372, 0x3200, 0x3345, 0x339d, 0x3174, 0x341c, 0x344d, 0x32bc,
    0x342a, 0x3540, 0x3521, 0x343f, 0x35d8, 0x35f0, 0x3481, 0x364b, 0x3696, 0x346c, 0x3635, 0x3689,
    0x3462, 0x3637, 0x36b2, 0x349e, 0x36a8, 0x378b, 0x358c, 0x3801, 0x38e1, 0x36a0, 0x38c5, 0x3a15,
    0x2d6f, 0x2dca, 0x2a15, 0x2e13, 0x2e6e, 0x2afa, 0x2e25, 0x2e77, 0x2a72, 0x2d5f, 0x2dae, 0x29a0,
    0x2cf9, 0x2d3e, 0x2982, 0x2d10, 0x2d49, 0x298f, 0x2d83, 0x2dfc, 0x2a12, 0x2ee2, 0x2fc5, 0x2c0b,
    0x305b, 0x311d, 0x2e2f, 0x31b3, 0x32dc, 0x3130, 0x32a6, 0x33ff, 0x331f, 0x3411, 0x34ea, 0x34c2,
    0x3831, 0x38f0, 0x39b7, 0x3c09, 0x3cb8, 0x3e08, 0x3f64, 0x405b, 0x41e1, 0x3e1c, 0x3f32, 0x40bc,
    0x3928, 0x39f8, 0x3ad3, 0x37c9, 0x38a2, 0x38dd, 0x3822, 0x38f9, 0x39b3, 0x3615, 0x3778, 0x3833,
    0x346b, 0x3552, 0x3551, 0x342b, 0x34d7, 0x3442, 0x34da, 0x3515, 0x3409, 0x34d7, 0x3554, 0x34c0,
    0x350f, 0x365c, 0x3659, 0x3553, 0x36fd, 0x3759, 0x356c, 0x3748, 0x3802, 0x3596, 0x379f, 0x3868,
    0x35ab, 0x37e7, 0x38c4, 0x35f1, 0x3841, 0x3955, 0x371e, 0x3920, 0x3ab1, 0x387c, 0x3a73, 0x3c5a,
    0x2d36, 0x2da5, 0x28bc, 0x2ded, 0x2e3e, 0x2948, 0x2e4c, 0x2e84, 0x2908, 0x2da3, 0x2de9, 0x2890,
    0x2ce3, 0x2d28, 0x280c, 0x2c88, 0x2cc7, 0x274b, 0x2cc7, 0x2d47, 0x286a, 0x2d76, 0x2e51, 0x28f2,
    0x2ec5, 0x3021, 0x2b3e, 0x2fa0, 0x30f8, 0x2c91, 0x3031, 0x3199, 0x2e3c, 0x3179, 0x3317, 0x314a,
    0x3613, 0x3756, 0x3786, 0x3b18, 0x3c22, 0x3cf9, 0x3e22, 0x3f16, 0x407a, 0x3d39, 0x3e0c, 0x3f78,
    0x3912, 0x39f6, 0x3abd, 0x385d, 0x392f, 0x39bb, 0x3870, 0x3949, 0x3a0a, 0x37f6, 0x38c5, 0x399a,
    0x3710, 0x381e, 0x38c2, 0x379f, 0x3857, 0x38d2, 0x363c, 0x36c3, 0x36ad, 0x37b1, 0x388a, 0x3928,
    0x38da, 0x3a08, 0x3b57, 0x38fb, 0x3a44, 0x3bc1, 0x38af, 0x3a09, 0x3b91, 0x3860, 0x39ca, 0x3b5e,
    0x36bb, 0x388d, 0x3989, 0x3658, 0x3863, 0x394e, 0x3803, 0x399c, 0x3b21, 0x3972, 0x3b8c, 0x3cf6,
    0x2df1, 0x2ed8, 0x286d, 0x2e34, 0x2ee2, 0x28bb, 0x2e21, 0x2e8c, 0x2882, 0x2d81, 0x2e08, 0x27b5,
    0x2ccd, 0x2d74, 0x2717, 0x2c54, 0x2cdc, 0x25f2, 0x2caa, 0x2d60, 0x26fe, 0x2d2c, 0x2dd0, 0x267a,
    0x2e81, 0x2f6f, 0x2994, 0x2e65, 0x3037, 0x2939, 0x2edf, 0x30cc, 0x2a91, 0x300d, 0x3179, 0x2e05,
    0x3225, 0x33f0, 0x326b, 0x3609, 0x376f, 0x37c0, 0x38e6, 0x39ef, 0x3ae8, 0x397c, 0x3a8e, 0x3bc0,
    0x367e, 0x37dc, 0x3841, 0x36ab, 0x3806, 0x3854, 0x38b5, 0x3996, 0x3a60, 0x3982, 0x3a73, 0x3bb9,
    0x3acc, 0x3be1, 0x3cd7, 0x3ad0, 0x3bcb, 0x3ca0, 0x384c, 0x38dd, 0x3967, 0x3aeb, 0x3c2b, 0x3d37,
    0x3c8f, 0x3d97, 0x3f30, 0x3c44, 0x3d40, 0x3eb4, 0x3abc, 0x3c37, 0x3d57, 0x3918, 0x3a8b, 0x3c13,
    0x3700, 0x3892, 0x3946, 0x36dc, 0x387f, 0x3903, 0x385a, 0x39a8, 0x3a78, 0x39e7, 0x3b8c, 0x3c64,
    0x2dd7, 0x2f17, 0x2667, 0x2da8, 0x2e88, 0x26a1, 0x2d3d, 0x2ddd, 0x260f, 0x2cbf, 0x2d4d, 0x254a,
    0x2c82, 0x2d30, 0x257a, 0x2c35, 0x2ce6, 0x247c, 0x2cd6, 0x2db4, 0x25f8, 0x2da5, 0x2e75, 0x2684,
    0x2f28, 0x2ff9, 0x28ce, 0x2ed3, 0x3074, 0x281a, 0x2ed4, 0x306f, 0x2908, 0x2f2b, 0x306e, 0x2c03,
    0x306a, 0x3161, 0x2ed5, 0x33af, 0x34aa, 0x3453, 0x35c6, 0x3712, 0x37c3, 0x3498, 0x359e, 0x35c8,
    0x32e6, 0x342f, 0x339c, 0x358d, 0x3693, 0x36cb, 0x391e, 0x39f0, 0x3ad0, 0x39c9, 0x3ab0, 0x3bdd,
    0x3bc7, 0x3c81, 0x3d6d, 0x3b4d, 0x3c31, 0x3cd3, 0x38f8, 0x39b0, 0x3a29, 0x3c70, 0x3d3b, 0x3e3b,
    0x3d9e, 0x3eb7, 0x4021, 0x3c65, 0x3d4a, 0x3e6b, 0x38c3, 0x39d5, 0x3a9d, 0x369c, 0x381a, 0x383c,
    0x35c1, 0x372d, 0x36c5, 0x3633, 0x37b9, 0x36fb, 0x384b, 0x393e, 0x38ef, 0x3a3c, 0x3b78, 0x3b5d,
    0x2d60, 0x2e5c, 0x25fb, 0x2cfc, 0x2dd7, 0x259e, 0x2cb1, 0x2d5d, 0x2526, 0x2c6f, 0x2cf8, 0x257a,
    0x2c4b, 0x2cbf, 0x24a1, 0x2c87, 0x2cf6, 0x24ba, 0x2d2e, 0x2da4, 0x2644, 0x2e0e, 0x2ea5, 0x2708,
    0x2f22, 0x2fef, 0x2846, 0x2ed7, 0x3015, 0x27f1, 0x2eb4, 0x2fe8, 0x28c3, 0x2f03, 0x2fcb, 0x2a0b,
    0x3001, 0x3038, 0x2c8e, 0x30bd, 0x3119, 0x2f05, 0x318e, 0x321d, 0x30c2, 0x3140, 0x31d6, 0x3053,
    0x3100, 0x317e, 0x2fdf, 0x3292, 0x3331, 0x31dc, 0x34dc, 0x356a, 0x3517, 0x35b9, 0x3676, 0x3637,
    0x3730, 0x381b, 0x3827, 0x374e, 0x3829, 0x3818, 0x3754, 0x3835, 0x3804, 0x3a40, 0x3b4c, 0x3bd2,
    0x3a91, 0x3bb7, 0x3c36, 0x38d6, 0x39b2, 0x39d4, 0x35fe, 0x3726, 0x3617, 0x34ff, 0x3606, 0x3458,
    0x3549, 0x3665, 0x33fe, 0x361f, 0x3761, 0x3442, 0x37b5, 0x3898, 0x35b6, 0x38d3, 0x39b2, 0x37ee,
    0x2db6, 0x2dca, 0x269c, 0x2cfc, 0x2d13, 0x258d, 0x2c85, 0x2cc9, 0x2589, 0x2c2c, 0x2c98, 0x244e,
    0x2c6f, 0x2cdd, 0x2484, 0x2d25, 0x2d60, 0x2638, 0x2dab, 0x2db1, 0x26d8, 0x2e38, 0x2e34, 0x27f7,
    0x2e3f, 0x2e79, 0x27f2, 0x2d93, 0x2e2c, 0x2688, 0x2d58, 0x2dc6, 0x2788, 0x2e15, 0x2e34, 0x28f1,
    0x2e1d, 0x2e13, 0x299e, 0x2ead, 0x2ebc, 0x2b32, 0x2f4d, 0x2f7f, 0x2c3a, 0x2fff, 0x3018, 0x2c75,
    0x2ff8, 0x3011, 0x2c2b, 0x3098, 0x30c9, 0x2d78, 0x3177, 0x31a1, 0x2ed8, 0x319a, 0x31d9, 0x3010,
    0x323e, 0x32a5, 0x30b4, 0x3357, 0x33d5, 0x3184, 0x3426, 0x3490, 0x3298, 0x3518, 0x35d7, 0x345b,
    0x3599, 0x367a, 0x347c, 0x359f, 0x3683, 0x339c, 0x3559, 0x363d, 0x31da, 0x356d, 0x3653, 0x317d,
    0x3619, 0x3726, 0x31bc, 0x3696, 0x37c6, 0x3225, 0x373a, 0x3841, 0x3301, 0x380c, 0x38be, 0x3417,
    0x2ea2, 0x2e34, 0x2856, 0x2e0e, 0x2d8e, 0x27b0, 0x2d3c, 0x2ced, 0x2621, 0x2ca9, 0x2c98, 0x2576,
    0x2c8a, 0x2c97, 0x25a1, 0x2cce, 0x2cd0, 0x263f, 0x2d37, 0x2d13, 0x26d6, 0x2dcb, 0x2d92, 0x27fa,
    0x2dfc, 0x2ddd, 0x2820, 0x2d89, 0x2db9, 0x27ec, 0x2cff, 0x2d06, 0x27c7, 0x2d04, 0x2cd7, 0x2768,
    0x2d23, 0x2d2b, 0x28f9, 0x2d07, 0x2d4c, 0x27cf, 0x2e13, 0x2e56, 0x2960, 0x2f85, 0x2f76, 0x2aa2,
    0x3013, 0x302c, 0x2ac5, 0x3054, 0x307e, 0x2bac, 0x3093, 0x308f, 0x2c10, 0x2ff9, 0x2fc1, 0x2be2,
    0x307e, 0x3065, 0x2c79, 0x31d0, 0x31b1, 0x2daa, 0x3221, 0x3264, 0x2ee7, 0x3265, 0x3309, 0x2f15,
    0x331e, 0x341e, 0x2fb5, 0x344e, 0x350b, 0x2f71, 0x34ee, 0x35bc, 0x2fc0, 0x359e, 0x3664, 0x306f,
    0x3677, 0x3757, 0x31cc, 0x36d4, 0x37c8, 0x3232, 0x36da, 0x37dd, 0x3179, 0x36f7, 0x380a, 0x311a,
    0x2e2d, 0x2dbf, 0x292c, 0x2e0c, 0x2d7d, 0x2854, 0x2dd5, 0x2d4f, 0x2804, 0x2d9b, 0x2d39, 0x27cf,
    0x2d90, 0x2d48, 0x279d, 0x2d5d, 0x2d1c, 0x273c, 0x2d2a, 0x2cd2, 0x275c, 0x2d65, 0x2cf6, 0x27ab,
    0x2d9e, 0x2d41, 0x2810, 0x2d27, 0x2cdb, 0x2789, 0x2ca6, 0x2c73, 0x26b6, 0x2c74, 0x2c49, 0x2698,
    0x2caa, 0x2c98, 0x269b, 0x2cb5, 0x2d2f, 0x25e8, 0x2de0, 0x2e3d, 0x2821, 0x2efe, 0x2ee6, 0x294c,
    0x2fce, 0x2fb5, 0x299c, 0x2ff7, 0x2fd3, 0x2acf, 0x2f45, 0x2f04, 0x2ac6, 0x2fc7, 0x2f63, 0x2aee,
    0x305e, 0x3017, 0x2b1e, 0x30e6, 0x3092, 0x2b87, 0x3144, 0x3148, 0x2c7b, 0x3195, 0x31d3, 0x2d09,
    0x31ac, 0x323a, 0x2ca4, 0x3305, 0x33fa, 0x2e2e, 0x3477, 0x3514, 0x2ec0, 0x3542, 0x35e5, 0x3032,
    0x35ef, 0x367f, 0x3188, 0x365d, 0x36ef, 0x3257, 0x363e, 0x36e9, 0x3195, 0x3634, 0x36f7, 0x319f,
    0x2e9b, 0x2dfe, 0x2aec, 0x2e7a, 0x2dc7, 0x2a29, 0x2e49, 0x2da4, 0x2977, 0x2df9, 0x2d68, 0x28e2,
    0x2d8e, 0x2d02, 0x285f, 0x2d10, 0x2c94, 0x27a3, 0x2cc1, 0x2c3a, 0x2715, 0x2d21, 0x2c77, 0x277c,
    0x2d7a, 0x2cec, 0x27e0, 0x2cea, 0x2c60, 0x26e5, 0x2c89, 0x2c16, 0x2614, 0x2cbe, 0x2c36, 0x26a7,
    0x2d05, 0x2c6c, 0x270b, 0x2dc8, 0x2d58, 0x27dc, 0x2ee0, 0x2e56, 0x2885, 0x3004, 0x2f39, 0x2978,
    0x2ffa, 0x2f63, 0x2980, 0x2ef8, 0x2ea0, 0x2996, 0x2e34, 0x2dbe, 0x2847, 0x2fcf, 0x2f01, 0x2a0b,
    0x3054, 0x2fa7, 0x2ab5, 0x3001, 0x2f43, 0x2a2f, 0x30bc, 0x3052, 0x2ac8, 0x3171, 0x310b, 0x2c3e,
    0x3135, 0x314b, 0x2c82, 0x31a5, 0x3206, 0x2d1a, 0x3302, 0x3379, 0x2efa, 0x3461, 0x348e, 0x30f0,
    0x353d, 0x354d, 0x3231, 0x35c4, 0x35cc, 0x32ec, 0x35f5, 0x35ff, 0x3309, 0x3611, 0x3617, 0x3321,
    0x2fb8, 0x2ed8, 0x2ca6, 0x2f7d, 0x2e88, 0x2c3a, 0x2ef7, 0x2e00, 0x2b4b, 0x2e35, 0x2d47, 0x2a18,
    0x2d8c, 0x2cae, 0x2913, 0x2d35, 0x2c6c, 0x2868, 0x2d30, 0x2c4b, 0x2815, 0x2db4, 0x2c91, 0x284f,
    0x2e6a, 0x2d28, 0x285a, 0x2e55, 0x2ceb, 0x2846, 0x2eb5, 0x2d26, 0x28b0, 0x3004, 0x2e4a, 0x29e4,
    0x303a, 0x2ec3, 0x29e5, 0x3074, 0x2f18, 0x29ff, 0x30d2, 0x2fe3, 0x2a64, 0x30de, 0x301d, 0x2abe,
    0x307a, 0x2fe8, 0x2a4f, 0x30b2, 0x3043, 0x2a63, 0x307f, 0x3038, 0x2985, 0x30c4, 0x3085, 0x2ac2,
    0x311e, 0x309d, 0x2bc9, 0x3046, 0x2ff7, 0x2a08, 0x30f4, 0x3056, 0x2ad8, 0x3171, 0x30b1, 0x2c5c,
    0x30d4, 0x306d, 0x2c18, 0x30e5, 0x3097, 0x2c86, 0x31d9, 0x316d, 0x2e42, 0x3370, 0x32df, 0x3098,
    0x3470, 0x3418, 0x31d4, 0x350e, 0x34a3, 0x3294, 0x3578, 0x3503, 0x331d, 0x3599, 0x3515, 0x3302,
    0x3030, 0x2eff, 0x2ca0, 0x302d, 0x2ef5, 0x2c86, 0x2f6b, 0x2e0c, 0x2ba9, 0x2f04, 0x2d95, 0x2b01,
    0x2fdd, 0x2e3a, 0x2bd0, 0x2f95, 0x2de2, 0x2a88, 0x2fb1, 0x2db3, 0x298c, 0x3045, 0x2ded, 0x29e7,
    0x30b6, 0x2e70, 0x2a43, 0x30da, 0x2ea6, 0x2aa5, 0x3167, 0x2f9e, 0x2b8a, 0x3241, 0x30a6, 0x2ca8,
    0x31bd, 0x3045, 0x2c00, 0x31d1, 0x301e, 0x2bc2, 0x3224, 0x3056, 0x2ba2, 0x31a0, 0x309c, 0x2a9d,
    0x314f, 0x309b, 0x2aa1, 0x30f7, 0x3083, 0x2a0f, 0x3056, 0x3039, 0x2919, 0x3074, 0x305d, 0x2a1a,
    0x310b, 0x3092, 0x2bd6, 0x3062, 0x2ff1, 0x2ab1, 0x30b9, 0x2ff3, 0x2b0f, 0x3116, 0x3019, 0x2c11,
    0x3129, 0x302a, 0x2c9c, 0x3145, 0x304a, 0x2d12, 0x31f1, 0x3102, 0x2ecd, 0x32e0, 0x31f6, 0x305b,
    0x33e5, 0x330c, 0x3165, 0x3452, 0x33cd, 0x3214, 0x348a, 0x3418, 0x324e, 0x34d1, 0x344a, 0x3275,
    0x3007, 0x2e21, 0x2b6a, 0x3040, 0x2e6b, 0x2b8d, 0x303a, 0x2e31, 0x2b3e, 0x3081, 0x2e92, 0x2bbe,
    0x3111, 0x2f6f, 0x2c85, 0x3141, 0x2f6b, 0x2c4f, 0x3170, 0x2f57, 0x2bf6, 0x3175, 0x2f38, 0x2bb7,
    0x316c, 0x2f61, 0x2b90, 0x3150, 0x2f57, 0x2b77, 0x31ee, 0x302c, 0x2c2d, 0x3298, 0x30c1, 0x2cd5,
    0x322d, 0x3053, 0x2c3a, 0x3253, 0x305b, 0x2c52, 0x3283, 0x3089, 0x2c15, 0x325c, 0x30b2, 0x2b60,
    0x320a, 0x30b5, 0x2b5a, 0x30f9, 0x3015, 0x2a4d, 0x306c, 0x2f73, 0x2a15, 0x303d, 0x2f19, 0x2a26,
    0x30e0, 0x2fdf, 0x2bf8, 0x3136, 0x3008, 0x2c18, 0x3221, 0x3072, 0x2cb0, 0x32bc, 0x30c2, 0x2d41,
    0x32de, 0x310d, 0x2e09, 0x3333, 0x3195, 0x2f67, 0x33c8, 0x3265, 0x3092, 0x340f, 0x32ec, 0x3126,
    0x3405, 0x3329, 0x319a, 0x33f7, 0x3343, 0x31d6, 0x340c, 0x3366, 0x31f0, 0x3447, 0x33b5, 0x31ff,
    0x301f, 0x2de7, 0x2ad5, 0x30b0, 0x2eb4, 0x2b7d, 0x30e0, 0x2f17, 0x2b76, 0x3103, 0x2f7e, 0x2be2,
    0x312b, 0x2fa7, 0x2c43, 0x3133, 0x2f57, 0x2c26, 0x314f, 0x2f3c, 0x2bec, 0x3148, 0x2f3d, 0x2b8a,
    0x313d, 0x2f62, 0x2b7c, 0x3180, 0x2fb9, 0x2bad, 0x31e6, 0x3049, 0x2c07, 0x3281, 0x30a0, 0x2c6f,
    0x32b2, 0x309f, 0x2c68, 0x333d, 0x30ee, 0x2c91, 0x3303, 0x3101, 0x2c5c, 0x33bd, 0x3146, 0x2ccc,
    0x33db, 0x3181, 0x2d4c, 0x3361, 0x315c, 0x2d74, 0x3286, 0x30b7, 0x2d06, 0x3269, 0x30a6, 0x2d31,
    0x3276, 0x30c6, 0x2d88, 0x326d, 0x30d8, 0x2ddf, 0x32e3, 0x3136, 0x2e6b, 0x334b, 0x3192, 0x2f13,
    0x3327, 0x31a7, 0x2f81, 0x3369, 0x3205, 0x302e, 0x33e3, 0x3298, 0x30c8, 0x341b, 0x3319, 0x3154,
    0x342c, 0x3369, 0x31bd, 0x3431, 0x339b, 0x31fd, 0x3423, 0x3391, 0x31f3, 0x3421, 0x3378, 0x31bb,
    0x30d5, 0x2ee1, 0x2b76, 0x3132, 0x2f8b, 0x2bd8, 0x3128, 0x2fbb, 0x2b78, 0x311e, 0x2fc3, 0x2b93,
    0x314b, 0x2fc5, 0x2c17, 0x314d, 0x2f96, 0x2c09, 0x3199, 0x2fcd, 0x2c1e, 0x3178, 0x2fb8, 0x2bea,
    0x3186, 0x3000, 0x2c10, 0x320c, 0x304f, 0x2c4f, 0x3289, 0x309b, 0x2cc2, 0x334a, 0x310f, 0x2d57,
    0x3413, 0x3189, 0x2de0, 0x345a, 0x31e4, 0x2e36, 0x345e, 0x3208, 0x2e6e, 0x346e, 0x321e, 0x2ec1,
    0x344c, 0x320c, 0x2ee1, 0x3425, 0x31f7, 0x2f03, 0x33aa, 0x31a4, 0x2ee0, 0x3394, 0x31a7, 0x2f12,
    0x339f, 0x31cc, 0x2f4f, 0x3358, 0x31ca, 0x2f9a, 0x3317, 0x31bb, 0x2fc6, 0x32e6, 0x31b8, 0x3001,
    0x32a4, 0x319f, 0x3018, 0x32b9, 0x31be, 0x3047, 0x3337, 0x323d, 0x30b4, 0x33cf, 0x32cb, 0x311e,
    0x3416, 0x3333, 0x3179, 0x3431, 0x3378, 0x31bc, 0x3424, 0x3361, 0x3191, 0x33fb, 0x330a, 0x3124,
    0x31c2, 0x3022, 0x2c5f, 0x31f7, 0x3048, 0x2c73, 0x3218, 0x3054, 0x2c80, 0x3239, 0x305e, 0x2c99,
    0x3265, 0x3076, 0x2cba, 0x325f, 0x307d, 0x2cda, 0x324a, 0x3073, 0x2cf3, 0x3220, 0x3068, 0x2d0b,
    0x3255, 0x3098, 0x2d46, 0x3301, 0x310e, 0x2dc4, 0x3351, 0x3134, 0x2e0f, 0x3370, 0x3143, 0x2e34,
    0x33e4, 0x3190, 0x2e9d, 0x3418, 0x31cc, 0x2ee8, 0x3430, 0x3215, 0x2f6b, 0x3446, 0x324b, 0x2fe5,
    0x33d6, 0x31e7, 0x2f9c, 0x33d5, 0x31f7, 0x2fb7, 0x337e, 0x31d2, 0x2fa0, 0x3387, 0x31dc, 0x2fa9,
    0x338a, 0x31ed, 0x2fca, 0x3372, 0x31f4, 0x2fff, 0x331e, 0x31d9, 0x3011, 0x32f7, 0x31d9, 0x3029,
    0x3317, 0x31fe, 0x304e, 0x3365, 0x323d, 0x3086, 0x33b5, 0x327e, 0x30bf, 0x33d7, 0x329f, 0x30d2,
    0x33e6, 0x32bb, 0x30ea, 0x33c6, 0x32b2, 0x30fa, 0x3380, 0x3272, 0x30c2, 0x3320, 0x3214, 0x305c,
    0x32cb, 0x30d5, 0x2d76, 0x331a, 0x3104, 0x2dc2, 0x333e, 0x310c, 0x2dd5, 0x3341, 0x310c, 0x2ddf,
    0x3344, 0x311e, 0x2e0b, 0x3307, 0x3100, 0x2dfd, 0x329d, 0x30cf, 0x2deb, 0x329d, 0x30ea, 0x2e21,
    0x3313, 0x3149, 0x2e99, 0x337b, 0x3185, 0x2ed9, 0x3375, 0x3169, 0x2ec4, 0x335f, 0x3162, 0x2ef2,
    0x3382, 0x31a1, 0x2f66, 0x33c9, 0x31d5, 0x2f8f, 0x3406, 0x320c, 0x2fce, 0x33f2, 0x3215, 0x3006,
    0x337f, 0x31d6, 0x2fe4, 0x3333, 0x31a4, 0x2f9c, 0x3327, 0x31b4, 0x2fcc, 0x338f, 0x3206, 0x3011,
    0x33ec, 0x324d, 0x3031, 0x33d7, 0x3251, 0x304a, 0x33c3, 0x3259, 0x3069, 0x3385, 0x3243, 0x3073,
    0x33c5, 0x3275, 0x308c, 0x340f, 0x32ab, 0x30ab, 0x3417, 0x3292, 0x308e, 0x33ff, 0x3260, 0x305a,
    0x33a1, 0x321d, 0x3025, 0x3324, 0x31c3, 0x2fdf, 0x3297, 0x3154, 0x2f5d, 0x3222, 0x30fa, 0x2eee,
    0x33fa, 0x31b5, 0x2ee6, 0x3409, 0x31cf, 0x2f2d, 0x33e1, 0x31ae, 0x2f1e, 0x339f, 0x3189, 0x2f0c,
    0x3357, 0x3168, 0x2f05, 0x3313, 0x3146, 0x2eed, 0x32e2, 0x3128, 0x2ed0, 0x32f9, 0x3143, 0x2eec,
    0x333c, 0x3184, 0x2f3d, 0x336c, 0x31a1, 0x2f5d, 0x334a, 0x3179, 0x2f41, 0x332b, 0x3173, 0x2f6a,
    0x332d, 0x318c, 0x2f9c, 0x338d, 0x31c0, 0x2fa3, 0x33da, 0x31f3, 0x2fcc, 0x33c4, 0x31f9, 0x2fff,
    0x3344, 0x31c1, 0x2ff4, 0x32ad, 0x3179, 0x2fde, 0x327d, 0x3172, 0x2ffb, 0x330a, 0x31d7, 0x3033,
    0x338d, 0x322c, 0x3056, 0x3379, 0x322a, 0x3061, 0x3369, 0x3224, 0x306a, 0x3310, 0x31e8, 0x304c,
    0x32e7, 0x31cf, 0x3041, 0x330c, 0x31e3, 0x3048, 0x3314, 0x31c0, 0x3012, 0x32f7, 0x317a, 0x2f7c,
    0x32c0, 0x313c, 0x2eff, 0x327b, 0x3103, 0x2e9e, 0x3210, 0x30b0, 0x2e2e, 0x3198, 0x305c, 0x2dd8,
    0x3477, 0x3280, 0x300f, 0x3462, 0x326b, 0x3015, 0x3426, 0x321f, 0x2ff6, 0x33c4, 0x31cc, 0x2fbd,
    0x3360, 0x319b, 0x2fa7, 0x3310, 0x316f, 0x2f79, 0x330a, 0x3163, 0x2f57, 0x3304, 0x3165, 0x2f4f,
    0x330b, 0x3175, 0x2f6e, 0x32f8, 0x315b, 0x2f49, 0x32f9, 0x314c, 0x2f24, 0x32f3, 0x3149, 0x2f2d,
    0x32cb, 0x313e, 0x2f36, 0x32e7, 0x314d, 0x2f3e, 0x32f5, 0x315f, 0x2f5b, 0x32dc, 0x3161, 0x2f84,
    0x325e, 0x3135, 0x2f9c, 0x31e8, 0x3111, 0x2fc5, 0x31c6, 0x311b, 0x3005, 0x31ec, 0x3136, 0x3012,
    0x3219, 0x314a, 0x3010, 0x3221, 0x3142, 0x3002, 0x31f1, 0x3117, 0x2fce, 0x3178, 0x30be, 0x2f6d,
    0x3134, 0x3090, 0x2f43, 0x313a, 0x308c, 0x2f2c, 0x317e, 0x30a5, 0x2f1b, 0x3196, 0x308c, 0x2ea3,
    0x319d, 0x306f, 0x2e32, 0x31a5, 0x305b, 0x2de7, 0x3188, 0x3034, 0x2d86, 0x313f, 0x2ff0, 0x2d2a,
    0x34c0, 0x3305, 0x3072, 0x3491, 0x32cb, 0x3065, 0x343b, 0x3265, 0x3041, 0x33e2, 0x3201, 0x3019,
    0x3355, 0x31a3, 0x2fce, 0x32f3, 0x3164, 0x2f78, 0x32f0, 0x3159, 0x2f4d, 0x32e7, 0x314e, 0x2f31,
    0x32c5, 0x3136, 0x2f1c, 0x32a7, 0x3116, 0x2f03, 0x3290, 0x30eb, 0x2ecb, 0x3243, 0x30ce, 0x2ebb,
    0x320a, 0x30b9, 0x2ec1, 0x31d4, 0x309e, 0x2eb8, 0x31c6, 0x30a6, 0x2ee2, 0x319a, 0x30a4, 0x2f10,
    0x3152, 0x308a, 0x2f21, 0x3128, 0x307c, 0x2f2a, 0x3100, 0x308a, 0x2f86, 0x30f3, 0x3097, 0x2fb9,
    0x30eb, 0x3084, 0x2f8e, 0x30cd, 0x3068, 0x2f66, 0x309c, 0x3030, 0x2f09, 0x3052, 0x2fc7, 0x2e93,
    0x301e, 0x2f70, 0x2e55, 0x3011, 0x2f5e, 0x2e3d, 0x3043, 0x2f87, 0x2e2c, 0x3078, 0x2fa2, 0x2df7,
    0x308e, 0x2f8b, 0x2da3, 0x30ad, 0x2f81, 0x2d60, 0x30b5, 0x2f51, 0x2d08, 0x30a3, 0x2f09, 0x2ca4,
    0x349a, 0x32f9, 0x3090, 0x3468, 0x32b7, 0x3073, 0x3421, 0x3256, 0x304c, 0x33a1, 0x31d2, 0x3004,
    0x32e8, 0x3153, 0x2f72, 0x3285, 0x310d, 0x2f10, 0x328b, 0x310c, 0x2efc, 0x3276, 0x3102, 0x2ef7,
    0x3242, 0x30e7, 0x2eee, 0x320b, 0x30b5, 0x2ec9, 0x31e4, 0x3082, 0x2e7f, 0x3183, 0x3057, 0x2e6e,
    0x313e, 0x303d, 0x2e7a, 0x30de, 0x300e, 0x2e69, 0x30b7, 0x3016, 0x2ead, 0x3090, 0x3013, 0x2ed7,
    0x3076, 0x2ffd, 0x2eb9, 0x3089, 0x2ff2, 0x2e92, 0x3064, 0x2ffc, 0x2ed1, 0x3043, 0x2ffc, 0x2ef7,
    0x302e, 0x2fd1, 0x2ecf, 0x3001, 0x2f96, 0x2eb3, 0x2f99, 0x2f42, 0x2e8c, 0x2f59, 0x2ee9, 0x2e3f,
    0x2f2a, 0x2e8b, 0x2ddb, 0x2ef4, 0x2e6b, 0x2db3, 0x2f22, 0x2e75, 0x2d91, 0x2f7e, 0x2e90, 0x2d61,
    0x2fae, 0x2e8e, 0x2d20, 0x2fbf, 0x2e71, 0x2cd7, 0x300b, 0x2e79, 0x2ca3, 0x302b, 0x2e65, 0x2c52,
    0x341c, 0x325b, 0x304a, 0x33db, 0x3218, 0x3029, 0x335c, 0x31c2, 0x3007, 0x32a8, 0x3141, 0x2f92,
    0x3213, 0x30d1, 0x2f0b, 0x31e8, 0x30a6, 0x2ec4, 0x31d7, 0x309d, 0x2eba, 0x319c, 0x3082, 0x2ebf,
    0x3136, 0x304d, 0x2ea1, 0x3120, 0x302b, 0x2e69, 0x310e, 0x3006, 0x2e2d, 0x30d9, 0x2fee, 0x2e48,
    0x30ae, 0x2fd2, 0x2e5f, 0x3059, 0x2f87, 0x2e4a, 0x303e, 0x2fb8, 0x2ea6, 0x301e, 0x2f98, 0x2e9c,
    0x300f, 0x2f6a, 0x2e6d, 0x301f, 0x2f58, 0x2e3f, 0x2ffa, 0x2f48, 0x2e57, 0x2f8b, 0x2f1d, 0x2e57,
    0x2f67, 0x2eff, 0x2e3d, 0x2f17, 0x2ecd, 0x2e2b, 0x2ec7, 0x2e93, 0x2e13, 0x2eaf, 0x2e6e, 0x2dec,
    0x2ea3, 0x2e3e, 0x2db7, 0x2e69, 0x2e01, 0x2d72, 0x2e53, 0x2dd5, 0x2d2b, 0x2e91, 0x2dda, 0x2cf4,
    0x2ebf, 0x2dd1, 0x2cad, 0x2ec2, 0x2db0, 0x2c60, 0x2f36, 0x2dd4, 0x2c3a, 0x2fc3, 0x2dfc, 0x2c13,
    0x3348, 0x31c4, 0x300f, 0x32f2, 0x318d, 0x2ff3, 0x3255, 0x3125, 0x2fa6, 0x31ba, 0x30b6, 0x2f3c,
    0x3178, 0x3074, 0x2ee1, 0x313b, 0x3042, 0x2e97, 0x30fc, 0x3022, 0x2e82, 0x309d, 0x2fef, 0x2e85,
    0x3065, 0x2fa3, 0x2e60, 0x305b, 0x2f6c, 0x2e20, 0x3059, 0x2f5a, 0x2e1a, 0x3035, 0x2f4a, 0x2e30,
    0x302d, 0x2f4d, 0x2e34, 0x300b, 0x2f4d, 0x2e4d, 0x2fff, 0x2f66, 0x2e80, 0x3002, 0x2f63, 0x2e7e,
    0x2f9d, 0x2f0f, 0x2e3f, 0x2fad, 0x2ef3, 0x2e10, 0x2f93, 0x2ee6, 0x2e0e, 0x2f28, 0x2ec0, 0x2e14,
    0x2ede, 0x2e98, 0x2e02, 0x2eaf, 0x2e66, 0x2ddd, 0x2e7c, 0x2e39, 0x2dbe, 0x2e6a, 0x2e2f, 0x2dba,
    0x2e64, 0x2e19, 0x2d96, 0x2e33, 0x2ddc, 0x2d53, 0x2e09, 0x2da2, 0x2d0c, 0x2e00, 0x2d76, 0x2cc1,
    0x2e19, 0x2d5b, 0x2c6e, 0x2e2f, 0x2d3d, 0x2c18, 0x2eab, 0x2d5e, 0x2bd1, 0x2f78, 0x2dbe, 0x2bcf,
    0x32b9, 0x316e, 0x2fec, 0x3234, 0x311f, 0x2fb8, 0x31a0, 0x30ba, 0x2f65, 0x314a, 0x3070, 0x2f0f,
    0x3110, 0x3038, 0x2eb9, 0x30bc, 0x2ffd, 0x2e76, 0x307a, 0x2fc0, 0x2e74, 0x3021, 0x2f62, 0x2e5f,
    0x2ffb, 0x2f2c, 0x2e3b, 0x2fdb, 0x2f0b, 0x2e22, 0x2fb9, 0x2eff, 0x2e2f, 0x2fdb, 0x2f25, 0x2e4d,
    0x3003, 0x2f4b, 0x2e55, 0x2fe4, 0x2f51, 0x2e60, 0x2fb6, 0x2f40, 0x2e6d, 0x2fcd, 0x2f44, 0x2e72,
    0x2f60, 0x2eeb, 0x2e35, 0x2f42, 0x2eb8, 0x2e00, 0x2f30, 0x2ea6, 0x2df7, 0x2ef5, 0x2e8e, 0x2df3,
    0x2eb2, 0x2e6a, 0x2de1, 0x2eaa, 0x2e4c, 0x2dc0, 0x2eae, 0x2e46, 0x2db5, 0x2e77, 0x2e26, 0x2da4,
    0x2e68, 0x2e18, 0x2d8d, 0x2e2f, 0x2dd3, 0x2d46, 0x2de4, 0x2d79, 0x2ce2, 0x2dc5, 0x2d3d, 0x2c8f,
    0x2d92, 0x2cf4, 0x2c30, 0x2dbd, 0x2ce8, 0x2bd7, 0x2e32, 0x2cff, 0x2b56, 0x2eee, 0x2d50, 0x2b3f,
    0x449e, 0x4440, 0x4381, 0x43a1, 0x4309, 0x4217, 0x424b, 0x41cb, 0x40f5, 0x410b, 0x40c0, 0x4030,
    0x3fb9, 0x3fae, 0x3f53, 0x3fa9, 0x3fc9, 0x3fd0, 0x4043, 0x4080, 0x40ed, 0x3fc2, 0x403e, 0x40f9,
    0x3df8, 0x3ef2, 0x405e, 0x3d26, 0x3e13, 0x3f9a, 0x3c55, 0x3d2d, 0x3e70, 0x3b08, 0x3c41, 0x3d3e,
    0x3a94, 0x3bc2, 0x3cad, 0x38dc, 0x39ec, 0x3b3d, 0x37cd, 0x38bb, 0x39a7, 0x3678, 0x37c7, 0x3893,
    0x4564, 0x44dd, 0x441c, 0x44cd, 0x444e, 0x431e, 0x446d, 0x440a, 0x42da, 0x435c, 0x42c1, 0x41c4,
    0x4165, 0x410a, 0x4061, 0x4013, 0x4009, 0x3f93, 0x4019, 0x4035, 0x403e, 0x3fcb, 0x4026, 0x408e,
    0x3dc4, 0x3e98, 0x3fe9, 0x3d01, 0x3de5, 0x3f45, 0x3c63, 0x3d3f, 0x3e90, 0x3b79, 0x3c81, 0x3d9b,
    0x3a6a, 0x3bb1, 0x3cc2, 0x391f, 0x3a2e, 0x3baf, 0x3804, 0x38c8, 0x39c3, 0x3650, 0x3779, 0x3865,
    0x4755, 0x467e, 0x4552, 0x4770, 0x4678, 0x4525, 0x4670, 0x459f, 0x447a, 0x45ce, 0x452d, 0x4444,
    0x4422, 0x4373, 0x4226, 0x419b, 0x4143, 0x408d, 0x3fb9, 0x3fdb, 0x3f93, 0x3ed2, 0x3f3d, 0x3f88,
    0x3dc2, 0x3e65, 0x3f2a, 0x3d19, 0x3ddc, 0x3ef2, 0x3ca1, 0x3d60, 0x3e71, 0x3bd7, 0x3ca0, 0x3da4,
    0x3a91, 0x3bcc, 0x3cd5, 0x3931, 0x3a29, 0x3b9e, 0x37ae, 0x3882, 0x395d, 0x35bc, 0x36aa, 0x37a0,
    0x4854, 0x477a, 0x45d4, 0x4916, 0x4864, 0x46ed, 0x4906, 0x484e, 0x46a8, 0x4823, 0x4715, 0x456f,
    0x4599, 0x44e1, 0x437b, 0x4401, 0x434b, 0x41ef, 0x418e, 0x4152, 0x40b1, 0x40b3, 0x40bd, 0x4093,
    0x3dc9, 0x3e47, 0x3e9c, 0x3d23, 0x3dca, 0x3e95, 0x3c71, 0x3d24, 0x3e13, 0x3bd8, 0x3c8f, 0x3d74,
    0x3a96, 0x3ba2, 0x3c99, 0x3a62, 0x3b04, 0x3c00, 0x36d1, 0x37d9, 0x387e, 0x34ee, 0x35a5, 0x3622,
    0x4894, 0x47f4, 0x464b, 0x49d4, 0x48ff, 0x47bc, 0x4a76, 0x4977, 0x4824, 0x49e7, 0x4906, 0x47a8,
    0x4821, 0x470a, 0x4543, 0x4528, 0x4491, 0x4325, 0x42ae, 0x4249, 0x415b, 0x4090, 0x4088, 0x402a,
    0x3ebb, 0x3efc, 0x3edc, 0x3d0f, 0x3d84, 0x3de7, 0x3c64, 0x3cd7, 0x3d5e, 0x3ae3, 0x3be0, 0x3c96,
    0x397c, 0x3a41, 0x3b3a, 0x37cb, 0x386f, 0x38f8, 0x3564, 0x3615, 0x3665, 0x3405, 0x348f, 0x34a1,
    0x468d, 0x45a2, 0x444d, 0x485c, 0x4766, 0x4599, 0x497f, 0x4898, 0x46c0, 0x49b7, 0x48cf, 0x471f,
    0x48c8, 0x480a, 0x45f8, 0x4673, 0x459c, 0x444d, 0x4385, 0x42d8, 0x4175, 0x4130, 0x40f6, 0x4047,
    0x3ead, 0x3eb7, 0x3e34, 0x3c86, 0x3cb2, 0x3c91, 0x3a77, 0x3b00, 0x3b4b, 0x38dc, 0x3968, 0x39d2,
    0x372e, 0x380c, 0x384f, 0x35c4, 0x3667, 0x367e, 0x3408, 0x348d, 0x346b, 0x327b, 0x332f, 0x324b,
    0x4394, 0x4282, 0x40dc, 0x4510, 0x443a, 0x4222, 0x4684, 0x456a, 0x43c3, 0x4752, 0x4602, 0x442c,
    0x46e6, 0x45b5, 0x43f5, 0x44bd, 0x440b, 0x41d0, 0x42d3, 0x4223, 0x40cd, 0x409b, 0x4043, 0x3ed7,
    0x3e50, 0x3df8, 0x3cf2, 0x3b38, 0x3b2f, 0x3a59, 0x3827, 0x3864, 0x381a, 0x3650, 0x36de, 0x368d,
    0x34c8, 0x354e, 0x34f7, 0x32f6, 0x33cd, 0x32e1, 0x3250, 0x32ea, 0x31ba, 0x3167, 0x31d8, 0x3072,
    0x40ca, 0x401f, 0x3e2b, 0x413b, 0x4064, 0x3e19, 0x41e7, 0x40df, 0x3ebc, 0x431a, 0x41d5, 0x3ffe,
    0x434b, 0x420a, 0x4025, 0x41b4, 0x40db, 0x3ed5, 0x3e9c, 0x3de3, 0x3c43, 0x3c7b, 0x3c2f, 0x3a63,
    0x3a3d, 0x39fd, 0x38c3, 0x381b, 0x380d, 0x36a4, 0x3592, 0x359c, 0x348f, 0x33fb, 0x3433, 0x32cb,
    0x32df, 0x3350, 0x31e0, 0x319e, 0x31ef, 0x3071, 0x314e, 0x3182, 0x3009, 0x3069, 0x309d, 0x2e55,
    0x3cef, 0x3c45, 0x3a67, 0x3ce2, 0x3c1d, 0x39ae, 0x3e8e, 0x3d83, 0x3bb5, 0x4003, 0x3eef, 0x3d43,
    0x3da7, 0x3cbd, 0x3a77, 0x3d15, 0x3c52, 0x39fa, 0x3afb, 0x3a26, 0x3863, 0x38c0, 0x3857, 0x3661,
    0x378c, 0x3701, 0x3541, 0x353a, 0x34fc, 0x33af, 0x341b, 0x33e8, 0x3217, 0x330e, 0x32c7, 0x3113,
    0x31af, 0x317f, 0x2fc4, 0x30f4, 0x30c8, 0x2e7b, 0x30d6, 0x30ad, 0x2e91, 0x30b1, 0x306e, 0x2ddc,
    0x38cd, 0x381a, 0x35b2, 0x3838, 0x373d, 0x34fb, 0x3a01, 0x3908, 0x36e2, 0x3b0c, 0x39f8, 0x383c,
    0x393e, 0x386f, 0x361d, 0x3c99, 0x3c20, 0x3abe, 0x37a2, 0x36ab, 0x34c4, 0x36b5, 0x35ea, 0x3447,
    0x34f2, 0x346b, 0x326c, 0x343a, 0x33a1, 0x31b1, 0x3314, 0x3262, 0x30a8, 0x327d, 0x31ca, 0x3021,
    0x316f, 0x30d1, 0x2ea8, 0x3118, 0x3076, 0x2e0c, 0x30d7, 0x302f, 0x2d6f, 0x30cc, 0x3036, 0x2d93,
    0x3a32, 0x3992, 0x3879, 0x36dd, 0x35d0, 0x340f, 0x39dd, 0x3918, 0x37d1, 0x35d9, 0x34f0, 0x32db,
    0x35eb, 0x3509, 0x332d, 0x3594, 0x34c7, 0x32d3, 0x357e, 0x34c2, 0x3301, 0x34d0, 0x3429, 0x320b,
    0x3467, 0x33a0, 0x31a4, 0x335b, 0x326d, 0x30d9, 0x32ca, 0x31d5, 0x303d, 0x32bf, 0x31b4, 0x3005,
    0x324d, 0x3139, 0x2f0b, 0x31e0, 0x30d1, 0x2e50, 0x319b, 0x3093, 0x2e0c, 0x3140, 0x304c, 0x2d9b,
    0x3876, 0x37f0, 0x36c4, 0x3484, 0x339b, 0x314c, 0x3876, 0x37b5, 0x35d1, 0x3476, 0x337c, 0x314e,
    0x3326, 0x3215, 0x3068, 0x33ff, 0x32e0, 0x3126, 0x3413, 0x32f5, 0x3133, 0x33f0, 0x32d6, 0x3141,
    0x334d, 0x324f, 0x30e3, 0x33e8, 0x32be, 0x3117, 0x32c7, 0x31b8, 0x3035, 0x32e6, 0x31b8, 0x3016,
    0x32a8, 0x3166, 0x2f7d, 0x327d, 0x312d, 0x2eed, 0x3220, 0x30c6, 0x2e08, 0x31c0, 0x3078, 0x2d96,
    0x377d, 0x3698, 0x3514, 0x3502, 0x342a, 0x31ea, 0x3073, 0x2faf, 0x2daa, 0x31ff, 0x310f, 0x2f6d,
    0x316e, 0x309b, 0x2edb, 0x32ac, 0x31ab, 0x304b, 0x3271, 0x3177, 0x3031, 0x33c2, 0x3287, 0x30f7,
    0x33e0, 0x329a, 0x30fb, 0x3315, 0x31f3, 0x307f, 0x32ae, 0x3191, 0x301d, 0x32f1, 0x31bf, 0x3038,
    0x32da, 0x318d, 0x2fdd, 0x32d0, 0x3164, 0x2f61, 0x32d0, 0x3154, 0x2f20, 0x3288, 0x3110, 0x2eb3,
    0x31e5, 0x3115, 0x2f8a, 0x30e6, 0x3036, 0x2e40, 0x30f4, 0x302e, 0x2e29, 0x3043, 0x2f48, 0x2d80,
    0x30f8, 0x3035, 0x2e5a, 0x37d6, 0x3720, 0x3667, 0x3289, 0x3178, 0x3026, 0x3395, 0x3242, 0x30a8,
    0x3382, 0x3225, 0x3084, 0x3366, 0x321b, 0x3086, 0x332e, 0x31f5, 0x3075, 0x3314, 0x31d5, 0x3050,
    0x32fe, 0x31b7, 0x3022, 0x32fa, 0x31a0, 0x3009, 0x32f1, 0x3178, 0x2f80, 0x32ce, 0x314a, 0x2f13,
    0x318f, 0x30b6, 0x2efa, 0x309a, 0x2fdc, 0x2de1, 0x308e, 0x2fa8, 0x2db4, 0x2fd7, 0x2eaf, 0x2d1f,
    0x30a9, 0x2fde, 0x2e07, 0x3101, 0x3039, 0x2e8e, 0x31f3, 0x30f2, 0x2f85, 0x328f, 0x3160, 0x3001,
    0x337a, 0x320d, 0x3062, 0x33de, 0x3261, 0x30a1, 0x342e, 0x32d0, 0x3101, 0x333f, 0x31ea, 0x304c,
    0x332d, 0x31e3, 0x3051, 0x32ed, 0x31a0, 0x301c, 0x32d4, 0x3177, 0x2fc7, 0x32f1, 0x3180, 0x2faa,
    0x3061, 0x2f68, 0x2d77, 0x2feb, 0x2eb2, 0x2cfb, 0x2f75, 0x2e57, 0x2cde, 0x3074, 0x2f94, 0x2de6,
    0x2fe1, 0x2ebd, 0x2d68, 0x30d3, 0x3010, 0x2e62, 0x319d, 0x30ad, 0x2f30, 0x32e6, 0x31a9, 0x3034,
    0x3302, 0x31ae, 0x3027, 0x33aa, 0x322f, 0x3074, 0x337d, 0x3212, 0x3065, 0x3313, 0x31c4, 0x3034,
    0x32ab, 0x3179, 0x3009, 0x329b, 0x3169, 0x2ff4, 0x328e, 0x314f, 0x2fb5, 0x32a1, 0x314f, 0x2f9e,
    0x34c9, 0x3696, 0x365d, 0x350b, 0x36f8, 0x3741, 0x3565, 0x3778, 0x382a, 0x3572, 0x3786, 0x385e,
    0x351b, 0x3713, 0x3822, 0x34d3, 0x36ab, 0x37b2, 0x34a9, 0x3663, 0x3732, 0x34ad, 0x3651, 0x36e4,
    0x3572, 0x372a, 0x37df, 0x3713, 0x3881, 0x3923, 0x3899, 0x39bc, 0x3acb, 0x3a17, 0x3b76, 0x3c9a,
    0x3c13, 0x3cec, 0x3e5d, 0x3d4d, 0x3e56, 0x403b, 0x3eac, 0x3fe8, 0x4169, 0x3fd4, 0x409b, 0x425e,
    0x351f, 0x36fc, 0x36ff, 0x3546, 0x3740, 0x37b3, 0x359b, 0x37bc, 0x3869, 0x35c2, 0x37eb, 0x38bc,
    0x353c, 0x3737, 0x384c, 0x34bf, 0x3684, 0x3798, 0x342f, 0x35b8, 0x3667, 0x3460, 0x35ce, 0x365c,
    0x350b, 0x368c, 0x3734, 0x36c0, 0x3843, 0x38e3, 0x38b0, 0x39ca, 0x3add, 0x3a73, 0x3bcf, 0x3cd2,
    0x3c61, 0x3d3d, 0x3ec0, 0x3db9, 0x3ec9, 0x4083, 0x3f05, 0x4021, 0x419a, 0x400a, 0x40b9, 0x4273,
    0x3584, 0x3776, 0x37be, 0x35a7, 0x37af, 0x3823, 0x35f0, 0x3808, 0x388e, 0x361c, 0x3829, 0x3903,
    0x35a3, 0x37ac, 0x38b3, 0x34d4, 0x368a, 0x37d8, 0x3403, 0x3566, 0x362c, 0x33ed, 0x3532, 0x35b5,
    0x34d0, 0x3620, 0x36c8, 0x372e, 0x3871, 0x392c, 0x395f, 0x3a81, 0x3be2, 0x3b87, 0x3c7b, 0x3d94,
    0x3d08, 0x3dec, 0x3f94, 0x3e50, 0x3f62, 0x40d7, 0x3f4f, 0x4041, 0x41a9, 0x3ff1, 0x409a, 0x4228,
    0x3670, 0x384e, 0x38b5, 0x3678, 0x3854, 0x38cb, 0x365b, 0x383f, 0x38c9, 0x365d, 0x3841, 0x391b,
    0x35a4, 0x3790, 0x389c, 0x34be, 0x3655, 0x37b1, 0x33ca, 0x3522, 0x35ee, 0x33bc, 0x34f2, 0x358d,
    0x3525, 0x3660, 0x3762, 0x3842, 0x3924, 0x3a3b, 0x3a91, 0x3bc0, 0x3cc6, 0x3cbe, 0x3d82, 0x3ee2,
    0x3de7, 0x3ece, 0x404f, 0x3eba, 0x3fbc, 0x40f5, 0x3f27, 0x401c, 0x414f, 0x3f28, 0x401a, 0x4150,
    0x37cc, 0x391a, 0x39b2, 0x37c8, 0x3916, 0x39b1, 0x375b, 0x38d0, 0x396d, 0x368b, 0x3848, 0x38ea,
    0x35cf, 0x379b, 0x388e, 0x34f1, 0x3671, 0x37ca, 0x3411, 0x3537, 0x361a, 0x3432, 0x3532, 0x35e8,
    0x35b6, 0x36e2, 0x380c, 0x38d5, 0x39af, 0x3adb, 0x3be9, 0x3c8b, 0x3d8b, 0x3d98, 0x3e57, 0x3fcd,
    0x3e3f, 0x3f0f, 0x405a, 0x3e2a, 0x3efd, 0x4054, 0x3de8, 0x3eb3, 0x4029, 0x3d96, 0x3e56, 0x3fe3,
    0x3851, 0x397f, 0x39e0, 0x3880, 0x39bd, 0x3a36, 0x385e, 0x398a, 0x3a0e, 0x377b, 0x38b8, 0x3932,
    0x35f8, 0x3786, 0x382d, 0x351c, 0x366c, 0x3741, 0x3466, 0x356f, 0x35e4, 0x3457, 0x3538, 0x3599,
    0x35e1, 0x36ea, 0x37d2, 0x389d, 0x394f, 0x3a22, 0x3b66, 0x3c2a, 0x3cdd, 0x3cf5, 0x3d88, 0x3e8b,
    0x3d06, 0x3d9e, 0x3ea5, 0x3ca0, 0x3d30, 0x3e20, 0x3c42, 0x3cca, 0x3da8, 0x3bbf, 0x3c5d, 0x3d2c,
    0x3831, 0x3923, 0x38e9, 0x3866, 0x3967, 0x3944, 0x386f, 0x396b, 0x396d, 0x37e5, 0x38c5, 0x38ce,
    0x363e, 0x3774, 0x3754, 0x3529, 0x361c, 0x35b5, 0x3495, 0x3560, 0x34ec, 0x344a, 0x34f6, 0x349a,
    0x34e7, 0x3598, 0x35a0, 0x36c5, 0x37a1, 0x3807, 0x38fa, 0x3987, 0x3a03, 0x3a11, 0x3ab8, 0x3b74,
    0x3a3d, 0x3af2, 0x3bc8, 0x39e5, 0x3a96, 0x3b5d, 0x3973, 0x3a19, 0x3aca, 0x391c, 0x39b5, 0x3a5d,
    0x371f, 0x3824, 0x36b3, 0x3736, 0x382f, 0x36f6, 0x3764, 0x3842, 0x3768, 0x36c7, 0x37a2, 0x3692,
    0x361b, 0x36b7, 0x3576, 0x358a, 0x3607, 0x347b, 0x34e3, 0x3559, 0x33bf, 0x3403, 0x3466, 0x3293,
    0x33bc, 0x3436, 0x330e, 0x347f, 0x34df, 0x346e, 0x35d7, 0x364a, 0x3620, 0x3691, 0x3726, 0x3745,
    0x3702, 0x37b3, 0x37fd, 0x371b, 0x37d5, 0x380d, 0x36e5, 0x379b, 0x37e9, 0x369c, 0x374c, 0x37a7,
    0x35f7, 0x366f, 0x34b0, 0x360e, 0x3676, 0x34c9, 0x360c, 0x3651, 0x34ae, 0x35f0, 0x3603, 0x3455,
    0x35f1, 0x35d6, 0x33ff, 0x3597, 0x3566, 0x329f, 0x34d9, 0x34cc, 0x31fc, 0x33ac, 0x33a3, 0x30bd,
    0x32eb, 0x330b, 0x3116, 0x3356, 0x3362, 0x31c7, 0x3430, 0x3430, 0x331d, 0x3471, 0x3491, 0x3439,
    0x3465, 0x34a1, 0x3467, 0x3490, 0x34df, 0x34b9, 0x34af, 0x3507, 0x34ef, 0x3494, 0x34e9, 0x34df,
    0x350c, 0x3501, 0x32f9, 0x3503, 0x34e2, 0x32bf, 0x34ee, 0x34ab, 0x3254, 0x3514, 0x34ad, 0x3241,
    0x351f, 0x3492, 0x3199, 0x3512, 0x3483, 0x312b, 0x3472, 0x3412, 0x30ac, 0x3371, 0x32f1, 0x3002,
    0x32f3, 0x3298, 0x3036, 0x32d8, 0x3278, 0x3071, 0x335f, 0x32e3, 0x3133, 0x3333, 0x32e0, 0x31a0,
    0x3355, 0x3341, 0x3278, 0x332b, 0x332d, 0x3269, 0x333c, 0x3356, 0x32b0, 0x334b, 0x3377, 0x3301,
    0x346a, 0x3424, 0x31f0, 0x3432, 0x33a6, 0x312b, 0x340a, 0x332c, 0x30b8, 0x342c, 0x334f, 0x30d4,
    0x342d, 0x332c, 0x304d, 0x3411, 0x330b, 0x2fc8, 0x3383, 0x32c3, 0x2f77, 0x32d9, 0x3237, 0x2ec0,
    0x3296, 0x31f0, 0x2ef0, 0x3297, 0x31e8, 0x2fc4, 0x32dd, 0x320a, 0x303a, 0x32e8, 0x3231, 0x30b3,
    0x3300, 0x3267, 0x3118, 0x32eb, 0x3269, 0x3139, 0x32de, 0x326b, 0x314b, 0x32d8, 0x3273, 0x3171,
    0x336c, 0x32ad, 0x30ce, 0x3304, 0x3217, 0x3017, 0x32e0, 0x31ec, 0x2fec, 0x32ab, 0x31a0, 0x2f15,
    0x32cf, 0x31ce, 0x2f5a, 0x32a6, 0x31ba, 0x2ea3, 0x325c, 0x3198, 0x2e3f, 0x323a, 0x316c, 0x2e02,
    0x326d, 0x3183, 0x2e81, 0x32a7, 0x31b3, 0x2f76, 0x329e, 0x31a9, 0x2fe0, 0x32ff, 0x31f5, 0x3044,
    0x3341, 0x3235, 0x3097, 0x3331, 0x322e, 0x3097, 0x33ad, 0x32b0, 0x3121, 0x3361, 0x326f, 0x30f5,
    0x328c, 0x31a5, 0x2fea, 0x3232, 0x313c, 0x2f24, 0x31f1, 0x30fa, 0x2ec6, 0x3200, 0x3107, 0x2ec7,
    0x3202, 0x3100, 0x2e50, 0x3223, 0x311a, 0x2e3c, 0x3217, 0x3108, 0x2dbe, 0x3244, 0x3129, 0x2e05,
    0x323d, 0x3116, 0x2e0f, 0x3282, 0x315a, 0x2edf, 0x32c1, 0x3189, 0x2f5a, 0x3309, 0x31c8, 0x3013,
    0x3396, 0x322d, 0x3065, 0x340a, 0x3283, 0x3084, 0x342d, 0x32ca, 0x30d0, 0x340e, 0x32b5, 0x30e9,
    0x31b1, 0x30c4, 0x2ea2, 0x317f, 0x3092, 0x2e57, 0x318a, 0x3090, 0x2e35, 0x31bb, 0x30ae, 0x2e43,
    0x31dd, 0x30b7, 0x2e0e, 0x3207, 0x30d2, 0x2dfe, 0x323e, 0x30f1, 0x2e00, 0x325f, 0x310a, 0x2e2d,
    0x3286, 0x3126, 0x2e69, 0x3259, 0x310a, 0x2e6e, 0x32a7, 0x3156, 0x2f2f, 0x32e3, 0x3179, 0x2f5d,
    0x33be, 0x321b, 0x3034, 0x3443, 0x32ac, 0x3094, 0x3462, 0x32e4, 0x30c7, 0x3451, 0x32e1, 0x30de,
    0x311c, 0x303d, 0x2e03, 0x3108, 0x301f, 0x2da3, 0x3127, 0x3034, 0x2dce, 0x314b, 0x3042, 0x2db6,
    0x3175, 0x3056, 0x2db9, 0x31dc, 0x308f, 0x2dbe, 0x320a, 0x30b4, 0x2dfb, 0x3214, 0x30b8, 0x2dde,
    0x3222, 0x30c2, 0x2e04, 0x3210, 0x30c4, 0x2e34, 0x3210, 0x30ca, 0x2e57, 0x325c, 0x3105, 0x2ecf,
    0x3306, 0x317f, 0x2f90, 0x33bd, 0x3201, 0x3018, 0x3412, 0x3251, 0x305e, 0x340d, 0x324e, 0x3055,
    0x30ae, 0x2fb8, 0x2d76, 0x30a0, 0x2f88, 0x2d3b, 0x30c9, 0x2fb8, 0x2d4c, 0x30f6, 0x2fee, 0x2d64,
    0x3121, 0x3009, 0x2d43, 0x315f, 0x302e, 0x2d6a, 0x3176, 0x303d, 0x2d6b, 0x3168, 0x302f, 0x2d58,
    0x3141, 0x3013, 0x2d34, 0x3153, 0x3028, 0x2d65, 0x317a, 0x3049, 0x2d9d, 0x31a0, 0x306c, 0x2e00,
    0x3224, 0x30cc, 0x2e83, 0x32a5, 0x312a, 0x2f21, 0x3338, 0x319e, 0x2fce, 0x3357, 0x31bb, 0x3010,
    0x34a0, 0x365a, 0x35d2, 0x3466, 0x3604, 0x3514, 0x3477, 0x360a, 0x34d0, 0x34a2, 0x3637, 0x34e5,
    0x34a5, 0x3633, 0x34ed, 0x34c2, 0x365d, 0x3591, 0x34dc, 0x367c, 0x364d, 0x353c, 0x370d, 0x37f5,
    0x358f, 0x3788, 0x38cc, 0x3544, 0x371f, 0x38a5, 0x34e0, 0x366e, 0x3801, 0x3473, 0x35b0, 0x3683,
    0x3462, 0x357f, 0x35f3, 0x34a7, 0x35b9, 0x3601, 0x3510, 0x3630, 0x36bd, 0x3616, 0x3756, 0x3826,
    0x34ca, 0x36a1, 0x3687, 0x3493, 0x3650, 0x35a6, 0x3499, 0x364f, 0x3550, 0x34cb, 0x3684, 0x3531,
    0x34f2, 0x36b0, 0x3576, 0x3539, 0x3707, 0x3655, 0x3569, 0x374b, 0x379a, 0x35bf, 0x37d0, 0x38a7,
    0x35e4, 0x380b, 0x3958, 0x358f, 0x3791, 0x3918, 0x350d, 0x36a7, 0x382e, 0x34ab, 0x35f3, 0x36a4,
    0x34a0, 0x35c7, 0x3602, 0x3514, 0x363f, 0x366f, 0x35e3, 0x3730, 0x37ce, 0x3728, 0x3859, 0x38fe,
    0x34e6, 0x36d6, 0x372f, 0x34de, 0x36bb, 0x3689, 0x34f8, 0x36d8, 0x364e, 0x3529, 0x3711, 0x3621,
    0x3588, 0x378c, 0x36d9, 0x35f5, 0x380b, 0x37fb, 0x364b, 0x3846, 0x38cf, 0x369f, 0x3883, 0x39b6,
    0x36a3, 0x3890, 0x3a4f, 0x361c, 0x3827, 0x39ae, 0x353c, 0x36ec, 0x3844, 0x3533, 0x3697, 0x3738,
    0x353d, 0x3684, 0x369a, 0x35ed, 0x3745, 0x376d, 0x372d, 0x385d, 0x38bc, 0x3854, 0x3947, 0x3a27,
    0x351e, 0x371d, 0x37de, 0x34e7, 0x36d5, 0x3713, 0x3529, 0x3724, 0x3711, 0x3587, 0x37a0, 0x3784,
    0x3606, 0x3826, 0x383a, 0x36b4, 0x389a, 0x392e, 0x3737, 0x38f2, 0x3a19, 0x3782, 0x3924, 0x3adc,
    0x377c, 0x391b, 0x3b18, 0x36e9, 0x38a8, 0x3a47, 0x3641, 0x3810, 0x38ec, 0x35df, 0x3762, 0x37b4,
    0x3653, 0x37bd, 0x37ac, 0x3729, 0x3862, 0x3890, 0x3861, 0x3950, 0x39d9, 0x3961, 0x3a80, 0x3b9a,
    0x34eb, 0x36de, 0x37c9, 0x3527, 0x3728, 0x37d2, 0x3531, 0x3739, 0x3785, 0x35ac, 0x37df, 0x3815,
    0x3627, 0x3846, 0x38b6, 0x370c, 0x38e0, 0x39fc, 0x3813, 0x399a, 0x3b90, 0x3852, 0x39dd, 0x3c07,
    0x384f, 0x39c4, 0x3bbc, 0x3835, 0x3982, 0x3b11, 0x37b2, 0x38e5, 0x39a5, 0x377b, 0x389f, 0x38d7,
    0x3815, 0x38ec, 0x3905, 0x38a1, 0x3997, 0x39eb, 0x3963, 0x3a8c, 0x3b71, 0x3a62, 0x3bbe, 0x3c9f,
    0x34fe, 0x36f2, 0x37f7, 0x3552, 0x3761, 0x3835, 0x357e, 0x379f, 0x3834, 0x359f, 0x37ce, 0x3830,
    0x360f, 0x3835, 0x38ab, 0x3770, 0x391c, 0x3a70, 0x3890, 0x3a2c, 0x3c40, 0x392f, 0x3ad8, 0x3cad,
    0x3955, 0x3add, 0x3c68, 0x3952, 0x3aae, 0x3c03, 0x3914, 0x3a47, 0x3b28, 0x392f, 0x3a42, 0x3ad1,
    0x398d, 0x3aa7, 0x3b55, 0x3a82, 0x3bab, 0x3c53, 0x3b4c, 0x3c5a, 0x3d27, 0x3c08, 0x3cd4, 0x3de5,
    0x3530, 0x3721, 0x381f, 0x35a9, 0x37d0, 0x3881, 0x35dd, 0x380e, 0x388f, 0x35f3, 0x381e, 0x3874,
    0x3683, 0x3878, 0x38ff, 0x37d7, 0x394b, 0x3a84, 0x3920, 0x3abe, 0x3c7e, 0x3a55, 0x3c0a, 0x3d68,
    0x3b11, 0x3c60, 0x3d8a, 0x3b71, 0x3c86, 0x3d99, 0x3b5e, 0x3c71, 0x3d60, 0x3bba, 0x3c99, 0x3d87,
    0x3bf4, 0x3cc0, 0x3dcb, 0x3c7c, 0x3d50, 0x3e90, 0x3cc3, 0x3dac, 0x3f2b, 0x3d0e, 0x3dfc, 0x3f87,
    0x3552, 0x3736, 0x3802, 0x361b, 0x3823, 0x38b0, 0x3691, 0x3874, 0x3902, 0x36c4, 0x389a, 0x3915,
    0x376e, 0x3904, 0x39b5, 0x385f, 0x39ce, 0x3b1f, 0x39d4, 0x3b7a, 0x3cef, 0x3bce, 0x3cd7, 0x3e93,
    0x3cb4, 0x3db2, 0x3fb7, 0x3d46, 0x3e46, 0x4035, 0x3d7c, 0x3e7c, 0x4052, 0x3dc3, 0x3ec4, 0x407d,
    0x3def, 0x3ef8, 0x409f, 0x3e00, 0x3f0d, 0x40a3, 0x3e01, 0x3f1b, 0x40b0, 0x3e11, 0x3f21, 0x409f,
    0x361a, 0x3807, 0x387f, 0x36f9, 0x389b, 0x393f, 0x378f, 0x38fe, 0x39b7, 0x3820, 0x3973, 0x3a5c,
    0x38c0, 0x3a33, 0x3b82, 0x3984, 0x3b27, 0x3ca8, 0x3aed, 0x3c65, 0x3e17, 0x3c97, 0x3da3, 0x3fff,
    0x3df2, 0x3f1b, 0x4114, 0x3ee0, 0x400d, 0x41c3, 0x3f64, 0x404d, 0x4202, 0x3f8f, 0x4065, 0x4219,
    0x3ff3, 0x4085, 0x420e, 0x3f07, 0x4019, 0x4188, 0x3f72, 0x403c, 0x4171, 0x3ebd, 0x3fb8, 0x40e3,
    0x379e, 0x38e3, 0x3997, 0x383e, 0x396f, 0x3a5d, 0x38ba, 0x3a09, 0x3b3d, 0x397e, 0x3af2, 0x3c44,
    0x3a41, 0x3be2, 0x3d09, 0x3b35, 0x3c85, 0x3e1d, 0x3c47, 0x3d4e, 0x3f84, 0x3d71, 0x3ea1, 0x40db,
    0x3ed9, 0x4017, 0x420a, 0x4009, 0x40b8, 0x42d6, 0x406e, 0x411a, 0x4334, 0x4064, 0x4106, 0x42ef,
    0x4011, 0x40a2, 0x4236, 0x3f89, 0x403c, 0x4170, 0x3ee8, 0x3fc0, 0x40cd, 0x3e8a, 0x3f50, 0x4063,
    0x38e2, 0x3a1d, 0x3b4d, 0x3977, 0x3ad1, 0x3c26, 0x3a65, 0x3be4, 0x3ceb, 0x3bdc, 0x3cc9, 0x3e3a,
    0x3ca1, 0x3d99, 0x3f92, 0x3d11, 0x3e1f, 0x403f, 0x3d9e, 0x3ec4, 0x40d4, 0x3eae, 0x3ffb, 0x41d5,
    0x3fff, 0x40b3, 0x42e5, 0x4072, 0x412a, 0x4376, 0x40a4, 0x4152, 0x4379, 0x4087, 0x411a, 0x42da,
    0x4006, 0x407e, 0x41c7, 0x3fe3, 0x4041, 0x410e, 0x3ea9, 0x3f46, 0x4035, 0x3f8e, 0x3fdb, 0x4034,
    0x3a51, 0x3bc3, 0x3cda, 0x3b32, 0x3c66, 0x3d9b, 0x3c4e, 0x3d34, 0x3ed9, 0x3d69, 0x3e71, 0x4063,
    0x3e72, 0x3f9a, 0x414f, 0x3f38, 0x4035, 0x41e7, 0x3f94, 0x4071, 0x425c, 0x401e, 0x40d1, 0x42f9,
    0x4087, 0x4143, 0x439e, 0x40da, 0x4193, 0x43ee, 0x40d2, 0x4178, 0x4389, 0x406a, 0x40ec, 0x426a,
    0x3fe7, 0x4051, 0x4146, 0x3f52, 0x3fd0, 0x4071, 0x3fba, 0x3feb, 0x4024, 0x4010, 0x400f, 0x3fef,
    0x3c21, 0x3d01, 0x3e89, 0x3cc5, 0x3dbf, 0x3fa9, 0x3d99, 0x3eae, 0x408f, 0x3eb9, 0x3ff1, 0x4195,
    0x3fc0, 0x4089, 0x4276, 0x4052, 0x4102, 0x4325, 0x409f, 0x4154, 0x4399, 0x40e4, 0x419c, 0x43fb,
    0x4124, 0x41de, 0x4427, 0x4151, 0x4206, 0x4434, 0x415d, 0x41f7, 0x43fe, 0x40b5, 0x412c, 0x4293,
    0x4075, 0x40b3, 0x4166, 0x4046, 0x4062, 0x40a9, 0x3fc7, 0x3fe6, 0x4006, 0x40ae, 0x4083, 0x4036,
    0x3d7a, 0x3e8d, 0x406b, 0x3e23, 0x3f4f, 0x4107, 0x3ef6, 0x401e, 0x41c6, 0x3fe6, 0x40a5, 0x42a0,
    0x4063, 0x411b, 0x434e, 0x40b1, 0x416f, 0x43ca, 0x40fc, 0x41ba, 0x4415, 0x4155, 0x4211, 0x4444,
    0x418d, 0x4242, 0x4458, 0x41d5, 0x427c, 0x4464, 0x41f3, 0x427c, 0x4436, 0x41a9, 0x420c, 0x4367,
    0x40fb, 0x413c, 0x4202, 0x40c1, 0x40d9, 0x4120, 0x4155, 0x4145, 0x4135, 0x4132, 0x40f1, 0x4086,
    0x3ed7, 0x400e, 0x419b, 0x3f82, 0x406e, 0x4233, 0x4023, 0x40db, 0x42e0, 0x407e, 0x413e, 0x4379,
    0x40c6, 0x418b, 0x43ef, 0x4104, 0x41cb, 0x4422, 0x4127, 0x41eb, 0x4433, 0x414e, 0x420a, 0x443d,
    0x4186, 0x422f, 0x443d, 0x41b5, 0x424c, 0x4435, 0x4229, 0x42a2, 0x4439, 0x4229, 0x4284, 0x43e5,
    0x427c, 0x429d, 0x4369, 0x425d, 0x4254, 0x4288, 0x4270, 0x4240, 0x4213, 0x4289, 0x423b, 0x41c2,
    0x4005, 0x40ba, 0x4298, 0x405c, 0x4119, 0x4329, 0x40ae, 0x4172, 0x43ae, 0x40f1, 0x41b7, 0x4409,
    0x4122, 0x41ea, 0x442c, 0x413e, 0x4206, 0x443f, 0x4140, 0x4204, 0x443b, 0x4165, 0x420e, 0x4428,
    0x4118, 0x41b2, 0x43c0, 0x4143, 0x41c0, 0x4388, 0x41ed, 0x424a, 0x43cf, 0x4239, 0x4285, 0x43c6,
    0x42d4, 0x42f2, 0x43be, 0x42c3, 0x42bc, 0x4313, 0x4388, 0x432f, 0x42eb, 0x43c1, 0x433f, 0x429f,
    0x3290, 0x3121, 0x2f50, 0x31c0, 0x3087, 0x2e95, 0x3188, 0x3066, 0x2e95, 0x3176, 0x305b, 0x2e9a,
    0x3155, 0x303e, 0x2e72, 0x3150, 0x3032, 0x2e3c, 0x30e8, 0x2fb8, 0x2db4, 0x309b, 0x2f2a, 0x2d33,
    0x3039, 0x2ea0, 0x2ccb, 0x2f49, 0x2dbb, 0x2c22, 0x2fcf, 0x2e33, 0x2c68, 0x2f73, 0x2df8, 0x2c4a,
    0x2fcc, 0x2e49, 0x2c8d, 0x2f0f, 0x2dbd, 0x2c1f, 0x2eab, 0x2d85, 0x2c04, 0x2ebe, 0x2dab, 0x2c2a,
    0x324e, 0x30ea, 0x2ee4, 0x318c, 0x305b, 0x2e41, 0x3150, 0x303a, 0x2e4d, 0x30f7, 0x3003, 0x2e23,
    0x3109, 0x3011, 0x2e44, 0x30b4, 0x2f90, 0x2dd3, 0x3095, 0x2f60, 0x2da6, 0x3022, 0x2e98, 0x2d01,
    0x2f4a, 0x2dd3, 0x2c61, 0x2ec8, 0x2d6e, 0x2c10, 0x2ece, 0x2d78, 0x2c0d, 0x2ee3, 0x2d92, 0x2c29,
    0x2ee9, 0x2da0, 0x2c2d, 0x2e47, 0x2d28, 0x2ba2, 0x2f82, 0x2e41, 0x2cae, 0x30cf, 0x2fed, 0x2dc4,
    0x31d6, 0x3093, 0x2e74, 0x311d, 0x3009, 0x2dc7, 0x30df, 0x2fd4, 0x2de0, 0x308b, 0x2f66, 0x2dc2,
    0x3075, 0x2f51, 0x2dc3, 0x3056, 0x2f20, 0x2da6, 0x3018, 0x2eb5, 0x2d4d, 0x2f53, 0x2e0b, 0x2cd4,
    0x2e7a, 0x2d5c, 0x2c49, 0x2e4b, 0x2d31, 0x2c13, 0x2e3a, 0x2d22, 0x2c02, 0x2e1c, 0x2d08, 0x2bcc,
    0x2de6, 0x2ce9, 0x2bb3, 0x2e57, 0x2d46, 0x2c15, 0x2e21, 0x2d2e, 0x2c0d, 0x2f17, 0x2dfb, 0x2c9e,
    0x314d, 0x302c, 0x2dc7, 0x30d9, 0x2fb3, 0x2d89, 0x3068, 0x2f18, 0x2d54, 0x305c, 0x2f1e, 0x2d86,
    0x3014, 0x2eb4, 0x2d56, 0x2fb0, 0x2e69, 0x2d34, 0x2f40, 0x2e1d, 0x2d0a, 0x2ea8, 0x2dad, 0x2cb9,
    0x2e25, 0x2d40, 0x2c61, 0x2dc7, 0x2ced, 0x2c18, 0x2e11, 0x2d29, 0x2c42, 0x2e3d, 0x2d4d, 0x2c57,
    0x2d97, 0x2cc6, 0x2bd8, 0x337e, 0x3295, 0x3182, 0x2e4a, 0x2d69, 0x2c62, 0x2f69, 0x2e51, 0x2d01,
    0x30f2, 0x2fcc, 0x2d4f, 0x308f, 0x2f3f, 0x2d24, 0x3053, 0x2ef9, 0x2d2d, 0x2fdf, 0x2e6a, 0x2cec,
    0x2f8a, 0x2e36, 0x2cec, 0x2f32, 0x2e05, 0x2ce6, 0x2e9f, 0x2db3, 0x2cd3, 0x2e22, 0x2d60, 0x2caa,
    0x2dba, 0x2d06, 0x2c5f, 0x2d6c, 0x2cc3, 0x2c25, 0x2d8a, 0x2cdc, 0x2c37, 0x2e12, 0x2d4c, 0x2c83,
    0x2e8d, 0x2db7, 0x2cd8, 0x2e8f, 0x2dab, 0x2cbe, 0x2ed2, 0x2de7, 0x2cdf, 0x2f69, 0x2e5b, 0x2d30,
    0x30f3, 0x2fc8, 0x2d3f, 0x3037, 0x2eb7, 0x2cb7, 0x2ffb, 0x2e72, 0x2cb7, 0x2f75, 0x2e16, 0x2ca2,
    0x2f2f, 0x2df2, 0x2cb0, 0x2ebb, 0x2dac, 0x2ca5, 0x2e4e, 0x2d75, 0x2ca2, 0x2ddb, 0x2d31, 0x2c8a,
    0x2d97, 0x2cf9, 0x2c66, 0x2d53, 0x2cc9, 0x2c45, 0x2d88, 0x2cf2, 0x2c63, 0x2e12, 0x2d6e, 0x2ccb,
    0x2ec5, 0x2df9, 0x2d25, 0x2fb5, 0x2eb4, 0x2d9a, 0x3121, 0x3054, 0x2ecb, 0x30c7, 0x3008, 0x2e63,
    0x30bc, 0x2f62, 0x2cd3, 0x3051, 0x2ede, 0x2cb8, 0x2fb9, 0x2e37, 0x2c73, 0x2f50, 0x2dee, 0x2c69,
    0x2f0b, 0x2dd2, 0x2c8b, 0x2eb1, 0x2da2, 0x2c8e, 0x2e2a, 0x2d5b, 0x2c8d, 0x2de4, 0x2d36, 0x2c86,
    0x2dc5, 0x2d22, 0x2c7f, 0x2da5, 0x2d13, 0x2c85, 0x2dc3, 0x2d31, 0x2ca4, 0x2e72, 0x2dc9, 0x2d21,
    0x2f4e, 0x2e71, 0x2d88, 0x302f, 0x2f40, 0x2e08, 0x308d, 0x2fc6, 0x2e4d, 0x3168, 0x308a, 0x2f1d,
    0x30d2, 0x2f83, 0x2ce2, 0x303f, 0x2eb0, 0x2c83, 0x2ffb, 0x2e56, 0x2c6b, 0x2f28, 0x2dd1, 0x2c50,
    0x2eeb, 0x2db4, 0x2c6a, 0x2eb7, 0x2db1, 0x2c97, 0x2e41, 0x2d67, 0x2c84, 0x2dfc, 0x2d43, 0x2c85,
    0x2e0e, 0x2d50, 0x2c91, 0x2e25, 0x2d6e, 0x2cbb, 0x2e85, 0x2dc8, 0x2d14, 0x2ef5, 0x2e37, 0x2d7a,
    0x2fcc, 0x2ede, 0x2ddb, 0x3089, 0x2fc6, 0x2e5a, 0x313d, 0x3067, 0x2ee7, 0x31fa, 0x30f2, 0x2f97,
    0x30e6, 0x2f93, 0x2cea, 0x306e, 0x2eee, 0x2ca0, 0x3004, 0x2e65, 0x2c7f, 0x2f6c, 0x2dfd, 0x2c61,
    0x2f0b, 0x2dd4, 0x2c7a, 0x2eb8, 0x2db0, 0x2c89, 0x2e6e, 0x2d93, 0x2ca9, 0x2e59, 0x2d92, 0x2cbf,
    0x2e89, 0x2dc5, 0x2ce8, 0x2ee8, 0x2e0d, 0x2d28, 0x2f34, 0x2e55, 0x2d6f, 0x2fa2, 0x2eb8, 0x2dba,
    0x305c, 0x2f97, 0x2e4b, 0x3124, 0x305d, 0x2ef2, 0x3219, 0x310c, 0x2fb5, 0x32db, 0x3197, 0x3024,
    0x30ed, 0x2fa6, 0x2d00, 0x307e, 0x2f05, 0x2cb2, 0x300e, 0x2e67, 0x2c71, 0x2f90, 0x2e1b, 0x2c75,
    0x2f13, 0x2dd2, 0x2c6a, 0x2edf, 0x2dcd, 0x2c9e, 0x2ed0, 0x2de3, 0x2cd2, 0x2ec2, 0x2df6, 0x2d03,
    0x2efb, 0x2e2f, 0x2d34, 0x2f4b, 0x2e73, 0x2d72, 0x2fb1, 0x2ec4, 0x2db3, 0x3043, 0x2f75, 0x2e33,
    0x30d8, 0x302f, 0x2ecd, 0x31a8, 0x30c5, 0x2f6c, 0x32af, 0x317c, 0x301c, 0x3327, 0x31cb, 0x3035,
    0x30ed, 0x2fb8, 0x2d2d, 0x3057, 0x2ece, 0x2c99, 0x3001, 0x2e65, 0x2c8a, 0x2fa7, 0x2e37, 0x2c94,
    0x2f58, 0x2e11, 0x2ca5, 0x2f1f, 0x2e06, 0x2cbc, 0x2f29, 0x2e2d, 0x2cf6, 0x2f09, 0x2e37, 0x2d29,
    0x2f62, 0x2e8a, 0x2d74, 0x2fe1, 0x2ef0, 0x2dc2, 0x3044, 0x2f78, 0x2e2e, 0x30a7, 0x300b, 0x2e95,
    0x3140, 0x3082, 0x2f2a, 0x31ee, 0x30fb, 0x2fa2, 0x32c2, 0x3193, 0x3027, 0x3334, 0x31da, 0x3046,
    0x30bd, 0x2f7f, 0x2d08, 0x3036, 0x2eb2, 0x2c9e, 0x2fd6, 0x2e56, 0x2c92, 0x2f90, 0x2e37, 0x2ca3,
    0x2f63, 0x2e29, 0x2cc0, 0x2f74, 0x2e5a, 0x2d04, 0x2f79, 0x2e85, 0x2d41, 0x2f93, 0x2ea7, 0x2d65,
    0x2fe9, 0x2ef0, 0x2db0, 0x304a, 0x2f77, 0x2e13, 0x30bc, 0x3019, 0x2e9a, 0x3112, 0x305b, 0x2ef3,
    0x3170, 0x30a6, 0x2f4e, 0x31f1, 0x3103, 0x2fb9, 0x328a, 0x316b, 0x300d, 0x32d9, 0x319c, 0x301f,
    0x3094, 0x2f56, 0x2d0a, 0x3027, 0x2eaf, 0x2caa, 0x2fbb, 0x2e54, 0x2ca1, 0x2f74, 0x2e3c, 0x2cc2,
    0x2f97, 0x2e67, 0x2cf8, 0x2fba, 0x2e9d, 0x2d36, 0x2fcd, 0x2eca, 0x2d7a, 0x300d, 0x2f0e, 0x2daf,
    0x302f, 0x2f4e, 0x2de9, 0x3096, 0x2fe5, 0x2e59, 0x310a, 0x304c, 0x2ed1, 0x3138, 0x3072, 0x2f0a,
    0x316f, 0x30a4, 0x2f4f, 0x31b7, 0x30d3, 0x2f7a, 0x323c, 0x3133, 0x2fe2, 0x329f, 0x3174, 0x300b,
    0x3073, 0x2f35, 0x2d11, 0x3028, 0x2ecd, 0x2ce4, 0x2faa, 0x2e5b, 0x2cb3, 0x2f91, 0x2e68, 0x2cea,
    0x2fa2, 0x2e8a, 0x2d2a, 0x2fed, 0x2ee4, 0x2d88, 0x300d, 0x2f06, 0x2da1, 0x302c, 0x2f44, 0x2de4,
    0x3057, 0x2f93, 0x2e2a, 0x30a5, 0x3007, 0x2e85, 0x30f9, 0x3043, 0x2ecc, 0x3146, 0x307b, 0x2f0e,
    0x3160, 0x308f, 0x2f27, 0x31a8, 0x30c3, 0x2f5e, 0x31fc, 0x3100, 0x2f99, 0x3266, 0x3144, 0x2fd6,
    0x3060, 0x2f22, 0x2d0f, 0x300c, 0x2ec1, 0x2d01, 0x2fc6, 0x2e9c, 0x2d22, 0x2ffe, 0x2eec, 0x2d86,
    0x3008, 0x2eff, 0x2d9a, 0x3011, 0x2f13, 0x2da7, 0x302d, 0x2f55, 0x2dfb, 0x3038, 0x2f6c, 0x2e1a,
    0x3056, 0x2f9e, 0x2e42, 0x3095, 0x2ff6, 0x2e75, 0x30d6, 0x3029, 0x2eaa, 0x3117, 0x3053, 0x2eda,
    0x3152, 0x307e, 0x2f09, 0x3189, 0x30a4, 0x2f2a, 0x31fb, 0x30f4, 0x2f81, 0x3242, 0x3121, 0x2f9b,
    0x305b, 0x2f3e, 0x2d4d, 0x3031, 0x2f10, 0x2d4d, 0x2ff7, 0x2ed4, 0x2d3f, 0x3009, 0x2f0c, 0x2d97,
    0x3024, 0x2f4e, 0x2deb, 0x3023, 0x2f52, 0x2df9, 0x303b, 0x2f71, 0x2e0d, 0x304a, 0x2f89, 0x2e26,
    0x306e, 0x2fc6, 0x2e4e, 0x30b2, 0x3011, 0x2e8f, 0x30cb, 0x3017, 0x2e82, 0x310f, 0x3046, 0x2eb1,
    0x314d, 0x3075, 0x2eed, 0x3193, 0x30a0, 0x2f04, 0x31e8, 0x30dc, 0x2f4c, 0x324e, 0x3123, 0x2f92,
    0x4050, 0x410c, 0x4306, 0x409e, 0x4160, 0x4384, 0x40e7, 0x41ab, 0x43ee, 0x412a, 0x41ed, 0x4420,
    0x414d, 0x4211, 0x4437, 0x416b, 0x422d, 0x4446, 0x4153, 0x420e, 0x442e, 0x410e, 0x41b3, 0x43ca,
    0x40a5, 0x412a, 0x42eb, 0x40bb, 0x4117, 0x427c, 0x4114, 0x4160, 0x428f, 0x41f1, 0x421e, 0x4317,
    0x4336, 0x4331, 0x43bc, 0x438e, 0x436c, 0x43a5, 0x438e, 0x4348, 0x4313, 0x4464, 0x4415, 0x4356,
    0x4052, 0x4109, 0x42ed, 0x409f, 0x415c, 0x436b, 0x40e1, 0x419f, 0x43c8, 0x4114, 0x41cf, 0x4400,
    0x4135, 0x41eb, 0x440a, 0x4160, 0x4212, 0x441b, 0x4154, 0x41fd, 0x4407, 0x410d, 0x4190, 0x434d,
    0x4028, 0x4092, 0x41f5, 0x3fac, 0x401f, 0x4123, 0x4046, 0x407a, 0x414a, 0x418a, 0x419a, 0x422a,
    0x4313, 0x42ee, 0x431c, 0x4355, 0x431e, 0x4312, 0x4439, 0x43f0, 0x4357, 0x4525, 0x44b2, 0x4418,
    0x4027, 0x40ce, 0x427b, 0x4061, 0x4110, 0x42e5, 0x4097, 0x4146, 0x4334, 0x40a7, 0x414e, 0x4334,
    0x40ac, 0x4147, 0x4313, 0x40d0, 0x4164, 0x4320, 0x40da, 0x4166, 0x4310, 0x404e, 0x40c2, 0x4227,
    0x3fac, 0x4015, 0x4100, 0x3e5f, 0x3ebe, 0x4007, 0x3ef2, 0x3f2b, 0x400a, 0x4098, 0x4099, 0x40d7,
    0x41e6, 0x41be, 0x41b5, 0x43f1, 0x4377, 0x42df, 0x4506, 0x449b, 0x440c, 0x4647, 0x459e, 0x44b7,
    0x3f3e, 0x4026, 0x416e, 0x3fac, 0x4065, 0x41d6, 0x3fe8, 0x4085, 0x420b, 0x3fcf, 0x4070, 0x41e9,
    0x3f93, 0x4041, 0x4191, 0x3f9b, 0x403b, 0x416f, 0x3fed, 0x4061, 0x4187, 0x3f67, 0x4010, 0x410f,
    0x3de6, 0x3e5d, 0x3faf, 0x3d45, 0x3d7f, 0x3e3b, 0x3d96, 0x3dad, 0x3e07, 0x3f0a, 0x3ef9, 0x3efa,
    0x415f, 0x411a, 0x40af, 0x4407, 0x4367, 0x4277, 0x44f8, 0x4474, 0x4367, 0x46c1, 0x45f2, 0x44cb,
    0x3d7b, 0x3e38, 0x3fd0, 0x3dc1, 0x3e87, 0x402a, 0x3de2, 0x3ea8, 0x404c, 0x3dd1, 0x3e8d, 0x4039,
    0x3d7a, 0x3e1e, 0x3fc2, 0x3d67, 0x3dfd, 0x3f65, 0x3df0, 0x3e8a, 0x3fdd, 0x3e19, 0x3ea9, 0x3fe3,
    0x3d20, 0x3d72, 0x3e36, 0x3c17, 0x3c43, 0x3c9e, 0x3c83, 0x3c85, 0x3c7f, 0x3dcf, 0x3d99, 0x3d25,
    0x3fc3, 0x3f50, 0x3e5f, 0x4271, 0x41f0, 0x4109, 0x446d, 0x43d0, 0x4222, 0x4668, 0x459c, 0x4465,
    0x3b78, 0x3c33, 0x3d02, 0x3b98, 0x3c44, 0x3d2c, 0x3ba2, 0x3c46, 0x3d3b, 0x3ba6, 0x3c43, 0x3d3d,
    0x3b22, 0x3beb, 0x3cc7, 0x3b2c, 0x3beb, 0x3ca0, 0x3c25, 0x3c8d, 0x3d28, 0x3c65, 0x3cc9, 0x3d56,
    0x3bff, 0x3c3b, 0x3c94, 0x3ad3, 0x3b02, 0x3b20, 0x3be1, 0x3baa, 0x3aee, 0x3cbf, 0x3c80, 0x3b8d,
    0x3d95, 0x3d3d, 0x3c3c, 0x40bd, 0x403b, 0x3e76, 0x4359, 0x4271, 0x40fb, 0x452f, 0x4477, 0x42be,
    0x38cd, 0x395c, 0x3a04, 0x38b7, 0x393f, 0x39f3, 0x38c5, 0x394b, 0x3a14, 0x38b7, 0x3937, 0x3a04,
    0x3887, 0x38f0, 0x398f, 0x3854, 0x38c7, 0x3940, 0x3909, 0x3978, 0x39c1, 0x3947, 0x39ad, 0x39d9,
    0x393b, 0x3979, 0x397b, 0x38fc, 0x3915, 0x38d6, 0x38c7, 0x38ca, 0x383a, 0x395e, 0x394b, 0x384f,
    0x3c0f, 0x3b96, 0x39cc, 0x3d66, 0x3ce0, 0x3b2d, 0x4052, 0x3f8d, 0x3d74, 0x41db, 0x4101, 0x3f44,
    0x366e, 0x3710, 0x3774, 0x362d, 0x36c8, 0x3730, 0x361f, 0x36b3, 0x3728, 0x35da, 0x3665, 0x36de,
    0x358b, 0x360a, 0x366c, 0x353c, 0x35ad, 0x35d0, 0x358c, 0x35fb, 0x3606, 0x35de, 0x3634, 0x3602,
    0x3622, 0x365f, 0x360a, 0x3796, 0x376d, 0x367d, 0x35a7, 0x35ba, 0x34c6, 0x3a5d, 0x39e6, 0x3896,
    0x387f, 0x3846, 0x364d, 0x3c3e, 0x3bb6, 0x39ad, 0x3f99, 0x3ed1, 0x3d76, 0x3d4e, 0x3c95, 0x3a76,
    0x3481, 0x34cf, 0x34cb, 0x345d, 0x34a1, 0x34a3, 0x3447, 0x3486, 0x348f, 0x342f, 0x3463, 0x3469,
    0x3440, 0x3466, 0x3464, 0x332c, 0x336f, 0x3351, 0x3274, 0x32bc, 0x3296, 0x327b, 0x32b8, 0x3255,
    0x32b6, 0x32f2, 0x326d, 0x3637, 0x35d5, 0x34d5, 0x3426, 0x3403, 0x3264, 0x3438, 0x3420, 0x323f,
    0x354f, 0x3514, 0x3377, 0x37d9, 0x372e, 0x352b, 0x389b, 0x3821, 0x35d9, 0x3a5e, 0x3980, 0x379e,
    0x3309, 0x3329, 0x32cd, 0x32e6, 0x32ee, 0x3286, 0x330e, 0x330c, 0x32b4, 0x3369, 0x3341, 0x32c5,
    0x335d, 0x3311, 0x3278, 0x327d, 0x3231, 0x319a, 0x3165, 0x3133, 0x30b8, 0x3102, 0x30db, 0x3042,
    0x3192, 0x315d, 0x3079, 0x31c2, 0x31b1, 0x30cd, 0x31a6, 0x317d, 0x3051, 0x316e, 0x314b, 0x3008,
    0x33f9, 0x3378, 0x319b, 0x387f, 0x37f4, 0x35e0, 0x355c, 0x34ca, 0x32ad, 0x3872, 0x37b0, 0x355d,
    0x32c1, 0x3265, 0x318a, 0x32d9, 0x326c, 0x319c, 0x32d4, 0x324a, 0x3174, 0x3324, 0x327d, 0x3195,
    0x3316, 0x324b, 0x313e, 0x3274, 0x31b8, 0x30c3, 0x313e, 0x30a8, 0x2f9e, 0x30ed, 0x307a, 0x2f48,
    0x3112, 0x30be, 0x2fa6, 0x30b3, 0x3086, 0x2f13, 0x3126, 0x30e8, 0x2fc2, 0x3100, 0x30b1, 0x2f3c,
    0x30c5, 0x3073, 0x2ea2, 0x325a, 0x31cc, 0x3042, 0x348c, 0x3409, 0x31e4, 0x3556, 0x34a4, 0x329a,
    0x332f, 0x324b, 0x30fd, 0x3347, 0x324c, 0x3112, 0x3342, 0x3232, 0x30f7, 0x32e0, 0x31cb, 0x3091,
    0x32ed, 0x31c2, 0x3083, 0x3253, 0x3132, 0x2ffd, 0x318c, 0x3098, 0x2efa, 0x316e, 0x3096, 0x2efe,
    0x30cb, 0x3030, 0x2e50, 0x3086, 0x3010, 0x2e31, 0x304a, 0x2fbe, 0x2ddb, 0x3062, 0x2ff8, 0x2e12,
    0x3258, 0x3198, 0x3053, 0x306f, 0x3000, 0x2def, 0x318f, 0x30fc, 0x2f67, 0x3515, 0x3453, 0x3227,
    0x33f6, 0x3291, 0x30e2, 0x33bb, 0x324f, 0x30bd, 0x332b, 0x31cf, 0x3062, 0x32dc, 0x3177, 0x301e,
    0x3277, 0x3116, 0x2f83, 0x324e, 0x30f7, 0x2f5a, 0x31d1, 0x3090, 0x2e7b, 0x31aa, 0x3087, 0x2e78,
    0x3101, 0x3017, 0x2dd9, 0x30cd, 0x3012, 0x2e00, 0x305c, 0x2f77, 0x2d76, 0x307a, 0x2fb6, 0x2d9d,
    0x307e, 0x2fd7, 0x2dd4, 0x3073, 0x2fb9, 0x2d9c, 0x3219, 0x3126, 0x2f8c, 0x3255, 0x3188, 0x301d,
    0x3412, 0x3271, 0x308d, 0x3377, 0x31e3, 0x303b, 0x32ab, 0x313f, 0x2fb4, 0x326b, 0x30fd, 0x2f3c,
    0x3250, 0x30e6, 0x2f21, 0x3302, 0x3186, 0x3024, 0x31e3, 0x3091, 0x2e89, 0x3151, 0x301c, 0x2dad,
    0x30d9, 0x2fbb, 0x2d7f, 0x30b2, 0x2fa2, 0x2d6a, 0x30de, 0x3003, 0x2dc0, 0x30c5, 0x2fe6, 0x2d9c,
    0x3058, 0x2f4b, 0x2d3b, 0x30ae, 0x2ff5, 0x2dd5, 0x3018, 0x2f1d, 0x2d55, 0x32be, 0x31bf, 0x3034,
    0x33a7, 0x31fa, 0x3035, 0x32df, 0x315f, 0x2fc1, 0x3217, 0x30c3, 0x2ee8, 0x3222, 0x30ca, 0x2f14,
    0x31e6, 0x3094, 0x2ea6, 0x31c8, 0x3079, 0x2e88, 0x31ae, 0x305d, 0x2e2f, 0x314b, 0x301c, 0x2dd9,
    0x30ab, 0x2f4e, 0x2d2f, 0x3017, 0x2e87, 0x2c9c, 0x3003, 0x2e71, 0x2c88, 0x30be, 0x2fb9, 0x2d74,
    0x3031, 0x2ee6, 0x2cf7, 0x2fce, 0x2e91, 0x2ccb, 0x3063, 0x2f69, 0x2d6e, 0x30ef, 0x3035, 0x2e29,
    0x32e4, 0x3160, 0x2fa7, 0x3248, 0x30f3, 0x2f3b, 0x31d8, 0x309d, 0x2ed3, 0x319d, 0x3069, 0x2e86,
    0x318b, 0x305c, 0x2e84, 0x318e, 0x3053, 0x2e4f, 0x3156, 0x3020, 0x2dea, 0x30f9, 0x2fa7, 0x2d65,
    0x3048, 0x2ea4, 0x2cb2, 0x3014, 0x2e69, 0x2c89, 0x3013, 0x2e88, 0x2ca7, 0x3027, 0x2ea7, 0x2cb9,
    0x301f, 0x2eb1, 0x2cca, 0x2f91, 0x2e39, 0x2c7e, 0x34db, 0x3412, 0x31d3, 0x30cc, 0x3007, 0x2dd2,
    0x359a, 0x36b6, 0x37ad, 0x34c8, 0x35ce, 0x366e, 0x346f, 0x356d, 0x35e1, 0x3438, 0x3542, 0x35b7,
    0x3488, 0x35c0, 0x369f, 0x34cf, 0x3649, 0x37c0, 0x3521, 0x36d7, 0x384c, 0x3541, 0x3708, 0x3842,
    0x3503, 0x36aa, 0x375a, 0x34a6, 0x3628, 0x35f4, 0x3470, 0x35e2, 0x3526, 0x3460, 0x35c9, 0x34a5,
    0x344f, 0x35b7, 0x3471, 0x345d, 0x35d5, 0x34af, 0x3472, 0x3604, 0x351d, 0x3480, 0x3629, 0x3599,
    0x3550, 0x363a, 0x3702, 0x34f4, 0x35db, 0x3687, 0x3477, 0x3566, 0x35f8, 0x347f, 0x3583, 0x3631,
    0x34a5, 0x35d1, 0x36cc, 0x34f2, 0x3656, 0x37a7, 0x3554, 0x36f5, 0x384e, 0x3578, 0x372e, 0x384e,
    0x34f8, 0x3682, 0x3719, 0x346f, 0x35d2, 0x35a2, 0x344d, 0x359b, 0x34f6, 0x343f, 0x3586, 0x3489,
    0x3450, 0x35a1, 0x34a2, 0x345b, 0x35c8, 0x34ee, 0x3484, 0x3617, 0x3566, 0x34a7, 0x3658, 0x35d6,
    0x34f9, 0x35cb, 0x368e, 0x34b8, 0x3579, 0x360b, 0x3451, 0x3521, 0x35af, 0x347c, 0x3568, 0x3613,
    0x350b, 0x362e, 0x373f, 0x3560, 0x36ba, 0x380c, 0x35df, 0x377a, 0x3897, 0x35fa, 0x37a7, 0x388e,
    0x356d, 0x36f9, 0x37c9, 0x34c3, 0x361b, 0x363e, 0x3475, 0x35b7, 0x3560, 0x3462, 0x359a, 0x350d,
    0x347c, 0x35c9, 0x3539, 0x3482, 0x35f4, 0x3567, 0x34ed, 0x3694, 0x3644, 0x3548, 0x3720, 0x372a,
    0x33fb, 0x349b, 0x34e6, 0x33e2, 0x348c, 0x34d5, 0x33cc, 0x3489, 0x34d2, 0x342f, 0x34f3, 0x355b,
    0x34e0, 0x35db, 0x369f, 0x35c1, 0x3705, 0x382c, 0x36dc, 0x383e, 0x393b, 0x3765, 0x3897, 0x399e,
    0x364e, 0x37df, 0x3881, 0x3563, 0x36c0, 0x3728, 0x34ba, 0x35e5, 0x35c1, 0x34e9, 0x3624, 0x3608,
    0x352a, 0x3690, 0x3688, 0x3536, 0x36ce, 0x36ca, 0x3579, 0x3740, 0x375e, 0x3626, 0x3818, 0x385f,
    0x32dc, 0x33c3, 0x3398, 0x322d, 0x3304, 0x32b3, 0x3264, 0x3350, 0x330c, 0x32fa, 0x340e, 0x3413,
    0x3409, 0x34d0, 0x3504, 0x357a, 0x3693, 0x3778, 0x378b, 0x388d, 0x3983, 0x3865, 0x3950, 0x3a7c,
    0x3786, 0x3890, 0x3950, 0x363e, 0x3798, 0x3828, 0x35ce, 0x3705, 0x3762, 0x35ec, 0x3733, 0x3778,
    0x3612, 0x3791, 0x37e0, 0x3634, 0x37f2, 0x3835, 0x36b4, 0x3859, 0x38b2, 0x3731, 0x38b4, 0x3929,
    0x31a7, 0x3240, 0x314d, 0x30f0, 0x318b, 0x3094, 0x30ca, 0x3164, 0x305a, 0x312e, 0x31ee, 0x30e8,
    0x323e, 0x3350, 0x3275, 0x3448, 0x3518, 0x352a, 0x364d, 0x377f, 0x3838, 0x37df, 0x38ac, 0x3978,
    0x374f, 0x3857, 0x38eb, 0x3707, 0x382a, 0x389c, 0x3728, 0x3838, 0x3892, 0x3739, 0x3851, 0x38a4,
    0x37a7, 0x38a9, 0x3909, 0x3774, 0x38a6, 0x38f8, 0x376e, 0x38b2, 0x38f1, 0x37eb, 0x3909, 0x3949,
    0x30af, 0x311f, 0x2fc8, 0x3040, 0x3098, 0x2e58, 0x3032, 0x3092, 0x2e66, 0x3067, 0x30da, 0x2ee1,
    0x3115, 0x31c1, 0x3084, 0x323b, 0x3335, 0x3266, 0x340c, 0x34b3, 0x34a7, 0x3518, 0x35e7, 0x3630,
    0x3561, 0x363b, 0x367c, 0x3603, 0x36ee, 0x3733, 0x36e0, 0x37f1, 0x3827, 0x374b, 0x3844, 0x3866,
    0x37b3, 0x3894, 0x38b0, 0x3732, 0x385b, 0x3842, 0x375b, 0x387b, 0x3843, 0x37c2, 0x38bc, 0x386e,
    0x3083, 0x309b, 0x2e48, 0x3018, 0x3032, 0x2d8d, 0x2fee, 0x300b, 0x2d09, 0x3013, 0x302e, 0x2d49,
    0x301f, 0x304c, 0x2d8e, 0x30bf, 0x310e, 0x2f79, 0x316b, 0x31d5, 0x30a5, 0x323b, 0x32bd, 0x31ab,
    0x330b, 0x33a3, 0x327b, 0x3430, 0x349b, 0x342b, 0x34da, 0x3564, 0x34f9, 0x357a, 0x362e, 0x3591,
    0x35f7, 0x36d7, 0x35fa, 0x360c, 0x36fc, 0x35bd, 0x3670, 0x3777, 0x35f1, 0x36e5, 0x3802, 0x3677,
    0x3044, 0x3005, 0x2d1d, 0x3006, 0x2f7a, 0x2c6a, 0x2fe4, 0x2f57, 0x2c70, 0x2fae, 0x2f0f, 0x2bf6,
    0x3027, 0x2fc0, 0x2cd5, 0x303e, 0x2fe3, 0x2cb8, 0x30bc, 0x3081, 0x2dd9, 0x3134, 0x310d, 0x2ea9,
    0x31dd, 0x31d8, 0x3025, 0x3240, 0x3252, 0x309f, 0x32fc, 0x332b, 0x3151, 0x33ca, 0x3416, 0x31fe,
    0x345f, 0x34ae, 0x32bd, 0x34f2, 0x3557, 0x3384, 0x355f, 0x35d0, 0x3413, 0x35da, 0x3656, 0x3491,
    0x30a0, 0x3006, 0x2d44, 0x3092, 0x2fdb, 0x2d06, 0x3068, 0x2f6c, 0x2c71, 0x3070, 0x2f56, 0x2c37,
    0x3099, 0x2f8a, 0x2c4c, 0x30e0, 0x2fff, 0x2c7c, 0x314b, 0x3068, 0x2d07, 0x31a1, 0x30db, 0x2db6,
    0x31cf, 0x313b, 0x2e6d, 0x31cc, 0x3157, 0x2ea1, 0x321c, 0x31ae, 0x2f23, 0x32e3, 0x3290, 0x3078,
    0x3387, 0x3355, 0x310e, 0x3428, 0x3420, 0x31b8, 0x34a6, 0x34a4, 0x3279, 0x34ef, 0x34f2, 0x32f4,
    0x312c, 0x3032, 0x2d3c, 0x310d, 0x3008, 0x2cfb, 0x3125, 0x3006, 0x2cc8, 0x3139, 0x300b, 0x2ccf,
    0x3172, 0x3030, 0x2cd7, 0x31c9, 0x307c, 0x2d54, 0x322a, 0x30c8, 0x2d72, 0x3252, 0x30fe, 0x2dab,
    0x3237, 0x3115, 0x2def, 0x323b, 0x314f, 0x2e93, 0x324e, 0x3172, 0x2efd, 0x328e, 0x31bd, 0x2f9c,
    0x331c, 0x3266, 0x307a, 0x339a, 0x32fe, 0x30f5, 0x340e, 0x3393, 0x315d, 0x344c, 0x340c, 0x31c1,
    0x31b7, 0x3076, 0x2d97, 0x31e3, 0x3089, 0x2da6, 0x31e1, 0x3082, 0x2d96, 0x31e1, 0x307b, 0x2d73,
    0x320b, 0x3097, 0x2d9c, 0x325f, 0x30dd, 0x2e12, 0x329b, 0x310a, 0x2e2a, 0x32ba, 0x3132, 0x2e4c,
    0x32a0, 0x3144, 0x2eb0, 0x3290, 0x3161, 0x2f09, 0x3285, 0x317a, 0x2f5f, 0x3295, 0x3196, 0x2faa,
    0x32cf, 0x31ed, 0x3038, 0x3318, 0x3241, 0x307a, 0x3325, 0x3257, 0x3080, 0x3373, 0x32aa, 0x30b5,
    0x3273, 0x30f8, 0x2e76, 0x324d, 0x30d1, 0x2e2f, 0x3249, 0x30d1, 0x2e33, 0x3238, 0x30c3, 0x2e1b,
    0x324d, 0x30d9, 0x2e53, 0x3257, 0x30db, 0x2e4e, 0x3286, 0x310d, 0x2eaf, 0x328b, 0x3133, 0x2f11,
    0x325b, 0x3122, 0x2f0b, 0x3228, 0x3115, 0x2f0c, 0x322d, 0x3132, 0x2f66, 0x323b, 0x3155, 0x2fd0,
    0x3254, 0x3173, 0x3005, 0x3267, 0x3189, 0x3014, 0x328b, 0x31ab, 0x3022, 0x3277, 0x3190, 0x2fc4,
    0x32c9, 0x313d, 0x2ef8, 0x32a1, 0x311f, 0x2ed2, 0x3271, 0x3106, 0x2ee4, 0x323b, 0x30df, 0x2eaa,
    0x322a, 0x30d7, 0x2eba, 0x3224, 0x30db, 0x2ecb, 0x31fe, 0x30d0, 0x2ee8, 0x31d7, 0x30be, 0x2ed1,
    0x319e, 0x30aa, 0x2ecc, 0x317a, 0x30a2, 0x2ee0, 0x317c, 0x30b7, 0x2f24, 0x3161, 0x30a6, 0x2f04,
    0x315a, 0x3097, 0x2ed4, 0x3177, 0x30b1, 0x2eef, 0x317e, 0x30a1, 0x2e88, 0x31d2, 0x30ef, 0x2f0a,
    0x32d8, 0x3161, 0x2f6b, 0x3272, 0x3113, 0x2f0c, 0x3223, 0x30e3, 0x2eec, 0x31e4, 0x30b8, 0x2ed2,
    0x31b5, 0x309c, 0x2ebc, 0x317f, 0x3076, 0x2e92, 0x3159, 0x306c, 0x2ead, 0x3129, 0x3058, 0x2eb0,
    0x3108, 0x304f, 0x2eb9, 0x30e7, 0x3043, 0x2eae, 0x30d7, 0x303e, 0x2ea7, 0x30bd, 0x302b, 0x2e89,
    0x309d, 0x3002, 0x2e2d, 0x30d1, 0x3026, 0x2e3c, 0x30e5, 0x3023, 0x2e0a, 0x311f, 0x3049, 0x2e21,
    0x3269, 0x3120, 0x2f4f, 0x322f, 0x30ff, 0x2f42, 0x31c9, 0x30b1, 0x2ee7, 0x317c, 0x3082, 0x2ec0,
    0x314c, 0x3067, 0x2eba, 0x311a, 0x3047, 0x2ea2, 0x30de, 0x3023, 0x2e7a, 0x30c1, 0x301e, 0x2e9b,
    0x3093, 0x2ff5, 0x2e67, 0x3080, 0x2ff1, 0x2e72, 0x3060, 0x2fba, 0x2e38, 0x3047, 0x2f83, 0x2dfe,
    0x303e, 0x2f6a, 0x2ddd, 0x3052, 0x2f7e, 0x2de0, 0x3065, 0x2f7c, 0x2d9f, 0x30aa, 0x2fd4, 0x2db6,
    0x43eb, 0x4337, 0x426a, 0x434a, 0x42c0, 0x420e, 0x41b0, 0x4172, 0x4121, 0x4009, 0x4016, 0x4037,
    0x3e17, 0x3e85, 0x3f28, 0x3c75, 0x3cf2, 0x3da1, 0x3a73, 0x3b3c, 0x3c18, 0x387d, 0x3931, 0x39d7,
    0x4484, 0x4410, 0x42e5, 0x44c7, 0x444b, 0x433b, 0x43ee, 0x4336, 0x4243, 0x40fd, 0x40c8, 0x4068,
    0x3ece, 0x3ee2, 0x3ee9, 0x3c37, 0x3c8c, 0x3ce7, 0x395e, 0x3a09, 0x3aa9, 0x3890, 0x38f8, 0x393c,
    0x443f, 0x4357, 0x41bc, 0x4526, 0x447d, 0x4321, 0x4466, 0x43e3, 0x4286, 0x4267, 0x41db, 0x40eb,
    0x3edb, 0x3eb2, 0x3e32, 0x3ace, 0x3b35, 0x3b5c, 0x38a7, 0x390a, 0x393f, 0x36b8, 0x3759, 0x37a3,
    0x425a, 0x4185, 0x4055, 0x42e3, 0x41e7, 0x406b, 0x4349, 0x4254, 0x40ea, 0x3f80, 0x3ecc, 0x3d6e,
    0x3c57, 0x3c27, 0x3b3f, 0x3940, 0x3946, 0x38df, 0x3695, 0x36c8, 0x3657, 0x34d9, 0x3515, 0x34c1,
    0x3ef9, 0x3e0a, 0x3c93, 0x3ef9, 0x3df5, 0x3c5a, 0x3ee6, 0x3de2, 0x3c53, 0x3db5, 0x3d05, 0x3b8d,
    0x3914, 0x38ac, 0x376f, 0x386c, 0x3812, 0x369c, 0x34c3, 0x349d, 0x33e3, 0x33ae, 0x3369, 0x3212,
    0x3a35, 0x394a, 0x37bf, 0x3c06, 0x3ad2, 0x38e4, 0x3a5b, 0x3964, 0x37b0, 0x38c8, 0x3824, 0x3630,
    0x36db, 0x3602, 0x3482, 0x3510, 0x347f, 0x32e3, 0x342f, 0x336d, 0x319a, 0x330f, 0x3256, 0x30eb,
    0x3654, 0x357d, 0x3400, 0x35a7, 0x34df, 0x3303, 0x361c, 0x3532, 0x33a0, 0x3495, 0x33e7, 0x31dc,
    0x348b, 0x33cb, 0x31cb, 0x341e, 0x3321, 0x316f, 0x33a6, 0x3288, 0x30e0, 0x3271, 0x317a, 0x3000,
    0x35b2, 0x34c4, 0x32c8, 0x378a, 0x3695, 0x3575, 0x3344, 0x3240, 0x30b6, 0x3496, 0x33ac, 0x31ae,
    0x3398, 0x325f, 0x30ba, 0x32f4, 0x31db, 0x305f, 0x32e9, 0x31d1, 0x3053, 0x3265, 0x3152, 0x2fa3,
    0x35d4, 0x3799, 0x3805, 0x360c, 0x37eb, 0x386e, 0x365d, 0x3823, 0x38bd, 0x376b, 0x38b0, 0x398f,
    0x390a, 0x3a2e, 0x3ba3, 0x3b3b, 0x3c50, 0x3d80, 0x3ccb, 0x3d9f, 0x3f5d, 0x3db6, 0x3ea1, 0x4067,
    0x3616, 0x37c3, 0x380d, 0x3623, 0x37df, 0x384a, 0x35fe, 0x37a8, 0x3845, 0x3698, 0x3819, 0x38ab,
    0x38c6, 0x39bd, 0x3af8, 0x3b11, 0x3c27, 0x3d33, 0x3c9d, 0x3d5b, 0x3ee4, 0x3d42, 0x3e0b, 0x3fd4,
    0x3668, 0x37e5, 0x380d, 0x3634, 0x37ab, 0x37ef, 0x360c, 0x376d, 0x37f8, 0x3642, 0x3782, 0x3822,
    0x384d, 0x3908, 0x39dc, 0x3a79, 0x3b6e, 0x3c80, 0x3be4, 0x3c7d, 0x3d8c, 0x3c10, 0x3c9f, 0x3dc8,
    0x35f6, 0x36f4, 0x3678, 0x35ea, 0x36d7, 0x365d, 0x35b0, 0x3681, 0x3622, 0x3591, 0x3640, 0x3614,
    0x36db, 0x37b0, 0x381e, 0x3890, 0x3914, 0x39be, 0x3959, 0x39f5, 0x3afa, 0x396c, 0x3a0b, 0x3b2d,
    0x352a, 0x358d, 0x34a7, 0x34fb, 0x3536, 0x3434, 0x34f6, 0x3521, 0x342f, 0x34a5, 0x34c1, 0x33d3,
    0x34e3, 0x350f, 0x349d, 0x35b4, 0x35fe, 0x3610, 0x36b1, 0x3712, 0x3788, 0x36d4, 0x3743, 0x37e8,
    0x3424, 0x3417, 0x323b, 0x3406, 0x33b9, 0x31b3, 0x33e0, 0x3370, 0x3164, 0x3377, 0x32f5, 0x30fb,
    0x33a0, 0x332f, 0x31a3, 0x341c, 0x33d4, 0x32b9, 0x347c, 0x345a, 0x340e, 0x34d2, 0x34c0, 0x349e,
    0x32ca, 0x323c, 0x3088, 0x32a2, 0x31fa, 0x303d, 0x327d, 0x31ad, 0x2fb3, 0x324f, 0x3178, 0x2f62,
    0x327b, 0x319b, 0x2fe1, 0x330d, 0x3233, 0x30df, 0x338c, 0x32c1, 0x31a2, 0x3401, 0x3341, 0x3244,
    0x31d2, 0x3126, 0x2f55, 0x318b, 0x30cc, 0x2ebc, 0x319c, 0x30c4, 0x2e80, 0x31ab, 0x30c0, 0x2e67,
    0x31aa, 0x30b6, 0x2e77, 0x324b, 0x3146, 0x2fb2, 0x3296, 0x3195, 0x304e, 0x32d3, 0x31e2, 0x30b6,
    0x35cd, 0x37a0, 0x3808, 0x35e7, 0x37c4, 0x3822, 0x360c, 0x37f0, 0x3858, 0x3676, 0x3832, 0x38db,
    0x36c3, 0x3856, 0x3945, 0x3711, 0x3863, 0x3938, 0x37a3, 0x389b, 0x3954, 0x3863, 0x392b, 0x39f9,
    0x3610, 0x3802, 0x3870, 0x3635, 0x381c, 0x3879, 0x36e0, 0x3886, 0x392a, 0x37af, 0x3904, 0x3a29,
    0x3810, 0x3930, 0x3a79, 0x3881, 0x3987, 0x3ab6, 0x38e7, 0x39d8, 0x3ad7, 0x39e3, 0x3ad7, 0x3bfc,
    0x36cc, 0x3872, 0x3925, 0x374b, 0x38c9, 0x39a1, 0x3828, 0x396a, 0x3a9c, 0x38f9, 0x3a5b, 0x3c10,
    0x39ce, 0x3b29, 0x3c8d, 0x3a9b, 0x3bd1, 0x3cc4, 0x3b81, 0x3c54, 0x3d26, 0x3bed, 0x3c89, 0x3d52,
    0x380d, 0x392c, 0x3a3d, 0x3890, 0x39d4, 0x3b2b, 0x397d, 0x3af4, 0x3c70, 0x3b19, 0x3c61, 0x3dcb,
    0x3c56, 0x3d34, 0x3ee2, 0x3cc7, 0x3d96, 0x3f28, 0x3dee, 0x3e77, 0x3f9d, 0x3d8c, 0x3e25, 0x3f27,
    0x396e, 0x3ab1, 0x3c2d, 0x3a61, 0x3bdd, 0x3d14, 0x3be4, 0x3cd0, 0x3e6c, 0x3d22, 0x3e1c, 0x402a,
    0x3e3e, 0x3f46, 0x40f4, 0x3f71, 0x401e, 0x413b, 0x3f43, 0x3ff1, 0x40d0, 0x3f83, 0x3fed, 0x406f,
    0x3bc0, 0x3ca6, 0x3e10, 0x3cad, 0x3d94, 0x3f75, 0x3de2, 0x3ee0, 0x40ac, 0x3ee6, 0x3fff, 0x4182,
    0x3fe3, 0x407d, 0x4215, 0x404d, 0x40b9, 0x41fb, 0x410b, 0x4126, 0x41b8, 0x4117, 0x4116, 0x413c,
    0x3d41, 0x3e2b, 0x401c, 0x3e31, 0x3f3e, 0x40ec, 0x3f48, 0x4034, 0x41c4, 0x4015, 0x40a8, 0x4262,
    0x4083, 0x4101, 0x4297, 0x40d5, 0x4125, 0x4247, 0x425d, 0x4263, 0x42d9, 0x4290, 0x424d, 0x421b,
    0x3e3b, 0x3f3d, 0x40df, 0x3f20, 0x401c, 0x4197, 0x4010, 0x40a1, 0x4246, 0x4045, 0x40cb, 0x426d,
    0x40a1, 0x410c, 0x4275, 0x40d9, 0x4121, 0x4221, 0x4169, 0x4174, 0x41e8, 0x4348, 0x42f6, 0x42cd,
    0x322f, 0x3144, 0x3040, 0x31a6, 0x30bb, 0x2f73, 0x3115, 0x3036, 0x2e90, 0x30cd, 0x2ff6, 0x2e25,
    0x3070, 0x2f64, 0x2da2, 0x3275, 0x314e, 0x2faf, 0x3258, 0x3135, 0x2fab, 0x32db, 0x31c9, 0x302d,
    0x31f1, 0x30ea, 0x2f62, 0x3113, 0x3031, 0x2e5c, 0x3098, 0x2f99, 0x2dd2, 0x3017, 0x2ec0, 0x2d3d,
    0x2f68, 0x2e3c, 0x2cec, 0x3027, 0x2f04, 0x2d67, 0x3096, 0x2fc4, 0x2dd8, 0x323d, 0x3150, 0x2fe3,
    0x3166, 0x3074, 0x2e7d, 0x3099, 0x2f95, 0x2da9, 0x3021, 0x2ecf, 0x2d39, 0x2f3e, 0x2e0d, 0x2ccf,
    0x2ee9, 0x2dde, 0x2cc1, 0x3047, 0x2f45, 0x2dcf, 0x304e, 0x2f65, 0x2ddf, 0x322b, 0x3141, 0x2fe9,
    0x3107, 0x3026, 0x2dda, 0x305c, 0x2f1b, 0x2d1f, 0x2fe1, 0x2e8a, 0x2d07, 0x2ed6, 0x2dd6, 0x2cc2,
    0x2f17, 0x2e1c, 0x2d0b, 0x2fbc, 0x2ea9, 0x2d74, 0x30f9, 0x3040, 0x2eaf, 0x31fd, 0x311e, 0x2fee,
    0x3119, 0x3035, 0x2dd1, 0x306e, 0x2f3e, 0x2d23, 0x2fc8, 0x2e79, 0x2ce6, 0x2f59, 0x2e50, 0x2d19,
    0x2f79, 0x2e76, 0x2d53, 0x3047, 0x2f58, 0x2ded, 0x31a8, 0x30c3, 0x2f54, 0x3257, 0x3156, 0x300e,
    0x30fb, 0x3024, 0x2dc8, 0x3086, 0x2f93, 0x2d84, 0x3029, 0x2f03, 0x2d5b, 0x2fd7, 0x2ec0, 0x2d5a,
    0x304c, 0x2f55, 0x2dcc, 0x30b3, 0x3000, 0x2e4d, 0x317c, 0x309f, 0x2f1b, 0x328d, 0x3180, 0x3022,
    0x3118, 0x3052, 0x2e1c, 0x30a1, 0x2fe2, 0x2dd3, 0x306b, 0x2fa3, 0x2de8, 0x3066, 0x2f89, 0x2ddb,
    0x309c, 0x2fdb, 0x2e25, 0x30f8, 0x3033, 0x2e71, 0x3178, 0x3097, 0x2ef4, 0x31e7, 0x30ef, 0x2f4b,
    0x3156, 0x30a4, 0x2eb8, 0x30fe, 0x3054, 0x2e7b, 0x30e2, 0x3042, 0x2ea6, 0x30c6, 0x301a, 0x2e41,
    0x30f8, 0x3031, 0x2e4c, 0x3124, 0x3051, 0x2e7b, 0x317d, 0x3098, 0x2ed9, 0x320d, 0x310c, 0x2f83,
    0x3e5c, 0x3f57, 0x40e8, 0x3f37, 0x4021, 0x418c, 0x4032, 0x40a6, 0x4213, 0x4007, 0x407e, 0x41e9,
    0x404f, 0x40a1, 0x41bf, 0x409a, 0x40c9, 0x418a, 0x4178, 0x4162, 0x4192, 0x42e4, 0x427c, 0x4207,
    0x3da2, 0x3e73, 0x4039, 0x3e54, 0x3f30, 0x40bc, 0x3ec1, 0x3f9a, 0x40fb, 0x3f07, 0x3fc0, 0x40ee,
    0x3f20, 0x3f95, 0x4087, 0x4113, 0x40f8, 0x4117, 0x4199, 0x4151, 0x4119, 0x43af, 0x42fe, 0x4219,
    0x3c43, 0x3cd3, 0x3e14, 0x3c8f, 0x3d23, 0x3e89, 0x3cec, 0x3d7a, 0x3ee3, 0x3ee7, 0x3f46, 0x402f,
    0x3f64, 0x3f66, 0x3fd2, 0x3ecf, 0x3e98, 0x3e6b, 0x417d, 0x4108, 0x405d, 0x4257, 0x419e, 0x4084,
    0x397d, 0x3a18, 0x3b4b, 0x39d3, 0x3a6e, 0x3bba, 0x39ad, 0x3a34, 0x3b54, 0x39fe, 0x3a5b, 0x3b1a,
    0x3bcd, 0x3ba3, 0x3b79, 0x3bce, 0x3b87, 0x3af7, 0x3fbc, 0x3ee3, 0x3d8e, 0x41c0, 0x4125, 0x4044,
    0x36dd, 0x374b, 0x3801, 0x36cd, 0x372d, 0x37e5, 0x3650, 0x369a, 0x372c, 0x365f, 0x3680, 0x36b8,
    0x3808, 0x37b1, 0x370a, 0x38b9, 0x3868, 0x3770, 0x3cb6, 0x3c1f, 0x3a63, 0x3c66, 0x3bc6, 0x39f7,
    0x34f2, 0x34e2, 0x34d8, 0x34a2, 0x347f, 0x346b, 0x3419, 0x33cf, 0x337c, 0x33df, 0x3368, 0x32c5,
    0x345b, 0x3404, 0x32d5, 0x352b, 0x34b7, 0x3395, 0x3721, 0x365f, 0x34ed, 0x3919, 0x3877, 0x36b2,
    0x340b, 0x3365, 0x329c, 0x3352, 0x3289, 0x31be, 0x3279, 0x31b7, 0x30ec, 0x31c2, 0x3113, 0x3042,
    0x31b1, 0x3100, 0x3000, 0x329b, 0x31d8, 0x3081, 0x3421, 0x334f, 0x319b, 0x35d7, 0x3515, 0x3387,
    0x32d9, 0x31e9, 0x30da, 0x3207, 0x312c, 0x303f, 0x31a3, 0x30c4, 0x2fb4, 0x3156, 0x3075, 0x2ee6,
    0x310e, 0x3046, 0x2e96, 0x30db, 0x302d, 0x2e66, 0x3650, 0x3563, 0x3433, 0x33ab, 0x3293, 0x30d2,
    0x373a, 0x3845, 0x38dd, 0x36b1, 0x3804, 0x389a, 0x3627, 0x37a4, 0x387d, 0x3610, 0x37b4, 0x3885,
    0x3603, 0x37ba, 0x385e, 0x35a7, 0x374d, 0x37a8, 0x3589, 0x3732, 0x3772, 0x35b3, 0x3769, 0x37b1,
    0x3687, 0x377e, 0x3820, 0x358d, 0x3692, 0x3747, 0x3570, 0x36a2, 0x377f, 0x35dd, 0x3743, 0x3829,
    0x35b2, 0x372a, 0x37e3, 0x35ac, 0x3729, 0x3781, 0x35a0, 0x3727, 0x375c, 0x35d1, 0x3769, 0x379c,
    0x3578, 0x3610, 0x3641, 0x3492, 0x353f, 0x3568, 0x3479, 0x353b, 0x357b, 0x3556, 0x3663, 0x36f6,
    0x359d, 0x36c2, 0x3737, 0x35ac, 0x36de, 0x36fc, 0x35dc, 0x372c, 0x3728, 0x3626, 0x3793, 0x3795,
    0x348c, 0x34a9, 0x3428, 0x32c2, 0x334e, 0x32b3, 0x336e, 0x3414, 0x33d7, 0x3435, 0x34b6, 0x3497,
    0x34c3, 0x3564, 0x354f, 0x351d, 0x35dd, 0x3597, 0x357b, 0x3659, 0x35f4, 0x35e6, 0x36e1, 0x3670,
    0x328e, 0x325b, 0x3128, 0x3200, 0x31c1, 0x3096, 0x3204, 0x31ca, 0x308f, 0x3292, 0x326e, 0x312c,
    0x336f, 0x3390, 0x323a, 0x342f, 0x3466, 0x3380, 0x3467, 0x34ac, 0x33ac, 0x34cd, 0x352b, 0x3441,
    0x3228, 0x3175, 0x3015, 0x31f8, 0x3131, 0x2f7c, 0x31e6, 0x3119, 0x2f68, 0x31f9, 0x3133, 0x2f35,
    0x327f, 0x31f2, 0x3085, 0x32bf, 0x324d, 0x3096, 0x337b, 0x3342, 0x319b, 0x33ee, 0x33d4, 0x31fa,
    0x3241, 0x3143, 0x2f9f, 0x31f8, 0x3101, 0x2f4a, 0x31ad, 0x30b4, 0x2e9f, 0x31c9, 0x30e5, 0x2f15,
    0x31e7, 0x3129, 0x2fb2, 0x31cf, 0x3127, 0x2f64, 0x3228, 0x3194, 0x3019, 0x32d1, 0x325c, 0x30eb,
    0x320e, 0x310d, 0x2f64, 0x31c2, 0x30c7, 0x2efb, 0x3162, 0x3077, 0x2e83, 0x313d, 0x306c, 0x2e8a,
    0x3134, 0x307f, 0x2ec0, 0x315d, 0x30b8, 0x2f2d, 0x3162, 0x30c1, 0x2f0f, 0x31d4, 0x313b, 0x2fbc,
    0x4110, 0x40c6, 0x407c, 0x40dd, 0x409f, 0x405c, 0x3d99, 0x3db6, 0x3ddf, 0x3b37, 0x3b7e, 0x3bb1,
    0x4264, 0x41d5, 0x4127, 0x3fc9, 0x3f2a, 0x3e29, 0x3c8c, 0x3c69, 0x3c08, 0x385d, 0x3884, 0x3866,
    0x3f2a, 0x3e3a, 0x3cf9, 0x3c0a, 0x3b1f, 0x397a, 0x3945, 0x38d1, 0x37cb, 0x3563, 0x3533, 0x3489,
    0x3878, 0x37c2, 0x35d3, 0x3a54, 0x398e, 0x38ac, 0x34b2, 0x342c, 0x3292, 0x3392, 0x32c7, 0x3153,
    0x3691, 0x381b, 0x388c, 0x3849, 0x393c, 0x3a32, 0x3a6c, 0x3b99, 0x3cd0, 0x3c53, 0x3cfc, 0x3e6b,
    0x3591, 0x368a, 0x3679, 0x369a, 0x37bf, 0x382c, 0x38b7, 0x3962, 0x3a5d, 0x3a28, 0x3af0, 0x3c43,
    0x3479, 0x34c1, 0x3431, 0x3489, 0x34ad, 0x341e, 0x3566, 0x3596, 0x358a, 0x36fd, 0x376e, 0x381c,
    0x32d4, 0x3278, 0x3105, 0x32af, 0x3225, 0x30c3, 0x3320, 0x3295, 0x3179, 0x341a, 0x33d8, 0x3365,
    0x374b, 0x389c, 0x394e, 0x3800, 0x3912, 0x3a2a, 0x38b5, 0x39b4, 0x3aea, 0x39f7, 0x3ac8, 0x3bd0,
    0x38f6, 0x3a28, 0x3b8d, 0x3a70, 0x3be3, 0x3d1b, 0x3c6d, 0x3d09, 0x3e24, 0x3f57, 0x3f9f, 0x402e,
    0x3be1, 0x3caf, 0x3e1f, 0x3d64, 0x3e46, 0x4022, 0x3f12, 0x3fcc, 0x40da, 0x3f82, 0x3fd8, 0x4062,
    0x3d70, 0x3e37, 0x400d, 0x3ef1, 0x3fbf, 0x40f9, 0x40c6, 0x40ec, 0x419f, 0x4118, 0x4118, 0x4152,
    0x323b, 0x3188, 0x30ac, 0x30ef, 0x303e, 0x2ec5, 0x3144, 0x3078, 0x2eba, 0x34ee, 0x3437, 0x3224,
    0x3149, 0x3087, 0x2ed4, 0x300a, 0x2eb0, 0x2d0d, 0x3014, 0x2ee0, 0x2d58, 0x343f, 0x3335, 0x314e,
    0x3124, 0x307a, 0x2e90, 0x305e, 0x2f5b, 0x2d8c, 0x3067, 0x2f60, 0x2db0, 0x3231, 0x3142, 0x2fde,
    0x31ec, 0x3158, 0x3011, 0x3118, 0x306e, 0x2e9a, 0x3110, 0x304f, 0x2e6f, 0x31d3, 0x3108, 0x2fa4,
    0x3d28, 0x3dda, 0x3f92, 0x3ea0, 0x3f39, 0x4083, 0x4069, 0x4077, 0x40f2, 0x429f, 0x4267, 0x4255,
    0x3b3f, 0x3c0a, 0x3d06, 0x3c76, 0x3cc3, 0x3da2, 0x3dbf, 0x3da9, 0x3dd9, 0x4091, 0x402c, 0x3f48,
    0x375f, 0x37c2, 0x385a, 0x3713, 0x3748, 0x37e3, 0x3a09, 0x3998, 0x3905, 0x3f22, 0x3e79, 0x3daa,
    0x3412, 0x33ee, 0x33cc, 0x3333, 0x32a2, 0x31fc, 0x34a6, 0x341d, 0x32a1, 0x3760, 0x367d, 0x34fe,
    0x3943, 0x39b9, 0x3a23, 0x3687, 0x37fb, 0x3892, 0x3615, 0x37a4, 0x383c, 0x361c, 0x37ad, 0x3828,
    0x35da, 0x366f, 0x36ac, 0x34ce, 0x3582, 0x35b5, 0x34f3, 0x35cf, 0x35d5, 0x3526, 0x360e, 0x35bf,
    0x33c2, 0x339c, 0x32ac, 0x32e1, 0x32d6, 0x31de, 0x3387, 0x33ae, 0x328b, 0x3466, 0x34ad, 0x3423,
    0x326d, 0x31bb, 0x307c, 0x31d8, 0x312f, 0x3006, 0x31c8, 0x3147, 0x300d, 0x3268, 0x3200, 0x308d,
    0x407a, 0x402f, 0x3fbb, 0x3b0e, 0x3b4b, 0x3b6c, 0x3aba, 0x39fe, 0x38bd, 0x36e1, 0x364a, 0x3501,
    0x36da, 0x3815, 0x387c, 0x3a7a, 0x3b75, 0x3ca9, 0x33c5, 0x33ea, 0x32e6, 0x3561, 0x3584, 0x35c4,
    0x3938, 0x3a68, 0x3bf9, 0x3c17, 0x3c7d, 0x3d1d, 0x3d32, 0x3de5, 0x3f7e, 0x4236, 0x4225, 0x4265,
    0x316f, 0x30dd, 0x2fef, 0x3612, 0x3519, 0x335a, 0x3176, 0x30d0, 0x2f15, 0x3126, 0x3068, 0x2e87,
    0x3c97, 0x3d0a, 0x3e33, 0x3fa9, 0x3f6c, 0x3f81, 0x35f4, 0x3626, 0x36b4, 0x395a, 0x38d7, 0x380a,
    0x371e, 0x3814, 0x3881, 0x3580, 0x369d, 0x36f8, 0x3314, 0x32d5, 0x31d2, 0x3343, 0x3359, 0x3254,
    0x3cd9, 0x3c90, 0x3c10, 0x3706, 0x37e2, 0x3859, 0x3d17, 0x3dab, 0x3ec3, 0x3073, 0x2f5c, 0x2d77,
    0x3c5b, 0x3c62, 0x3cbd, 0x343c, 0x34b0, 0x3473,
};
